degree,model,alpha,l1_ratio,mean_mse,std_mse,mean_r2,max_kkt,converged,warning_count,evaluated_folds,pruned,mse_lower_bound
5,LASSO,0.01,1.0,0.3849579666978613,0.0870252195717951,0.9675011257755101,8.19541228455796e-06,True,0,3.0,False,0.3849579666978613
5,LASSO,0.01,1.0,0.38495799163683525,0.08702522556680015,0.9675011237188175,8.19541228455796e-06,True,0,3.0,False,0.3849579916368353
5,ElasticNet,0.01,0.95,0.3868810063704106,0.087289310453004,0.967338001540717,9.543874838344873e-06,True,0,3.0,False,0.3868810063704106
5,ElasticNet,0.01,0.95,0.3868869775853912,0.08729073763621083,0.9673375091005013,6.8808194784667626e-06,True,0,3.0,False,0.3868869775853912
5,ElasticNet,0.01,0.9,0.3893062914199932,0.08752082723046987,0.9671321092680684,4.214883976338957e-06,True,0,3.0,False,0.3893062914199932
5,ElasticNet,0.01,0.9,0.3893082753837427,0.08753069453443625,0.9671319780083447,5.262542246852256e-06,True,0,3.0,False,0.3893082753837427
5,LASSO,0.01778279410038923,1.0,0.3898621579907408,0.08627577157212696,0.9670757910875055,9.08519955236664e-06,True,0,3.0,False,0.3898621579907407
5,ElasticNet,0.01778279410038923,0.95,0.3902275600639074,0.08653582518032125,0.9670464487042247,3.379207810218221e-06,True,0,3.0,False,0.3902275600639074
5,ElasticNet,0.01778279410038923,0.9,0.39087850189938383,0.08705120981896905,0.9669940816545491,7.922721566699237e-06,True,0,3.0,False,0.39087850189938383
5,ElasticNet,0.01778279410038923,0.7,0.39683620045187706,0.08915849857839692,0.9664982346690735,7.734875726540455e-06,True,0,3.0,False,0.39683620045187706
5,ElasticNet,0.01,0.7,0.40165555171262207,0.08428360687256448,0.9660669129196412,9.379015060822712e-06,True,0,3.0,False,0.40165555171262207
5,ElasticNet,0.01,0.7,0.4016572191823948,0.08429144245611096,0.9660668058194481,9.773497804020474e-06,True,0,3.0,False,0.4016572191823948
5,LASSO,0.005623413251903491,1.0,0.40230224039298484,0.08172184467354972,0.9660076413619509,3.985040920528003e-06,True,0,3.0,False,0.40230224039298484
6,LASSO,0.01,1.0,0.40358258809695946,0.10214492718004571,0.9659531422080709,7.956970138367145e-06,True,0,3.0,False,0.40358258809695946
5,ElasticNet,0.005623413251903491,0.95,0.4048203457591197,0.08091355183382133,0.9657896923170308,9.603070631627672e-06,True,0,3.0,False,0.4048203457591197
6,ElasticNet,0.01,0.95,0.4063620369789836,0.10284054220841823,0.9657196820636044,9.329900096787663e-06,True,0,3.0,False,0.4063620369789836
5,ElasticNet,0.005623413251903491,0.9,0.40820492283028537,0.07998647786908752,0.965497451418963,8.248918457646505e-06,True,0,3.0,False,0.40820492283028537
6,ElasticNet,0.01,0.9,0.41016692435618846,0.10375190162057767,0.9653993259724771,9.642430911257008e-06,True,0,3.0,False,0.41016692435618846
5,ElasticNet,0.01778279410038923,0.5,0.41133068088350644,0.08638274910604166,0.9652491069470214,9.238673758181146e-06,True,0,3.0,False,0.41133068088350644
5,ElasticNet,0.01,0.5,0.417730194950133,0.07823641834978766,0.9646734029944324,9.861132171420407e-06,True,0,3.0,False,0.417730194950133
5,ElasticNet,0.01,0.5,0.41774377637878385,0.07821266331773326,0.9646721506128336,7.430420078269155e-06,True,0,3.0,False,0.41774377637878385
5,ElasticNet,0.005623413251903491,0.7,0.4276186556019033,0.0761080168827882,0.9638252705384724,9.561200583037104e-06,True,0,3.0,False,0.4276186556019033
7,LASSO,0.01,1.0,0.43000739264302285,0.1161524912346615,0.9637745746918024,8.979777070622363e-06,True,0,3.0,False,0.43000739264302285
5,ElasticNet,0.03162277660168379,0.7,0.4327805039767234,0.09893017947153107,0.9634789544159571,6.56306119231273e-06,True,0,3.0,False,0.4327805039767234
6,ElasticNet,0.01,0.7,0.43313403923385585,0.10724905648136249,0.9634600229834621,7.731398849264784e-06,True,0,3.0,False,0.43313403923385585
5,ElasticNet,0.03162277660168379,0.5,0.43406753206777476,0.09101854391129421,0.9633354651650402,8.678964460526878e-06,True,0,3.0,False,0.43406753206777476
5,ElasticNet,0.01778279410038923,0.3,0.43824415103526476,0.07775805307059638,0.9629229100886598,5.71109462630618e-06,True,0,3.0,False,0.43824415103526476
7,ElasticNet,0.01,0.9,0.44001735986830687,0.12076405148777726,0.9629419289248209,6.522138494448673e-06,True,0,3.0,False,0.4400173598683068
5,LASSO,0.0031622776601683794,1.0,0.4443399917547144,0.07079912719118445,0.9623770169989152,8.925090119114333e-06,True,0,3.0,False,0.4443399917547144
5,ElasticNet,0.03162277660168379,0.9,0.44473462295857685,0.10623851382702533,0.9624900118671663,9.125675108651726e-06,True,0,3.0,False,0.4447346229585769
5,ElasticNet,0.03162277660168379,0.95,0.448960512031543,0.1078722609615677,0.9621366567575945,7.431139117032581e-06,True,0,3.0,False,0.44896051203154314
5,ElasticNet,0.0031622776601683794,0.95,0.4496003777868888,0.07037729804152837,0.9619264368072781,8.929789892102215e-06,True,0,3.0,False,0.4496003777868888
5,LASSO,0.03162277660168379,1.0,0.45395180980590144,0.1092662774930989,0.9617171084332123,6.279454423011033e-06,True,0,3.0,False,0.45395180980590144
5,ElasticNet,0.03162277660168379,0.3,0.4539930147718241,0.08362124314208715,0.9616063621304711,4.312527911222788e-06,True,0,3.0,False,0.4539930147718241
5,ElasticNet,0.0031622776601683794,0.9,0.45550784442615805,0.07039621188692104,0.9614225213468651,8.484370022863487e-06,True,0,3.0,False,0.45550784442615805
5,ElasticNet,0.01,0.3,0.4593523562884078,0.07933770424778647,0.9611280625295496,9.690368421680449e-06,True,0,3.0,False,0.4593523562884078
5,ElasticNet,0.01,0.3,0.4593667199585562,0.07937296651182683,0.961126978915575,9.293550908028893e-06,True,0,3.0,False,0.4593667199585561
5,ElasticNet,0.005623413251903491,0.5,0.4595654466837542,0.07694643042401503,0.9610994235362399,9.881075820634272e-06,True,0,3.0,False,0.45956544668375415
8,ElasticNet,0.01,0.9,0.4610688380934957,0.12309703989165985,0.9611681166486935,1.631031481904091e-05,True,0,3.0,False,0.4610688380934957
6,ElasticNet,0.01,0.5,0.4695503845256166,0.10636662966387524,0.960366575950088,5.9510383207091525e-06,True,0,3.0,False,0.4695503845256166
7,ElasticNet,0.01,0.7,0.4734938064847274,0.12594554045271872,0.9601045770539126,7.786813929795168e-06,True,0,3.0,False,0.4734938064847274
5,ElasticNet,0.0031622776601683794,0.7,0.4869733736466401,0.07277112365394277,0.9587475750074486,9.62073647405113e-06,True,0,3.0,False,0.4869733736466401
9,ElasticNet,0.01,0.9,0.4957628595484249,0.12628516373757573,0.958218287736746,4.0720346286833575e-05,True,0,3.0,False,0.4957628595484249
10,ElasticNet,0.01,0.9,0.5023549852338706,0.13021193048506072,0.9576751977858452,4.7482860004806685e-05,True,0,3.0,False,0.5023549852338706
8,ElasticNet,0.01,0.7,0.5050801050879556,0.12295720319327101,0.9574140020440041,1.694155182193572e-05,True,0,3.0,False,0.5050801050879555
5,ElasticNet,0.05623413251903491,0.3,0.5105398271653078,0.09849014761193124,0.9568434318220186,3.673480704284582e-06,True,0,3.0,False,0.5105398271653078
5,ElasticNet,0.03162277660168379,0.1,0.5146516387519047,0.07746498205601739,0.956405297808128,9.693923707757707e-06,True,0,3.0,False,0.5146516387519046
5,ElasticNet,0.005623413251903491,0.3,0.5162388003508352,0.08474446968153822,0.9562976793495798,9.247305582354547e-06,True,0,3.0,False,0.5162388003508352
5,LASSO,0.0017782794100389228,1.0,0.5208687789962065,0.08090403145545792,0.9558892230769294,9.937255553850877e-06,True,0,3.0,False,0.5208687789962066
7,ElasticNet,0.01,0.5,0.5219358682054223,0.12204724213181707,0.9559679957169539,7.32766590536265e-06,True,0,3.0,False,0.5219358682054223
5,ElasticNet,0.01778279410038923,0.1,0.5268669404801258,0.07699066304007089,0.9553601613601356,9.934857005587227e-06,True,0,3.0,False,0.5268669404801257
5,ElasticNet,0.0017782794100389228,0.95,0.5286160032506771,0.084298665891746,0.9552423185728781,9.11301728723007e-06,True,0,3.0,False,0.5286160032506771
6,ElasticNet,0.01,0.3,0.5289486790187544,0.10270691443311036,0.9552894526115802,9.450501192581617e-06,True,0,3.0,False,0.5289486790187544
5,ElasticNet,0.0031622776601683794,0.5,0.529185681502138,0.08767375130554604,0.9552076239727391,9.724283997146997e-06,True,0,3.0,False,0.529185681502138
9,ElasticNet,0.01,0.7,0.5355863735403661,0.12282576034657648,0.9548076119031895,2.9910953324711886e-05,True,0,3.0,False,0.5355863735403661
10,ElasticNet,0.01,0.7,0.5375362119659549,0.1271324585332108,0.9546579683702135,3.727656791060671e-05,True,0,3.0,False,0.537536211965955
8,ElasticNet,0.01,0.5,0.5554099896843742,0.10735017504654719,0.9530526972357781,8.310120616288746e-06,True,0,3.0,False,0.5554099896843742
7,ElasticNet,0.01,0.3,0.570906688244597,0.10270928536107338,0.951704975945982,9.697762659757313e-06,True,0,3.0,False,0.5709066882445969
5,ElasticNet,0.01,0.1,0.5792853857877437,0.08411442428559038,0.9509148502833987,9.525246710711567e-06,True,0,3.0,False,0.5792853857877437
9,ElasticNet,0.01,0.5,0.5841820505398845,0.10376857145564529,0.9505816060483276,4.2056467934795463e-05,True,0,3.0,False,0.5841820505398845
7,ElasticNet,0.1,0.1,0.6015414745484983,0.11481558735372963,0.9491447007493052,4.4195528959255215e-06,True,0,3.0,False,0.6015414745484983
8,ElasticNet,0.01,0.3,0.6132487683004264,0.11511711872268487,0.9481487229947655,1.087157556419827e-05,True,0,3.0,False,0.6132487683004264
7,ElasticNet,0.1,0.3,0.614463109596186,0.1254236442135666,0.9480872688299745,7.1415346254606604e-06,True,0,3.0,False,0.614463109596186
5,ElasticNet,0.1,0.1,0.6167637800896013,0.1074134874820027,0.9478002364975705,9.563878038066492e-06,True,0,3.0,False,0.6167637800896013
8,ElasticNet,0.1,0.3,0.6264353405749317,0.13789389954035117,0.9471196987514289,7.799726148831343e-06,True,0,3.0,False,0.6264353405749316
5,ElasticNet,0.1,0.3,0.6281694330884678,0.13112495466618765,0.9469020726731229,4.869802047752225e-06,True,0,3.0,False,0.6281694330884678
8,ElasticNet,0.1,0.1,0.6326748959450139,0.1288543471788054,0.9465485261585105,4.736017374306831e-06,True,0,3.0,False,0.632674895945014
6,ElasticNet,0.1,0.3,0.6353733000234364,0.13885142499121603,0.946340088421184,8.885017534536466e-06,True,0,3.0,False,0.6353733000234364
9,ElasticNet,0.1,0.3,0.6471796009430782,0.13935720939145724,0.9453558719823804,1.9283053247293874e-05,True,0,3.0,False,0.6471796009430782
6,ElasticNet,0.1,0.1,0.648132484781672,0.1273896717817902,0.9452109085539314,9.251146132878418e-06,True,0,3.0,False,0.648132484781672
5,Ridge,17.78279410038923,0.0,0.6483639565549127,0.08448013824990117,0.9450206823953633,0.0,True,0,3.0,False,0.6483639565549127
10,ElasticNet,0.1,0.3,0.652463311033353,0.14224668724926923,0.9449173622960495,7.972105490239995e-06,True,0,3.0,False,0.652463311033353
9,ElasticNet,0.01,0.3,0.6550214502335501,0.11135212924679508,0.9445677922644954,1.4717251706052297e-05,True,0,3.0,False,0.6550214502335501
5,Ridge,31.622776601683793,0.0,0.6578701249603487,0.09066484122727186,0.9442377900291898,0.0,True,0,3.0,False,0.6578701249603487
5,LASSO,0.001,1.0,0.6662758076865709,0.13470670729158143,0.9437054598092877,9.725864435774839e-06,True,0,3.0,False,0.6662758076865709
9,ElasticNet,0.1,0.1,0.6675273219363841,0.1287736075857948,0.9435739592198403,5.60293062447717e-06,True,0,3.0,False,0.6675273219363843
5,Ridge,10.0,0.0,0.6700205987894009,0.07934598675777363,0.943149504152614,0.0,True,0,3.0,False,0.6700205987894008
5,Ridge,10.0,0.0,0.6700205987894009,0.07934598675777364,0.943149504152614,0.0,True,0,3.0,False,0.6700205987894009
10,ElasticNet,0.01,0.3,0.6734841335886772,0.13253689685476275,0.9430784313389523,4.147755347381045e-05,True,0,3.0,False,0.6734841335886772
5,ElasticNet,0.001,0.95,0.6841991314326746,0.13914184693750453,0.9421958978016612,9.231920471696538e-06,True,0,3.0,False,0.6841991314326746
5,ElasticNet,0.1,0.5,0.6855062329080962,0.1644407634581728,0.9421088493498533,9.402377991449273e-06,True,0,3.0,False,0.6855062329080962
10,ElasticNet,0.1,0.1,0.6860461761788111,0.13959540985523394,0.9420345106954399,4.071849352499379e-06,True,0,3.0,False,0.6860461761788111
7,ElasticNet,0.1,0.5,0.6863025491043113,0.14795796869461297,0.9420294783615925,5.00218007191966e-06,True,0,3.0,False,0.6863025491043113
8,ElasticNet,0.1,0.5,0.6935866697602999,0.14748132926207874,0.9414173852858196,1.1789927697479496e-05,True,0,3.0,False,0.6935866697602999
6,ElasticNet,0.1,0.5,0.697702177561168,0.1632687548453518,0.941095682054748,5.400505586367066e-06,True,0,3.0,False,0.697702177561168
5,Ridge,56.23413251903491,0.0,0.6983410377826583,0.09591275365359866,0.9408061296378039,0.0,True,0,3.0,False,0.6983410377826583
5,ElasticNet,0.001,0.9,0.703608330158224,0.1429970024713803,0.9405550105859719,9.056283240099577e-06,True,0,3.0,False,0.703608330158224
9,ElasticNet,0.1,0.5,0.7053133451511293,0.15127030634121533,0.9404332861785795,1.439294000826069e-05,True,0,3.0,False,0.7053133451511293
6,ElasticNet,0.01,0.1,0.7151720668707741,0.13591014828926518,0.9394969761120305,9.94882529671429e-06,True,0,3.0,False,0.7151720668707741
5,Ridge,5.623413251903491,0.0,0.7300915027599882,0.08426571159528622,0.9380469673182458,0.0,True,0,3.0,False,0.7300915027599882
7,ElasticNet,0.01,0.1,0.7459919148224604,0.12354017732597433,0.9368013713678613,1.230458305026376e-05,True,0,3.0,False,0.7459919148224604
4,LASSO,0.01,1.0,0.7501742215203121,0.1118365193266381,0.9364481641459185,8.749378842619338e-06,True,0,,,
4,ElasticNet,0.01,0.95,0.7518450778811685,0.11201951567760562,0.9363065252594954,7.03798505994821e-06,True,0,,,
4,ElasticNet,0.01,0.9,0.7538780515808844,0.11232685915963045,0.9361345552890766,8.555866262558581e-06,True,0,,,
4,ElasticNet,0.01,0.7,0.7658447642559723,0.11452315660542589,0.9351229535771622,8.076148484872925e-06,True,0,,,
7,ElasticNet,0.1,0.7,0.7721882879301027,0.16860679999806175,0.9347378977730898,3.837522127284054e-05,True,0,3.0,False,0.7721882879301027
5,ElasticNet,0.1,0.7,0.7748240251476534,0.20267977075391524,0.9345674874370745,7.782031145459056e-06,True,0,3.0,False,0.7748240251476534
5,Ridge,100.0,0.0,0.7766137711447585,0.1042905468625954,0.9341499061901294,0.0,True,0,3.0,False,0.7766137711447585
5,Ridge,100.0,0.0,0.7766137711447585,0.10429054686259547,0.9341499061901294,0.0,True,0,3.0,False,0.7766137711447585
9,ElasticNet,0.1,0.7,0.7780061551855914,0.1598621340303025,0.934227426057091,4.648674411861231e-05,True,0,3.0,False,0.7780061551855914
4,ElasticNet,0.01,0.5,0.7860086015874259,0.1167940240637974,0.9334106730654687,9.151808213845453e-06,True,0,,,
6,ElasticNet,0.1,0.7,0.7882762566310518,0.1831418464230071,0.9333875187614842,6.680130745492785e-06,True,0,3.0,False,0.7882762566310518
5,ElasticNet,0.001,0.7,0.8080867190253871,0.1768400440959076,0.931753009314002,9.70589527938897e-06,True,0,3.0,False,0.8080867190253871
4,ElasticNet,0.01,0.3,0.8244650986048901,0.12185174499692651,0.930134660983089,5.7892160252566785e-06,True,0,,,
7,Ridge,100.0,0.0,0.8338781822651814,0.12012455636035695,0.9293277673975227,0.0,True,0,3.0,False,0.8338781822651814
5,Ridge,3.1622776601683795,0.0,0.8450194766969484,0.11977954495273806,0.928383439924877,0.0,True,0,3.0,False,0.8450194766969487
6,Ridge,10.0,0.0,0.8620788443728258,0.18494989742327186,0.9271636439300588,0.0,True,0,3.0,False,0.8620788443728258
5,ElasticNet,0.1,0.9,0.8645278710464614,0.22553854191944211,0.9269059016863271,7.252631164092471e-06,True,0,3.0,False,0.8645278710464614
8,ElasticNet,0.01,0.1,0.865950289609458,0.18921020873969788,0.9267739119383869,3.213527660705993e-05,True,0,3.0,False,0.865950289609458
6,Ridge,100.0,0.0,0.8671064508325235,0.12766026141825504,0.9264859022191375,0.0,True,0,3.0,False,0.8671064508325235
7,ElasticNet,0.1,0.95,0.8709488300907814,0.18666889265837308,0.9262911631161281,2.1970913743230014e-05,True,0,3.0,False,0.8709488300907814
6,ElasticNet,0.1,0.9,0.8768126379768182,0.20450029804621242,0.9258337314607621,1.5882512968870555e-05,True,0,3.0,False,0.8768126379768182
5,ElasticNet,0.1,0.95,0.8869078575456614,0.22525127830650934,0.9249880217392965,9.154649162845807e-06,True,0,3.0,False,0.8869078575456614
6,ElasticNet,0.1,0.95,0.8968505623201876,0.20453740114014804,0.9241083061922605,2.5621845679946187e-05,True,0,3.0,False,0.8968505623201876
4,ElasticNet,0.01,0.1,0.8989333801953089,0.12775113487888937,0.9237700113125203,9.327177667664164e-06,True,0,,,
5,LASSO,0.1,1.0,0.910086973257465,0.22720574290118162,0.9230061272165578,4.787909011330638e-06,True,0,3.0,False,0.910086973257465
6,LASSO,0.001,1.0,0.9274357654303724,0.08928744751663566,0.9210489783715827,8.31459538071038e-06,True,0,3.0,False,0.9274357654303724
4,Ridge,10.0,0.0,0.9275288599385253,0.11895796656320427,0.9213325446181599,0.0,True,0,,,
6,ElasticNet,0.001,0.95,0.9502360785553942,0.09009591492519872,0.9190972634347898,9.713491208454615e-06,True,0,3.0,False,0.9502360785553942
5,ElasticNet,0.001,0.5,0.9707299363126561,0.25728576631700023,0.9181060624610691,9.842548676519073e-06,True,0,3.0,False,0.9707299363126559
6,ElasticNet,0.001,0.9,0.9758326849379073,0.09138411270055434,0.9169092069854491,4.985441363808776e-06,True,0,3.0,False,0.9758326849379073
7,Ridge,10.0,0.0,0.9844723470342767,0.16236260394004434,0.9166070290793757,0.0,True,0,3.0,False,0.9844723470342768
8,Ridge,100.0,0.0,0.9947388341628912,0.15245432181265056,0.9156880832697608,0.0,True,0,3.0,False,0.9947388341628912
4,ElasticNet,0.1,0.3,0.9969197540808682,0.22566874324609695,0.9156715504697842,5.171608887962614e-06,True,0,,,
4,LASSO,0.001,1.0,0.9981335593892545,0.17031920115413282,0.9153752642911618,9.787459011528039e-06,True,0,,,
4,ElasticNet,0.1,0.1,1.0012494027248986,0.19211052870523193,0.9151700916916172,9.123079845827636e-06,True,0,,,
4,ElasticNet,0.001,0.95,1.0053923325909397,0.17361113419589763,0.9147653566026461,8.924583932653639e-06,True,0,,,
4,ElasticNet,0.001,0.9,1.012678319420076,0.17705047018746564,0.9141536157640582,9.941033359166414e-06,True,0,,,
4,ElasticNet,0.1,0.5,1.0375474340248987,0.2533858593221319,0.9122521630396528,9.242596347436294e-06,True,0,,,
7,LASSO,0.001,1.0,1.0431983493860653,0.0965857360966149,0.9110369624916862,2.8561649309770095e-05,True,0,3.0,False,1.0431983493860655
4,ElasticNet,0.001,0.7,1.044718094377357,0.1917776278600131,0.9114638925431088,9.862598176367402e-06,True,0,,,
7,ElasticNet,0.001,0.95,1.0768893996712856,0.11046103621206788,0.9081895080891845,3.9862166216856026e-05,True,0,3.0,False,1.0768893996712856
4,ElasticNet,0.001,0.5,1.0822549696144197,0.20839323617598698,0.9083199021242342,9.01181716261531e-06,True,0,,,
7,ElasticNet,0.001,0.9,1.101638396194659,0.11388515859269174,0.9060877960459495,1.414188943044722e-05,True,0,3.0,False,1.101638396194659
4,ElasticNet,0.1,0.7,1.1152167764946057,0.29557450463836216,0.9057045642109925,6.398058042714205e-06,True,0,,,
6,ElasticNet,0.001,0.7,1.1182065736286064,0.10851427198536227,0.9048751377198118,6.243319168652297e-06,True,0,3.0,False,1.1182065736286064
9,Ridge,100.0,0.0,1.12126069096489,0.0965748127639104,0.9047162172831498,0.0,True,0,3.0,False,1.12126069096489
3,ElasticNet,0.01,0.9,1.1297299167973813,0.08101576635108798,0.9038951112900632,7.281515639457822e-06,True,0,,,
3,LASSO,0.01,1.0,1.1297605699753202,0.08215159177785228,0.9038876577888842,7.241471363038723e-06,True,0,,,
3,ElasticNet,0.01,0.95,1.1297710067858078,0.0814773258538523,0.9038891117379387,9.063185594177306e-06,True,0,,,
4,ElasticNet,0.001,0.3,1.1304688006416714,0.2331211546774066,0.9042830515476856,9.42335475648834e-06,True,0,,,
3,ElasticNet,0.01,0.7,1.130638820618085,0.07944770323871886,0.9038289086502075,9.85937384451012e-06,True,0,,,
3,ElasticNet,0.01,0.5,1.1349894242940153,0.08088272302133805,0.9034766968610124,5.4668411245979015e-06,True,0,,,
3,ElasticNet,0.01,0.3,1.142293033670281,0.08505961954332918,0.902872240476758,7.966127360792795e-06,True,0,,,
4,Ridge,1.0,0.0,1.1463230361414432,0.2461314659935467,0.9029815730887535,0.0,True,0,,,
3,LASSO,0.001,1.0,1.1499634387178668,0.10590486916155704,0.9022261581403495,8.92556081108606e-06,True,0,,,
3,ElasticNet,0.001,0.95,1.1503866903119448,0.10635781650130871,0.902190937348633,7.341878129743951e-06,True,0,,,
3,ElasticNet,0.001,0.9,1.1508507118031595,0.10678423267975326,0.9021521048275192,9.279585635497186e-06,True,0,,,
3,ElasticNet,0.01,0.1,1.1510849655941073,0.09072621852404608,0.9021342697686322,7.860071703538231e-06,True,0,,,
3,ElasticNet,0.001,0.7,1.152676711518354,0.10856849028199157,0.901999693387291,8.357728159112611e-06,True,0,,,
3,ElasticNet,0.001,0.5,1.154618148893456,0.11033822595330804,0.9018374528342373,8.548428061843283e-06,True,0,,,
3,ElasticNet,0.001,0.3,1.1566769568184634,0.1120046317227062,0.9016646357765316,6.882085344162177e-06,True,0,,,
3,Ridge,1.0,0.0,1.1582868608124306,0.11109054991344396,0.9015280508161533,0.0,True,0,,,
3,ElasticNet,0.001,0.1,1.1588655409950912,0.11366715223937839,0.9014806391693195,7.894589784454675e-06,True,0,,,
3,LASSO,0.0001,1.0,1.1610645201645442,0.11756113611652023,0.9012973189111998,7.565111396543465e-06,True,0,,,
3,ElasticNet,0.0001,0.95,1.1611230567493802,0.11760232359303457,0.901292394065124,7.316958340777634e-06,True,0,,,
3,ElasticNet,0.0001,0.9,1.1611815953882825,0.11764347241215205,0.9012874689519698,7.0774096598142636e-06,True,0,,,
3,ElasticNet,0.0001,0.7,1.161416972113793,0.11780757469006395,0.901267666578956,9.468480577418882e-06,True,0,,,
3,ElasticNet,0.0001,0.5,1.1616498920668763,0.11797148562950031,0.9012480540943509,8.918889536392596e-06,True,0,,,
3,ElasticNet,0.0001,0.3,1.1618886308603056,0.11813345695452745,0.9012279491341081,9.126146679922057e-06,True,0,,,
3,Ridge,0.1,0.0,1.16198982920635,0.11797288118650373,0.9012192607848147,0.0,True,0,,,
3,ElasticNet,0.0001,0.1,1.1621235771535565,0.11830058908638763,0.9012081932966045,9.567783705883226e-06,True,0,,,
3,LASSO,1e-05,1.0,1.1623774515278813,0.11868895572908465,0.9011870253855715,7.82978164652736e-06,True,0,,,
3,ElasticNet,1e-05,0.95,1.1623837194001627,0.11869387195317142,0.9011864989136348,7.587953372567639e-06,True,0,,,
3,ElasticNet,1e-05,0.9,1.1623899812447565,0.11869878876950685,0.9011859729434235,7.349505646447112e-06,True,0,,,
3,ElasticNet,1e-05,0.7,1.1624149711600575,0.11871843699681112,0.9011838733634642,6.402011756362356e-06,True,0,,,
3,ElasticNet,1e-05,0.5,1.1624437022672156,0.11873622313663848,0.9011814659116979,9.791361082763958e-06,True,0,,,
3,ElasticNet,1e-05,0.3,1.162468721980967,0.11876541443756633,0.901179399115421,9.834410482297617e-06,True,0,,,
3,Ridge,0.01,0.0,1.1624805822572088,0.11875282973611781,0.9011783483732416,0.0,True,0,,,
3,ElasticNet,1e-05,0.1,1.1624917796255394,0.11878436917725861,0.9011774386626485,8.77133951408923e-06,True,0,,,
3,LASSO,1e-06,1.0,1.1625270090138267,0.11884242907578525,0.9011744696504912,9.694925560247277e-06,True,0,,,
3,ElasticNet,1e-06,0.95,1.1625274498081237,0.11884230636889577,0.9011744327737231,9.39866821225352e-06,True,0,,,
3,ElasticNet,1e-06,0.9,1.162527892815689,0.11884218231280262,0.9011743957086636,9.101851552561677e-06,True,0,,,
3,ElasticNet,1e-06,0.3,1.1625289817708466,0.11883219955286245,0.9011743032073887,8.211021520605562e-06,True,0,,,
3,ElasticNet,1e-06,0.7,1.162529688850763,0.11884167269725174,0.901174245450712,7.908947934028171e-06,True,0,,,
3,ElasticNet,1e-06,0.1,1.1625303209119748,0.11883639318887519,0.9011742203099354,9.848143388878292e-06,True,0,,,
3,Ridge,0.001,0.0,1.1625310428367055,0.11883180020876831,0.9011741416904883,0.0,True,0,,,
3,ElasticNet,1e-06,0.5,1.1625346042178166,0.11883958786288028,0.9011738369356767,9.437667986149516e-06,True,0,,,
3,Ridge,0.0001,0.0,1.1625361029525194,0.11883970707454723,0.9011737198506434,0.0,True,0,,,
3,Ridge,1e-05,0.0,1.1625366091048872,0.11884049785937337,0.9011736776549256,0.0,True,0,,,
3,Ridge,1e-06,0.0,1.162536659721532,0.1188405769388385,0.9011736734352366,0.0,True,0,,,
3,Ridge,10.0,0.0,1.167292630556662,0.09729140913432209,0.9007909633349628,0.0,True,0,,,
4,Ridge,100.0,0.0,1.1810417340099113,0.2156922828901649,0.8998006859133784,0.0,True,0,,,
4,ElasticNet,0.001,0.1,1.18184506872225,0.2570847016253343,0.899985335468528,9.671954747088581e-06,True,0,,,
4,ElasticNet,0.1,0.9,1.1863799787233824,0.31613081279674954,0.8996770471717991,8.53623436299078e-06,True,0,,,
4,ElasticNet,0.1,0.95,1.2044542251378705,0.3155054233271495,0.8981332406738155,7.70450265916156e-06,True,0,,,
5,ElasticNet,0.001,0.3,1.2055150242564256,0.36477593708878286,0.8984075137667248,9.725210629290789e-06,True,0,3.0,False,1.2055150242564256
4,LASSO,0.1,1.0,1.220906514683566,0.3101963878443637,0.8967216244889272,5.223163521791974e-06,True,0,,,
9,ElasticNet,0.001,0.9,1.225553729353601,0.24394620194326191,0.8955589167413877,3.2689008030573736e-05,True,0,3.0,False,1.2255537293536012
4,LASSO,0.0001,1.0,1.2721599201357188,0.284266349573839,0.8923848678623832,9.354503011044498e-06,True,0,,,
4,ElasticNet,0.0001,0.95,1.2738067407503397,0.2849479642255761,0.8922469442662133,8.548099521316779e-06,True,0,,,
7,ElasticNet,0.001,0.7,1.2742180847563038,0.19901908979954488,0.8913668852822555,2.5341462668811696e-05,True,0,3.0,False,1.2742180847563038
8,ElasticNet,0.001,0.9,1.274457447389093,0.29640372449348606,0.8915885401105837,3.3059812088516004e-05,True,0,3.0,False,1.274457447389093
4,ElasticNet,0.0001,0.9,1.275435737229797,0.2856561115447263,0.892111047813899,9.755934565158596e-06,True,0,,,
4,ElasticNet,0.0001,0.7,1.2821091817818848,0.28884563686949377,0.8915535390003887,9.788805926157836e-06,True,0,,,
4,ElasticNet,0.0001,0.5,1.2888943495235918,0.2916352556043685,0.8909862904125062,9.661110948960252e-06,True,0,,,
6,ElasticNet,0.001,0.5,1.2911742107933053,0.16318177648135906,0.8903789550556258,9.936061881061792e-06,True,0,3.0,False,1.2911742107933053
4,Ridge,0.1,0.0,1.2953397363547516,0.2976971857324461,0.8904576943704776,0.0,True,0,,,
4,ElasticNet,0.0001,0.3,1.2962007589993352,0.29552321949988253,0.8903775835291423,9.141631119502788e-06,True,0,,,
4,ElasticNet,0.0001,0.1,1.3035622658037347,0.2997081012764555,0.8897649290935495,9.952005677579579e-06,True,0,,,
4,LASSO,1e-05,1.0,1.3164226441131845,0.3033128360447489,0.8886845208794171,9.365262733655056e-06,True,0,,,
4,ElasticNet,1e-05,0.95,1.3165569696019819,0.3034056772719604,0.8886732553057435,9.349833691906151e-06,True,0,,,
4,ElasticNet,1e-05,0.9,1.3167510103532516,0.3034831349940655,0.8886570087527282,9.481770776478829e-06,True,0,,,
4,ElasticNet,1e-05,0.7,1.3174635131193082,0.3037972316787618,0.8885974922855655,9.014567304165177e-06,True,0,,,
4,ElasticNet,1e-05,0.5,1.3181967462100161,0.3039952268690117,0.8885358282543742,9.329619244776752e-06,True,0,,,
4,Ridge,0.01,0.0,1.3185924337809756,0.30447938284233045,0.8885036971048809,0.0,True,0,,,
4,ElasticNet,1e-05,0.3,1.3189304652672775,0.30438367747336026,0.8884746692604599,9.914178496699502e-06,True,0,,,
4,ElasticNet,1e-05,0.1,1.3196308825930012,0.3047163632249026,0.8884161698371044,8.926178081787745e-06,True,0,,,
4,LASSO,1e-06,1.0,1.3204811010994557,0.30465003951299835,0.8883440136413457,9.905374013163052e-06,True,0,,,
4,ElasticNet,1e-06,0.95,1.3205115810270986,0.30469164129333404,0.8883415810412133,9.520008376104506e-06,True,0,,,
4,ElasticNet,1e-06,0.9,1.3205376706915761,0.304723099891701,0.8883394540735727,9.140876645663377e-06,True,0,,,
4,ElasticNet,1e-06,0.7,1.3205381380617318,0.3046133975168315,0.8883392143180434,9.5870810279578e-06,True,0,,,
4,ElasticNet,1e-06,0.3,1.3205492152082605,0.3049469548206412,0.8883384564844983,9.257841150008898e-06,True,0,,,
4,ElasticNet,1e-06,0.5,1.3206023083005503,0.3047777495084087,0.8883337889177801,8.618121861891844e-06,True,0,,,
4,ElasticNet,1e-06,0.1,1.3206661832661084,0.3051210869460001,0.8883289636175425,9.066660601047352e-06,True,0,,,
4,Ridge,0.001,0.0,1.3210505401204864,0.3051818996790032,0.8882971455258124,0.0,True,0,,,
4,Ridge,0.0001,0.0,1.321297758573692,0.30525240890920585,0.8882763721940812,0.0,True,0,,,
4,Ridge,1e-05,0.0,1.321322494581529,0.30525946242352264,0.8882742936721075,0.0,True,0,,,
4,Ridge,1e-06,0.0,1.3213249683240225,0.30526016780088333,0.888274085808015,0.0,True,0,,,
10,Ridge,100.0,0.0,1.323518599887256,0.18543001187123376,0.8876321167354887,0.0,True,0,3.0,False,1.323518599887256
3,ElasticNet,0.1,0.1,1.3396615859763275,0.22553563022261408,0.8864001382036091,8.58121633807822e-06,True,0,,,
9,ElasticNet,0.001,0.7,1.349313285658999,0.2636692576505715,0.8851630548510269,2.9694728978394607e-05,True,0,3.0,False,1.349313285658999
3,ElasticNet,0.1,0.3,1.3800928872701774,0.24465815287896944,0.8829388032826725,1.6617123299346448e-06,True,0,,,
9,Ridge,1000.0,0.0,1.4134190278897192,0.21812214811840405,0.8802262868209638,0.0,True,0,3.0,False,1.4134190278897192
3,ElasticNet,0.1,0.5,1.4233968409599134,0.26524012368562305,0.8792074524616291,8.565710389846215e-06,True,0,,,
8,ElasticNet,0.001,0.7,1.447676842880564,0.3606092874838718,0.8770481317789273,1.6306241609686362e-05,True,0,3.0,False,1.4476768428805642
7,ElasticNet,0.001,0.5,1.4593055317503492,0.24837509366139277,0.8756919915892789,2.7729468567582946e-05,True,0,3.0,False,1.4593055317503492
10,ElasticNet,0.001,0.7,1.4775482651198146,0.35525345467925373,0.8740095732028833,4.104143038877867e-05,True,0,3.0,False,1.4775482651198146
3,ElasticNet,0.1,0.7,1.4832519666237591,0.2985391981290447,0.874121429736178,5.3370480947445564e-06,True,0,,,
9,ElasticNet,0.001,0.5,1.514334904346354,0.3080318367246164,0.8712770542914078,3.394983678322856e-05,True,0,3.0,False,1.514334904346354
9,Ridge,10.0,0.0,1.5332150497251014,0.30603166853470326,0.8701224389933055,0.0,True,0,3.0,False,1.5332150497251016
3,ElasticNet,0.1,0.9,1.559427232501595,0.34134398167706403,0.8676860408873504,1.0660553614316726e-06,True,0,,,
3,ElasticNet,0.1,0.95,1.5699709856675839,0.3431814583158718,0.866792869509022,6.014797895442792e-07,True,0,,,
3,Ridge,100.0,0.0,1.5775094874818638,0.32149786219687626,0.866354247294456,0.0,True,0,,,
3,LASSO,0.1,1.0,1.5791320010361016,0.34430245604704685,0.8660271043837185,2.0661470588601016e-07,True,0,,,
10,Ridge,1000.0,0.0,1.5828927625609,0.20613438302447581,0.865768413753873,0.0,True,0,3.0,False,1.5828927625609
5,ElasticNet,0.001,0.1,1.5984554424059156,0.5601698885799455,0.8656179248553467,9.876610547199344e-06,True,0,3.0,False,1.5984554424059159
9,ElasticNet,1.0,0.1,1.605182839689135,0.2992413479422344,0.8638371361114654,9.777276198413842e-06,True,0,3.0,False,1.605182839689135
10,ElasticNet,1.0,0.1,1.6118815554350592,0.2876521383003125,0.8632462015775152,6.996955798269089e-06,True,0,3.0,False,1.6118815554350592
6,ElasticNet,0.001,0.3,1.6159386870697512,0.2700581362731397,0.8630691278680699,9.98295781117842e-06,True,0,3.0,False,1.615938687069751
8,ElasticNet,1.0,0.1,1.6416371142258706,0.3112475827538273,0.8606676413781665,9.863294354053864e-06,True,0,3.0,False,1.6416371142258706
7,ElasticNet,1.0,0.1,1.654099910583211,0.34336219618153696,0.8596108341337573,5.208019066116343e-06,True,0,3.0,False,1.654099910583211
8,ElasticNet,0.001,0.5,1.6555039380820995,0.4544342982316238,0.8595814279394315,2.1328630483981846e-05,True,0,3.0,False,1.6555039380820995
10,ElasticNet,0.001,0.5,1.6742065151337255,0.4898156502989455,0.857962560317862,2.8874368590807204e-05,True,0,3.0,False,1.6742065151337255
9,ElasticNet,0.001,0.3,1.7560831833898212,0.37451607833803463,0.8513230227930864,2.6050295882188606e-05,True,0,3.0,False,1.7560831833898212
7,ElasticNet,0.001,0.3,1.7657296515606247,0.28684504551111145,0.8496088654919953,3.155656508480194e-05,True,0,3.0,False,1.7657296515606247
6,ElasticNet,1.0,0.1,1.798760678057694,0.4018494079383932,0.847323579367328,8.649778066929792e-06,True,0,3.0,False,1.798760678057694
8,ElasticNet,0.001,0.3,1.9548843938909652,0.6837268209284034,0.8349588100798728,3.7140431403183914e-05,True,0,3.0,False,1.954884393890965
5,ElasticNet,1.0,0.1,1.9842183373457358,0.48488947598604865,0.8315207790563495,7.63438587229881e-06,True,0,3.0,False,1.9842183373457356
10,ElasticNet,0.001,0.3,2.0012292914230585,0.765569977320293,0.8313091247668626,3.524493047679368e-05,True,0,3.0,False,2.0012292914230585
9,ElasticNet,0.001,0.1,2.178837326637319,0.5620605531775877,0.815998581486007,1.9795618373436328e-05,True,0,3.0,False,2.178837326637319
6,ElasticNet,0.001,0.1,2.1923807971431937,0.42557242966439135,0.8141413091836779,9.983061447604643e-06,True,0,3.0,False,2.1923807971431937
7,ElasticNet,0.001,0.1,2.241771461782236,0.42329074568038005,0.8094617470103328,1.4395827697697883e-05,True,0,3.0,False,2.241771461782236
10,ElasticNet,0.001,0.1,2.3688351788698703,0.8848333770065677,0.8007878655266908,2.216396137113073e-05,True,0,3.0,False,2.36883517886987
8,ElasticNet,0.001,0.1,2.40528591540367,0.8101604517413354,0.7970752788742447,2.3700209872506547e-05,True,0,3.0,False,2.40528591540367
4,ElasticNet,1.0,0.1,2.4952395255280595,0.5734346659436717,0.7885138923149909,1.6493231490416482e-06,True,0,,,
4,Ridge,1000.0,0.0,2.6915906590153686,0.577889817695977,0.7716929029307088,0.0,True,0,,,
9,ElasticNet,0.0001,0.9,2.853637157406471,1.1186018280431893,0.7596378615741833,3.273200062282634e-05,True,0,3.0,False,2.853637157406471
9,ElasticNet,0.0001,0.95,2.854743882175613,0.977280558898658,0.7592891724981904,3.47256872360126e-05,True,0,3.0,False,2.854743882175613
10,ElasticNet,0.0001,0.9,2.9909668087735812,0.6919045121520124,0.7473449762004933,2.861946989408014e-05,True,0,3.0,False,2.9909668087735812
9,ElasticNet,1.0,0.3,3.0028514268846744,0.5761164267854259,0.7450349509539462,3.246347374830094e-05,True,0,3.0,False,3.002851426884675
10,ElasticNet,1.0,0.3,3.006874327099896,0.5746746954522897,0.7447088607700105,4.703589850302281e-05,True,0,3.0,False,3.006874327099896
9,ElasticNet,0.0001,0.7,3.026714898711235,1.248408919657291,0.7451221641969695,3.0065220494407988e-05,True,0,3.0,False,3.026714898711235
8,ElasticNet,1.0,0.3,3.0331363740967903,0.5781472894370199,0.742494750354052,6.6439383036853705e-06,True,0,3.0,False,3.0331363740967903
7,ElasticNet,1.0,0.3,3.0392282203040026,0.5928428606242806,0.7419540148342273,4.1858343709511026e-06,True,0,3.0,False,3.0392282203040026
10,ElasticNet,0.0001,0.7,3.064337783424405,0.9539616465358075,0.7415167546430294,2.7827603538807957e-05,True,0,3.0,False,3.064337783424405
9,ElasticNet,0.0001,0.5,3.0679072899991584,1.1489706037908323,0.7418648540254309,2.2392706692942783e-05,True,0,3.0,False,3.0679072899991584
10,ElasticNet,0.0001,0.95,3.0798151854804723,0.7423788948806215,0.7395604649928903,3.219196015837039e-05,True,0,3.0,False,3.0798151854804723
10,ElasticNet,0.0001,0.5,3.0902342765084136,1.1751838984391432,0.7398542778998639,2.328874580560943e-05,True,0,3.0,False,3.0902342765084136
6,ElasticNet,1.0,0.3,3.1406876737608216,0.6184483657576385,0.733556345637472,3.494582563989823e-06,True,0,3.0,False,3.1406876737608216
9,ElasticNet,0.0001,0.3,3.160966997723335,1.1295973543308864,0.7340879950573979,1.603594729866753e-05,True,0,3.0,False,3.160966997723335
9,ElasticNet,0.0001,0.1,3.223551259538874,1.0675338733576727,0.7287292419749961,1.0779127737615502e-05,True,0,3.0,False,3.223551259538874
5,ElasticNet,1.0,0.3,3.2546848803360326,0.62531844460475,0.7237106968124206,6.116202593720033e-06,True,0,3.0,False,3.2546848803360326
10,ElasticNet,0.0001,0.3,3.312227403757241,1.399948195265927,0.7211905889440757,1.4815244103804996e-05,True,0,3.0,False,3.312227403757241
9,ElasticNet,1e-05,0.1,3.540602232258703,1.252916838005559,0.702309990081654,9.832578944996813e-06,True,0,3.0,False,3.5406022322587027
2,LASSO,0.01,1.0,3.5479920747643834,0.5857735776990873,0.6995487945449077,1.1737219357578488e-06,True,0,,,
2,ElasticNet,0.01,0.95,3.549487940321414,0.5866573090107146,0.6994255495059415,8.972820988316713e-06,True,0,,,
2,ElasticNet,0.01,0.9,3.5510009881045015,0.5875450800338079,0.6993008493274454,8.602697868641263e-06,True,0,,,
2,ElasticNet,0.01,0.7,3.557265859168717,0.5912323766929783,0.6987842996014301,6.894330526613368e-09,True,0,,,
2,ElasticNet,0.1,0.7,3.5593069313927863,0.6009549388692448,0.6985895980286146,1.7307572180991215e-09,True,0,,,
2,ElasticNet,0.01,0.5,3.5635532462438433,0.5948759270903368,0.6982653236569826,1.7956210945219153e-08,True,0,,,
2,ElasticNet,0.1,0.9,3.565077693058481,0.6040704520475471,0.698112564686952,4.3540227753907645e-06,True,0,,,
2,ElasticNet,0.1,0.5,3.5683767519770844,0.6117693249112932,0.6978381181096425,6.190984689860568e-06,True,0,,,
2,ElasticNet,0.1,0.95,3.5691568887276564,0.6061193637508331,0.6977737920705794,2.8736980654253674e-06,True,0,,,
2,ElasticNet,0.01,0.3,3.569891136640921,0.5985239117526402,0.6977418448308595,6.38466608835625e-09,True,0,,,
2,LASSO,0.1,1.0,3.5738121153327884,0.607824105801746,0.6973854284704865,1.4310934408068299e-06,True,0,,,
2,Ridge,10.0,0.0,3.57666343347841,0.6139340910016567,0.6972200785036642,0.0,True,0,,,
2,ElasticNet,0.01,0.1,3.5768267998149263,0.6027218927380139,0.6971700969164801,3.193474540407262e-08,True,0,,,
10,ElasticNet,0.0001,0.1,3.5805118008203265,1.5427476758986094,0.6991309367344094,2.022479383127437e-05,True,0,3.0,False,3.5805118008203265
2,ElasticNet,0.1,0.3,3.582465746310625,0.6369017178940533,0.696717442927457,4.00582250754955e-06,True,0,,,
2,LASSO,0.001,1.0,3.58365499521927,0.5932450505603993,0.6965608883156853,1.1390231365081618e-08,True,0,,,
2,ElasticNet,0.001,0.95,3.5838531208802795,0.5933644050829749,0.6965445723946675,1.2250609137147081e-08,True,0,,,
2,ElasticNet,0.001,0.9,3.5840513959540186,0.59348379474214,0.6965282438620989,7.93031968945087e-09,True,0,,,
2,ElasticNet,0.001,0.7,3.5848422759528566,0.5939682514146658,0.6964631484228482,9.495378135897584e-09,True,0,,,
2,ElasticNet,0.001,0.5,3.5856277207233753,0.5944678416986838,0.6963985802791478,8.618244519651872e-06,True,0,,,
2,ElasticNet,0.001,0.3,3.586416364704488,0.5949684925512142,0.6963337423335921,6.659755605141666e-06,True,0,,,
2,Ridge,1.0,0.0,3.586795744773589,0.5966312941371819,0.696307586473827,0.0,True,0,,,
2,ElasticNet,0.001,0.1,3.587205325542629,0.5954679583497636,0.6962688694418958,4.477484295312435e-06,True,0,,,
2,LASSO,0.0001,1.0,3.588066539801203,0.5945202862750882,0.6961927471066799,1.9685129763215552e-06,True,0,,,
2,ElasticNet,0.0001,0.95,3.588086370748119,0.5945328535760297,0.6961911166419853,1.9343893901475526e-06,True,0,,,
2,ElasticNet,0.0001,0.9,3.588106204186149,0.5945454217066063,0.6961894859650427,1.9001183371154893e-06,True,0,,,
2,ElasticNet,0.0001,0.7,3.58818556211305,0.5945957208981989,0.6961829612579763,1.7197153489209696e-06,True,0,,,
2,ElasticNet,0.0001,0.5,3.588265013362021,0.594645995403019,0.6961764283614934,2.1837002330879265e-06,True,0,,,
2,ElasticNet,0.0001,0.3,3.588344449389598,0.5946963044203303,0.6961698968179801,2.498841596191058e-06,True,0,,,
2,Ridge,0.1,0.0,3.5883778102459103,0.5948643808206981,0.6961676796612962,0.0,True,0,,,
2,ElasticNet,0.0001,0.1,3.5884237743186778,0.5947465048830177,0.6961633743524085,2.68103976587099e-06,True,0,,,
2,LASSO,1e-06,1.0,3.58851105927013,0.5946529462589946,0.696155668111189,9.149085851676242e-06,True,0,,,
2,LASSO,1e-05,1.0,3.58851105927013,0.5946529462589946,0.696155668111189,1.490858516762419e-07,True,0,,,
2,ElasticNet,1e-06,0.95,3.5885130477159777,0.5946542008371667,0.6961555045989952,9.368945694716212e-06,True,0,,,
2,ElasticNet,1e-05,0.95,3.5885130477159777,0.5946542008371667,0.6961555045989952,1.4740802462378296e-07,True,0,,,
2,ElasticNet,1e-06,0.9,3.5885150361419593,0.5946554556860548,0.6961553410893426,9.776683698430259e-06,True,0,,,
2,ElasticNet,1e-05,0.9,3.5885150361419593,0.5946554556860548,0.6961553410893426,1.4530314372519083e-07,True,0,,,
2,ElasticNet,1e-05,0.7,3.5885229901601843,0.594660478612342,0.6961546870341012,1.732953811164617e-07,True,0,,,
2,ElasticNet,1e-05,0.5,3.588530944258346,0.594665510449453,0.696154032997994,2.210054208353107e-07,True,0,,,
2,ElasticNet,1e-05,0.3,3.588538894259827,0.5946705454103453,0.6961533793155091,2.524940480925152e-07,True,0,,,
2,Ridge,0.01,0.0,3.5885421894788085,0.5946873615087991,0.6961531611220391,0.0,True,0,,,
2,ElasticNet,1e-06,0.5,3.5885456086590177,0.5946668618380527,0.6961528031909133,9.553979295870556e-06,True,0,,,
2,ElasticNet,1e-05,0.1,3.5885468303745682,0.5946755687620128,0.6961527267740872,2.7013433545344945e-07,True,0,,,
2,ElasticNet,1e-06,0.7,3.5885492597271758,0.5946688650917747,0.6961525125348889,7.437376176880038e-06,True,0,,,
2,ElasticNet,1e-06,0.3,3.588549693689881,0.5946695475666113,0.6961524675232867,7.899977367412787e-06,True,0,,,
2,ElasticNet,1e-06,0.1,3.5885537698431293,0.5946722240578348,0.6961521325789891,8.63090050185365e-06,True,0,,,
2,Ridge,0.001,0.0,3.588558689650887,0.5946696563430469,0.6961517039450529,0.0,True,0,,,
2,Ridge,0.0001,0.0,3.588560340291109,0.5946678857941715,0.6961515581740788,0.0,True,0,,,
2,Ridge,1e-05,0.0,3.5885605053613614,0.5946677087389608,0.6961515435964486,0.0,True,0,,,
2,Ridge,1e-06,0.0,3.5885605218684486,0.5946676910334369,0.6961515421386802,0.0,True,0,,,
9,ElasticNet,1e-06,0.1,3.590367929230417,1.2745310971211568,0.6981817802987361,9.809876904223238e-06,True,0,3.0,False,3.5903679292304163
10,ElasticNet,1e-05,0.9,3.595912202714078,0.9506656150022652,0.6966733323996178,9.971942982609212e-06,True,0,3.0,False,3.5959122027140773
2,ElasticNet,0.1,0.1,3.6081393695140562,0.667093077181739,0.6946482976317795,1.2761319832452211e-08,True,0,,,
9,LASSO,1e-05,1.0,3.6094836186980537,1.5387773501874087,0.6973999859636768,1.1228305697936315e-05,True,0,3.0,False,3.609483618698054
9,ElasticNet,1e-05,0.95,3.6142485860863207,1.4597717663523337,0.6960216591926339,1.5117410716696421e-05,True,0,3.0,False,3.614248586086321
9,ElasticNet,1e-05,0.9,3.6270951710102146,1.5755877140132006,0.6953858398469442,1.2416515700160231e-05,True,0,3.0,False,3.6270951710102146
9,ElasticNet,1e-05,0.5,3.630406806875295,1.4440891466678467,0.6951183208557744,8.754524762946209e-06,True,0,3.0,False,3.630406806875295
4,ElasticNet,1.0,0.3,3.6459078203178152,0.6810788333683154,0.6909737108832864,1.253677019918964e-06,True,0,,,
10,ElasticNet,1e-05,0.7,3.646458920189684,1.2324195220074805,0.6926772336123915,8.988364026613225e-06,True,0,3.0,False,3.646458920189685
9,ElasticNet,1e-05,0.3,3.673061435463788,1.445911253468779,0.691522398504461,9.966697112198425e-06,True,0,3.0,False,3.6730614354637883
9,ElasticNet,1e-05,0.7,3.682680078113117,1.5940307607725372,0.6906392569550451,9.806846228744454e-06,True,0,3.0,False,3.682680078113117
10,ElasticNet,1e-05,0.95,3.682680535504607,0.9096975587821811,0.6889192888446708,9.848156519455292e-06,True,0,3.0,False,3.682680535504607
7,ElasticNet,0.0001,0.95,3.715755756631238,0.7994130535623121,0.680859294042798,4.31480780048356e-05,True,0,3.0,False,3.715755756631238
7,ElasticNet,0.0001,0.7,3.7187325372062205,0.7541301040678218,0.6820783152859753,2.7588604211832254e-05,True,0,3.0,False,3.7187325372062205
10,ElasticNet,1e-05,0.5,3.721365440227252,1.5876604282364968,0.6869466086312909,9.782011271152992e-06,True,0,3.0,False,3.7213654402272525
8,ElasticNet,0.0001,0.9,3.7452359958740065,1.40830812515717,0.6836997807475843,4.140129325996841e-05,True,0,3.0,False,3.7452359958740065
10,ElasticNet,1e-06,0.7,3.7511904467134953,1.3056506121961697,0.683978047216718,7.659657943426782e-06,True,0,3.0,False,3.7511904467134953
10,ElasticNet,1e-06,0.9,3.762088472954236,1.0252345130231884,0.6827724122560251,6.502264172150702e-06,True,0,3.0,False,3.762088472954236
9,ElasticNet,1e-06,0.3,3.7642717427589134,1.4861596781463748,0.6839595518849029,9.925321341806389e-06,True,0,3.0,False,3.764271742758913
10,ElasticNet,1e-05,0.3,3.77115969021304,1.646432524335543,0.6827202173483352,9.712289889841167e-06,True,0,3.0,False,3.771159690213041
2,Ridge,100.0,0.0,3.7726357956807988,0.7425042135025239,0.6808549837151562,0.0,True,0,,,
7,ElasticNet,0.0001,0.5,3.7821993158339606,0.8707259824142919,0.677575371953573,2.6177239640410055e-05,True,0,3.0,False,3.7821993158339606
9,LASSO,1e-06,1.0,3.783109576206879,1.5863113377181937,0.6828851571539492,9.627127139419704e-06,True,0,3.0,False,3.783109576206879
7,LASSO,0.0001,1.0,3.788051518178983,0.9193961195994622,0.6746862900344884,4.0084948529371134e-05,True,0,3.0,False,3.788051518178983
8,LASSO,0.0001,1.0,3.796373986379956,1.384452039135366,0.6788560020779908,3.320660429380492e-05,True,0,3.0,False,3.796373986379956
8,ElasticNet,0.0001,0.95,3.8016475579432374,1.2972685817254213,0.6787926777925063,3.966366884196292e-05,True,0,3.0,False,3.8016475579432374
9,ElasticNet,1e-06,0.95,3.8035585443648103,1.541788076778918,0.6802328652054493,9.102102490254334e-06,True,0,3.0,False,3.8035585443648103
9,ElasticNet,1e-06,0.5,3.807635046080383,1.4653824296241154,0.6802925322986361,8.372565988862734e-06,True,0,3.0,False,3.807635046080383
3,ElasticNet,1.0,0.1,3.8115148506489533,0.6321115927876656,0.6761312427351088,2.899506222064918e-06,True,0,,,
10,ElasticNet,1e-06,0.95,3.816340976215878,0.9631852654533191,0.6776843810567007,9.009273577731856e-06,True,0,3.0,False,3.816340976215878
10,ElasticNet,1e-06,0.5,3.8233021307338966,1.6441660784317043,0.6784198060022689,5.455943498730708e-06,True,0,3.0,False,3.8233021307338966
10,ElasticNet,1e-06,0.3,3.8322808703875784,1.6896671487046968,0.6777228936336778,9.177085497901494e-06,True,0,3.0,False,3.8322808703875784
7,ElasticNet,0.0001,0.9,3.836362980122677,0.8719880490937973,0.6706382814444686,3.85664204289206e-05,True,0,3.0,False,3.836362980122677
9,ElasticNet,1e-06,0.9,3.8375447210464153,1.6225807065974251,0.6777114773165045,9.873001232705995e-06,True,0,3.0,False,3.8375447210464153
9,ElasticNet,1e-06,0.7,3.845621602180749,1.6481687863080527,0.6770175498983734,8.930499194615055e-06,True,0,3.0,False,3.8456216021807497
8,ElasticNet,0.0001,0.7,3.875898574836174,1.3796281166591526,0.6730592301799927,2.5765720662626723e-05,True,0,3.0,False,3.8758985748361745
8,ElasticNet,0.0001,0.1,3.887118025961557,1.4464533856340858,0.6724993793276827,9.898629557995983e-06,True,0,3.0,False,3.887118025961557
10,ElasticNet,1e-05,0.1,3.9000914726536346,1.7709670769842691,0.6724666379033281,9.971216298542941e-06,True,0,3.0,False,3.9000914726536346
7,ElasticNet,0.0001,0.3,3.911250727442671,1.051008114049696,0.6671180179449099,2.129199156196243e-05,True,0,3.0,False,3.911250727442671
10,ElasticNet,1e-06,0.1,3.9467803900297826,1.806777748425597,0.6685900807497008,9.938645773623143e-06,True,0,3.0,False,3.9467803900297826
10,LASSO,1e-05,1.0,3.9650774106569773,0.9824083251617179,0.6652589631687312,2.669882112549168e-05,True,0,3.0,False,3.9650774106569764
8,ElasticNet,0.0001,0.5,3.965110522355152,1.5424024243156478,0.6656271211908499,2.307821128123457e-05,True,0,3.0,False,3.965110522355152
8,ElasticNet,0.0001,0.3,4.0712167180478955,1.8238012143703466,0.6580941041625724,1.7406616670640407e-05,True,0,3.0,False,4.0712167180478955
7,ElasticNet,0.0001,0.1,4.074336999042998,1.0943877440274457,0.654345686672931,1.4727258951513683e-05,True,0,3.0,False,4.074336999042999
10,LASSO,1e-06,1.0,4.131851766000085,1.0287749150103147,0.6512547297516935,9.91564131481869e-06,True,0,3.0,False,4.131851766000085
5,LASSO,0.0001,1.0,4.24372328839736,1.786932475310327,0.6442307003776923,9.499667945083167e-06,True,0,3.0,False,4.24372328839736
5,ElasticNet,0.0001,0.95,4.325887469097297,1.8311748578692653,0.6373628342974366,9.908495300108654e-06,True,0,3.0,False,4.325887469097297
8,ElasticNet,1e-05,0.1,4.374616406146717,1.6596256506352618,0.6321449975128812,9.783253089391212e-06,True,0,3.0,False,4.374616406146717
5,ElasticNet,0.0001,0.9,4.423734870712373,1.892073753548074,0.629203092600682,9.79919762639064e-06,True,0,3.0,False,4.423734870712373
9,ElasticNet,1.0,0.5,4.427535339037952,0.5707964504788293,0.62373557509459,3.674051957947011e-06,True,0,3.0,False,4.427535339037952
7,ElasticNet,1.0,0.5,4.429849210562069,0.5723559217603529,0.6235721106512708,8.436888040974644e-06,True,0,3.0,False,4.429849210562069
8,ElasticNet,1.0,0.5,4.433524200289899,0.5671130019074633,0.623263936400477,9.28838564118184e-07,True,0,3.0,False,4.433524200289899
10,ElasticNet,1.0,0.5,4.4350021273176425,0.5694322247520368,0.6231063591501044,9.345144040939779e-06,True,0,3.0,False,4.4350021273176425
8,ElasticNet,1e-06,0.1,4.46091360522984,1.683313274288728,0.6250109502298656,9.825105721122327e-06,True,0,3.0,False,4.460913605229841
6,ElasticNet,1.0,0.5,4.474451388253156,0.5832045208885942,0.6199937314961735,1.909625257145997e-06,True,0,3.0,False,4.474451388253156
5,ElasticNet,1.0,0.5,4.520550920114979,0.5833814371125502,0.615999844618134,3.2405907191002115e-07,True,0,3.0,False,4.520550920114979
3,Ridge,1000.0,0.0,4.652596495256166,0.6847882886132173,0.6045312464203317,0.0,True,0,,,
3,ElasticNet,1.0,0.3,4.65694110857686,0.6050605954602932,0.6043390574058275,8.990167543743155e-08,True,0,,,
8,ElasticNet,1e-05,0.5,4.684989286947402,1.7522520907955073,0.6057181857247653,1.3120162112048679e-05,True,0,3.0,False,4.684989286947402
8,ElasticNet,1e-05,0.3,4.742554402788187,2.222659805332278,0.6023480211129587,9.994217002336242e-06,True,0,3.0,False,4.742554402788187
7,ElasticNet,1e-05,0.5,4.75400961651155,1.059929463263846,0.5959409487152392,1.3474159541785653e-05,True,0,3.0,False,4.75400961651155
8,ElasticNet,1e-05,0.9,4.7599425157790956,1.9947101701960583,0.5995281889483354,1.762520258649092e-05,True,0,3.0,False,4.7599425157790956
4,ElasticNet,1.0,0.5,4.7846644279092905,0.6503113146893561,0.593995937198691,1.2944448784524276e-06,True,0,,,
8,ElasticNet,1e-05,0.7,4.814443760090909,1.871262578974103,0.5947354098869776,1.3354409526487179e-05,True,0,3.0,False,4.814443760090908
8,LASSO,1e-05,1.0,4.8321066816445795,1.8818059525534179,0.5926748865912241,1.8325006450505567e-05,True,0,3.0,False,4.8321066816445795
8,ElasticNet,1e-06,0.5,4.841777408256102,1.8254273986497807,0.5928108573787099,9.955051235366898e-06,True,0,3.0,False,4.841777408256102
8,ElasticNet,1e-06,0.3,4.860437837122471,2.2822664129016217,0.5926650557114507,9.931647170884188e-06,True,0,3.0,False,4.860437837122471
5,ElasticNet,0.0001,0.7,4.866734865205281,2.148137521685411,0.5924238631400748,9.930334551148091e-06,True,0,3.0,False,4.866734865205281
7,ElasticNet,1e-05,0.3,4.8772554253026,1.1451030725357652,0.5866131743601872,9.923255505003216e-06,True,0,3.0,False,4.8772554253026
7,ElasticNet,1e-05,0.1,4.907977617850534,1.2342171616680206,0.5850936617112178,9.852756096748315e-06,True,0,3.0,False,4.907977617850534
8,ElasticNet,1e-05,0.95,4.921439163086803,1.928752044918045,0.5856710381253015,1.3640523110809984e-05,True,0,3.0,False,4.921439163086803
6,LASSO,0.0001,1.0,4.94810136625407,1.3886992650589887,0.579960099009198,4.866486598572655e-05,True,0,3.0,False,4.948101366254069
7,ElasticNet,1e-05,0.7,4.972551976808554,1.1603984306545327,0.5768846199678964,2.110146805650937e-05,True,0,3.0,False,4.972551976808554
8,ElasticNet,1e-06,0.7,5.043666665412257,1.9303762600505119,0.5759666364581754,9.975787108276126e-06,True,0,3.0,False,5.043666665412256
6,ElasticNet,0.0001,0.95,5.076138943551881,1.653142088540305,0.5695001299567316,4.403003545140144e-05,True,0,3.0,False,5.076138943551881
8,ElasticNet,1e-06,0.9,5.08053294544258,2.0319658852822755,0.5731323195568185,9.962306569722447e-06,True,0,3.0,False,5.08053294544258
7,LASSO,1e-05,1.0,5.083935315546808,1.2610785632189037,0.5660365201797615,1.7618560273801223e-05,True,0,3.0,False,5.083935315546808
7,ElasticNet,1e-05,0.9,5.092523002549794,1.2288579020171877,0.5662794564459993,1.559856006103466e-05,True,0,3.0,False,5.092523002549794
8,LASSO,1e-06,1.0,5.099640445065489,1.9326994655770475,0.5705493986360185,9.969776740196953e-06,True,0,3.0,False,5.099640445065488
7,ElasticNet,1e-05,0.95,5.124717493160925,1.1922372249719235,0.5625073533045987,1.9683991122382314e-05,True,0,3.0,False,5.124717493160925
7,ElasticNet,1e-06,0.3,5.1254742059513125,1.1049667822720761,0.5660813490543307,9.749788828863155e-06,True,0,3.0,False,5.1254742059513125
7,ElasticNet,1e-06,0.5,5.159875356005222,0.9299832157309953,0.5627893547925875,9.959852424774509e-06,True,0,3.0,False,5.159875356005222
6,ElasticNet,0.0001,0.9,5.177736014417669,1.6248905504385753,0.560570901982442,2.934375494264458e-05,True,0,3.0,False,5.17773601441767
7,ElasticNet,1e-06,0.1,5.177948505227735,1.2474528785340966,0.5628758949325889,9.978880157670301e-06,True,0,3.0,False,5.177948505227735
8,ElasticNet,1e-06,0.95,5.183381724089538,2.026950877699238,0.5642015911475283,9.995991708446083e-06,True,0,3.0,False,5.183381724089538
5,ElasticNet,0.0001,0.5,5.351412625881584,2.4005578491629382,0.5519014210695464,9.96467849718836e-06,True,0,3.0,False,5.351412625881584
3,ElasticNet,1.0,0.5,5.434027364427472,0.6048060473530891,0.5384764163180397,7.986667330817099e-07,True,0,,,
6,ElasticNet,0.0001,0.7,5.496838586176079,1.8030809591594945,0.5338173076780474,4.0161945969503356e-05,True,0,3.0,False,5.496838586176079
7,ElasticNet,1e-06,0.7,5.507641654168663,0.9622780837244649,0.5331361617399167,9.938421454319991e-06,True,0,3.0,False,5.507641654168663
7,ElasticNet,1e-06,0.9,5.691507286571316,0.992356479566219,0.5172968369670498,9.957634404426727e-06,True,0,3.0,False,5.691507286571316
7,ElasticNet,1e-06,0.95,5.699719105168422,0.8490005077905548,0.5155292230753451,9.997499458938288e-06,True,0,3.0,False,5.699719105168423
7,LASSO,1e-06,1.0,5.718364351468039,0.8643948477945925,0.5139664813424724,9.999670515550972e-06,True,0,3.0,False,5.718364351468039
2,ElasticNet,1.0,0.1,5.742139500525989,0.7992542723008597,0.5129928256426872,3.440492113426785e-09,True,0,,,
7,ElasticNet,1.0,0.7,5.766229423788679,0.6204515980903924,0.5100101897177459,2.618957627764651e-06,True,0,3.0,False,5.766229423788679
9,ElasticNet,1.0,0.7,5.766525710372946,0.6247177631768218,0.5099868670622862,4.611723606884333e-06,True,0,3.0,False,5.766525710372946
10,ElasticNet,1.0,0.7,5.7671249875418376,0.6250191954008726,0.5099380251047317,5.2421356443455025e-06,True,0,3.0,False,5.7671249875418376
8,ElasticNet,1.0,0.7,5.769891230417405,0.6173512180414055,0.5097042387814611,9.543541635181896e-06,True,0,3.0,False,5.769891230417405
6,ElasticNet,1.0,0.7,5.830091362558598,0.6073040855800195,0.5046036460520807,5.186701167558816e-06,True,0,3.0,False,5.830091362558598
5,ElasticNet,1.0,0.7,5.8520392160188885,0.6092814754138625,0.5026924594133657,4.691403774015335e-06,True,0,3.0,False,5.8520392160188885
5,ElasticNet,0.0001,0.3,5.951365945983286,2.6705942622184518,0.5017466389205171,9.777977252570142e-06,True,0,3.0,False,5.951365945983286
4,ElasticNet,1.0,0.7,6.029703755697327,0.7025804257925038,0.48811397240485105,2.10815078327542e-06,True,0,,,
6,ElasticNet,0.0001,0.5,6.176268575643941,2.428864955002022,0.47679969547669304,2.3464410868251515e-05,True,0,3.0,False,6.176268575643941
3,ElasticNet,1.0,0.7,6.412418395173103,0.6675858050349679,0.45543193703475887,1.320363045675954e-06,True,0,,,
2,ElasticNet,1.0,0.3,6.478863106428548,0.7066939757466196,0.4498529089885046,8.993502942367115e-09,True,0,,,
5,ElasticNet,0.0001,0.1,6.560230227654291,2.892553718476496,0.4507342368327621,9.986745492995934e-06,True,0,3.0,False,6.560230227654291
6,ElasticNet,0.0001,0.3,6.661309456155415,2.492165545973747,0.4345162340970379,4.7721905983029164e-05,True,0,3.0,False,6.661309456155415
2,Ridge,1000.0,0.0,6.686222324079818,0.8650941687951995,0.43275204570031933,0.0,True,0,,,
6,ElasticNet,0.0001,0.1,7.117043374924073,2.733916660697979,0.3942489094140675,2.20061564350917e-05,True,0,3.0,False,7.117043374924073
7,ElasticNet,1.0,0.9,7.124438935926722,0.7325738295491794,0.3947101480697564,7.102772145994862e-07,True,0,3.0,False,7.124438935926722
8,ElasticNet,1.0,0.9,7.1272179419465305,0.7333148098330612,0.39448515341214446,6.94855216254453e-07,True,0,3.0,False,7.1272179419465305
6,ElasticNet,1.0,0.9,7.127632417518643,0.6991873791761394,0.39436930061156233,1.1148010614636661e-07,True,0,3.0,False,7.127632417518644
10,ElasticNet,1.0,0.9,7.137357923785412,0.7535235521238273,0.3936653408778062,6.5526494866796625e-06,True,0,3.0,False,7.137357923785412
9,ElasticNet,1.0,0.9,7.13736067019904,0.7535184017756077,0.3936650843813838,6.738092473645985e-06,True,0,3.0,False,7.13736067019904
5,ElasticNet,1.0,0.9,7.152197068959812,0.7063095152760638,0.39231543805984054,3.401581399886666e-07,True,0,3.0,False,7.152197068959812
2,ElasticNet,1.0,0.5,7.159764852778596,0.7501934386979282,0.3920914186513323,7.739515327509494e-06,True,0,,,
4,ElasticNet,1.0,0.9,7.3349895352808545,0.7718507524618543,0.37712324506288414,2.1142585682198956e-08,True,0,,,
4,Ridge,10000.0,0.0,7.350893274570431,0.7212952230477632,0.37523206850471597,0.0,True,0,,,
6,ElasticNet,1.0,0.95,7.428111081549297,0.7051692722243847,0.3688047448046719,2.62314877363945e-06,True,0,3.0,False,7.428111081549297
7,ElasticNet,1.0,0.95,7.440860716116167,0.7434280723541947,0.3678203932052549,2.8175740908187308e-06,True,0,3.0,False,7.440860716116167
8,ElasticNet,1.0,0.95,7.4408662022914145,0.7434341022907962,0.3678199385421652,8.22631127128659e-06,True,0,3.0,False,7.4408662022914145
5,ElasticNet,1.0,0.95,7.446248886792708,0.6998221416816833,0.3672576127284682,3.973188708039643e-06,True,0,3.0,False,7.446248886792707
9,ElasticNet,1.0,0.95,7.451985424015781,0.7724482749762034,0.3669528398222419,9.433916449697044e-06,True,0,3.0,False,7.451985424015781
10,ElasticNet,1.0,0.95,7.4519888309400875,0.7724582999418125,0.36695255430414936,5.664389923554225e-06,True,0,3.0,False,7.451988830940086
3,ElasticNet,1.0,0.9,7.515046558837497,0.7534491771145531,0.36171679545625085,4.422390231795248e-09,True,0,,,
4,ElasticNet,1.0,0.95,7.643813090755365,0.7744299717370066,0.3508117308745094,6.755529259439008e-06,True,0,,,
6,LASSO,1.0,1.0,7.721803638014176,0.7316047992145377,0.34382897089086706,1.3818533195486538e-07,True,0,3.0,False,7.721803638014175
7,LASSO,1.0,1.0,7.733438329351895,0.7464636687867268,0.3428694683516312,3.438050249382485e-06,True,0,3.0,False,7.733438329351896
8,LASSO,1.0,1.0,7.733439056177559,0.7464639831417432,0.34286940941972094,5.243139256094764e-12,True,0,3.0,False,7.733439056177559
5,LASSO,1.0,1.0,7.7336067404923625,0.7266643429591199,0.3428187407535535,1.8648399036091945e-06,True,0,3.0,False,7.7336067404923625
10,LASSO,1.0,1.0,7.757779175664321,0.7837632198573826,0.3408807484748775,8.414213270691029e-06,True,0,3.0,False,7.757779175664321
9,LASSO,1.0,1.0,7.757780866412823,0.7837632776469626,0.34088060891172683,1.0344836098852284e-11,True,0,3.0,False,7.757780866412823
3,ElasticNet,1.0,0.95,7.7994449294690575,0.7659545231943358,0.3374978650727443,9.671818901324514e-12,True,0,,,
2,ElasticNet,1.0,0.7,7.924926376969747,0.7320799441289001,0.32674246113202704,1.6966428262321642e-12,True,0,,,
4,LASSO,1.0,1.0,7.9583622010771675,0.7696546073886216,0.3239488865125059,2.466997388594905e-07,True,0,,,
3,LASSO,1.0,1.0,8.117552991351888,0.7815986912391183,0.31041205585434045,8.74081654744785e-06,True,0,,,
2,ElasticNet,1.0,0.9,8.749513511917383,0.7792661302398683,0.2565331145103371,6.454107304154633e-08,True,0,,,
2,ElasticNet,1.0,0.95,8.965682284079294,0.7808836019465516,0.23802399418241926,4.810821060741155e-06,True,0,,,
2,LASSO,1.0,1.0,9.195631323672762,0.7682488909944957,0.2182736139705538,4.9205269673224805e-06,True,0,,,
3,Ridge,10000.0,0.0,9.476008404231008,0.6903706436055334,0.194040693294825,0.0,True,0,,,
10,ElasticNet,10.0,0.1,9.546636556988611,0.666553917310722,0.18808199546906068,5.612074660543698e-08,True,0,3.0,False,9.546636556988611
9,ElasticNet,10.0,0.1,9.59506980914415,0.6735945993396799,0.18397746885772767,1.4284460336799754e-07,True,0,3.0,False,9.595069809144148
8,ElasticNet,10.0,0.1,9.65450805403301,0.7167145194686632,0.17907797632117398,1.2906412178992355e-06,True,0,3.0,False,9.65450805403301
7,ElasticNet,10.0,0.1,9.780699573017477,0.7283637682803975,0.16834738787121703,5.97017071335415e-08,True,0,3.0,False,9.780699573017477
6,ElasticNet,10.0,0.1,9.937424802198217,0.7901153362340623,0.15523239959061721,1.230318069644909e-10,True,0,3.0,False,9.937424802198217
5,ElasticNet,10.0,0.1,10.271919698244599,0.8201264870268268,0.12679755284901303,9.415290203151905e-06,True,0,3.0,False,10.271919698244597
6,LASSO,1e-05,1.0,10.474962567140281,5.115099439056306,0.11255013040067079,2.2813429658022082e-05,True,0,3.0,False,10.474962567140281
6,ElasticNet,1e-05,0.95,10.536086646381754,5.278983285903312,0.10827669890897285,2.4603720442553998e-05,True,0,3.0,False,10.536086646381754
1,ElasticNet,0.1,0.1,10.588774022867067,0.8522458965583313,0.09931176531310042,8.956847453063521e-07,True,0,,,
1,ElasticNet,0.1,0.3,10.590414660431806,0.8507477848910551,0.09919850800681551,1.7526101384300607e-06,True,0,,,
1,ElasticNet,0.1,0.5,10.593858278230153,0.8494353120475142,0.09893253110377083,3.1706286335864142e-06,True,0,,,
1,Ridge,100.0,0.0,10.594088666424005,0.8429770522221999,0.09886537339383461,0.0,True,0,,,
1,Ridge,10.0,0.0,10.599126944889727,0.862493770050147,0.0984075554182798,0.0,True,0,,,
1,LASSO,0.01,1.0,10.60005776161055,0.8623791063336244,0.09834038472630353,1.6784274042801195e-06,True,0,,,
1,ElasticNet,0.01,0.95,10.600128178207394,0.8624253609275204,0.0983337205819016,1.61367317720075e-06,True,0,,,
1,ElasticNet,0.01,0.9,10.600199803279345,0.8624717232838848,0.09832695501861159,1.5513122376669547e-06,True,0,,,
1,ElasticNet,0.01,0.7,10.600498262998533,0.8626582247931743,0.09829888909827562,1.3242468030680299e-06,True,0,,,
1,ElasticNet,0.01,0.5,10.60081541503419,0.8628461334082033,0.09826925426813597,1.129578195605864e-06,True,0,,,
1,ElasticNet,0.01,0.3,10.601151180987674,0.8630358291010726,0.09823805757462449,9.632576789789411e-07,True,0,,,
1,ElasticNet,0.1,0.7,10.601234945997664,0.851475752860245,0.09833671568529705,3.152439124354256e-06,True,0,,,
1,ElasticNet,0.01,0.1,10.601505040084884,0.8632270242185844,0.09820534250965673,9.22781358953656e-07,True,0,,,
1,Ridge,1.0,0.0,10.604247696909047,0.8642442460875562,0.09797060365637593,0.0,True,0,,,
1,LASSO,0.001,1.0,10.604411438939364,0.8641359571849319,0.09795743723804629,1.469889454942027e-07,True,0,,,
1,ElasticNet,0.001,0.95,10.604421428305328,0.8641408277738629,0.09795652194290565,1.435158448108518e-07,True,0,,,
1,ElasticNet,0.001,0.9,10.60443142882099,0.864145699247218,0.0979556057124324,1.400603855725548e-07,True,0,,,
1,ElasticNet,0.001,0.7,10.604471542269053,0.8641651939743491,0.09795193144659098,1.2641366621047624e-07,True,0,,,
1,ElasticNet,0.001,0.5,10.60451183382562,0.8641847030469354,0.0979482422397644,1.1304405425356222e-07,True,0,,,
1,ElasticNet,0.001,0.3,10.604552303696133,0.864204229007331,0.0979445380829687,9.342251006068435e-08,True,0,,,
1,ElasticNet,0.001,0.1,10.604552566129598,0.8642850018288747,0.09794455847656806,4.5023432664139426e-07,True,0,,,
1,Ridge,0.1,0.0,10.604830293186401,0.8644133096589145,0.09792093727572719,0.0,True,0,,,
1,ElasticNet,0.0001,0.1,10.604861294427828,0.8644173369747373,0.0979182892286891,7.647338101225649e-10,True,0,,,
1,ElasticNet,0.0001,0.3,10.604862143366823,0.8644078503346595,0.09791820575681105,2.6413018965161723e-09,True,0,,,
1,ElasticNet,0.0001,0.5,10.604862995451827,0.8643983626384755,0.09791812201226428,3.25845165460208e-09,True,0,,,
1,ElasticNet,0.0001,0.7,10.604863850469497,0.864388873633885,0.09791803801315217,3.3309510094153795e-09,True,0,,,
1,ElasticNet,0.0001,0.9,10.604864708081331,0.8643793834770223,0.09791795378944979,9.910113142312812e-09,True,0,,,
1,ElasticNet,0.0001,0.95,10.604864923062264,0.864377010487832,0.09791793268241977,1.1569410612990777e-08,True,0,,,
1,LASSO,0.0001,1.0,10.604865138224179,0.8643746373945406,0.09791791155959599,1.3056081563155107e-08,True,0,,,
1,Ridge,0.01,0.0,10.604889293235148,0.8644301503559247,0.097915907947788,0.0,True,0,,,
1,ElasticNet,1e-06,0.1,10.604892398546191,0.8644305525808228,0.09791564270399744,7.905686608778464e-06,True,0,,,
1,ElasticNet,1e-05,0.1,10.604892398546191,0.8644305525808228,0.09791564270399744,7.679531049814344e-11,True,0,,,
1,ElasticNet,1e-06,0.3,10.604892482877906,0.8644296039443814,0.09791563440490898,8.14887359984129e-06,True,0,,,
1,ElasticNet,1e-05,0.3,10.604892482877906,0.8644296039443814,0.09791563440490898,2.6453427408092234e-10,True,0,,,
1,ElasticNet,1e-06,0.5,10.6048925672702,0.8644286553433881,0.09791562610068949,8.392056546747274e-06,True,0,,,
1,ElasticNet,1e-05,0.5,10.6048925672702,0.8644286553433881,0.09791562610068949,3.2614417693733967e-10,True,0,,,
1,ElasticNet,1e-06,0.7,10.604892651707564,0.8644277067435425,0.09791561779260967,8.635236623804526e-06,True,0,,,
1,ElasticNet,1e-05,0.7,10.604892651707564,0.8644277067435425,0.09791561779260967,3.332587098796419e-10,True,0,,,
1,ElasticNet,1e-06,0.9,10.604892736176177,0.8644267581299601,0.09791560948181126,8.878414290273796e-06,True,0,,,
1,ElasticNet,1e-05,0.9,10.604892736176177,0.8644267581299601,0.09791560948181126,3.278917869438771e-10,True,0,,,
1,ElasticNet,1e-06,0.95,10.604892757297868,0.864426520974112,0.09791560740371608,8.939208343594225e-06,True,0,,,
1,ElasticNet,1e-05,0.95,10.604892757297868,0.864426520974112,0.09791560740371608,3.258528336345717e-10,True,0,,,
1,LASSO,1e-06,1.0,10.604892778421354,0.8644262838172894,0.09791560532546446,9.000323604118378e-06,True,0,,,
1,LASSO,1e-05,1.0,10.604892778421354,0.8644262838172894,0.09791560532546446,3.236041183773969e-10,True,0,,,
1,Ridge,0.001,0.0,10.604895200680984,0.8644318337629658,0.0979154043849871,0.0,True,0,,,
1,Ridge,0.0001,0.0,10.604895791500013,0.8644320020970392,0.09791535402240388,0.0,True,0,,,
1,Ridge,1e-05,0.0,10.604895850582663,0.8644320189303801,0.09791534898608234,0.0,True,0,,,
1,Ridge,1e-06,0.0,10.604895856490936,0.8644320206137127,0.09791534848244965,0.0,True,0,,,
1,ElasticNet,0.1,0.9,10.610826716860744,0.8532069757492416,0.09755263267695531,3.3616074862491407e-06,True,0,,,
1,ElasticNet,0.1,0.95,10.613619154892541,0.8535920608242636,0.09732308463819768,3.55248918776363e-06,True,0,,,
1,LASSO,0.1,1.0,10.616582820122552,0.8539568319628071,0.09707898221654987,3.7498957858733695e-06,True,0,,,
4,ElasticNet,10.0,0.1,10.648516481605128,0.8253382908480204,0.0946991657977004,6.274116783333561e-06,True,0,,,
2,Ridge,10000.0,0.0,10.68439644659516,0.8227885012877261,0.09164198822030663,0.0,True,0,,,
6,ElasticNet,1e-05,0.7,10.748361626300424,5.023825528612965,0.08881649410987513,1.812627274629832e-05,True,0,3.0,False,10.748361626300424
1,ElasticNet,1.0,0.1,10.890634183415917,0.8070734294649683,0.0738609765063527,9.71445146547012e-16,True,0,,,
4,Ridge,100000.0,0.0,11.002028278825213,0.8002615777632379,0.06443999068348194,0.0,True,0,,,
1,Ridge,1000.0,0.0,11.010548575744734,0.7956042773370964,0.06362769460934015,0.0,True,0,,,
6,ElasticNet,1e-05,0.3,11.018930874121283,4.938840741422656,0.06487222278162848,9.973857328917334e-06,True,0,3.0,False,11.018930874121283
6,ElasticNet,1e-05,0.9,11.021043577297718,5.768304693106209,0.06685314100106994,1.9540779366395164e-05,True,0,3.0,False,11.021043577297718
6,ElasticNet,1e-05,0.5,11.088077829096399,5.5644713240150745,0.060982985288834134,1.8119539142181604e-05,True,0,3.0,False,11.088077829096399
1,ElasticNet,1.0,0.3,11.133727583494784,0.8163238516536211,0.05324675192302345,8.815170815523743e-14,True,0,,,
3,ElasticNet,10.0,0.1,11.215949228865659,0.8635495084483753,0.04643401356373189,4.366600519389863e-06,True,0,,,
1,ElasticNet,1.0,0.5,11.34445137094887,0.8231795523900003,0.03531393377772718,4.440892098500626e-16,True,0,,,
3,Ridge,100000.0,0.0,11.47609094090685,0.8119574385779137,0.024030560093065145,0.0,True,0,,,
6,ElasticNet,1e-05,0.1,11.489118966647105,5.001444138508206,0.022817166116826198,9.988528246167108e-06,True,0,3.0,False,11.489118966647105
2,ElasticNet,10.0,0.1,11.494294306429751,0.8176721595557235,0.02249776809900787,6.065717882419719e-06,True,0,,,
1,ElasticNet,1.0,0.7,11.530284544222232,0.877662029529572,0.01966068193122017,4.440892098500626e-16,True,0,,,
1,Ridge,10000.0,0.0,11.657587479746072,0.8279102643982651,0.008607287510649616,0.0,True,0,,,
2,Ridge,100000.0,0.0,11.685020041579405,0.834596940898956,0.006290220561185149,0.0,True,0,,,
1,ElasticNet,1.0,0.9,11.706341541947204,0.9152920645798579,0.004781927953310154,5.836564564987157e-11,True,0,,,
4,Ridge,1000000.0,0.0,11.72549588200909,0.8327026031358071,0.002827761676857351,0.0,True,0,,,
1,ElasticNet,1.0,0.95,11.743239267217499,0.8973522215892963,0.0015718109970585352,8.48967562916414e-11,True,0,,,
3,Ridge,1000000.0,0.0,11.779375545262326,0.8341344099280836,-0.0017655488259559575,0.0,True,0,,,
1,LASSO,1.0,1.0,11.787890827128408,0.8783046974289953,-0.0023060143156216073,4.440892098500626e-16,True,0,,,
1,Ridge,100000.0,0.0,11.797710097737315,0.835758779706112,-0.003323645492031605,0.0,True,0,,,
2,Ridge,1000000.0,0.0,11.801830544134654,0.8364874707826453,-0.0036727762378722106,0.0,True,0,,,
1,ElasticNet,10.0,0.1,11.812238943478263,0.841000735383893,-0.004542157171887107,6.661338147750939e-16,True,0,,,
1,Ridge,1000000.0,0.0,11.813283513344766,0.8366113999635184,-0.004649844891596071,0.0,True,0,,,
1,LASSO,10.0,1.0,11.815033263093008,0.8367069324639554,-0.004798851841780379,0.0,True,0,,,
1,LASSO,100.0,1.0,11.815033263093008,0.8367069324639554,-0.004798851841780379,0.0,True,0,,,
1,LASSO,1000.0,1.0,11.815033263093008,0.8367069324639554,-0.004798851841780379,0.0,True,0,,,
1,LASSO,10000.0,1.0,11.815033263093008,0.8367069324639554,-0.004798851841780379,0.0,True,0,,,
1,LASSO,100000.0,1.0,11.815033263093008,0.8367069324639554,-0.004798851841780379,0.0,True,0,,,
1,LASSO,1000000.0,1.0,11.815033263093008,0.8367069324639554,-0.004798851841780379,0.0,True,0,,,
1,ElasticNet,100.0,0.1,11.815033263093008,0.8367069324639554,-0.004798851841780379,0.0,True,0,,,
1,ElasticNet,1000.0,0.1,11.815033263093008,0.8367069324639554,-0.004798851841780379,0.0,True,0,,,
1,ElasticNet,10000.0,0.1,11.815033263093008,0.8367069324639554,-0.004798851841780379,0.0,True,0,,,
1,ElasticNet,100000.0,0.1,11.815033263093008,0.8367069324639554,-0.004798851841780379,0.0,True,0,,,
1,ElasticNet,1000000.0,0.1,11.815033263093008,0.8367069324639554,-0.004798851841780379,0.0,True,0,,,
1,ElasticNet,10.0,0.3,11.815033263093008,0.8367069324639554,-0.004798851841780379,0.0,True,0,,,
1,ElasticNet,100.0,0.3,11.815033263093008,0.8367069324639554,-0.004798851841780379,0.0,True,0,,,
1,ElasticNet,1000.0,0.3,11.815033263093008,0.8367069324639554,-0.004798851841780379,0.0,True,0,,,
1,ElasticNet,10000.0,0.3,11.815033263093008,0.8367069324639554,-0.004798851841780379,0.0,True,0,,,
1,ElasticNet,100000.0,0.3,11.815033263093008,0.8367069324639554,-0.004798851841780379,0.0,True,0,,,
1,ElasticNet,1000000.0,0.3,11.815033263093008,0.8367069324639554,-0.004798851841780379,0.0,True,0,,,
1,ElasticNet,10.0,0.5,11.815033263093008,0.8367069324639554,-0.004798851841780379,0.0,True,0,,,
1,ElasticNet,100.0,0.5,11.815033263093008,0.8367069324639554,-0.004798851841780379,0.0,True,0,,,
1,ElasticNet,1000.0,0.5,11.815033263093008,0.8367069324639554,-0.004798851841780379,0.0,True,0,,,
1,ElasticNet,10000.0,0.5,11.815033263093008,0.8367069324639554,-0.004798851841780379,0.0,True,0,,,
1,ElasticNet,100000.0,0.5,11.815033263093008,0.8367069324639554,-0.004798851841780379,0.0,True,0,,,
1,ElasticNet,1000000.0,0.5,11.815033263093008,0.8367069324639554,-0.004798851841780379,0.0,True,0,,,
1,ElasticNet,10.0,0.7,11.815033263093008,0.8367069324639554,-0.004798851841780379,0.0,True,0,,,
1,ElasticNet,100.0,0.7,11.815033263093008,0.8367069324639554,-0.004798851841780379,0.0,True,0,,,
1,ElasticNet,1000.0,0.7,11.815033263093008,0.8367069324639554,-0.004798851841780379,0.0,True,0,,,
1,ElasticNet,10000.0,0.7,11.815033263093008,0.8367069324639554,-0.004798851841780379,0.0,True,0,,,
1,ElasticNet,100000.0,0.7,11.815033263093008,0.8367069324639554,-0.004798851841780379,0.0,True,0,,,
1,ElasticNet,1000000.0,0.7,11.815033263093008,0.8367069324639554,-0.004798851841780379,0.0,True,0,,,
1,ElasticNet,10.0,0.9,11.815033263093008,0.8367069324639554,-0.004798851841780379,0.0,True,0,,,
1,ElasticNet,100.0,0.9,11.815033263093008,0.8367069324639554,-0.004798851841780379,0.0,True,0,,,
1,ElasticNet,1000.0,0.9,11.815033263093008,0.8367069324639554,-0.004798851841780379,0.0,True,0,,,
1,ElasticNet,10000.0,0.9,11.815033263093008,0.8367069324639554,-0.004798851841780379,0.0,True,0,,,
1,ElasticNet,100000.0,0.9,11.815033263093008,0.8367069324639554,-0.004798851841780379,0.0,True,0,,,
1,ElasticNet,1000000.0,0.9,11.815033263093008,0.8367069324639554,-0.004798851841780379,0.0,True,0,,,
1,ElasticNet,10.0,0.95,11.815033263093008,0.8367069324639554,-0.004798851841780379,0.0,True,0,,,
1,ElasticNet,100.0,0.95,11.815033263093008,0.8367069324639554,-0.004798851841780379,0.0,True,0,,,
1,ElasticNet,1000.0,0.95,11.815033263093008,0.8367069324639554,-0.004798851841780379,0.0,True,0,,,
1,ElasticNet,10000.0,0.95,11.815033263093008,0.8367069324639554,-0.004798851841780379,0.0,True,0,,,
1,ElasticNet,100000.0,0.95,11.815033263093008,0.8367069324639554,-0.004798851841780379,0.0,True,0,,,
1,ElasticNet,1000000.0,0.95,11.815033263093008,0.8367069324639554,-0.004798851841780379,0.0,True,0,,,
2,LASSO,10.0,1.0,11.815033263093008,0.8367069324639554,-0.004798851841780379,0.0,True,0,,,
2,LASSO,100.0,1.0,11.815033263093008,0.8367069324639554,-0.004798851841780379,0.0,True,0,,,
2,LASSO,1000.0,1.0,11.815033263093008,0.8367069324639554,-0.004798851841780379,0.0,True,0,,,
2,LASSO,10000.0,1.0,11.815033263093008,0.8367069324639554,-0.004798851841780379,0.0,True,0,,,
2,LASSO,100000.0,1.0,11.815033263093008,0.8367069324639554,-0.004798851841780379,0.0,True,0,,,
2,LASSO,1000000.0,1.0,11.815033263093008,0.8367069324639554,-0.004798851841780379,0.0,True,0,,,
2,ElasticNet,100.0,0.1,11.815033263093008,0.8367069324639554,-0.004798851841780379,0.0,True,0,,,
2,ElasticNet,1000.0,0.1,11.815033263093008,0.8367069324639554,-0.004798851841780379,0.0,True,0,,,
2,ElasticNet,10000.0,0.1,11.815033263093008,0.8367069324639554,-0.004798851841780379,0.0,True,0,,,
2,ElasticNet,100000.0,0.1,11.815033263093008,0.8367069324639554,-0.004798851841780379,0.0,True,0,,,
2,ElasticNet,1000000.0,0.1,11.815033263093008,0.8367069324639554,-0.004798851841780379,0.0,True,0,,,
2,ElasticNet,10.0,0.3,11.815033263093008,0.8367069324639554,-0.004798851841780379,0.0,True,0,,,
2,ElasticNet,100.0,0.3,11.815033263093008,0.8367069324639554,-0.004798851841780379,0.0,True,0,,,
2,ElasticNet,1000.0,0.3,11.815033263093008,0.8367069324639554,-0.004798851841780379,0.0,True,0,,,
2,ElasticNet,10000.0,0.3,11.815033263093008,0.8367069324639554,-0.004798851841780379,0.0,True,0,,,
2,ElasticNet,100000.0,0.3,11.815033263093008,0.8367069324639554,-0.004798851841780379,0.0,True,0,,,
2,ElasticNet,1000000.0,0.3,11.815033263093008,0.8367069324639554,-0.004798851841780379,0.0,True,0,,,
2,ElasticNet,10.0,0.5,11.815033263093008,0.8367069324639554,-0.004798851841780379,0.0,True,0,,,
2,ElasticNet,100.0,0.5,11.815033263093008,0.8367069324639554,-0.004798851841780379,0.0,True,0,,,
2,ElasticNet,1000.0,0.5,11.815033263093008,0.8367069324639554,-0.004798851841780379,0.0,True,0,,,
2,ElasticNet,10000.0,0.5,11.815033263093008,0.8367069324639554,-0.004798851841780379,0.0,True,0,,,
2,ElasticNet,100000.0,0.5,11.815033263093008,0.8367069324639554,-0.004798851841780379,0.0,True,0,,,
2,ElasticNet,1000000.0,0.5,11.815033263093008,0.8367069324639554,-0.004798851841780379,0.0,True,0,,,
2,ElasticNet,10.0,0.7,11.815033263093008,0.8367069324639554,-0.004798851841780379,0.0,True,0,,,
2,ElasticNet,100.0,0.7,11.815033263093008,0.8367069324639554,-0.004798851841780379,0.0,True,0,,,
2,ElasticNet,1000.0,0.7,11.815033263093008,0.8367069324639554,-0.004798851841780379,0.0,True,0,,,
2,ElasticNet,10000.0,0.7,11.815033263093008,0.8367069324639554,-0.004798851841780379,0.0,True,0,,,
2,ElasticNet,100000.0,0.7,11.815033263093008,0.8367069324639554,-0.004798851841780379,0.0,True,0,,,
2,ElasticNet,1000000.0,0.7,11.815033263093008,0.8367069324639554,-0.004798851841780379,0.0,True,0,,,
2,ElasticNet,10.0,0.9,11.815033263093008,0.8367069324639554,-0.004798851841780379,0.0,True,0,,,
2,ElasticNet,100.0,0.9,11.815033263093008,0.8367069324639554,-0.004798851841780379,0.0,True,0,,,
2,ElasticNet,1000.0,0.9,11.815033263093008,0.8367069324639554,-0.004798851841780379,0.0,True,0,,,
2,ElasticNet,10000.0,0.9,11.815033263093008,0.8367069324639554,-0.004798851841780379,0.0,True,0,,,
2,ElasticNet,100000.0,0.9,11.815033263093008,0.8367069324639554,-0.004798851841780379,0.0,True,0,,,
2,ElasticNet,1000000.0,0.9,11.815033263093008,0.8367069324639554,-0.004798851841780379,0.0,True,0,,,
2,ElasticNet,10.0,0.95,11.815033263093008,0.8367069324639554,-0.004798851841780379,0.0,True,0,,,
2,ElasticNet,100.0,0.95,11.815033263093008,0.8367069324639554,-0.004798851841780379,0.0,True,0,,,
2,ElasticNet,1000.0,0.95,11.815033263093008,0.8367069324639554,-0.004798851841780379,0.0,True,0,,,
2,ElasticNet,10000.0,0.95,11.815033263093008,0.8367069324639554,-0.004798851841780379,0.0,True,0,,,
2,ElasticNet,100000.0,0.95,11.815033263093008,0.8367069324639554,-0.004798851841780379,0.0,True,0,,,
2,ElasticNet,1000000.0,0.95,11.815033263093008,0.8367069324639554,-0.004798851841780379,0.0,True,0,,,
3,LASSO,10.0,1.0,11.815033263093008,0.8367069324639554,-0.004798851841780379,0.0,True,0,,,
3,LASSO,100.0,1.0,11.815033263093008,0.8367069324639554,-0.004798851841780379,0.0,True,0,,,
3,LASSO,1000.0,1.0,11.815033263093008,0.8367069324639554,-0.004798851841780379,0.0,True,0,,,
3,LASSO,10000.0,1.0,11.815033263093008,0.8367069324639554,-0.004798851841780379,0.0,True,0,,,
3,LASSO,100000.0,1.0,11.815033263093008,0.8367069324639554,-0.004798851841780379,0.0,True,0,,,
3,LASSO,1000000.0,1.0,11.815033263093008,0.8367069324639554,-0.004798851841780379,0.0,True,0,,,
3,ElasticNet,100.0,0.1,11.815033263093008,0.8367069324639554,-0.004798851841780379,0.0,True,0,,,
3,ElasticNet,1000.0,0.1,11.815033263093008,0.8367069324639554,-0.004798851841780379,0.0,True,0,,,
3,ElasticNet,10000.0,0.1,11.815033263093008,0.8367069324639554,-0.004798851841780379,0.0,True,0,,,
3,ElasticNet,100000.0,0.1,11.815033263093008,0.8367069324639554,-0.004798851841780379,0.0,True,0,,,
3,ElasticNet,1000000.0,0.1,11.815033263093008,0.8367069324639554,-0.004798851841780379,0.0,True,0,,,
3,ElasticNet,10.0,0.3,11.815033263093008,0.8367069324639554,-0.004798851841780379,0.0,True,0,,,
3,ElasticNet,100.0,0.3,11.815033263093008,0.8367069324639554,-0.004798851841780379,0.0,True,0,,,
3,ElasticNet,1000.0,0.3,11.815033263093008,0.8367069324639554,-0.004798851841780379,0.0,True,0,,,
3,ElasticNet,10000.0,0.3,11.815033263093008,0.8367069324639554,-0.004798851841780379,0.0,True,0,,,
3,ElasticNet,100000.0,0.3,11.815033263093008,0.8367069324639554,-0.004798851841780379,0.0,True,0,,,
3,ElasticNet,1000000.0,0.3,11.815033263093008,0.8367069324639554,-0.004798851841780379,0.0,True,0,,,
3,ElasticNet,10.0,0.5,11.815033263093008,0.8367069324639554,-0.004798851841780379,0.0,True,0,,,
3,ElasticNet,100.0,0.5,11.815033263093008,0.8367069324639554,-0.004798851841780379,0.0,True,0,,,
3,ElasticNet,1000.0,0.5,11.815033263093008,0.8367069324639554,-0.004798851841780379,0.0,True,0,,,
3,ElasticNet,10000.0,0.5,11.815033263093008,0.8367069324639554,-0.004798851841780379,0.0,True,0,,,
3,ElasticNet,100000.0,0.5,11.815033263093008,0.8367069324639554,-0.004798851841780379,0.0,True,0,,,
3,ElasticNet,1000000.0,0.5,11.815033263093008,0.8367069324639554,-0.004798851841780379,0.0,True,0,,,
3,ElasticNet,10.0,0.7,11.815033263093008,0.8367069324639554,-0.004798851841780379,0.0,True,0,,,
3,ElasticNet,100.0,0.7,11.815033263093008,0.8367069324639554,-0.004798851841780379,0.0,True,0,,,
3,ElasticNet,1000.0,0.7,11.815033263093008,0.8367069324639554,-0.004798851841780379,0.0,True,0,,,
3,ElasticNet,10000.0,0.7,11.815033263093008,0.8367069324639554,-0.004798851841780379,0.0,True,0,,,
3,ElasticNet,100000.0,0.7,11.815033263093008,0.8367069324639554,-0.004798851841780379,0.0,True,0,,,
3,ElasticNet,1000000.0,0.7,11.815033263093008,0.8367069324639554,-0.004798851841780379,0.0,True,0,,,
3,ElasticNet,10.0,0.9,11.815033263093008,0.8367069324639554,-0.004798851841780379,0.0,True,0,,,
3,ElasticNet,100.0,0.9,11.815033263093008,0.8367069324639554,-0.004798851841780379,0.0,True,0,,,
3,ElasticNet,1000.0,0.9,11.815033263093008,0.8367069324639554,-0.004798851841780379,0.0,True,0,,,
3,ElasticNet,10000.0,0.9,11.815033263093008,0.8367069324639554,-0.004798851841780379,0.0,True,0,,,
3,ElasticNet,100000.0,0.9,11.815033263093008,0.8367069324639554,-0.004798851841780379,0.0,True,0,,,
3,ElasticNet,1000000.0,0.9,11.815033263093008,0.8367069324639554,-0.004798851841780379,0.0,True,0,,,
3,ElasticNet,10.0,0.95,11.815033263093008,0.8367069324639554,-0.004798851841780379,0.0,True,0,,,
3,ElasticNet,100.0,0.95,11.815033263093008,0.8367069324639554,-0.004798851841780379,0.0,True,0,,,
3,ElasticNet,1000.0,0.95,11.815033263093008,0.8367069324639554,-0.004798851841780379,0.0,True,0,,,
3,ElasticNet,10000.0,0.95,11.815033263093008,0.8367069324639554,-0.004798851841780379,0.0,True,0,,,
3,ElasticNet,100000.0,0.95,11.815033263093008,0.8367069324639554,-0.004798851841780379,0.0,True,0,,,
3,ElasticNet,1000000.0,0.95,11.815033263093008,0.8367069324639554,-0.004798851841780379,0.0,True,0,,,
4,LASSO,10.0,1.0,11.815033263093008,0.8367069324639554,-0.004798851841780379,0.0,True,0,,,
4,LASSO,100.0,1.0,11.815033263093008,0.8367069324639554,-0.004798851841780379,0.0,True,0,,,
4,LASSO,1000.0,1.0,11.815033263093008,0.8367069324639554,-0.004798851841780379,0.0,True,0,,,
4,LASSO,10000.0,1.0,11.815033263093008,0.8367069324639554,-0.004798851841780379,0.0,True,0,,,
4,LASSO,100000.0,1.0,11.815033263093008,0.8367069324639554,-0.004798851841780379,0.0,True,0,,,
4,LASSO,1000000.0,1.0,11.815033263093008,0.8367069324639554,-0.004798851841780379,0.0,True,0,,,
4,ElasticNet,100.0,0.1,11.815033263093008,0.8367069324639554,-0.004798851841780379,0.0,True,0,,,
4,ElasticNet,1000.0,0.1,11.815033263093008,0.8367069324639554,-0.004798851841780379,0.0,True,0,,,
4,ElasticNet,10000.0,0.1,11.815033263093008,0.8367069324639554,-0.004798851841780379,0.0,True,0,,,
4,ElasticNet,100000.0,0.1,11.815033263093008,0.8367069324639554,-0.004798851841780379,0.0,True,0,,,
4,ElasticNet,1000000.0,0.1,11.815033263093008,0.8367069324639554,-0.004798851841780379,0.0,True,0,,,
4,ElasticNet,10.0,0.3,11.815033263093008,0.8367069324639554,-0.004798851841780379,0.0,True,0,,,
4,ElasticNet,100.0,0.3,11.815033263093008,0.8367069324639554,-0.004798851841780379,0.0,True,0,,,
4,ElasticNet,1000.0,0.3,11.815033263093008,0.8367069324639554,-0.004798851841780379,0.0,True,0,,,
4,ElasticNet,10000.0,0.3,11.815033263093008,0.8367069324639554,-0.004798851841780379,0.0,True,0,,,
4,ElasticNet,100000.0,0.3,11.815033263093008,0.8367069324639554,-0.004798851841780379,0.0,True,0,,,
4,ElasticNet,1000000.0,0.3,11.815033263093008,0.8367069324639554,-0.004798851841780379,0.0,True,0,,,
4,ElasticNet,10.0,0.5,11.815033263093008,0.8367069324639554,-0.004798851841780379,0.0,True,0,,,
4,ElasticNet,100.0,0.5,11.815033263093008,0.8367069324639554,-0.004798851841780379,0.0,True,0,,,
4,ElasticNet,1000.0,0.5,11.815033263093008,0.8367069324639554,-0.004798851841780379,0.0,True,0,,,
4,ElasticNet,10000.0,0.5,11.815033263093008,0.8367069324639554,-0.004798851841780379,0.0,True,0,,,
4,ElasticNet,100000.0,0.5,11.815033263093008,0.8367069324639554,-0.004798851841780379,0.0,True,0,,,
4,ElasticNet,1000000.0,0.5,11.815033263093008,0.8367069324639554,-0.004798851841780379,0.0,True,0,,,
4,ElasticNet,10.0,0.7,11.815033263093008,0.8367069324639554,-0.004798851841780379,0.0,True,0,,,
4,ElasticNet,100.0,0.7,11.815033263093008,0.8367069324639554,-0.004798851841780379,0.0,True,0,,,
4,ElasticNet,1000.0,0.7,11.815033263093008,0.8367069324639554,-0.004798851841780379,0.0,True,0,,,
4,ElasticNet,10000.0,0.7,11.815033263093008,0.8367069324639554,-0.004798851841780379,0.0,True,0,,,
4,ElasticNet,100000.0,0.7,11.815033263093008,0.8367069324639554,-0.004798851841780379,0.0,True,0,,,
4,ElasticNet,1000000.0,0.7,11.815033263093008,0.8367069324639554,-0.004798851841780379,0.0,True,0,,,
4,ElasticNet,10.0,0.9,11.815033263093008,0.8367069324639554,-0.004798851841780379,0.0,True,0,,,
4,ElasticNet,100.0,0.9,11.815033263093008,0.8367069324639554,-0.004798851841780379,0.0,True,0,,,
4,ElasticNet,1000.0,0.9,11.815033263093008,0.8367069324639554,-0.004798851841780379,0.0,True,0,,,
4,ElasticNet,10000.0,0.9,11.815033263093008,0.8367069324639554,-0.004798851841780379,0.0,True,0,,,
4,ElasticNet,100000.0,0.9,11.815033263093008,0.8367069324639554,-0.004798851841780379,0.0,True,0,,,
4,ElasticNet,1000000.0,0.9,11.815033263093008,0.8367069324639554,-0.004798851841780379,0.0,True,0,,,
4,ElasticNet,10.0,0.95,11.815033263093008,0.8367069324639554,-0.004798851841780379,0.0,True,0,,,
4,ElasticNet,100.0,0.95,11.815033263093008,0.8367069324639554,-0.004798851841780379,0.0,True,0,,,
4,ElasticNet,1000.0,0.95,11.815033263093008,0.8367069324639554,-0.004798851841780379,0.0,True,0,,,
4,ElasticNet,10000.0,0.95,11.815033263093008,0.8367069324639554,-0.004798851841780379,0.0,True,0,,,
4,ElasticNet,100000.0,0.95,11.815033263093008,0.8367069324639554,-0.004798851841780379,0.0,True,0,,,
4,ElasticNet,1000000.0,0.95,11.815033263093008,0.8367069324639554,-0.004798851841780379,0.0,True,0,,,
5,LASSO,10.0,1.0,11.815033263093008,0.8367069324639554,-0.004798851841780379,0.0,True,0,3.0,False,11.815033263093008
5,LASSO,100.0,1.0,11.815033263093008,0.8367069324639554,-0.004798851841780379,0.0,True,0,3.0,False,11.815033263093008
5,LASSO,1000.0,1.0,11.815033263093008,0.8367069324639554,-0.004798851841780379,0.0,True,0,3.0,False,11.815033263093008
5,LASSO,10000.0,1.0,11.815033263093008,0.8367069324639554,-0.004798851841780379,0.0,True,0,3.0,False,11.815033263093008
5,LASSO,100000.0,1.0,11.815033263093008,0.8367069324639554,-0.004798851841780379,0.0,True,0,3.0,False,11.815033263093008
5,LASSO,1000000.0,1.0,11.815033263093008,0.8367069324639554,-0.004798851841780379,0.0,True,0,3.0,False,11.815033263093008
5,ElasticNet,100.0,0.1,11.815033263093008,0.8367069324639554,-0.004798851841780379,0.0,True,0,3.0,False,11.815033263093008
5,ElasticNet,1000.0,0.1,11.815033263093008,0.8367069324639554,-0.004798851841780379,0.0,True,0,3.0,False,11.815033263093008
5,ElasticNet,10000.0,0.1,11.815033263093008,0.8367069324639554,-0.004798851841780379,0.0,True,0,3.0,False,11.815033263093008
5,ElasticNet,100000.0,0.1,11.815033263093008,0.8367069324639554,-0.004798851841780379,0.0,True,0,3.0,False,11.815033263093008
5,ElasticNet,1000000.0,0.1,11.815033263093008,0.8367069324639554,-0.004798851841780379,0.0,True,0,3.0,False,11.815033263093008
5,ElasticNet,10.0,0.3,11.815033263093008,0.8367069324639554,-0.004798851841780379,0.0,True,0,3.0,False,11.815033263093008
5,ElasticNet,100.0,0.3,11.815033263093008,0.8367069324639554,-0.004798851841780379,0.0,True,0,3.0,False,11.815033263093008
5,ElasticNet,1000.0,0.3,11.815033263093008,0.8367069324639554,-0.004798851841780379,0.0,True,0,3.0,False,11.815033263093008
5,ElasticNet,10000.0,0.3,11.815033263093008,0.8367069324639554,-0.004798851841780379,0.0,True,0,3.0,False,11.815033263093008
5,ElasticNet,100000.0,0.3,11.815033263093008,0.8367069324639554,-0.004798851841780379,0.0,True,0,3.0,False,11.815033263093008
5,ElasticNet,1000000.0,0.3,11.815033263093008,0.8367069324639554,-0.004798851841780379,0.0,True,0,3.0,False,11.815033263093008
5,ElasticNet,10.0,0.5,11.815033263093008,0.8367069324639554,-0.004798851841780379,0.0,True,0,3.0,False,11.815033263093008
5,ElasticNet,100.0,0.5,11.815033263093008,0.8367069324639554,-0.004798851841780379,0.0,True,0,3.0,False,11.815033263093008
5,ElasticNet,1000.0,0.5,11.815033263093008,0.8367069324639554,-0.004798851841780379,0.0,True,0,3.0,False,11.815033263093008
5,ElasticNet,10000.0,0.5,11.815033263093008,0.8367069324639554,-0.004798851841780379,0.0,True,0,3.0,False,11.815033263093008
5,ElasticNet,100000.0,0.5,11.815033263093008,0.8367069324639554,-0.004798851841780379,0.0,True,0,3.0,False,11.815033263093008
5,ElasticNet,1000000.0,0.5,11.815033263093008,0.8367069324639554,-0.004798851841780379,0.0,True,0,3.0,False,11.815033263093008
5,ElasticNet,10.0,0.7,11.815033263093008,0.8367069324639554,-0.004798851841780379,0.0,True,0,3.0,False,11.815033263093008
5,ElasticNet,100.0,0.7,11.815033263093008,0.8367069324639554,-0.004798851841780379,0.0,True,0,3.0,False,11.815033263093008
5,ElasticNet,1000.0,0.7,11.815033263093008,0.8367069324639554,-0.004798851841780379,0.0,True,0,3.0,False,11.815033263093008
5,ElasticNet,10000.0,0.7,11.815033263093008,0.8367069324639554,-0.004798851841780379,0.0,True,0,3.0,False,11.815033263093008
5,ElasticNet,100000.0,0.7,11.815033263093008,0.8367069324639554,-0.004798851841780379,0.0,True,0,3.0,False,11.815033263093008
5,ElasticNet,1000000.0,0.7,11.815033263093008,0.8367069324639554,-0.004798851841780379,0.0,True,0,3.0,False,11.815033263093008
5,ElasticNet,10.0,0.9,11.815033263093008,0.8367069324639554,-0.004798851841780379,0.0,True,0,3.0,False,11.815033263093008
5,ElasticNet,100.0,0.9,11.815033263093008,0.8367069324639554,-0.004798851841780379,0.0,True,0,3.0,False,11.815033263093008
5,ElasticNet,1000.0,0.9,11.815033263093008,0.8367069324639554,-0.004798851841780379,0.0,True,0,3.0,False,11.815033263093008
5,ElasticNet,10000.0,0.9,11.815033263093008,0.8367069324639554,-0.004798851841780379,0.0,True,0,3.0,False,11.815033263093008
5,ElasticNet,100000.0,0.9,11.815033263093008,0.8367069324639554,-0.004798851841780379,0.0,True,0,3.0,False,11.815033263093008
5,ElasticNet,1000000.0,0.9,11.815033263093008,0.8367069324639554,-0.004798851841780379,0.0,True,0,3.0,False,11.815033263093008
5,ElasticNet,10.0,0.95,11.815033263093008,0.8367069324639554,-0.004798851841780379,0.0,True,0,3.0,False,11.815033263093008
5,ElasticNet,100.0,0.95,11.815033263093008,0.8367069324639554,-0.004798851841780379,0.0,True,0,3.0,False,11.815033263093008
5,ElasticNet,1000.0,0.95,11.815033263093008,0.8367069324639554,-0.004798851841780379,0.0,True,0,3.0,False,11.815033263093008
5,ElasticNet,10000.0,0.95,11.815033263093008,0.8367069324639554,-0.004798851841780379,0.0,True,0,3.0,False,11.815033263093008
5,ElasticNet,100000.0,0.95,11.815033263093008,0.8367069324639554,-0.004798851841780379,0.0,True,0,3.0,False,11.815033263093008
5,ElasticNet,1000000.0,0.95,11.815033263093008,0.8367069324639554,-0.004798851841780379,0.0,True,0,3.0,False,11.815033263093008
6,LASSO,10.0,1.0,11.815033263093008,0.8367069324639554,-0.004798851841780379,0.0,True,0,3.0,False,11.815033263093008
6,LASSO,100.0,1.0,11.815033263093008,0.8367069324639554,-0.004798851841780379,0.0,True,0,3.0,False,11.815033263093008
6,LASSO,1000.0,1.0,11.815033263093008,0.8367069324639554,-0.004798851841780379,0.0,True,0,3.0,False,11.815033263093008
6,LASSO,10000.0,1.0,11.815033263093008,0.8367069324639554,-0.004798851841780379,0.0,True,0,3.0,False,11.815033263093008
6,LASSO,100000.0,1.0,11.815033263093008,0.8367069324639554,-0.004798851841780379,0.0,True,0,3.0,False,11.815033263093008
6,LASSO,1000000.0,1.0,11.815033263093008,0.8367069324639554,-0.004798851841780379,0.0,True,0,3.0,False,11.815033263093008
6,ElasticNet,100.0,0.1,11.815033263093008,0.8367069324639554,-0.004798851841780379,0.0,True,0,3.0,False,11.815033263093008
6,ElasticNet,1000.0,0.1,11.815033263093008,0.8367069324639554,-0.004798851841780379,0.0,True,0,3.0,False,11.815033263093008
6,ElasticNet,10000.0,0.1,11.815033263093008,0.8367069324639554,-0.004798851841780379,0.0,True,0,3.0,False,11.815033263093008
6,ElasticNet,100000.0,0.1,11.815033263093008,0.8367069324639554,-0.004798851841780379,0.0,True,0,3.0,False,11.815033263093008
6,ElasticNet,1000000.0,0.1,11.815033263093008,0.8367069324639554,-0.004798851841780379,0.0,True,0,3.0,False,11.815033263093008
6,ElasticNet,10.0,0.3,11.815033263093008,0.8367069324639554,-0.004798851841780379,0.0,True,0,3.0,False,11.815033263093008
6,ElasticNet,100.0,0.3,11.815033263093008,0.8367069324639554,-0.004798851841780379,0.0,True,0,3.0,False,11.815033263093008
6,ElasticNet,1000.0,0.3,11.815033263093008,0.8367069324639554,-0.004798851841780379,0.0,True,0,3.0,False,11.815033263093008
6,ElasticNet,10000.0,0.3,11.815033263093008,0.8367069324639554,-0.004798851841780379,0.0,True,0,3.0,False,11.815033263093008
6,ElasticNet,100000.0,0.3,11.815033263093008,0.8367069324639554,-0.004798851841780379,0.0,True,0,3.0,False,11.815033263093008
6,ElasticNet,1000000.0,0.3,11.815033263093008,0.8367069324639554,-0.004798851841780379,0.0,True,0,3.0,False,11.815033263093008
6,ElasticNet,10.0,0.5,11.815033263093008,0.8367069324639554,-0.004798851841780379,0.0,True,0,3.0,False,11.815033263093008
6,ElasticNet,100.0,0.5,11.815033263093008,0.8367069324639554,-0.004798851841780379,0.0,True,0,3.0,False,11.815033263093008
6,ElasticNet,1000.0,0.5,11.815033263093008,0.8367069324639554,-0.004798851841780379,0.0,True,0,3.0,False,11.815033263093008
6,ElasticNet,10000.0,0.5,11.815033263093008,0.8367069324639554,-0.004798851841780379,0.0,True,0,3.0,False,11.815033263093008
6,ElasticNet,100000.0,0.5,11.815033263093008,0.8367069324639554,-0.004798851841780379,0.0,True,0,3.0,False,11.815033263093008
6,ElasticNet,1000000.0,0.5,11.815033263093008,0.8367069324639554,-0.004798851841780379,0.0,True,0,3.0,False,11.815033263093008
6,ElasticNet,10.0,0.7,11.815033263093008,0.8367069324639554,-0.004798851841780379,0.0,True,0,3.0,False,11.815033263093008
6,ElasticNet,100.0,0.7,11.815033263093008,0.8367069324639554,-0.004798851841780379,0.0,True,0,3.0,False,11.815033263093008
6,ElasticNet,1000.0,0.7,11.815033263093008,0.8367069324639554,-0.004798851841780379,0.0,True,0,3.0,False,11.815033263093008
6,ElasticNet,10000.0,0.7,11.815033263093008,0.8367069324639554,-0.004798851841780379,0.0,True,0,3.0,False,11.815033263093008
6,ElasticNet,100000.0,0.7,11.815033263093008,0.8367069324639554,-0.004798851841780379,0.0,True,0,3.0,False,11.815033263093008
6,ElasticNet,1000000.0,0.7,11.815033263093008,0.8367069324639554,-0.004798851841780379,0.0,True,0,3.0,False,11.815033263093008
6,ElasticNet,10.0,0.9,11.815033263093008,0.8367069324639554,-0.004798851841780379,0.0,True,0,3.0,False,11.815033263093008
6,ElasticNet,100.0,0.9,11.815033263093008,0.8367069324639554,-0.004798851841780379,0.0,True,0,3.0,False,11.815033263093008
6,ElasticNet,1000.0,0.9,11.815033263093008,0.8367069324639554,-0.004798851841780379,0.0,True,0,3.0,False,11.815033263093008
6,ElasticNet,10000.0,0.9,11.815033263093008,0.8367069324639554,-0.004798851841780379,0.0,True,0,3.0,False,11.815033263093008
6,ElasticNet,100000.0,0.9,11.815033263093008,0.8367069324639554,-0.004798851841780379,0.0,True,0,3.0,False,11.815033263093008
6,ElasticNet,1000000.0,0.9,11.815033263093008,0.8367069324639554,-0.004798851841780379,0.0,True,0,3.0,False,11.815033263093008
6,ElasticNet,10.0,0.95,11.815033263093008,0.8367069324639554,-0.004798851841780379,0.0,True,0,3.0,False,11.815033263093008
6,ElasticNet,100.0,0.95,11.815033263093008,0.8367069324639554,-0.004798851841780379,0.0,True,0,3.0,False,11.815033263093008
6,ElasticNet,1000.0,0.95,11.815033263093008,0.8367069324639554,-0.004798851841780379,0.0,True,0,3.0,False,11.815033263093008
6,ElasticNet,10000.0,0.95,11.815033263093008,0.8367069324639554,-0.004798851841780379,0.0,True,0,3.0,False,11.815033263093008
6,ElasticNet,100000.0,0.95,11.815033263093008,0.8367069324639554,-0.004798851841780379,0.0,True,0,3.0,False,11.815033263093008
6,ElasticNet,1000000.0,0.95,11.815033263093008,0.8367069324639554,-0.004798851841780379,0.0,True,0,3.0,False,11.815033263093008
7,LASSO,10.0,1.0,11.815033263093008,0.8367069324639554,-0.004798851841780379,0.0,True,0,3.0,False,11.815033263093008
7,LASSO,100.0,1.0,11.815033263093008,0.8367069324639554,-0.004798851841780379,0.0,True,0,3.0,False,11.815033263093008
7,LASSO,1000.0,1.0,11.815033263093008,0.8367069324639554,-0.004798851841780379,0.0,True,0,3.0,False,11.815033263093008
7,LASSO,10000.0,1.0,11.815033263093008,0.8367069324639554,-0.004798851841780379,0.0,True,0,3.0,False,11.815033263093008
7,LASSO,100000.0,1.0,11.815033263093008,0.8367069324639554,-0.004798851841780379,0.0,True,0,3.0,False,11.815033263093008
7,LASSO,1000000.0,1.0,11.815033263093008,0.8367069324639554,-0.004798851841780379,0.0,True,0,3.0,False,11.815033263093008
7,ElasticNet,100.0,0.1,11.815033263093008,0.8367069324639554,-0.004798851841780379,0.0,True,0,3.0,False,11.815033263093008
7,ElasticNet,1000.0,0.1,11.815033263093008,0.8367069324639554,-0.004798851841780379,0.0,True,0,3.0,False,11.815033263093008
7,ElasticNet,10000.0,0.1,11.815033263093008,0.8367069324639554,-0.004798851841780379,0.0,True,0,3.0,False,11.815033263093008
7,ElasticNet,100000.0,0.1,11.815033263093008,0.8367069324639554,-0.004798851841780379,0.0,True,0,3.0,False,11.815033263093008
7,ElasticNet,1000000.0,0.1,11.815033263093008,0.8367069324639554,-0.004798851841780379,0.0,True,0,3.0,False,11.815033263093008
7,ElasticNet,10.0,0.3,11.815033263093008,0.8367069324639554,-0.004798851841780379,0.0,True,0,3.0,False,11.815033263093008
7,ElasticNet,100.0,0.3,11.815033263093008,0.8367069324639554,-0.004798851841780379,0.0,True,0,3.0,False,11.815033263093008
7,ElasticNet,1000.0,0.3,11.815033263093008,0.8367069324639554,-0.004798851841780379,0.0,True,0,3.0,False,11.815033263093008
7,ElasticNet,10000.0,0.3,11.815033263093008,0.8367069324639554,-0.004798851841780379,0.0,True,0,3.0,False,11.815033263093008
7,ElasticNet,100000.0,0.3,11.815033263093008,0.8367069324639554,-0.004798851841780379,0.0,True,0,3.0,False,11.815033263093008
7,ElasticNet,1000000.0,0.3,11.815033263093008,0.8367069324639554,-0.004798851841780379,0.0,True,0,3.0,False,11.815033263093008
7,ElasticNet,10.0,0.5,11.815033263093008,0.8367069324639554,-0.004798851841780379,0.0,True,0,3.0,False,11.815033263093008
7,ElasticNet,100.0,0.5,11.815033263093008,0.8367069324639554,-0.004798851841780379,0.0,True,0,3.0,False,11.815033263093008
7,ElasticNet,1000.0,0.5,11.815033263093008,0.8367069324639554,-0.004798851841780379,0.0,True,0,3.0,False,11.815033263093008
7,ElasticNet,10000.0,0.5,11.815033263093008,0.8367069324639554,-0.004798851841780379,0.0,True,0,3.0,False,11.815033263093008
7,ElasticNet,100000.0,0.5,11.815033263093008,0.8367069324639554,-0.004798851841780379,0.0,True,0,3.0,False,11.815033263093008
7,ElasticNet,1000000.0,0.5,11.815033263093008,0.8367069324639554,-0.004798851841780379,0.0,True,0,3.0,False,11.815033263093008
7,ElasticNet,10.0,0.7,11.815033263093008,0.8367069324639554,-0.004798851841780379,0.0,True,0,3.0,False,11.815033263093008
7,ElasticNet,100.0,0.7,11.815033263093008,0.8367069324639554,-0.004798851841780379,0.0,True,0,3.0,False,11.815033263093008
7,ElasticNet,1000.0,0.7,11.815033263093008,0.8367069324639554,-0.004798851841780379,0.0,True,0,3.0,False,11.815033263093008
7,ElasticNet,10000.0,0.7,11.815033263093008,0.8367069324639554,-0.004798851841780379,0.0,True,0,3.0,False,11.815033263093008
7,ElasticNet,100000.0,0.7,11.815033263093008,0.8367069324639554,-0.004798851841780379,0.0,True,0,3.0,False,11.815033263093008
7,ElasticNet,1000000.0,0.7,11.815033263093008,0.8367069324639554,-0.004798851841780379,0.0,True,0,3.0,False,11.815033263093008
7,ElasticNet,10.0,0.9,11.815033263093008,0.8367069324639554,-0.004798851841780379,0.0,True,0,3.0,False,11.815033263093008
7,ElasticNet,100.0,0.9,11.815033263093008,0.8367069324639554,-0.004798851841780379,0.0,True,0,3.0,False,11.815033263093008
7,ElasticNet,1000.0,0.9,11.815033263093008,0.8367069324639554,-0.004798851841780379,0.0,True,0,3.0,False,11.815033263093008
7,ElasticNet,10000.0,0.9,11.815033263093008,0.8367069324639554,-0.004798851841780379,0.0,True,0,3.0,False,11.815033263093008
7,ElasticNet,100000.0,0.9,11.815033263093008,0.8367069324639554,-0.004798851841780379,0.0,True,0,3.0,False,11.815033263093008
7,ElasticNet,1000000.0,0.9,11.815033263093008,0.8367069324639554,-0.004798851841780379,0.0,True,0,3.0,False,11.815033263093008
7,ElasticNet,10.0,0.95,11.815033263093008,0.8367069324639554,-0.004798851841780379,0.0,True,0,3.0,False,11.815033263093008
7,ElasticNet,100.0,0.95,11.815033263093008,0.8367069324639554,-0.004798851841780379,0.0,True,0,3.0,False,11.815033263093008
7,ElasticNet,1000.0,0.95,11.815033263093008,0.8367069324639554,-0.004798851841780379,0.0,True,0,3.0,False,11.815033263093008
7,ElasticNet,10000.0,0.95,11.815033263093008,0.8367069324639554,-0.004798851841780379,0.0,True,0,3.0,False,11.815033263093008
7,ElasticNet,100000.0,0.95,11.815033263093008,0.8367069324639554,-0.004798851841780379,0.0,True,0,3.0,False,11.815033263093008
7,ElasticNet,1000000.0,0.95,11.815033263093008,0.8367069324639554,-0.004798851841780379,0.0,True,0,3.0,False,11.815033263093008
8,LASSO,10.0,1.0,11.815033263093008,0.8367069324639554,-0.004798851841780379,0.0,True,0,3.0,False,11.815033263093008
8,LASSO,100.0,1.0,11.815033263093008,0.8367069324639554,-0.004798851841780379,0.0,True,0,3.0,False,11.815033263093008
8,LASSO,1000.0,1.0,11.815033263093008,0.8367069324639554,-0.004798851841780379,0.0,True,0,3.0,False,11.815033263093008
8,LASSO,10000.0,1.0,11.815033263093008,0.8367069324639554,-0.004798851841780379,0.0,True,0,3.0,False,11.815033263093008
8,LASSO,100000.0,1.0,11.815033263093008,0.8367069324639554,-0.004798851841780379,0.0,True,0,3.0,False,11.815033263093008
8,LASSO,1000000.0,1.0,11.815033263093008,0.8367069324639554,-0.004798851841780379,0.0,True,0,3.0,False,11.815033263093008
8,ElasticNet,100.0,0.1,11.815033263093008,0.8367069324639554,-0.004798851841780379,0.0,True,0,3.0,False,11.815033263093008
8,ElasticNet,1000.0,0.1,11.815033263093008,0.8367069324639554,-0.004798851841780379,0.0,True,0,3.0,False,11.815033263093008
8,ElasticNet,10000.0,0.1,11.815033263093008,0.8367069324639554,-0.004798851841780379,0.0,True,0,3.0,False,11.815033263093008
8,ElasticNet,100000.0,0.1,11.815033263093008,0.8367069324639554,-0.004798851841780379,0.0,True,0,3.0,False,11.815033263093008
8,ElasticNet,1000000.0,0.1,11.815033263093008,0.8367069324639554,-0.004798851841780379,0.0,True,0,3.0,False,11.815033263093008
8,ElasticNet,10.0,0.3,11.815033263093008,0.8367069324639554,-0.004798851841780379,0.0,True,0,3.0,False,11.815033263093008
8,ElasticNet,100.0,0.3,11.815033263093008,0.8367069324639554,-0.004798851841780379,0.0,True,0,3.0,False,11.815033263093008
8,ElasticNet,1000.0,0.3,11.815033263093008,0.8367069324639554,-0.004798851841780379,0.0,True,0,3.0,False,11.815033263093008
8,ElasticNet,10000.0,0.3,11.815033263093008,0.8367069324639554,-0.004798851841780379,0.0,True,0,3.0,False,11.815033263093008
8,ElasticNet,100000.0,0.3,11.815033263093008,0.8367069324639554,-0.004798851841780379,0.0,True,0,3.0,False,11.815033263093008
8,ElasticNet,1000000.0,0.3,11.815033263093008,0.8367069324639554,-0.004798851841780379,0.0,True,0,3.0,False,11.815033263093008
8,ElasticNet,10.0,0.5,11.815033263093008,0.8367069324639554,-0.004798851841780379,0.0,True,0,3.0,False,11.815033263093008
8,ElasticNet,100.0,0.5,11.815033263093008,0.8367069324639554,-0.004798851841780379,0.0,True,0,3.0,False,11.815033263093008
8,ElasticNet,1000.0,0.5,11.815033263093008,0.8367069324639554,-0.004798851841780379,0.0,True,0,3.0,False,11.815033263093008
8,ElasticNet,10000.0,0.5,11.815033263093008,0.8367069324639554,-0.004798851841780379,0.0,True,0,3.0,False,11.815033263093008
8,ElasticNet,100000.0,0.5,11.815033263093008,0.8367069324639554,-0.004798851841780379,0.0,True,0,3.0,False,11.815033263093008
8,ElasticNet,1000000.0,0.5,11.815033263093008,0.8367069324639554,-0.004798851841780379,0.0,True,0,3.0,False,11.815033263093008
8,ElasticNet,10.0,0.7,11.815033263093008,0.8367069324639554,-0.004798851841780379,0.0,True,0,3.0,False,11.815033263093008
8,ElasticNet,100.0,0.7,11.815033263093008,0.8367069324639554,-0.004798851841780379,0.0,True,0,3.0,False,11.815033263093008
8,ElasticNet,1000.0,0.7,11.815033263093008,0.8367069324639554,-0.004798851841780379,0.0,True,0,3.0,False,11.815033263093008
8,ElasticNet,10000.0,0.7,11.815033263093008,0.8367069324639554,-0.004798851841780379,0.0,True,0,3.0,False,11.815033263093008
8,ElasticNet,100000.0,0.7,11.815033263093008,0.8367069324639554,-0.004798851841780379,0.0,True,0,3.0,False,11.815033263093008
8,ElasticNet,1000000.0,0.7,11.815033263093008,0.8367069324639554,-0.004798851841780379,0.0,True,0,3.0,False,11.815033263093008
8,ElasticNet,10.0,0.9,11.815033263093008,0.8367069324639554,-0.004798851841780379,0.0,True,0,3.0,False,11.815033263093008
8,ElasticNet,100.0,0.9,11.815033263093008,0.8367069324639554,-0.004798851841780379,0.0,True,0,3.0,False,11.815033263093008
8,ElasticNet,1000.0,0.9,11.815033263093008,0.8367069324639554,-0.004798851841780379,0.0,True,0,3.0,False,11.815033263093008
8,ElasticNet,10000.0,0.9,11.815033263093008,0.8367069324639554,-0.004798851841780379,0.0,True,0,3.0,False,11.815033263093008
8,ElasticNet,100000.0,0.9,11.815033263093008,0.8367069324639554,-0.004798851841780379,0.0,True,0,3.0,False,11.815033263093008
8,ElasticNet,1000000.0,0.9,11.815033263093008,0.8367069324639554,-0.004798851841780379,0.0,True,0,3.0,False,11.815033263093008
8,ElasticNet,10.0,0.95,11.815033263093008,0.8367069324639554,-0.004798851841780379,0.0,True,0,3.0,False,11.815033263093008
8,ElasticNet,100.0,0.95,11.815033263093008,0.8367069324639554,-0.004798851841780379,0.0,True,0,3.0,False,11.815033263093008
8,ElasticNet,1000.0,0.95,11.815033263093008,0.8367069324639554,-0.004798851841780379,0.0,True,0,3.0,False,11.815033263093008
8,ElasticNet,10000.0,0.95,11.815033263093008,0.8367069324639554,-0.004798851841780379,0.0,True,0,3.0,False,11.815033263093008
8,ElasticNet,100000.0,0.95,11.815033263093008,0.8367069324639554,-0.004798851841780379,0.0,True,0,3.0,False,11.815033263093008
8,ElasticNet,1000000.0,0.95,11.815033263093008,0.8367069324639554,-0.004798851841780379,0.0,True,0,3.0,False,11.815033263093008
9,LASSO,10.0,1.0,11.815033263093008,0.8367069324639554,-0.004798851841780379,0.0,True,0,3.0,False,11.815033263093008
9,LASSO,100.0,1.0,11.815033263093008,0.8367069324639554,-0.004798851841780379,0.0,True,0,3.0,False,11.815033263093008
9,LASSO,1000.0,1.0,11.815033263093008,0.8367069324639554,-0.004798851841780379,0.0,True,0,3.0,False,11.815033263093008
9,LASSO,10000.0,1.0,11.815033263093008,0.8367069324639554,-0.004798851841780379,0.0,True,0,3.0,False,11.815033263093008
9,LASSO,100000.0,1.0,11.815033263093008,0.8367069324639554,-0.004798851841780379,0.0,True,0,3.0,False,11.815033263093008
9,LASSO,1000000.0,1.0,11.815033263093008,0.8367069324639554,-0.004798851841780379,0.0,True,0,3.0,False,11.815033263093008
9,ElasticNet,100.0,0.1,11.815033263093008,0.8367069324639554,-0.004798851841780379,0.0,True,0,3.0,False,11.815033263093008
9,ElasticNet,1000.0,0.1,11.815033263093008,0.8367069324639554,-0.004798851841780379,0.0,True,0,3.0,False,11.815033263093008
9,ElasticNet,10000.0,0.1,11.815033263093008,0.8367069324639554,-0.004798851841780379,0.0,True,0,3.0,False,11.815033263093008
9,ElasticNet,100000.0,0.1,11.815033263093008,0.8367069324639554,-0.004798851841780379,0.0,True,0,3.0,False,11.815033263093008
9,ElasticNet,1000000.0,0.1,11.815033263093008,0.8367069324639554,-0.004798851841780379,0.0,True,0,3.0,False,11.815033263093008
9,ElasticNet,10.0,0.3,11.815033263093008,0.8367069324639554,-0.004798851841780379,0.0,True,0,3.0,False,11.815033263093008
9,ElasticNet,100.0,0.3,11.815033263093008,0.8367069324639554,-0.004798851841780379,0.0,True,0,3.0,False,11.815033263093008
9,ElasticNet,1000.0,0.3,11.815033263093008,0.8367069324639554,-0.004798851841780379,0.0,True,0,3.0,False,11.815033263093008
9,ElasticNet,10000.0,0.3,11.815033263093008,0.8367069324639554,-0.004798851841780379,0.0,True,0,3.0,False,11.815033263093008
9,ElasticNet,100000.0,0.3,11.815033263093008,0.8367069324639554,-0.004798851841780379,0.0,True,0,3.0,False,11.815033263093008
9,ElasticNet,1000000.0,0.3,11.815033263093008,0.8367069324639554,-0.004798851841780379,0.0,True,0,3.0,False,11.815033263093008
9,ElasticNet,10.0,0.5,11.815033263093008,0.8367069324639554,-0.004798851841780379,0.0,True,0,3.0,False,11.815033263093008
9,ElasticNet,100.0,0.5,11.815033263093008,0.8367069324639554,-0.004798851841780379,0.0,True,0,3.0,False,11.815033263093008
9,ElasticNet,1000.0,0.5,11.815033263093008,0.8367069324639554,-0.004798851841780379,0.0,True,0,3.0,False,11.815033263093008
9,ElasticNet,10000.0,0.5,11.815033263093008,0.8367069324639554,-0.004798851841780379,0.0,True,0,3.0,False,11.815033263093008
9,ElasticNet,100000.0,0.5,11.815033263093008,0.8367069324639554,-0.004798851841780379,0.0,True,0,3.0,False,11.815033263093008
9,ElasticNet,1000000.0,0.5,11.815033263093008,0.8367069324639554,-0.004798851841780379,0.0,True,0,3.0,False,11.815033263093008
9,ElasticNet,10.0,0.7,11.815033263093008,0.8367069324639554,-0.004798851841780379,0.0,True,0,3.0,False,11.815033263093008
9,ElasticNet,100.0,0.7,11.815033263093008,0.8367069324639554,-0.004798851841780379,0.0,True,0,3.0,False,11.815033263093008
9,ElasticNet,1000.0,0.7,11.815033263093008,0.8367069324639554,-0.004798851841780379,0.0,True,0,3.0,False,11.815033263093008
9,ElasticNet,10000.0,0.7,11.815033263093008,0.8367069324639554,-0.004798851841780379,0.0,True,0,3.0,False,11.815033263093008
9,ElasticNet,100000.0,0.7,11.815033263093008,0.8367069324639554,-0.004798851841780379,0.0,True,0,3.0,False,11.815033263093008
9,ElasticNet,1000000.0,0.7,11.815033263093008,0.8367069324639554,-0.004798851841780379,0.0,True,0,3.0,False,11.815033263093008
9,ElasticNet,10.0,0.9,11.815033263093008,0.8367069324639554,-0.004798851841780379,0.0,True,0,3.0,False,11.815033263093008
9,ElasticNet,100.0,0.9,11.815033263093008,0.8367069324639554,-0.004798851841780379,0.0,True,0,3.0,False,11.815033263093008
9,ElasticNet,1000.0,0.9,11.815033263093008,0.8367069324639554,-0.004798851841780379,0.0,True,0,3.0,False,11.815033263093008
9,ElasticNet,10000.0,0.9,11.815033263093008,0.8367069324639554,-0.004798851841780379,0.0,True,0,3.0,False,11.815033263093008
9,ElasticNet,100000.0,0.9,11.815033263093008,0.8367069324639554,-0.004798851841780379,0.0,True,0,3.0,False,11.815033263093008
9,ElasticNet,1000000.0,0.9,11.815033263093008,0.8367069324639554,-0.004798851841780379,0.0,True,0,3.0,False,11.815033263093008
9,ElasticNet,10.0,0.95,11.815033263093008,0.8367069324639554,-0.004798851841780379,0.0,True,0,3.0,False,11.815033263093008
9,ElasticNet,100.0,0.95,11.815033263093008,0.8367069324639554,-0.004798851841780379,0.0,True,0,3.0,False,11.815033263093008
9,ElasticNet,1000.0,0.95,11.815033263093008,0.8367069324639554,-0.004798851841780379,0.0,True,0,3.0,False,11.815033263093008
9,ElasticNet,10000.0,0.95,11.815033263093008,0.8367069324639554,-0.004798851841780379,0.0,True,0,3.0,False,11.815033263093008
9,ElasticNet,100000.0,0.95,11.815033263093008,0.8367069324639554,-0.004798851841780379,0.0,True,0,3.0,False,11.815033263093008
9,ElasticNet,1000000.0,0.95,11.815033263093008,0.8367069324639554,-0.004798851841780379,0.0,True,0,3.0,False,11.815033263093008
10,LASSO,10.0,1.0,11.815033263093008,0.8367069324639554,-0.004798851841780379,0.0,True,0,3.0,False,11.815033263093008
10,LASSO,100.0,1.0,11.815033263093008,0.8367069324639554,-0.004798851841780379,0.0,True,0,3.0,False,11.815033263093008
10,LASSO,1000.0,1.0,11.815033263093008,0.8367069324639554,-0.004798851841780379,0.0,True,0,3.0,False,11.815033263093008
10,LASSO,10000.0,1.0,11.815033263093008,0.8367069324639554,-0.004798851841780379,0.0,True,0,3.0,False,11.815033263093008
10,LASSO,100000.0,1.0,11.815033263093008,0.8367069324639554,-0.004798851841780379,0.0,True,0,3.0,False,11.815033263093008
10,LASSO,1000000.0,1.0,11.815033263093008,0.8367069324639554,-0.004798851841780379,0.0,True,0,3.0,False,11.815033263093008
10,ElasticNet,100.0,0.1,11.815033263093008,0.8367069324639554,-0.004798851841780379,0.0,True,0,3.0,False,11.815033263093008
10,ElasticNet,1000.0,0.1,11.815033263093008,0.8367069324639554,-0.004798851841780379,0.0,True,0,3.0,False,11.815033263093008
10,ElasticNet,10000.0,0.1,11.815033263093008,0.8367069324639554,-0.004798851841780379,0.0,True,0,3.0,False,11.815033263093008
10,ElasticNet,100000.0,0.1,11.815033263093008,0.8367069324639554,-0.004798851841780379,0.0,True,0,3.0,False,11.815033263093008
10,ElasticNet,1000000.0,0.1,11.815033263093008,0.8367069324639554,-0.004798851841780379,0.0,True,0,3.0,False,11.815033263093008
10,ElasticNet,10.0,0.3,11.815033263093008,0.8367069324639554,-0.004798851841780379,0.0,True,0,3.0,False,11.815033263093008
10,ElasticNet,100.0,0.3,11.815033263093008,0.8367069324639554,-0.004798851841780379,0.0,True,0,3.0,False,11.815033263093008
10,ElasticNet,1000.0,0.3,11.815033263093008,0.8367069324639554,-0.004798851841780379,0.0,True,0,3.0,False,11.815033263093008
10,ElasticNet,10000.0,0.3,11.815033263093008,0.8367069324639554,-0.004798851841780379,0.0,True,0,3.0,False,11.815033263093008
10,ElasticNet,100000.0,0.3,11.815033263093008,0.8367069324639554,-0.004798851841780379,0.0,True,0,3.0,False,11.815033263093008
10,ElasticNet,1000000.0,0.3,11.815033263093008,0.8367069324639554,-0.004798851841780379,0.0,True,0,3.0,False,11.815033263093008
10,ElasticNet,10.0,0.5,11.815033263093008,0.8367069324639554,-0.004798851841780379,0.0,True,0,3.0,False,11.815033263093008
10,ElasticNet,100.0,0.5,11.815033263093008,0.8367069324639554,-0.004798851841780379,0.0,True,0,3.0,False,11.815033263093008
10,ElasticNet,1000.0,0.5,11.815033263093008,0.8367069324639554,-0.004798851841780379,0.0,True,0,3.0,False,11.815033263093008
10,ElasticNet,10000.0,0.5,11.815033263093008,0.8367069324639554,-0.004798851841780379,0.0,True,0,3.0,False,11.815033263093008
10,ElasticNet,100000.0,0.5,11.815033263093008,0.8367069324639554,-0.004798851841780379,0.0,True,0,3.0,False,11.815033263093008
10,ElasticNet,1000000.0,0.5,11.815033263093008,0.8367069324639554,-0.004798851841780379,0.0,True,0,3.0,False,11.815033263093008
10,ElasticNet,10.0,0.7,11.815033263093008,0.8367069324639554,-0.004798851841780379,0.0,True,0,3.0,False,11.815033263093008
10,ElasticNet,100.0,0.7,11.815033263093008,0.8367069324639554,-0.004798851841780379,0.0,True,0,3.0,False,11.815033263093008
10,ElasticNet,1000.0,0.7,11.815033263093008,0.8367069324639554,-0.004798851841780379,0.0,True,0,3.0,False,11.815033263093008
10,ElasticNet,10000.0,0.7,11.815033263093008,0.8367069324639554,-0.004798851841780379,0.0,True,0,3.0,False,11.815033263093008
10,ElasticNet,100000.0,0.7,11.815033263093008,0.8367069324639554,-0.004798851841780379,0.0,True,0,3.0,False,11.815033263093008
10,ElasticNet,1000000.0,0.7,11.815033263093008,0.8367069324639554,-0.004798851841780379,0.0,True,0,3.0,False,11.815033263093008
10,ElasticNet,10.0,0.9,11.815033263093008,0.8367069324639554,-0.004798851841780379,0.0,True,0,3.0,False,11.815033263093008
10,ElasticNet,100.0,0.9,11.815033263093008,0.8367069324639554,-0.004798851841780379,0.0,True,0,3.0,False,11.815033263093008
10,ElasticNet,1000.0,0.9,11.815033263093008,0.8367069324639554,-0.004798851841780379,0.0,True,0,3.0,False,11.815033263093008
10,ElasticNet,10000.0,0.9,11.815033263093008,0.8367069324639554,-0.004798851841780379,0.0,True,0,3.0,False,11.815033263093008
10,ElasticNet,100000.0,0.9,11.815033263093008,0.8367069324639554,-0.004798851841780379,0.0,True,0,3.0,False,11.815033263093008
10,ElasticNet,1000000.0,0.9,11.815033263093008,0.8367069324639554,-0.004798851841780379,0.0,True,0,3.0,False,11.815033263093008
10,ElasticNet,10.0,0.95,11.815033263093008,0.8367069324639554,-0.004798851841780379,0.0,True,0,3.0,False,11.815033263093008
10,ElasticNet,100.0,0.95,11.815033263093008,0.8367069324639554,-0.004798851841780379,0.0,True,0,3.0,False,11.815033263093008
10,ElasticNet,1000.0,0.95,11.815033263093008,0.8367069324639554,-0.004798851841780379,0.0,True,0,3.0,False,11.815033263093008
10,ElasticNet,10000.0,0.95,11.815033263093008,0.8367069324639554,-0.004798851841780379,0.0,True,0,3.0,False,11.815033263093008
10,ElasticNet,100000.0,0.95,11.815033263093008,0.8367069324639554,-0.004798851841780379,0.0,True,0,3.0,False,11.815033263093008
10,ElasticNet,1000000.0,0.95,11.815033263093008,0.8367069324639554,-0.004798851841780379,0.0,True,0,3.0,False,11.815033263093008
6,ElasticNet,1e-06,0.7,12.450634290197293,4.477417995736134,-0.05278441949172034,9.981695514747507e-06,True,0,3.0,False,12.450634290197293
6,ElasticNet,1e-06,0.95,12.544554541262526,5.057935577019841,-0.0596064355447958,9.998127663502887e-06,True,0,3.0,False,12.544554541262528
6,ElasticNet,1e-06,0.3,12.671340198215917,4.396098684985256,-0.07222854778995931,9.996374809870261e-06,True,0,3.0,False,12.671340198215917
6,LASSO,1e-06,1.0,12.679476344747195,4.78345520200425,-0.07095588382418123,9.976172684148452e-06,True,0,3.0,False,12.679476344747195
6,ElasticNet,1e-06,0.5,12.743938052929614,5.078649112507543,-0.07668309023298503,9.998679115725672e-06,True,0,3.0,False,12.743938052929614
6,ElasticNet,1e-06,0.1,12.870952339099025,4.399602882074492,-0.09195679972520572,9.990167834698817e-06,True,0,3.0,False,12.870952339099025
6,ElasticNet,1e-06,0.9,13.09208641706399,5.3158157749565484,-0.10594601916313824,9.91317573690077e-06,True,0,3.0,False,13.09208641706399
5,LASSO,1e-05,1.0,14.652124832926125,4.317510453309783,-0.23350949826136277,9.98897025287252e-06,True,0,3.0,False,14.652124832926125
5,ElasticNet,1e-05,0.95,14.660344981251493,4.280038467242693,-0.23427571705197145,1.0310282262043343e-05,True,0,3.0,False,14.660344981251496
5,ElasticNet,1e-05,0.9,14.690467554814683,4.2702357902756125,-0.23684106597859447,1.1210561553410723e-05,True,0,3.0,False,14.690467554814683
5,ElasticNet,1e-05,0.7,14.792499938247369,4.3434759238244105,-0.245090237115838,9.950572224780185e-06,True,0,3.0,False,14.792499938247369
5,ElasticNet,1e-05,0.5,14.959801326602078,4.493019562149088,-0.2588813775557655,9.93055606788907e-06,True,0,3.0,False,14.959801326602076
5,ElasticNet,1e-05,0.3,14.984282473992957,4.377951841346778,-0.26111630476144554,9.999358041820652e-06,True,0,3.0,False,14.984282473992955
5,ElasticNet,1e-05,0.1,15.055796332379538,4.339200911711204,-0.2673571003046435,9.998298098509788e-06,True,0,3.0,False,15.055796332379538
5,ElasticNet,1e-06,0.7,18.716123824513623,4.288708149999946,-0.5792589190446995,9.999762108879505e-06,True,0,3.0,False,18.716123824513623
5,ElasticNet,1e-06,0.95,18.720670597525515,4.314165792863443,-0.5795224737424592,9.968400320559412e-06,True,0,3.0,False,18.720670597525515
5,ElasticNet,1e-06,0.3,18.725475355909648,4.222090232024233,-0.580369849698409,9.989378755283061e-06,True,0,3.0,False,18.725475355909648
5,ElasticNet,1e-06,0.1,18.729374487063442,4.138502225635214,-0.5810815984009047,9.97446563571838e-06,True,0,3.0,False,18.729374487063442
5,ElasticNet,1e-06,0.9,18.74229243356329,4.24254749443596,-0.5816769690582249,9.92397388919549e-06,True,0,3.0,False,18.74229243356329
5,ElasticNet,1e-06,0.5,18.807358774172133,4.140441960021489,-0.5876977415678933,9.994644540661457e-06,True,0,3.0,False,18.807358774172133
5,LASSO,1e-06,1.0,18.9048415433194,3.9689982521645026,-0.5966818762967325,9.966326902298372e-06,True,0,3.0,False,18.9048415433194
5,LASSO,0.01,1.0,0.38470668220387233,0.0869369992587599,0.9675224523087674,0.00021231649233431626,False,0,3.0,False,0.38470668220387233
5,ElasticNet,0.01,0.95,0.3873928332121477,0.08767300102617814,0.9672953278969899,0.0003476452658581694,False,0,3.0,False,0.3873928332121477
6,LASSO,0.01,1.0,0.4020541989914,0.10634312250649354,0.9661020392803872,0.0018012574735628024,False,0,3.0,False,0.4020541989914
6,ElasticNet,0.01,0.95,0.40610259870401205,0.10357573409155847,0.9657450667941062,0.0012993494890060422,False,0,3.0,False,0.40610259870401205
7,LASSO,0.01,1.0,0.4344159846357755,0.12175272768590735,0.9634155654964075,0.002709497059445688,False,0,3.0,False,0.4344159846357755
7,ElasticNet,0.01,0.95,0.43671156734651806,0.11576808174861652,0.963201463923013,0.007157934342120238,False,0,3.0,False,0.43671156734651806
8,LASSO,0.01,1.0,0.4559407775217672,0.12831099408502314,0.9616175252150961,0.005089908884911119,False,0,3.0,False,0.45594077752176715
8,ElasticNet,0.01,0.95,0.4738364473257602,0.10965553511022001,0.960008416150843,0.009548173537020975,False,0,3.0,False,0.4738364473257602
9,LASSO,0.01,1.0,0.47766195468131695,0.12507981546481284,0.9597544790384701,0.0001944638107861628,False,0,3.0,False,0.47766195468131695
9,ElasticNet,0.01,0.95,0.48527468170070587,0.12338502865542063,0.959099359421694,0.011280467807894887,False,0,3.0,False,0.4852746817007058
10,LASSO,0.01,1.0,0.4866291281120601,0.12698025785415015,0.9589995430615158,0.00013785399872618363,False,0,3.0,False,0.4866291281120601
10,ElasticNet,0.01,0.95,0.5108024196218066,0.09749331918419914,0.9568130187683056,0.024605332099719213,False,0,3.0,False,0.5108024196218066
10,ElasticNet,0.01,0.5,0.5926236682945708,0.1188067345598655,0.949925364390727,6.159597477898258e-05,False,0,3.0,False,0.5926236682945708
10,ElasticNet,0.1,0.5,0.7078425386793114,0.15027617271403934,0.940215954645839,5.126143474001171e-05,False,0,3.0,False,0.7078425386793114
8,ElasticNet,0.1,0.7,0.7783890340962412,0.16337167374108785,0.9342071357486533,0.0001821002095378499,False,0,3.0,False,0.7783890340962412
10,ElasticNet,0.1,0.7,0.7807336051302484,0.15783928559908336,0.9339895954828084,0.00010451565362834536,False,0,3.0,False,0.7807336051302484
7,ElasticNet,0.1,0.9,0.850698744028278,0.18420738055162975,0.9280281360418429,5.759539051683471e-05,False,0,3.0,False,0.850698744028278
9,ElasticNet,0.1,0.9,0.8520497620207076,0.16834411431706767,0.9279013955353749,0.0007640491114277448,False,0,3.0,False,0.8520497620207076
10,ElasticNet,0.1,0.9,0.854279559693527,0.1652682706243217,0.92770974456282,0.001291190223445926,False,0,3.0,False,0.854279559693527
8,ElasticNet,0.1,0.9,0.8590155383781831,0.17185715466128829,0.9273119491993583,0.0001620297144235977,False,0,3.0,False,0.8590155383781831
9,ElasticNet,0.1,0.95,0.8707472739156371,0.1689746874217788,0.9262960601204147,0.0008053980143384459,False,0,3.0,False,0.8707472739156371
10,ElasticNet,0.1,0.95,0.8741650062848229,0.16349253766840688,0.9259983235055894,0.0009637125719502704,False,0,3.0,False,0.8741650062848229
8,ElasticNet,0.1,0.95,0.8810608279946944,0.17391950329728806,0.9254280295832858,0.00043815842347211253,False,0,3.0,False,0.8810608279946944
9,ElasticNet,0.01,0.1,0.8880006219322395,0.15731142401700196,0.9247995803102494,5.7982514691231734e-05,False,0,3.0,False,0.8880006219322395
9,LASSO,0.1,1.0,0.8923688594576468,0.16814844106019702,0.9244321418580764,0.0004337084830357413,False,0,3.0,False,0.8923688594576468
7,LASSO,0.1,1.0,0.8948109930329974,0.18971704945160733,0.9242451687483336,0.00033044372925743193,False,0,3.0,False,0.8948109930329974
10,LASSO,0.1,1.0,0.8983407739418242,0.16437594323440247,0.9239208071914384,0.003639993271475281,False,0,3.0,False,0.8983407739418242
8,LASSO,0.1,1.0,0.9054524382894051,0.1757276314257331,0.9233339374590646,0.0012746516083525367,False,0,3.0,False,0.9054524382894051
6,LASSO,0.1,1.0,0.9153958102470932,0.20564466469434226,0.9225024466716496,6.743042313571423e-05,False,0,3.0,False,0.9153958102470932
10,ElasticNet,0.01,0.1,0.9753412298632552,0.23297897210707338,0.9175084500965074,6.655836491246199e-05,False,0,3.0,False,0.9753412298632552
9,LASSO,0.001,1.0,1.1640828836436168,0.22524858894315758,0.9009510225613866,0.001710107172729789,False,0,3.0,False,1.1640828836436168
9,ElasticNet,0.001,0.95,1.20765986744855,0.2350761783609172,0.8970436285580222,0.00010876480945576155,False,0,3.0,False,1.20765986744855
8,LASSO,0.001,1.0,1.2105347779450564,0.2581905079170705,0.8969340771760405,7.030608852752257e-05,False,0,3.0,False,1.2105347779450566
8,ElasticNet,0.001,0.95,1.233363166814313,0.2865786094637042,0.8950990946136533,0.0002413629810386922,False,0,3.0,False,1.233363166814313
10,LASSO,0.001,1.0,1.2498600413837735,0.2172186807977972,0.8933351919453484,5.566794611332735e-05,False,0,3.0,False,1.2498600413837735
10,ElasticNet,0.001,0.95,1.2991208596569808,0.24323597333827232,0.889085980962694,0.00013275181588731633,False,0,3.0,False,1.2991208596569808
10,ElasticNet,0.001,0.9,1.3072123697183224,0.24470551083768796,0.8883860953428773,8.6962164231246e-05,False,0,3.0,False,1.3072123697183224
10,LASSO,0.0001,1.0,2.436796978956222,1.042732841262338,0.7946402776830888,0.0017074521624286343,False,0,3.0,False,2.436796978956222
9,LASSO,0.0001,1.0,2.727845425578304,1.1035488949975965,0.7706436378922431,8.168775890801439e-05,False,0,3.0,False,2.727845425578304
5,Ridge,1e-06,0.0,,,,0.0,False,0,1.0,True,7.3471178942805375
5,Ridge,1e-05,0.0,,,,0.0,False,0,1.0,True,7.343904270709195
5,Ridge,0.0001,0.0,,,,0.0,False,0,1.0,True,7.312059622695468
5,Ridge,0.001,0.0,,,,0.0,False,0,1.0,True,7.020083168158213
5,Ridge,0.01,0.0,,,,0.0,False,0,1.0,True,5.408340115299356
5,Ridge,0.1,0.0,,,,0.0,False,0,1.0,True,2.3791425277713745
5,Ridge,1.0,0.0,,,,0.0,False,0,2.0,True,1.058807984100907
5,Ridge,1000.0,0.0,,,,0.0,False,0,1.0,True,0.7964609332994809
5,Ridge,10000.0,0.0,,,,0.0,False,0,1.0,True,2.296262347344515
5,Ridge,100000.0,0.0,,,,0.0,False,0,1.0,True,3.586632778665764
5,Ridge,1000000.0,0.0,,,,0.0,False,0,1.0,True,3.984749086974695
6,Ridge,1e-06,0.0,,,,0.0,False,0,1.0,True,5.217549580892832
6,Ridge,1e-05,0.0,,,,0.0,False,0,1.0,True,5.217022540850392
6,Ridge,0.0001,0.0,,,,0.0,False,0,1.0,True,5.211758670124305
6,Ridge,0.001,0.0,,,,0.0,False,0,1.0,True,5.1597647293745625
6,Ridge,0.01,0.0,,,,0.0,False,0,1.0,True,4.697052940901566
6,Ridge,0.1,0.0,,,,0.0,False,0,1.0,True,2.614627563056102
6,Ridge,1.0,0.0,,,,0.0,False,0,2.0,True,1.4836847411272887
6,Ridge,1000.0,0.0,,,,0.0,False,0,2.0,True,1.193500608965519
6,Ridge,10000.0,0.0,,,,0.0,False,0,1.0,True,1.7867599566795034
6,Ridge,100000.0,0.0,,,,0.0,False,0,1.0,True,3.313562566644497
6,Ridge,1000000.0,0.0,,,,0.0,False,0,1.0,True,3.939724002089427
7,Ridge,1e-06,0.0,,,,0.0,False,0,1.0,True,1.998152294678695
7,Ridge,1e-05,0.0,,,,0.0,False,0,1.0,True,1.9981084663815782
7,Ridge,0.0001,0.0,,,,0.0,False,0,1.0,True,1.9976703703523795
7,Ridge,0.001,0.0,,,,0.0,False,0,1.0,True,1.9933080124769338
7,Ridge,0.01,0.0,,,,0.0,False,0,1.0,True,1.9514573513036033
7,Ridge,0.1,0.0,,,,0.0,False,0,1.0,True,1.6523751659207233
7,Ridge,1.0,0.0,,,,0.0,False,0,1.0,True,0.8896826755160246
7,Ridge,1000.0,0.0,,,,0.0,False,0,2.0,True,1.0141248669599914
7,Ridge,10000.0,0.0,,,,0.0,False,0,1.0,True,1.5711731099706367
7,Ridge,100000.0,0.0,,,,0.0,False,0,1.0,True,3.06197605089447
7,Ridge,1000000.0,0.0,,,,0.0,False,0,1.0,True,3.8609486442136878
8,Ridge,1e-06,0.0,,,,0.0,False,0,1.0,True,1.9879724985291858
8,Ridge,1e-05,0.0,,,,0.0,False,0,1.0,True,1.9879411699416114
8,Ridge,0.0001,0.0,,,,0.0,False,0,1.0,True,1.9876280083421893
8,Ridge,0.001,0.0,,,,0.0,False,0,1.0,True,1.9845087674724937
8,Ridge,0.01,0.0,,,,0.0,False,0,1.0,True,1.9545034740786917
8,Ridge,0.1,0.0,,,,0.0,False,0,1.0,True,1.7376975051194439
8,Ridge,1.0,0.0,,,,0.0,False,0,1.0,True,1.171280850876236
8,Ridge,10.0,0.0,,,,0.0,False,0,2.0,True,0.9973738889944993
8,Ridge,1000.0,0.0,,,,0.0,False,0,2.0,True,1.0498396704618267
8,Ridge,10000.0,0.0,,,,0.0,False,0,1.0,True,1.3418173847252184
8,Ridge,100000.0,0.0,,,,0.0,False,0,1.0,True,2.7643277087213787
8,Ridge,1000000.0,0.0,,,,0.0,False,0,1.0,True,3.7770096677185188
9,Ridge,1e-06,0.0,,,,0.0,False,0,1.0,True,1.6685436082404088
9,Ridge,1e-05,0.0,,,,0.0,False,0,1.0,True,1.6685201265532112
9,Ridge,0.0001,0.0,,,,0.0,False,0,1.0,True,1.6682853954652712
9,Ridge,0.001,0.0,,,,0.0,False,0,1.0,True,1.665946630797201
9,Ridge,0.01,0.0,,,,0.0,False,0,1.0,True,1.6433825582945794
9,Ridge,0.1,0.0,,,,0.0,False,0,1.0,True,1.4774557434574689
9,Ridge,1.0,0.0,,,,0.0,False,0,2.0,True,1.9686726409496689
9,Ridge,10000.0,0.0,,,,0.0,False,0,1.0,True,1.21822640653906
9,Ridge,100000.0,0.0,,,,0.0,False,0,1.0,True,2.595730502532326
9,Ridge,1000000.0,0.0,,,,0.0,False,0,1.0,True,3.6492477208019363
10,Ridge,1e-06,0.0,,,,0.0,False,0,1.0,True,2.0887289051611835
10,Ridge,1e-05,0.0,,,,0.0,False,0,1.0,True,2.088698105210597
10,Ridge,0.0001,0.0,,,,0.0,False,0,1.0,True,2.088390208535846
10,Ridge,0.001,0.0,,,,0.0,False,0,1.0,True,2.0853214904295747
10,Ridge,0.01,0.0,,,,0.0,False,0,1.0,True,2.0556258052834693
10,Ridge,0.1,0.0,,,,0.0,False,0,1.0,True,1.8327572399038667
10,Ridge,1.0,0.0,,,,0.0,False,0,2.0,True,2.3306097676173425
10,Ridge,10.0,0.0,,,,0.0,False,0,2.0,True,1.417569484399661
10,Ridge,10000.0,0.0,,,,0.0,False,0,2.0,True,2.127411650724293
10,Ridge,100000.0,0.0,,,,0.0,False,0,1.0,True,2.3496725138463197
10,Ridge,1000000.0,0.0,,,,0.0,False,0,1.0,True,3.5368042735054135
5,Ridge,1.0,0.0,,,,0.0,False,0,2.0,True,1.058807984100907
5,Ridge,1.7782794100389228,0.0,,,,0.0,False,0,2.0,True,0.7769909923490456
5,LASSO,0.001,1.0,,,,9.7516424618332e-06,False,0,2.0,True,0.4952327864808525
5,LASSO,0.05623413251903491,1.0,,,,2.905421835404376e-06,False,0,2.0,True,0.45040537348484716
5,LASSO,0.1,1.0,,,,9.69918681210935e-06,False,0,2.0,True,0.6752602604008718
5,ElasticNet,0.001,0.1,,,,9.914116108126003e-06,False,0,1.0,True,0.707988866063837
5,ElasticNet,0.0017782794100389228,0.1,,,,9.740778196601991e-06,False,0,1.0,True,0.46642667848999236
5,ElasticNet,0.0031622776601683794,0.1,,,,9.081716846866131e-06,False,0,2.0,True,0.623627476488357
5,ElasticNet,0.005623413251903491,0.1,,,,9.7155205412879e-06,False,0,2.0,True,0.49041205574038244
5,ElasticNet,0.01,0.1,,,,9.389494383725203e-06,False,0,2.0,True,0.41768850202348967
5,ElasticNet,0.05623413251903491,0.1,,,,9.32344183703776e-06,False,0,2.0,True,0.39838789067637825
5,ElasticNet,0.1,0.1,,,,6.518555323874187e-06,False,0,2.0,True,0.4520285494201548
5,ElasticNet,0.001,0.3,,,,9.878513968498732e-06,False,0,1.0,True,0.5185150518461491
5,ElasticNet,0.0017782794100389228,0.3,,,,9.949658146434686e-06,False,0,2.0,True,0.6289860280328925
5,ElasticNet,0.0031622776601683794,0.3,,,,9.711479255943662e-06,False,0,2.0,True,0.46147213942792975
5,ElasticNet,0.1,0.3,,,,7.105189812117718e-06,False,0,2.0,True,0.46740348004296267
5,ElasticNet,0.001,0.5,,,,9.587857626586638e-06,False,0,1.0,True,0.4013423877544873
5,ElasticNet,0.0017782794100389228,0.5,,,,9.62643551911111e-06,False,0,2.0,True,0.4984030712847247
5,ElasticNet,0.05623413251903491,0.5,,,,9.367798401105354e-06,False,0,2.0,True,0.3892755038460967
5,ElasticNet,0.1,0.5,,,,3.945037867270074e-06,False,0,2.0,True,0.5159582872602448
5,ElasticNet,0.001,0.7,,,,9.757269710274291e-06,False,0,2.0,True,0.6059661266042845
5,ElasticNet,0.0017782794100389228,0.7,,,,9.941282749587055e-06,False,0,2.0,True,0.4302760026791992
5,ElasticNet,0.05623413251903491,0.7,,,,7.758107388053381e-06,False,0,2.0,True,0.41286596087117755
5,ElasticNet,0.1,0.7,,,,7.913083033120327e-06,False,0,2.0,True,0.5847473933979132
5,ElasticNet,0.001,0.9,,,,9.720895854559543e-06,False,0,2.0,True,0.5236435539013079
5,ElasticNet,0.0017782794100389228,0.9,,,,9.2168378777967e-06,False,0,2.0,True,0.3908570591846304
5,ElasticNet,0.05623413251903491,0.9,,,,3.4352479503022004e-06,False,0,2.0,True,0.43772681364064364
5,ElasticNet,0.1,0.9,,,,2.627451173617401e-06,False,0,2.0,True,0.6457061880084466
5,ElasticNet,0.001,0.95,,,,9.645133431034091e-06,False,0,2.0,True,0.5093964114735883
5,ElasticNet,0.05623413251903491,0.95,,,,6.4648668662292685e-06,False,0,2.0,True,0.44409504258905175
5,ElasticNet,0.1,0.95,,,,6.467464973944348e-06,False,0,2.0,True,0.6599772674740204
