degree,model,alpha,l1_ratio,mean_mse,std_mse,mean_r2,evaluated_folds,pruned,mse_lower_bound,max_kkt,converged,warning_count
11,ElasticNet,0.00031622776601683794,0.95,0.46462400787108454,0.19073731028973007,0.9895244784200856,3,False,0.46462400787108443,9.316108475638184e-06,True,0
11,LASSO,0.00031622776601683794,1.0,0.46502340770866885,0.19077864025007132,0.9895160090613836,3,False,0.46502340770866885,7.215757580486927e-06,True,0
11,ElasticNet,0.00031622776601683794,0.9,0.46511023610016605,0.1912278989562878,0.989514408639451,3,False,0.46511023610016605,9.345145316284735e-06,True,0
11,ElasticNet,0.001,0.3,0.4700615230097789,0.1886300077795458,0.9894279860654298,3,False,0.4700615230097789,9.993542174896528e-06,True,0
11,ElasticNet,0.001,0.3,0.470758994010152,0.18945113199642882,0.9894124785013672,3,False,0.4707589940101519,2.2810453615912146e-05,True,0
11,ElasticNet,0.00031622776601683794,0.7,0.47443021069023555,0.19919725283128306,0.9893107592832383,3,False,0.47443021069023555,9.984472521958049e-06,True,0
11,ElasticNet,0.001,0.5,0.4745710451032284,0.18863052404604183,0.989332988275912,3,False,0.4745710451032285,9.976317024783677e-06,True,0
11,ElasticNet,0.001,0.5,0.47467055570828093,0.18871230188704205,0.9893306490686508,3,False,0.47467055570828093,1.5576426090907675e-05,True,0
11,ElasticNet,0.0005623413251903491,0.5,0.4749744812056311,0.20056868712807155,0.989312572300531,3,False,0.4749744812056311,9.950474499819317e-06,True,0
11,ElasticNet,0.0005623413251903491,0.3,0.47732426547252976,0.20145837490930668,0.9892588623071611,3,False,0.4773242654725298,9.907984468341698e-06,True,0
11,ElasticNet,0.0017782794100389228,0.3,0.477352769048264,0.17418311277899398,0.9892714086523005,3,False,0.4773527690482641,9.814314169594553e-06,True,0
11,LASSO,0.0017782794100389228,1.0,0.4777371039847191,0.14618322228661795,0.9892227780915673,3,False,0.4777371039847191,7.477450080800195e-06,True,0
13,Ridge,1.0,0.0,0.478322441989191,0.24874228051794756,0.9892271421063322,3,False,0.478322441989191,0.0,True,0
13,Ridge,1.0,0.0,0.478322441989191,0.24874228051794756,0.9892271421063322,3,False,0.478322441989191,0.0,True,0
11,ElasticNet,0.001,0.1,0.4791431158692361,0.20207440704373386,0.9892264355509895,3,False,0.4791431158692361,9.93164493057792e-06,True,0
13,Ridge,1.7782794100389228,0.0,0.47928627045218236,0.2210026313201977,0.9892277110324811,3,False,0.47928627045218236,0.0,True,0
11,ElasticNet,0.0005623413251903491,0.7,0.479998452294708,0.2081037191359322,0.9892073178559063,3,False,0.479998452294708,9.990775167227042e-06,True,0
11,ElasticNet,0.001,0.1,0.4801941569122879,0.20372572994852428,0.9892037913246877,3,False,0.480194156912288,3.8307498060974405e-05,True,0
11,ElasticNet,0.0017782794100389228,0.95,0.4807482957554872,0.15559966668815553,0.9891635189484855,3,False,0.48074829575548716,6.707558260578717e-06,True,0
11,ElasticNet,0.0005623413251903491,0.95,0.48086049300915973,0.20818942499081317,0.9891963674632898,3,False,0.48086049300915973,9.576259302984539e-06,True,0
11,ElasticNet,0.00031622776601683794,0.5,0.48091112852711043,0.20585538298076497,0.9891643735936774,3,False,0.48091112852711043,9.959744312334454e-06,True,0
11,ElasticNet,0.0005623413251903491,0.9,0.4814965077396827,0.2124127603667301,0.9891824242284829,3,False,0.4814965077396827,9.550893191272994e-06,True,0
11,ElasticNet,0.0017782794100389228,0.1,0.4815548310932462,0.18706952272516406,0.9891796160132854,3,False,0.4815548310932462,9.978527657822768e-06,True,0
11,ElasticNet,0.0005623413251903491,0.1,0.48163415951631067,0.2175013382456912,0.9891552090358587,3,False,0.48163415951631067,9.99003104074926e-06,True,0
11,LASSO,0.0005623413251903491,1.0,0.4826736406528307,0.20898859936988992,0.9891592603097349,3,False,0.48267364065283075,8.429811756255649e-06,True,0
11,ElasticNet,0.0017782794100389228,0.5,0.4839103596258383,0.17892247714202386,0.9891238744050638,3,False,0.4839103596258382,9.958250208504105e-06,True,0
11,ElasticNet,0.0017782794100389228,0.9,0.48401206902748517,0.16214642763990425,0.9890985876060312,3,False,0.48401206902748517,9.500049676215141e-06,True,0
11,ElasticNet,0.001,0.7,0.4841269556111855,0.19669604136461735,0.9891220888526259,3,False,0.4841269556111855,9.952430604676403e-06,True,0
11,ElasticNet,0.001,0.7,0.4844298989798077,0.19699085476544895,0.9891155721536338,3,False,0.48442989897980776,1.1537053269592779e-05,True,0
11,LASSO,0.001,1.0,0.48461124155181784,0.18635163667807303,0.989107983685364,3,False,0.48461124155181795,9.93996181652447e-06,True,0
11,LASSO,0.001,1.0,0.48465892790317416,0.18699870504664398,0.9891064776939748,3,False,0.48465892790317416,7.768947271826311e-06,True,0
13,ElasticNet,0.001,0.3,0.4853974311140791,0.26980405378439054,0.9890627683024356,3,False,0.4853974311140792,2.3591664803844568e-05,True,0
11,ElasticNet,0.001,0.9,0.48646846134686195,0.19393765339736652,0.9890706542380667,3,False,0.48646846134686195,7.676796165001303e-06,True,0
11,ElasticNet,0.0017782794100389228,0.7,0.48662763819579985,0.17383109811789058,0.9890587287988803,3,False,0.4866276381957999,9.848427660663194e-06,True,0
11,ElasticNet,0.001,0.95,0.4868997861745086,0.1920062413299459,0.989059253285884,3,False,0.4868997861745086,3.7788331390075074e-06,True,0
13,ElasticNet,0.001,0.1,0.48692919864319834,0.2751599166270916,0.9890203824741084,3,False,0.48692919864319834,2.4813390806798714e-05,True,0
13,Ridge,0.5623413251903491,0.0,0.4896527198887896,0.27798453820343905,0.9889512473250369,3,False,0.4896527198887896,0.0,True,0
11,ElasticNet,0.001,0.95,0.4896539585196466,0.19596997324858317,0.9889993112869337,3,False,0.4896539585196466,3.097145301552285e-05,True,0
11,ElasticNet,0.001,0.9,0.4898291891812723,0.19855801869166484,0.9889965032684099,3,False,0.4898291891812723,4.71150125826435e-05,True,0
12,ElasticNet,0.001,0.3,0.4898593301421848,0.27304315281439434,0.9889757128852944,3,False,0.48985933014218475,3.151954321964882e-05,True,0
11,ElasticNet,0.00031622776601683794,0.3,0.4905692037257667,0.22292345129109617,0.9889457108439289,3,False,0.4905692037257667,1.0035393871561419e-05,True,0
11,Ridge,1.0,0.0,0.49066416044598715,0.19574248628610733,0.9889809069456557,3,False,0.4906641604459871,0.0,True,0
13,Ridge,3.1622776601683795,0.0,0.49193707017962574,0.1962467678383384,0.988959893830073,3,False,0.4919370701796257,0.0,True,0
13,ElasticNet,0.001,0.7,0.4928643114257036,0.2615879138959881,0.9888979406308677,3,False,0.4928643114257036,1.4809640905923127e-05,True,0
13,ElasticNet,0.001,0.5,0.4929282332740165,0.27942910559449635,0.9888986227932731,3,False,0.4929282332740166,2.8635166169944666e-05,True,0
11,ElasticNet,0.00031622776601683794,0.1,0.49448443601663516,0.24520567940540383,0.988847776774565,3,False,0.4944844360166351,9.95945789665249e-06,True,0
12,ElasticNet,0.001,0.7,0.4952090405363632,0.2617806049164993,0.9888653134589905,3,False,0.4952090405363632,2.4881977938951316e-05,True,0
12,ElasticNet,0.001,0.9,0.4970659793776789,0.25080091497754364,0.9888422108180032,3,False,0.4970659793776789,3.278702201100429e-05,True,0
12,ElasticNet,0.001,0.5,0.49737702705877246,0.2717222882391566,0.9888178837299199,3,False,0.49737702705877246,2.3150687188574538e-05,True,0
9,Ridge,0.1,0.0,0.4999240969063641,0.1834389272480302,0.9887345155762518,3,False,0.4999240969063641,0.0,True,0
11,ElasticNet,0.0031622776601683794,0.1,0.5006286027477426,0.1784500013501824,0.988761427028494,3,False,0.5006286027477427,9.991191912815168e-06,True,0
16,Ridge,10.0,0.0,0.5030794328576025,0.16796213232205068,0.9886575562518264,3,False,0.5030794328576026,0.0,True,0
12,Ridge,1.0,0.0,0.5031484615611913,0.26187485129032684,0.9886917049215814,3,False,0.5031484615611913,0.0,True,0
12,ElasticNet,0.001,0.95,0.5038102102111396,0.25706129621107204,0.988701150655086,3,False,0.5038102102111396,4.019591701169545e-05,True,0
11,ElasticNet,0.0031622776601683794,0.3,0.5047594602808635,0.1672936650823281,0.9886699160633081,3,False,0.5047594602808636,9.54059672546683e-06,True,0
12,ElasticNet,0.001,0.1,0.5051695933175094,0.2893433191373955,0.9886344117663262,3,False,0.5051695933175094,2.7669794989316818e-05,True,0
9,ElasticNet,0.0001,0.1,0.5053657500075673,0.20818910607630944,0.9886116556404602,3,False,0.5053657500075673,2.5681509731414874e-05,True,0
12,LASSO,0.001,1.0,0.5056446656095329,0.25639242979776494,0.9886655378220364,3,False,0.5056446656095329,9.921887513205047e-06,True,0
11,ElasticNet,0.00017782794100389227,0.3,0.5058546160458399,0.25254859003280195,0.9885743982538112,3,False,0.5058546160458399,1.0004486304453034e-05,True,0
11,ElasticNet,0.0031622776601683794,0.7,0.5060350214626484,0.14653728693267598,0.9886018867972988,3,False,0.5060350214626484,9.833501754723164e-06,True,0
17,Ridge,10.0,0.0,0.5075424758187546,0.17919202752067895,0.988565764300092,3,False,0.5075424758187546,0.0,True,0
11,LASSO,0.00017782794100389227,1.0,0.5075829544256794,0.2202011704811713,0.9885759584844855,3,False,0.5075829544256794,9.963234589101494e-06,True,0
11,ElasticNet,0.0031622776601683794,0.9,0.5076469130229389,0.13213519023682516,0.9885419954193223,3,False,0.5076469130229389,9.897757925744332e-06,True,0
11,ElasticNet,0.00017782794100389227,0.5,0.5081752212715271,0.23981893981885946,0.9885367321894155,3,False,0.5081752212715271,9.985105272065784e-06,True,0
11,ElasticNet,0.00017782794100389227,0.7,0.5089441770522004,0.2297796986860306,0.9885335833503701,3,False,0.5089441770522004,1.0015031632854964e-05,True,0
11,ElasticNet,0.0031622776601683794,0.5,0.5094652964645393,0.16095508123406685,0.9885498244126412,3,False,0.5094652964645393,9.86506780539082e-06,True,0
13,Ridge,0.31622776601683794,0.0,0.5096463163131563,0.30367633817496886,0.988483419440413,3,False,0.5096463163131563,0.0,True,0
11,Ridge,0.1,0.0,0.5100750409412215,0.2798695396873991,0.9884797958038529,3,False,0.5100750409412215,0.0,True,0
11,ElasticNet,0.0031622776601683794,0.95,0.51029367446145,0.1300859799337618,0.9884767058165688,3,False,0.51029367446145,7.963651949424722e-06,True,0
13,ElasticNet,0.001,0.9,0.5105161292515942,0.2655540926301783,0.9885233354100343,3,False,0.5105161292515942,3.266084554189941e-05,True,0
11,ElasticNet,0.00017782794100389227,0.1,0.5108530487389094,0.2730760768309381,0.9884628659128579,3,False,0.5108530487389095,9.983329981565685e-06,True,0
9,ElasticNet,0.0001,0.3,0.5111625344328958,0.211025742491605,0.9884874706695609,3,False,0.5111625344328958,2.7282428088997496e-05,True,0
11,ElasticNet,0.00017782794100389227,0.95,0.5114923296431307,0.22748366813890483,0.988491727560704,3,False,0.5114923296431307,9.848749384698519e-06,True,0
11,ElasticNet,0.00017782794100389227,0.9,0.5115064354199592,0.22795315064760044,0.9884881460055936,3,False,0.5115064354199592,9.9449869382742e-06,True,0
18,Ridge,10.0,0.0,0.5119506539172506,0.21624227075924402,0.9884451285276906,3,False,0.5119506539172506,0.0,True,0
11,LASSO,0.0031622776601683794,1.0,0.513157093321949,0.12839359979922563,0.9884082047660229,3,False,0.513157093321949,6.494227202853437e-06,True,0
13,Ridge,5.623413251903491,0.0,0.5132781828508727,0.1728989905186328,0.9884810724234606,3,False,0.5132781828508727,0.0,True,0
15,Ridge,1.0,0.0,0.5157451538652559,0.32006481757107225,0.9883631665626211,3,False,0.5157451538652559,0.0,True,0
13,ElasticNet,0.001,0.95,0.5158600618003232,0.26904473082436015,0.9884111962142783,3,False,0.5158600618003232,4.746191101077273e-05,True,0
15,Ridge,10.0,0.0,0.5178033195677925,0.15694671806179927,0.9883549834727043,3,False,0.5178033195677925,0.0,True,0
11,ElasticNet,0.0001,0.7,0.5191064338058153,0.2413171980582101,0.9882726561822452,3,False,0.5191064338058153,9.92300516559814e-06,True,0
11,ElasticNet,0.0001,0.9,0.5199821554528219,0.2335857678136091,0.988265075984924,3,False,0.5199821554528219,9.984175365291818e-06,True,0
15,ElasticNet,0.001,0.1,0.5206401504609868,0.32514997527163997,0.9882458947282,3,False,0.5206401504609868,3.23260137417531e-05,True,0
9,ElasticNet,0.0001,0.5,0.5211620674325311,0.22180692482351239,0.9882685096996454,3,False,0.5211620674325311,2.9115527832537134e-05,True,0
10,ElasticNet,0.001,0.1,0.5214160781177494,0.22929389719732524,0.988308502462278,3,False,0.5214160781177493,9.961579366728212e-06,True,0
14,Ridge,10.0,0.0,0.5214547951248104,0.15501734983362206,0.9882661747171043,3,False,0.5214547951248104,0.0,True,0
11,ElasticNet,0.0001,0.95,0.5229154788522817,0.2318063197185778,0.9882017604357062,3,False,0.5229154788522817,9.993284237878105e-06,True,0
13,LASSO,0.001,1.0,0.5229271696238988,0.27796141728023516,0.988257703824349,3,False,0.5229271696238988,9.999841475240084e-06,True,0
11,ElasticNet,0.0001,0.5,0.5229756541045494,0.2565486163733795,0.9881769816824549,3,False,0.5229756541045494,9.98884074426239e-06,True,0
11,ElasticNet,0.0001,0.5,0.5230574460977264,0.2494109841993051,0.9881700319827916,3,False,0.5230574460977264,4.64981870748253e-05,True,0
11,LASSO,0.0001,1.0,0.5238364971991595,0.22603230781213798,0.9881834524219677,3,False,0.5238364971991595,9.994525601501219e-06,True,0
11,ElasticNet,0.0001,0.3,0.5240887212867968,0.27405507821633135,0.9881498552165499,3,False,0.5240887212867968,2.557609846538901e-05,True,0
19,Ridge,10.0,0.0,0.5242298731945599,0.2347941125363921,0.988178673931435,3,False,0.5242298731945599,0.0,True,0
13,ElasticNet,0.01,0.1,0.5252138617178209,0.1664611932629638,0.9882033514658382,3,False,0.525213861717821,2.8017194872527592e-05,True,0
11,ElasticNet,0.005623413251903491,0.1,0.526589400560702,0.16218124093648656,0.9881733844483392,3,False,0.526589400560702,9.98963410744002e-06,True,0
14,ElasticNet,0.001,0.3,0.5275022144834541,0.35456411655852377,0.9881296444483182,3,False,0.5275022144834541,4.6209099329295403e-05,True,0
11,ElasticNet,0.0001,0.1,0.529361472415203,0.2948413017253887,0.9880316119140926,3,False,0.529361472415203,3.970766901463393e-05,True,0
11,ElasticNet,0.0001,0.3,0.5299694190598081,0.2817257704505283,0.9880220233246556,3,False,0.5299694190598081,9.954349385984943e-06,True,0
14,ElasticNet,0.01,0.1,0.5300126203610587,0.2031404598310249,0.9880945883239525,3,False,0.5300126203610587,2.1854049876142683e-05,True,0
11,ElasticNet,0.0001,0.1,0.5302192387205414,0.29765776360207974,0.9880150664706592,3,False,0.5302192387205414,1.0020598539001703e-05,True,0
10,ElasticNet,0.001,0.5,0.5302603777800879,0.2440071244773853,0.988114455817604,3,False,0.5302603777800879,9.978099896956055e-06,True,0
13,Ridge,0.1778279410038923,0.0,0.5314775820848971,0.31884484686885634,0.9879748975288178,3,False,0.5314775820848971,0.0,True,0
13,ElasticNet,0.01,0.3,0.5319465880634617,0.14409261973542367,0.9880264861346348,3,False,0.5319465880634617,8.817272893641218e-06,True,0
9,ElasticNet,0.0001,0.7,0.5322345997182852,0.22659806823856862,0.9880273833029453,3,False,0.5322345997182852,3.356816179000799e-05,True,0
15,ElasticNet,0.01,0.3,0.5342137934171918,0.1553606597957878,0.9879768052762937,3,False,0.5342137934171917,1.0832339011601026e-05,True,0
10,ElasticNet,0.001,0.7,0.5356507476855377,0.2481628412516126,0.9879959451558883,3,False,0.5356507476855377,9.994616042590136e-06,True,0
14,Ridge,1.0,0.0,0.5364092232652381,0.3622143118698559,0.987925619581327,3,False,0.5364092232652381,0.0,True,0
10,Ridge,1.0,0.0,0.5367145425191995,0.2234685842362715,0.9879777715378381,3,False,0.5367145425191995,0.0,True,0
11,ElasticNet,0.005623413251903491,0.7,0.5369422630615822,0.14284096690923928,0.9879071669827715,3,False,0.5369422630615822,9.98324353025399e-06,True,0
11,ElasticNet,0.005623413251903491,0.3,0.5377778232565033,0.15774247956248286,0.9879179004522146,3,False,0.5377778232565033,9.906751417316671e-06,True,0
9,ElasticNet,0.001,0.1,0.5379226770665174,0.16736428569314885,0.9878990478069866,3,False,0.5379226770665175,9.849204694469918e-06,True,0
11,ElasticNet,0.005623413251903491,0.9,0.5391957656217521,0.12673910448078232,0.9878249185820897,3,False,0.5391957656217522,9.918203113947789e-06,True,0
14,ElasticNet,0.001,0.1,0.5393877779285886,0.3673221511845389,0.9878509840645013,3,False,0.5393877779285887,3.909726974411712e-05,True,0
13,Ridge,10.0,0.0,0.5415140496296921,0.1519244719322434,0.98782082152879,3,False,0.5415140496296921,0.0,True,0
13,Ridge,10.0,0.0,0.5415140496296921,0.1519244719322434,0.98782082152879,3,False,0.5415140496296921,0.0,True,0
11,ElasticNet,0.005623413251903491,0.95,0.5423542476107425,0.1219680185195897,0.9877431732083437,3,False,0.5423542476107425,7.408787273166344e-06,True,0
14,ElasticNet,0.01,0.3,0.543556865414002,0.16088464235287736,0.9877757669564223,3,False,0.5435568654140019,9.889058811182391e-06,True,0
14,ElasticNet,0.001,0.5,0.5436398974555973,0.3762987988856991,0.9877826375860225,3,False,0.5436398974555973,4.8449811927213935e-05,True,0
12,ElasticNet,0.01,0.1,0.5447821532615587,0.1755844166691207,0.9877733024335446,3,False,0.5447821532615585,9.780384788138016e-06,True,0
11,ElasticNet,0.005623413251903491,0.5,0.5457959004636376,0.15202806180660078,0.9877235002719371,3,False,0.5457959004636376,9.88282454226835e-06,True,0
14,ElasticNet,0.001,0.7,0.5463661355011005,0.3680547755364911,0.9877302965632241,3,False,0.5463661355011005,2.5174896440832467e-05,True,0
10,ElasticNet,0.001,0.9,0.5476686186192751,0.2460013349141093,0.9877274021813465,3,False,0.5476686186192751,5.900497051442954e-06,True,0
9,ElasticNet,0.001,0.3,0.5486965947872732,0.16871118871737878,0.9876569041727098,3,False,0.5486965947872732,9.930400617420539e-06,True,0
10,ElasticNet,0.001,0.95,0.5491230613931812,0.243790998514144,0.9876904923691732,3,False,0.5491230613931812,7.2537618739291045e-06,True,0
13,Ridge,0.1,0.0,0.5493853937322188,0.3158400153130793,0.987553761085819,3,False,0.5493853937322188,0.0,True,0
13,Ridge,0.1,0.0,0.5493853937322188,0.3158400153130793,0.987553761085819,3,False,0.5493853937322188,0.0,True,0
11,LASSO,0.005623413251903491,1.0,0.5511253790675418,0.12262934543207418,0.9875438068397892,3,False,0.5511253790675418,9.81624703030523e-06,True,0
9,Ridge,0.01,0.0,0.5521743446199606,0.3127440132140436,0.9875667725521037,3,False,0.5521743446199606,0.0,True,0
9,ElasticNet,0.0001,0.9,0.552288035379533,0.25349461126079725,0.9875917851664705,3,False,0.552288035379533,2.476352932934852e-05,True,0
16,ElasticNet,0.01,0.3,0.5527259883096228,0.19084430549870418,0.98756742331771,3,False,0.5527259883096228,3.458442464520381e-05,True,0
11,ElasticNet,0.01,0.1,0.5566848259112697,0.1553085971191969,0.9874778448626863,3,False,0.5566848259112697,9.431825674495204e-06,True,0
11,ElasticNet,0.01,0.1,0.5567397234506882,0.15532532345256198,0.9874766354031627,3,False,0.5567397234506882,9.636440887774572e-06,True,0
9,ElasticNet,0.0001,0.95,0.5577323109496087,0.2605342827287906,0.9874714572927555,3,False,0.5577323109496087,1.9938227920847693e-05,True,0
9,ElasticNet,0.001,0.5,0.5585339150982841,0.17118481462087207,0.9874393513278794,3,False,0.5585339150982841,9.940168428976227e-06,True,0
13,ElasticNet,0.01,0.7,0.5604972609758762,0.14385866077479326,0.9873654995427915,3,False,0.5604972609758762,6.3920485926394904e-06,True,0
17,ElasticNet,0.01,0.3,0.5605589467148644,0.19618387573878812,0.9873958151717179,3,False,0.5605589467148644,4.2951061536698754e-05,True,0
20,Ridge,10.0,0.0,0.5606595005738727,0.2950808363976087,0.9873645560768848,3,False,0.5606595005738727,0.0,True,0
9,Ridge,1.0,0.0,0.561374812319417,0.1711819874832718,0.9873698917506831,3,False,0.561374812319417,0.0,True,0
12,Ridge,10.0,0.0,0.5620977341960017,0.1619661371844572,0.98736364850086,3,False,0.5620977341960017,0.0,True,0
10,Ridge,0.1,0.0,0.5624621239656517,0.3332672287041182,0.9873534986528915,3,False,0.5624621239656517,0.0,True,0
17,ElasticNet,0.001,0.1,0.5628807801610168,0.3270521075067473,0.9872790107082353,3,False,0.5628807801610168,3.121607771088633e-05,True,0
9,LASSO,0.0001,1.0,0.5639413063629182,0.2687108555848122,0.9873400441558373,3,False,0.5639413063629182,3.976100092598012e-05,True,0
15,ElasticNet,0.001,0.5,0.5641059533343745,0.41177433407934305,0.9873231248663323,3,False,0.5641059533343745,3.179562387709413e-05,True,0
15,ElasticNet,0.001,0.7,0.5658109689808674,0.39528604759503977,0.9872856532694797,3,False,0.5658109689808675,2.1086847040403985e-05,True,0
7,ElasticNet,1e-06,0.1,0.5671600015182873,0.08127316158239689,0.9870511748874801,3,False,0.5671600015182873,9.892332504244197e-06,True,0
7,Ridge,1e-06,0.0,0.5674063553044933,0.0810624427020111,0.9870454067548433,3,False,0.5674063553044933,0.0,True,0
7,Ridge,1e-05,0.0,0.5674150672757482,0.08107030794405452,0.9870452157546786,3,False,0.5674150672757482,0.0,True,0
7,ElasticNet,1e-06,0.3,0.5674647537331724,0.08118617956707044,0.9870440278103606,3,False,0.5674647537331724,9.816445801322041e-06,True,0
7,Ridge,0.0001,0.0,0.5675021244258085,0.08114886735525025,0.9870433072018839,3,False,0.5675021244258085,0.0,True,0
7,LASSO,1e-06,1.0,0.5680287091222668,0.08237522668188565,0.9870323771054852,3,False,0.5680287091222668,9.720242641985135e-06,True,0
7,ElasticNet,1e-06,0.5,0.568201844043637,0.08116954345550241,0.9870286100008933,3,False,0.568201844043637,9.960630415508385e-06,True,0
7,Ridge,0.001,0.0,0.5683663704810781,0.0819253839395653,0.9870243678062262,3,False,0.5683663704810781,0.0,True,0
7,ElasticNet,1e-06,0.7,0.5686143601788488,0.08174971907458908,0.9870198593249698,3,False,0.5686143601788488,9.99395645156792e-06,True,0
7,ElasticNet,1e-06,0.9,0.5690814653175713,0.08193003216324372,0.9870094808644908,3,False,0.5690814653175713,9.964796384232931e-06,True,0
7,ElasticNet,1e-06,0.95,0.5692747271070007,0.0823133689484058,0.9870056196602257,3,False,0.5692747271070007,9.980929178358998e-06,True,0
7,LASSO,1e-05,1.0,0.5702071706568757,0.08267812999000161,0.9869846690306244,3,False,0.5702071706568757,9.928450215622977e-06,True,0
7,ElasticNet,1e-05,0.95,0.5705582419984742,0.08288685517955477,0.9869766217505159,3,False,0.5705582419984742,9.979002125561922e-06,True,0
7,ElasticNet,1e-05,0.9,0.5708482983950144,0.08336995269187625,0.9869704602564626,3,False,0.5708482983950144,9.795292714706794e-06,True,0
9,ElasticNet,0.001,0.7,0.5710225564246363,0.1785147768055675,0.9871697258464759,3,False,0.5710225564246363,9.689630060792718e-06,True,0
7,ElasticNet,1e-05,0.7,0.571119532350043,0.08386804819748042,0.9869643967614303,3,False,0.571119532350043,9.928981527173498e-06,True,0
7,ElasticNet,1e-05,0.5,0.5713889060983423,0.08426420874869255,0.986958258196974,3,False,0.5713889060983423,9.950950642731494e-06,True,0
7,ElasticNet,1e-05,0.3,0.5715957397742482,0.08474066887566965,0.9869537183184137,3,False,0.571595739774248,9.83906504408578e-06,True,0
7,ElasticNet,1e-05,0.1,0.5718010516159251,0.08528700299023524,0.9869490621913767,3,False,0.5718010516159251,9.219175321969893e-06,True,0
8,ElasticNet,0.0001,0.3,0.5727036122000136,0.24818924980584334,0.987171322021685,3,False,0.5727036122000138,1.7130627058270214e-05,True,0
11,ElasticNet,0.01,0.3,0.5730249828644435,0.16142712139270593,0.9870948952045134,3,False,0.5730249828644435,9.466513672591083e-06,True,0
8,Ridge,0.1,0.0,0.5746487883386969,0.23332989837827756,0.9871249699749413,3,False,0.5746487883386969,0.0,True,0
9,ElasticNet,0.001,0.9,0.5756953896519611,0.1705914867837091,0.9870552181472098,3,False,0.5756953896519611,9.992824212766405e-06,True,0
7,Ridge,0.01,0.0,0.5763773413567607,0.08894247809240693,0.9868493408020925,3,False,0.5763773413567607,0.0,True,0
8,ElasticNet,0.0001,0.5,0.5774612946076846,0.25394128383311504,0.9870711193379879,3,False,0.5774612946076846,1.000028082978829e-05,True,0
9,ElasticNet,0.001,0.95,0.5778859296714395,0.1692133265044373,0.9870029651290285,3,False,0.5778859296714395,9.986375993021137e-06,True,0
11,Ridge,0.01,0.0,0.5779013406429042,0.2822703192087892,0.9869222665552039,3,False,0.5779013406429042,0.0,True,0
16,ElasticNet,0.001,0.3,0.5800328131955759,0.4190910032581983,0.9869540234387798,3,False,0.5800328131955759,4.8737743238464566e-05,True,0
13,ElasticNet,0.0001,0.1,0.5801211067004975,0.3119671677072483,0.9868575494889349,3,False,0.5801211067004975,3.6853296820057114e-05,True,0
9,LASSO,0.001,1.0,0.580804112893763,0.16780908292076246,0.9869335322177765,3,False,0.580804112893763,1.540777649374457e-05,True,0
8,ElasticNet,0.0001,0.7,0.581871909260521,0.2581440666270046,0.9869781777171537,3,False,0.581871909260521,2.602349410527394e-05,True,0
12,ElasticNet,0.01,0.5,0.5821862469273243,0.16173548222659734,0.9869006433966594,3,False,0.5821862469273243,5.174151026301858e-06,True,0
11,Ridge,10.0,0.0,0.5830326875631269,0.1355035788191486,0.9868323742658326,3,False,0.5830326875631269,0.0,True,0
11,ElasticNet,0.01,0.5,0.5862495457889793,0.15986751137619726,0.9867805345938478,3,False,0.5862495457889793,9.233680786284969e-06,True,0
11,ElasticNet,0.01,0.5,0.5863623204450774,0.15994360505542876,0.9867781277214299,3,False,0.5863623204450774,9.452324204145372e-06,True,0
8,ElasticNet,0.0001,0.9,0.5868401490046621,0.26358985747014685,0.9868714704315829,3,False,0.5868401490046621,2.6726549157466613e-05,True,0
14,ElasticNet,0.01,0.7,0.5869130484923958,0.16355433492359522,0.9867943317429563,3,False,0.5869130484923958,9.617614379888936e-06,True,0
17,ElasticNet,0.001,0.3,0.5880496449592031,0.41402193618298316,0.9867700544419152,3,False,0.5880496449592032,2.644913782487245e-05,True,0
8,LASSO,0.0001,1.0,0.589744593569351,0.26643544068889424,0.9868073146211289,3,False,0.589744593569351,2.0101081750969942e-05,True,0
8,ElasticNet,0.0001,0.95,0.5898367977713491,0.26723494062492587,0.9868072464587536,3,False,0.5898367977713491,2.7174296169063416e-05,True,0
16,ElasticNet,0.001,0.1,0.5899726779130009,0.40801652949919615,0.9867074062297844,3,False,0.5899726779130009,2.0955896095934602e-05,True,0
17,Ridge,1.0,0.0,0.5907502199094433,0.36816523599769546,0.9866736401842223,3,False,0.5907502199094433,0.0,True,0
15,Ridge,0.1,0.0,0.5918446104558955,0.2423675396005949,0.9865578280825785,3,False,0.5918446104558955,0.0,True,0
8,Ridge,0.01,0.0,0.5959763064404277,0.33042990978508413,0.9866296703702838,3,False,0.5959763064404277,0.0,True,0
16,ElasticNet,0.01,0.5,0.5989756745995319,0.20013317391680124,0.9865688471684644,3,False,0.5989756745995319,3.671834465849774e-05,True,0
7,LASSO,0.0001,1.0,0.5995672202019335,0.09294687813634873,0.9863375914463526,3,False,0.5995672202019335,9.992773575832347e-06,True,0
7,ElasticNet,0.0001,0.95,0.5998717451272154,0.09384598563428766,0.9863313650201418,3,False,0.5998717451272154,1.0021278478922286e-05,True,0
7,ElasticNet,0.0001,0.9,0.6001002082461895,0.0948860360677221,0.9863266963234881,3,False,0.6001002082461895,9.9093130751795e-06,True,0
7,ElasticNet,0.0001,0.7,0.6008001447364645,0.0986117744091091,0.9863134283228548,3,False,0.6008001447364645,9.726266340465966e-06,True,0
16,ElasticNet,0.001,0.7,0.6015610007682969,0.44980674761444583,0.9864998573903566,3,False,0.6015610007682969,4.402221575368608e-05,True,0
12,ElasticNet,0.01,0.7,0.601746353642457,0.15728673489417405,0.9864434618191197,3,False,0.601746353642457,9.625073558321845e-06,True,0
16,ElasticNet,0.001,0.5,0.6017504555434462,0.4619685191382718,0.9864913938620449,3,False,0.6017504555434462,2.324327343772764e-05,True,0
10,ElasticNet,0.0001,0.5,0.6020321190176849,0.3876800635731846,0.9864896630070169,3,False,0.6020321190176849,4.798737339962393e-05,True,0
7,ElasticNet,0.0001,0.5,0.6025952963813884,0.10290817143558957,0.9862750135914045,3,False,0.6025952963813884,9.955073541955568e-06,True,0
7,ElasticNet,0.0001,0.3,0.603459712509366,0.10646973397965147,0.9862576171546408,3,False,0.603459712509366,9.855545100834828e-06,True,0
15,ElasticNet,0.0001,0.1,0.6038679870274574,0.13840682389314807,0.9862750979427924,3,False,0.6038679870274574,3.574982806326083e-05,True,0
11,ElasticNet,0.01,0.7,0.6042433933132871,0.17100698747235155,0.9863776624444207,3,False,0.6042433933132871,7.0817667610027085e-06,True,0
11,ElasticNet,0.01,0.7,0.6042444820086953,0.17091069822998936,0.986377516471502,3,False,0.6042444820086953,9.951561589015105e-06,True,0
10,ElasticNet,0.0001,0.7,0.6046837606446295,0.39038749594583805,0.9864306721357301,3,False,0.6046837606446295,3.370682588261861e-05,True,0
7,ElasticNet,0.0001,0.1,0.604800732628322,0.11020417040594335,0.9862300790091852,3,False,0.604800732628322,9.943563086926219e-06,True,0
12,ElasticNet,0.01,0.9,0.6076299401190433,0.1467780968883979,0.9862837112688743,3,False,0.6076299401190434,8.813183076671754e-06,True,0
17,ElasticNet,0.01,0.7,0.6106969586322072,0.19657183539986442,0.9862942626223051,3,False,0.6106969586322072,3.488445050249707e-05,True,0
9,Ridge,0.001,0.0,0.6107503803220408,0.39108820541650974,0.9862641822847218,3,False,0.6107503803220408,0.0,True,0
9,ElasticNet,1e-05,0.1,0.6122282096421118,0.41776734738687066,0.9862288769780583,3,False,0.6122282096421118,3.607156985363821e-05,True,0
12,ElasticNet,0.01,0.95,0.612911771526263,0.14670600074740364,0.9861637983523535,3,False,0.612911771526263,2.6585793936578783e-05,True,0
8,ElasticNet,1e-05,0.1,0.6134933179804474,0.3641423432817191,0.9862365726561281,3,False,0.6134933179804474,2.5088688154687023e-05,True,0
17,ElasticNet,0.001,0.5,0.6146896770727782,0.4808609276931617,0.9861958035284503,3,False,0.6146896770727782,3.7220787110853627e-05,True,0
17,ElasticNet,0.001,0.7,0.6150732292152759,0.46668777439143244,0.9861883423307737,3,False,0.6150732292152759,4.7173138508396664e-05,True,0
9,Ridge,0.0001,0.0,0.616621932284683,0.3589198340392951,0.9861298089552064,3,False,0.616621932284683,0.0,True,0
9,Ridge,1e-05,0.0,0.6176965286629893,0.3516813160390346,0.9861035490133413,3,False,0.6176965286629893,0.0,True,0
10,ElasticNet,0.01,0.1,0.6177676733503945,0.1888706026952338,0.9861366264155494,3,False,0.6177676733503946,9.298997859929917e-06,True,0
9,Ridge,1e-06,0.0,0.6178583214422332,0.3509064220415706,0.986099625404408,3,False,0.6178583214422332,0.0,True,0
16,Ridge,1.0,0.0,0.6180771103280205,0.460618138008844,0.9861005501752764,3,False,0.6180771103280205,0.0,True,0
12,Ridge,0.1,0.0,0.6221976198667427,0.4598932892999226,0.9859997410026735,3,False,0.6221976198667427,0.0,True,0
14,ElasticNet,0.01,0.95,0.6232644940179398,0.17371682907508507,0.9859783994917454,3,False,0.6232644940179398,4.356471771933823e-05,True,0
7,Ridge,0.1,0.0,0.626006429653703,0.12450728382275951,0.9857654924715203,3,False,0.6260064296537029,0.0,True,0
16,ElasticNet,0.01,0.9,0.6293508252467467,0.19343586191673168,0.9858527841830291,3,False,0.6293508252467467,4.6946082456224975e-05,True,0
8,ElasticNet,1e-05,0.3,0.6322092942278791,0.394003517187727,0.9858259109482624,3,False,0.6322092942278791,3.509583993664964e-05,True,0
10,LASSO,0.0001,1.0,0.634768280604768,0.4341088953970652,0.9857738893947166,3,False,0.634768280604768,3.48663071116784e-05,True,0
8,Ridge,0.001,0.0,0.6350251686486398,0.39873748738574055,0.9857522733911507,3,False,0.6350251686486398,0.0,True,0
18,ElasticNet,0.001,0.3,0.6351129876246643,0.462837596795463,0.9857287062582657,3,False,0.6351129876246643,3.533201610410422e-05,True,0
9,ElasticNet,1e-05,0.3,0.63533520577909,0.4479720935136505,0.9857236734076601,3,False,0.6353352057790899,4.1168795286050044e-05,True,0
19,ElasticNet,0.001,0.3,0.6353572385169381,0.42955019896865465,0.9857145924876797,3,False,0.6353572385169383,3.2184626792006144e-05,True,0
10,ElasticNet,0.01,0.3,0.6391973036537261,0.19218395839944735,0.9856368290250935,3,False,0.6391973036537261,9.709777681957132e-06,True,0
8,ElasticNet,1e-06,0.5,0.640060761644956,0.4069583315384546,0.9856365196454351,3,False,0.640060761644956,1.3693680570439608e-05,True,0
8,ElasticNet,1e-06,0.7,0.6401154319992126,0.4064230188431736,0.9856354227099612,3,False,0.6401154319992125,1.2882459069513248e-05,True,0
8,LASSO,1e-06,1.0,0.6404689569043683,0.40669173856029794,0.9856271228607243,3,False,0.6404689569043683,1.56859598352822e-05,True,0
8,ElasticNet,1e-06,0.9,0.6405654770079915,0.4069963068784484,0.9856250713383464,3,False,0.6405654770079915,9.969812732753134e-06,True,0
8,ElasticNet,1e-06,0.3,0.6409230762342718,0.4098325598250273,0.9856200845208218,3,False,0.6409230762342718,9.988126722842675e-06,True,0
8,Ridge,0.0001,0.0,0.6412397577066699,0.4069708032373973,0.9856116378204557,3,False,0.64123975770667,0.0,True,0
8,ElasticNet,1e-06,0.95,0.6412796568663327,0.40764048271152703,0.9856101819665718,3,False,0.6412796568663328,9.987773942607634e-06,True,0
8,Ridge,1e-05,0.0,0.6418906546172991,0.4077731313799707,0.9855968739982632,3,False,0.6418906546172991,0.0,True,0
8,Ridge,1e-06,0.0,0.6419560368850533,0.4078530310022933,0.9855953905695191,3,False,0.6419560368850533,0.0,True,0
12,ElasticNet,0.0001,0.5,0.6426046618563327,0.47042030349922437,0.9855502040562157,3,False,0.6426046618563327,4.931945357428985e-05,True,0
11,ElasticNet,0.01,0.9,0.6431772975875542,0.19968765885915543,0.9855251671722359,3,False,0.6431772975875542,9.85795572424654e-06,True,0
11,ElasticNet,0.01,0.9,0.6432527088107155,0.19959798409593532,0.9855232467841772,3,False,0.6432527088107155,9.666672501195545e-06,True,0
8,ElasticNet,0.001,0.1,0.6446440450947976,0.2419860576198752,0.9855754681287453,3,False,0.6446440450947976,9.765255466617965e-06,True,0
8,ElasticNet,1e-05,0.95,0.6448501067174336,0.40670143670803816,0.9855409850882344,3,False,0.6448501067174336,4.2664576555195734e-05,True,0
19,ElasticNet,0.001,0.5,0.6452144290833729,0.4989795004212586,0.9855114691103691,3,False,0.6452144290833729,3.866047571209942e-05,True,0
17,Ridge,0.1,0.0,0.6457551030168606,0.110442847380334,0.9853010475641256,3,False,0.6457551030168606,0.0,True,0
8,ElasticNet,1e-06,0.1,0.6458832704837529,0.4190588664132688,0.9855114364410763,3,False,0.6458832704837529,9.99632405996946e-06,True,0
8,ElasticNet,1e-05,0.9,0.646767892200551,0.4137051455754148,0.9855037985087219,3,False,0.6467678922005511,4.3599498777676795e-05,True,0
8,ElasticNet,1e-05,0.5,0.6502253153920191,0.4214348034277114,0.9854302255425265,3,False,0.6502253153920191,4.403219245535553e-05,True,0
9,ElasticNet,1e-05,0.5,0.6508711378413892,0.4650550233298878,0.985383831199227,3,False,0.6508711378413892,3.685203175635161e-05,True,0
10,Ridge,10.0,0.0,0.6518444746736005,0.18072180604760985,0.9853362098088606,3,False,0.6518444746736005,0.0,True,0
11,ElasticNet,0.01,0.95,0.6530644623292957,0.20194054191444735,0.9853068940652442,3,False,0.6530644623292957,9.945635394676897e-06,True,0
11,ElasticNet,0.01,0.95,0.6531931460240439,0.2020737126031671,0.9853041244497001,3,False,0.6531931460240439,2.075183798247622e-05,True,0
20,ElasticNet,0.001,0.9,0.6532200034967243,0.4592489816194154,0.9853470527528656,3,False,0.6532200034967243,4.746500902698804e-05,True,0
8,ElasticNet,1e-05,0.7,0.653288340640425,0.4258372402392815,0.9853604211268364,3,False,0.653288340640425,4.403145043560519e-05,True,0
9,ElasticNet,0.01,0.1,0.6592788838303293,0.12584596108742285,0.9850532693363933,3,False,0.6592788838303293,9.936683454986285e-06,True,0
9,ElasticNet,1e-05,0.7,0.6593194657719894,0.4784472043347959,0.9851961281670767,3,False,0.6593194657719893,4.0509104865261055e-05,True,0
20,ElasticNet,0.001,0.5,0.6620440549251668,0.5077250517619162,0.9851307102591403,3,False,0.6620440549251667,3.56132158725388e-05,True,0
8,LASSO,1e-05,1.0,0.664128616949121,0.44039258497962086,0.9851214590228384,3,False,0.664128616949121,4.211646482869965e-05,True,0
8,ElasticNet,0.001,0.3,0.6641735758738815,0.2459794420375591,0.9851457288526896,3,False,0.6641735758738815,9.619393840922918e-06,True,0
10,ElasticNet,0.01,0.5,0.6702728936090483,0.20085151225023037,0.98492735179771,3,False,0.6702728936090483,9.726057309718435e-06,True,0
8,Ridge,1.0,0.0,0.6714625757473556,0.2401312948369662,0.984962578604414,3,False,0.6714625757473556,0.0,True,0
20,ElasticNet,0.001,0.3,0.6741812767146231,0.45175841128069133,0.9848556995077625,3,False,0.6741812767146231,4.6199447022742684e-05,True,0
19,Ridge,1.0,0.0,0.677361357192038,0.36691201584064664,0.9847198602545527,3,False,0.677361357192038,0.0,True,0
9,ElasticNet,0.01,0.3,0.6797216024423599,0.14610579077907918,0.9845861419210878,3,False,0.6797216024423599,9.463561479161695e-06,True,0
11,LASSO,0.01,1.0,0.6799575173703296,0.21570918814768514,0.9847201374885374,3,False,0.6799575173703296,9.88775981604871e-06,True,0
10,ElasticNet,0.01,0.7,0.6807932770119506,0.19177033127788345,0.9846699696869156,3,False,0.6807932770119506,6.438949158543532e-06,True,0
20,ElasticNet,0.001,0.1,0.6828261121701802,0.4091358572734774,0.9845688687436333,3,False,0.6828261121701802,3.579168866919114e-05,True,0
8,ElasticNet,0.001,0.5,0.684160460057857,0.2524608690745024,0.9847049252761041,3,False,0.684160460057857,9.920526806555478e-06,True,0
10,Ridge,0.01,0.0,0.6888201016948412,0.5142250596356491,0.9845412376242112,3,False,0.6888201016948412,0.0,True,0
9,Ridge,10.0,0.0,0.694506097091022,0.0920093857146957,0.9841776272927171,3,False,0.694506097091022,0.0,True,0
10,ElasticNet,0.01,0.9,0.6949969283716723,0.1934144046788785,0.9843387639136686,3,False,0.6949969283716725,4.404298778705809e-05,True,0
10,ElasticNet,0.01,0.95,0.7068008038513683,0.19469613510518982,0.984070132017299,3,False,0.7068008038513683,1.886183546639074e-05,True,0
9,ElasticNet,0.01,0.5,0.7098675215356715,0.18455038794285147,0.983920356540048,3,False,0.7098675215356715,9.932622993921031e-06,True,0
8,ElasticNet,0.001,0.7,0.7117978634340498,0.26660697009908574,0.9841015901338407,3,False,0.7117978634340498,9.915503921780703e-06,True,0
10,ElasticNet,1e-05,0.1,0.7168715822952149,0.5006214648160459,0.9839165925947383,3,False,0.7168715822952149,4.329624636242135e-05,True,0
18,Ridge,1.0,0.0,0.7190219169103366,0.5073832241901207,0.9838487188646915,3,False,0.7190219169103366,0.0,True,0
10,ElasticNet,1e-05,0.3,0.7220274749250645,0.49182568385368935,0.9838077971015156,3,False,0.7220274749250645,4.613271916496552e-05,True,0
7,ElasticNet,0.001,0.1,0.7232586627656854,0.12806003148366113,0.9835683433695542,3,False,0.7232586627656854,9.551469595944423e-06,True,0
9,ElasticNet,0.01,0.7,0.7268548269030282,0.20816589583919176,0.9835527295945147,3,False,0.7268548269030282,9.725456064528515e-06,True,0
7,ElasticNet,0.001,0.3,0.7292648270143319,0.13090216005352118,0.9834509643202619,3,False,0.7292648270143319,9.81941741171028e-06,True,0
8,ElasticNet,0.001,0.9,0.731365149005518,0.27604814562227636,0.9836770693539192,3,False,0.731365149005518,9.77675009011076e-06,True,0
16,ElasticNet,0.0001,0.1,0.731913545507357,0.1892513337562111,0.9834918018836275,3,False,0.731913545507357,4.100449425603021e-05,True,0
9,ElasticNet,1e-06,0.1,0.7333305452961478,0.5731668398151163,0.9835800588929654,3,False,0.7333305452961478,3.789887359574202e-05,True,0
8,ElasticNet,0.001,0.95,0.7351804017868194,0.2778881421063004,0.9835947053433168,3,False,0.7351804017868194,9.995789225650817e-06,True,0
8,LASSO,0.001,1.0,0.7380357390700844,0.27945017080913587,0.9835336920666483,3,False,0.7380357390700844,9.999881374177537e-06,True,0
7,ElasticNet,0.001,0.5,0.7384514468868083,0.13989002797972255,0.9832639829308785,3,False,0.7384514468868083,9.796271243690553e-06,True,0
10,ElasticNet,1e-05,0.5,0.7422058485539895,0.4955361464511467,0.9833840552289993,3,False,0.7422058485539895,4.915970060367293e-05,True,0
9,ElasticNet,1e-06,0.5,0.7503584313239294,0.6012773168476541,0.9832050362995939,3,False,0.7503584313239294,4.0102304735297424e-05,True,0
9,ElasticNet,1e-06,0.3,0.7523220868876258,0.6091291358935925,0.9831651416210051,3,False,0.7523220868876256,3.43064069247192e-05,True,0
7,ElasticNet,0.001,0.7,0.7534747624275552,0.15568732141682412,0.9829464995750304,3,False,0.7534747624275552,9.718927332817771e-06,True,0
10,ElasticNet,1e-05,0.7,0.760000249961756,0.5158702101912084,0.9829741974334457,3,False,0.760000249961756,4.682210701717213e-05,True,0
9,ElasticNet,0.01,0.9,0.7628631623917682,0.24493548616144323,0.9827648978889726,3,False,0.7628631623917682,4.557821953613331e-06,True,0
9,ElasticNet,1e-06,0.95,0.7641074427594118,0.6229575729111548,0.9829047673601025,3,False,0.7641074427594119,3.703239921970908e-05,True,0
10,ElasticNet,1e-05,0.9,0.7676457307180882,0.5221593726925322,0.982819328220268,3,False,0.7676457307180882,4.4144653969491864e-05,True,0
9,ElasticNet,0.01,0.95,0.7701740695261469,0.25222363008383136,0.9826005610712446,3,False,0.7701740695261469,5.913471639836312e-06,True,0
9,ElasticNet,1e-06,0.7,0.7705170695259324,0.6242011055149458,0.982769761786448,3,False,0.7705170695259324,3.549687371881719e-05,True,0
7,Ridge,1.0,0.0,0.7708076415919711,0.10854369357731079,0.9824421831762219,3,False,0.7708076415919711,0.0,True,0
9,LASSO,1e-06,1.0,0.7742323986483449,0.6427520290522226,0.9826841098375642,3,False,0.7742323986483449,3.6704626798017846e-05,True,0
9,ElasticNet,1e-06,0.9,0.7754079418598764,0.6303271967150571,0.9826626494912576,3,False,0.7754079418598764,3.683006513073295e-05,True,0
19,Ridge,0.1,0.0,0.7768332725450365,0.18388110966973106,0.9823591522567837,3,False,0.7768332725450365,0.0,True,0
18,Ridge,0.1,0.0,0.784006701501664,0.17260390067536294,0.9822778772274704,3,False,0.784006701501664,0.0,True,0
20,Ridge,1.0,0.0,0.8117372315789906,0.4731228393607675,0.9817623987927804,3,False,0.8117372315789906,0.0,True,0
10,LASSO,1e-06,1.0,0.8151450629102633,0.45930896906772484,0.981706526390748,3,False,0.8151450629102633,4.7321730458718756e-05,True,0
15,ElasticNet,0.1,0.1,0.8164658727059683,0.21836633228588914,0.9814183162540151,3,False,0.8164658727059683,9.74317448677875e-06,True,0
17,ElasticNet,0.1,0.1,0.8202553627749894,0.24470683233714677,0.9813480267456532,3,False,0.8202553627749892,9.007360565927922e-06,True,0
8,ElasticNet,0.01,0.1,0.8254399791690816,0.23874221532802922,0.9814443570364398,3,False,0.8254399791690816,9.459737723654807e-06,True,0
13,ElasticNet,0.1,0.1,0.8285699393136664,0.17471016466228007,0.9811169435400074,3,False,0.8285699393136664,9.773533869619766e-06,True,0
14,ElasticNet,0.1,0.1,0.8288733302808925,0.20157533679298947,0.9811387853634993,3,False,0.8288733302808925,9.380594172764614e-06,True,0
20,Ridge,100.0,0.0,0.8303172832954323,0.20992999491711928,0.9809663513459385,3,False,0.8303172832954323,0.0,True,0
18,Ridge,100.0,0.0,0.8386298508511271,0.19722687004362213,0.9807938195603888,3,False,0.8386298508511271,0.0,True,0
17,Ridge,100.0,0.0,0.8414411490808408,0.1829391355767799,0.9807168420544876,3,False,0.8414411490808408,0.0,True,0
19,Ridge,100.0,0.0,0.8469974894375208,0.21453909704175592,0.9806075184103363,3,False,0.8469974894375208,0.0,True,0
8,ElasticNet,0.01,0.3,0.8633117183105988,0.2518901157282157,0.9805804746249712,3,False,0.8633117183105988,9.321895896570974e-06,True,0
8,ElasticNet,0.01,0.5,0.885161253903117,0.25847723443271436,0.9800712416571061,3,False,0.885161253903117,9.928526727902807e-06,True,0
8,ElasticNet,0.01,0.7,0.8894705363786004,0.2627907361039714,0.9799503124746091,3,False,0.8894705363786004,9.624695732866895e-06,True,0
12,ElasticNet,0.1,0.1,0.8896706358195723,0.1838103466470393,0.9797848059590732,3,False,0.8896706358195723,9.971436624497954e-06,True,0
11,ElasticNet,0.1,0.1,0.8922957873427073,0.12824628422232637,0.9796394617705145,3,False,0.8922957873427073,8.86191639409492e-06,True,0
8,ElasticNet,0.01,0.9,0.9107236036243916,0.2769541573518862,0.9794514290206869,3,False,0.9107236036243918,9.038069981537333e-06,True,0
8,ElasticNet,0.01,0.95,0.9224729498282062,0.28574955036535105,0.9791865557431915,3,False,0.9224729498282062,9.934865723365896e-06,True,0
13,ElasticNet,1e-05,0.1,0.9635826779853662,0.3921947906100295,0.9785599155454362,3,False,0.9635826779853663,4.189894361858497e-05,True,0
6,LASSO,0.0001,1.0,1.0199098152882766,0.24161549524114367,0.9769126421834522,3,False,1.0199098152882766,9.653233968066449e-06,True,0
6,ElasticNet,0.0001,0.95,1.0200455161192463,0.24224597727531755,0.9769107308877462,3,False,1.0200455161192463,9.699774423308822e-06,True,0
6,ElasticNet,0.0001,0.9,1.0203794192476139,0.2429093415052431,0.9769047354120852,3,False,1.0203794192476139,9.585854977369647e-06,True,0
6,ElasticNet,0.0001,0.7,1.0210869667077258,0.24452572698486652,0.9768928035935996,3,False,1.0210869667077258,9.88925049989997e-06,True,0
6,ElasticNet,0.0001,0.5,1.0223936661427457,0.2469915784024021,0.9768682407570695,3,False,1.0223936661427457,9.251792515083808e-06,True,0
6,LASSO,1e-05,1.0,1.0224740826125192,0.2413216104462526,0.9768480978188796,3,False,1.0224740826125192,9.776264494571631e-06,True,0
6,ElasticNet,1e-05,0.9,1.0225228183042285,0.24146393096197533,0.976847330909488,3,False,1.0225228183042285,9.872301360035896e-06,True,0
6,ElasticNet,1e-05,0.95,1.0225268610629168,0.24142313531165122,0.9768471682268943,3,False,1.0225268610629166,9.708647691408237e-06,True,0
6,ElasticNet,1e-05,0.7,1.0225795645267017,0.24163671240078705,0.9768466796570525,3,False,1.0225795645267017,9.698080836658996e-06,True,0
6,Ridge,1e-06,0.0,1.0227802093243892,0.2408167554517202,0.9768398037243625,3,False,1.0227802093243892,0.0,True,0
6,Ridge,1e-05,0.0,1.0227802870569052,0.24081903485264264,0.976839808212906,3,False,1.0227802870569052,0.0,True,0
6,Ridge,0.0001,0.0,1.022781072332893,0.2408418173187541,0.976839852888061,3,False,1.022781072332893,0.0,True,0
6,ElasticNet,1e-05,0.5,1.0227869343976221,0.24201005319738253,0.9768426992988736,3,False,1.0227869343976221,9.25046987561657e-06,True,0
6,Ridge,0.001,0.0,1.0227897154864412,0.24106849388406437,0.9768402787335823,3,False,1.0227897154864412,0.0,True,0
6,ElasticNet,1e-05,0.3,1.022861970233218,0.2422446036812023,0.9768415268222704,3,False,1.022861970233218,9.283610908418292e-06,True,0
6,ElasticNet,1e-06,0.9,1.022902163969196,0.24134314142025334,0.9768377018752817,3,False,1.022902163969196,9.704321553971467e-06,True,0
6,LASSO,1e-06,1.0,1.0229264790330024,0.2414423057741308,0.9768372127854877,3,False,1.0229264790330026,9.553317879151017e-06,True,0
6,ElasticNet,1e-06,0.95,1.0229347922677376,0.2414172350456012,0.9768369973992989,3,False,1.0229347922677374,9.359941698137364e-06,True,0
6,Ridge,0.01,0.0,1.0229507492273922,0.24322636887988958,0.9768425620253258,3,False,1.0229507492273922,0.0,True,0
6,ElasticNet,1e-05,0.1,1.0229511733387675,0.24243595460986522,0.9768399673967213,3,False,1.0229511733387677,8.954496312127399e-06,True,0
6,ElasticNet,1e-06,0.7,1.023038216966976,0.24142766959762396,0.9768347116275539,3,False,1.023038216966976,9.993887424079017e-06,True,0
6,ElasticNet,1e-06,0.1,1.0230572231434525,0.2413590627519381,0.9768340946802567,3,False,1.0230572231434527,9.874691000465339e-06,True,0
6,ElasticNet,1e-06,0.5,1.023075175278345,0.2414299141177279,0.9768337867862886,3,False,1.023075175278345,9.629874042892618e-06,True,0
6,ElasticNet,1e-06,0.3,1.0230849921988676,0.24143256163801283,0.97683353159113,3,False,1.0230849921988676,9.302034382198364e-06,True,0
6,ElasticNet,0.0001,0.3,1.0237061590992897,0.24900976938073363,0.9768429304854823,3,False,1.0237061590992897,9.709767196436691e-06,True,0
6,ElasticNet,0.0001,0.1,1.0248447549060038,0.25081480152073554,0.9768210421052288,3,False,1.0248447549060038,9.936023594769821e-06,True,0
6,Ridge,0.1,0.0,1.0291898292880133,0.2578283346449801,0.9767417628037633,3,False,1.0291898292880133,0.0,True,0
6,LASSO,0.001,1.0,1.049986573705148,0.2616722601463658,0.9763022961940692,3,False,1.049986573705148,9.9252036406866e-06,True,0
6,ElasticNet,0.001,0.95,1.0518986137561936,0.26398491071562824,0.9762631987013343,3,False,1.0518986137561936,9.929860338861126e-06,True,0
16,ElasticNet,0.1,0.3,1.0527152896659546,0.2039873937419676,0.9760527809310245,3,False,1.0527152896659546,6.480807621354889e-06,True,0
6,ElasticNet,0.001,0.9,1.054044905515738,0.26554459550912674,0.9762171758460451,3,False,1.054044905515738,9.432114824001951e-06,True,0
15,ElasticNet,0.1,0.3,1.0572419987125525,0.21140233092640492,0.9759600581339029,3,False,1.0572419987125525,6.576938640472096e-06,True,0
6,ElasticNet,0.001,0.7,1.0619316093715485,0.2706926084430275,0.9760465684219918,3,False,1.0619316093715483,9.848424891682403e-06,True,0
20,Ridge,0.1,0.0,1.0622151133524997,0.5081353563606935,0.9762052395632583,3,False,1.0622151133524997,0.0,True,0
14,ElasticNet,0.1,0.3,1.0644138827414753,0.2036132485991159,0.9757943643015166,3,False,1.0644138827414753,6.422772857794107e-06,True,0
13,ElasticNet,0.1,0.3,1.0651846758027361,0.20486213847360082,0.9757770228189341,3,False,1.0651846758027361,8.409835205454297e-06,True,0
18,ElasticNet,0.1,0.3,1.0668578204917576,0.20358623870446707,0.9757401496477077,3,False,1.0668578204917576,5.196304769770899e-06,True,0
17,ElasticNet,0.1,0.3,1.0676145041034548,0.21513552142128503,0.9757331263496271,3,False,1.0676145041034548,4.659984530770017e-06,True,0
6,ElasticNet,0.001,0.5,1.0686768192479812,0.27532125876677555,0.9759007964636077,3,False,1.0686768192479812,8.918854534613763e-06,True,0
6,ElasticNet,0.001,0.3,1.0739210793313398,0.2793029428590068,0.9757868907532673,3,False,1.0739210793313398,7.815377745260248e-06,True,0
6,ElasticNet,0.001,0.1,1.0796393894774436,0.2837648962676825,0.9756607892140136,3,False,1.0796393894774436,9.958126481443132e-06,True,0
19,ElasticNet,0.1,0.3,1.0865764214474047,0.2108316464255116,0.97531037698128,3,False,1.0865764214474047,7.398472764451325e-06,True,0
20,ElasticNet,0.1,0.3,1.0902589507705407,0.2002938217559914,0.975221066937193,3,False,1.0902589507705407,5.750647001638576e-06,True,0
11,ElasticNet,0.1,0.3,1.1202717020408695,0.18742145410749028,0.9745191479087071,3,False,1.1202717020408695,9.017947418473587e-06,True,0
12,ElasticNet,0.1,0.3,1.1230804719443077,0.21600310331519373,0.9745076147531139,3,False,1.1230804719443077,9.370522107192414e-06,True,0
6,Ridge,1.0,0.0,1.1331199014415307,0.301944381858245,0.9744706489647162,3,False,1.1331199014415307,0.0,True,0
16,ElasticNet,0.1,0.5,1.2508849443964767,0.2054962906667585,0.9715208144279917,3,False,1.2508849443964767,6.806650328559927e-06,True,0
15,ElasticNet,0.1,0.5,1.2531274285957608,0.21441249281263514,0.9714830631434784,3,False,1.2531274285957608,6.99092972596127e-06,True,0
18,ElasticNet,0.1,0.5,1.2557427558267202,0.19639582769252512,0.9714039972762404,3,False,1.2557427558267202,6.827493025669817e-06,True,0
17,ElasticNet,0.1,0.5,1.257690397580028,0.20067614662064429,0.9713703154869527,3,False,1.257690397580028,1.217268534968452e-05,True,0
14,ElasticNet,1e-05,0.1,1.260123752403919,0.7322702339534085,0.9721957657327569,3,False,1.2601237524039188,4.350702122082051e-05,True,0
13,ElasticNet,0.1,0.5,1.2650231021724692,0.238178848545338,0.971240878026102,3,False,1.265023102172469,5.649319476962178e-06,True,0
14,ElasticNet,0.1,0.5,1.2658511324859518,0.227364690093614,0.9712100100713817,3,False,1.2658511324859518,8.808518538308552e-06,True,0
19,ElasticNet,0.1,0.5,1.2740443048018364,0.19742208340790857,0.971001309480653,3,False,1.2740443048018364,9.414911135437187e-06,True,0
20,ElasticNet,0.1,0.5,1.2758028605138954,0.19487858873477257,0.9709554882673777,3,False,1.2758028605138954,8.20705917414788e-06,True,0
11,ElasticNet,0.1,0.5,1.3192625080237785,0.2691922455377496,0.9700496052917652,3,False,1.3192625080237785,9.843981187515616e-06,True,0
12,ElasticNet,0.1,0.5,1.3199547320560294,0.2716349869161766,0.9700492947305116,3,False,1.3199547320560294,9.179776581894061e-06,True,0
6,LASSO,0.01,1.0,1.3623113236106843,0.31989614058324517,0.9692229613092088,3,False,1.3623113236106843,9.743007188183633e-06,True,0
6,ElasticNet,0.01,0.9,1.3632413771960277,0.33392878147641153,0.9692284967857635,3,False,1.3632413771960277,9.901687086999802e-06,True,0
6,ElasticNet,0.01,0.95,1.3635039285492097,0.3282265933997915,0.9692117126947348,3,False,1.3635039285492097,9.890128491908332e-06,True,0
6,ElasticNet,0.01,0.7,1.371722561626817,0.35586155572793493,0.9690758892799233,3,False,1.371722561626817,9.473222200044248e-06,True,0
20,ElasticNet,0.0001,0.1,1.391375590434758,0.9335514338865012,0.96923631227634,3,False,1.391375590434758,3.914983604037524e-05,True,0
15,ElasticNet,0.1,0.7,1.4589676697201142,0.2649125040020489,0.9668088033946809,3,False,1.4589676697201142,1.1821399044251168e-05,True,0
16,ElasticNet,0.1,0.7,1.4595304955167594,0.2624975278348568,0.9667851817132117,3,False,1.4595304955167594,1.1931200646936313e-05,True,0
14,ElasticNet,0.1,0.7,1.4656022246332518,0.28502308698792195,0.9666756359331335,3,False,1.4656022246332518,4.79336961521637e-06,True,0
17,ElasticNet,0.1,0.7,1.4708295490986016,0.25071036746568054,0.9665260079280352,3,False,1.4708295490986016,4.069355845112699e-05,True,0
13,ElasticNet,0.1,0.7,1.471223600989905,0.29649675772832274,0.9665707242302407,3,False,1.471223600989905,5.5171920638752425e-06,True,0
18,ElasticNet,0.1,0.7,1.4731100335133025,0.25074651478226956,0.96646974665927,3,False,1.4731100335133025,1.1598287997335865e-05,True,0
8,ElasticNet,0.1,0.1,1.4841703810351545,0.35585120238018514,0.966480479912763,3,False,1.4841703810351545,9.524124049638955e-06,True,0
20,ElasticNet,0.1,0.7,1.491289697299744,0.24207673716597725,0.9660564451337411,3,False,1.491289697299744,3.984328745439136e-05,True,0
19,ElasticNet,0.1,0.7,1.491505789137536,0.24627536542955683,0.9660591115785652,3,False,1.491505789137536,1.539208284376259e-05,True,0
12,ElasticNet,0.1,0.7,1.513926487206983,0.33652540691542354,0.965658438335668,3,False,1.513926487206983,9.108085442188774e-06,True,0
11,ElasticNet,0.1,0.7,1.524330391722513,0.3565378232489445,0.9654462074161154,3,False,1.524330391722513,6.541946492119588e-06,True,0
15,ElasticNet,1e-05,0.1,1.6288258975033862,1.1904883877688235,0.9640928776487246,3,False,1.628825897503386,4.6420752334685225e-05,True,0
8,ElasticNet,0.1,0.3,1.6418901785032167,0.39481335054352085,0.9629347563726278,3,False,1.6418901785032167,7.652669802286904e-06,True,0
5,ElasticNet,1e-06,0.1,1.6570045807233307,0.028890634360009777,0.961859061493462,3,False,1.6570045807233307,7.130612095129655e-06,True,0
5,ElasticNet,1e-06,0.3,1.6570097188082216,0.028890912490888224,0.9618590157175766,3,False,1.6570097188082216,7.704350618908518e-06,True,0
5,ElasticNet,1e-06,0.5,1.6570333740254126,0.028866414039075815,0.961858548217361,3,False,1.6570333740254126,9.81362601107933e-06,True,0
5,ElasticNet,1e-06,0.7,1.6570545087590338,0.028858412711538457,0.9618580514271812,3,False,1.6570545087590338,9.280349111122627e-06,True,0
5,Ridge,1e-06,0.0,1.6570567655822528,0.02882398296617919,0.9618578027657638,3,False,1.6570567655822528,0.0,True,0
5,Ridge,1e-05,0.0,1.657056985942566,0.028823999487927826,0.9618577992558665,3,False,1.6570569859425657,0.0,True,0
5,Ridge,0.0001,0.0,1.6570591901331972,0.028824166037452158,0.9618577641425355,3,False,1.6570591901331972,0.0,True,0
5,ElasticNet,1e-06,0.95,1.657077874113783,0.028805204007127272,0.9618575636080257,3,False,1.657077874113783,9.71305219554829e-06,True,0
5,Ridge,0.001,0.0,1.6570812906546297,0.02882596457020658,0.9618574115767746,3,False,1.6570812906546297,0.0,True,0
5,LASSO,1e-06,1.0,1.6570869601386367,0.028764273918269523,0.9618572361116186,3,False,1.6570869601386364,9.598766254168467e-06,True,0
5,ElasticNet,1e-06,0.9,1.6570949495949046,0.02878439129040456,0.9618571504427673,3,False,1.6570949495949046,9.73446347036669e-06,True,0
5,LASSO,1e-05,1.0,1.657104105497903,0.02889284319547343,0.961857270332288,3,False,1.657104105497903,8.501424018332861e-06,True,0
5,ElasticNet,1e-05,0.95,1.657115036393605,0.028882575326204724,0.9618570284968143,3,False,1.657115036393605,9.056272749463984e-06,True,0
5,ElasticNet,1e-05,0.9,1.657135973337262,0.02887730903860123,0.9618565876167332,3,False,1.657135973337262,8.51152892849634e-06,True,0
5,ElasticNet,1e-05,0.7,1.6571410771010688,0.0288822540145237,0.9618565228793727,3,False,1.6571410771010688,9.58392556137612e-06,True,0
5,ElasticNet,1e-05,0.3,1.6571718405054765,0.028878689300659333,0.9618558914844115,3,False,1.6571718405054765,8.001743243683172e-06,True,0
5,ElasticNet,1e-05,0.5,1.6571766423199232,0.0288569601331157,0.9618557171958749,3,False,1.6571766423199232,9.66779461194973e-06,True,0
5,ElasticNet,1e-05,0.1,1.6572350644107512,0.028824108194843052,0.9618545362729446,3,False,1.6572350644107512,8.817915177282465e-06,True,0
5,Ridge,0.01,0.0,1.657308024956735,0.02885708572710573,0.9618537457872899,3,False,1.657308024956735,0.0,True,0
5,LASSO,0.0001,1.0,1.6577790382168676,0.028710206798439518,0.9618476672309518,3,False,1.6577790382168676,9.066516664794672e-06,True,0
5,ElasticNet,0.0001,0.95,1.6578417050801468,0.028697524849375853,0.9618464511357928,3,False,1.6578417050801473,9.620825053322353e-06,True,0
5,ElasticNet,0.0001,0.9,1.657842049295834,0.028776078384636812,0.9618465630794222,3,False,1.657842049295834,9.778589846200895e-06,True,0
5,ElasticNet,0.0001,0.7,1.65804912063834,0.02884892679649984,0.9618422506016394,3,False,1.65804912063834,9.660966638758294e-06,True,0
5,ElasticNet,0.0001,0.5,1.6581620114908056,0.028980107771808414,0.9618401355338174,3,False,1.6581620114908056,9.422548636473233e-06,True,0
5,ElasticNet,0.0001,0.3,1.6582994456727136,0.029132863234037274,0.9618376441540614,3,False,1.6582994456727136,9.54604014956762e-06,True,0
5,ElasticNet,0.0001,0.1,1.6584633688174175,0.029255552574663685,0.9618342894088806,3,False,1.658463368817417,9.55703304728381e-06,True,0
5,Ridge,0.1,0.0,1.660036629631878,0.030307970578027574,0.9618057063082412,3,False,1.660036629631878,0.0,True,0
5,LASSO,0.001,1.0,1.6681671367756639,0.045182953326938224,0.9616681192081091,3,False,1.6681671367756639,9.889283010057351e-06,True,0
5,ElasticNet,0.001,0.95,1.668699170190487,0.045751611980581405,0.9616569810150413,3,False,1.668699170190487,9.812905573385478e-06,True,0
5,ElasticNet,0.001,0.9,1.6692262523094747,0.04620628346127401,0.9616456642892747,3,False,1.6692262523094747,7.95696572290555e-06,True,0
5,ElasticNet,0.001,0.7,1.6712699304833103,0.047882343707406225,0.9616013181059553,3,False,1.6712699304833103,9.557620774465567e-06,True,0
5,ElasticNet,0.001,0.5,1.6732874834803357,0.04907761379345239,0.9615569697208043,3,False,1.6732874834803357,9.318778708208397e-06,True,0
5,ElasticNet,0.001,0.3,1.6751580076666528,0.04948024544232471,0.9615149691413292,3,False,1.6751580076666528,9.321037198196252e-06,True,0
5,ElasticNet,0.001,0.1,1.676875683699749,0.04953912309154032,0.9614759787202202,3,False,1.6768756836997492,9.868568217414467e-06,True,0
5,Ridge,1.0,0.0,1.6979179411817455,0.07208968143787516,0.9610400901402434,3,False,1.6979179411817455,0.0,True,0
13,ElasticNet,0.1,0.9,1.7250296489216363,0.34884368403175137,0.9608566076197066,3,False,1.7250296489216363,2.245313597906695e-05,True,0
13,ElasticNet,1e-06,0.1,1.7715835509950117,1.1904414906754772,0.9609632378556924,3,False,1.7715835509950117,4.919277034835065e-05,True,0
8,ElasticNet,0.1,0.5,1.771988961537013,0.4300316990689896,0.9600144050863499,3,False,1.771988961537013,9.00909138873418e-06,True,0
11,ElasticNet,0.1,0.9,1.776336969592876,0.4300177794316239,0.9597969924847171,3,False,1.776336969592876,7.647356826789853e-06,True,0
5,LASSO,0.01,1.0,1.7942626782842168,0.22640071090190708,0.9591188471935395,3,False,1.7942626782842168,8.012215789457433e-06,True,0
5,ElasticNet,0.01,0.95,1.7983697586286989,0.22669556007730127,0.959024825028064,3,False,1.7983697586286989,9.044661705178217e-06,True,0
5,ElasticNet,0.01,0.9,1.8020927737378554,0.22669092378836467,0.9589390396771682,3,False,1.8020927737378554,9.778706425234499e-06,True,0
5,ElasticNet,0.01,0.7,1.8192765017124006,0.22361332045723484,0.9585373270340797,3,False,1.8192765017124006,5.516198009576298e-06,True,0
12,ElasticNet,0.1,0.95,1.8243688316598936,0.3973399686138437,0.9586615122736677,3,False,1.8243688316598936,3.898324403894815e-05,True,0
11,ElasticNet,0.1,0.95,1.829300450080205,0.44014764647206617,0.9586120822941732,3,False,1.829300450080205,4.662229603459578e-05,True,0
5,ElasticNet,0.01,0.5,1.8375107767385301,0.22030354102513894,0.9581110332743057,3,False,1.8375107767385301,6.941571930014524e-06,True,0
5,ElasticNet,0.01,0.3,1.8560145888754962,0.219426458695465,0.9576824473202845,3,False,1.8560145888754962,8.16187941394056e-06,True,0
5,ElasticNet,0.01,0.1,1.8852624825772626,0.21945518530725797,0.9570084194417303,3,False,1.8852624825772626,6.915294643052711e-06,True,0
8,ElasticNet,0.1,0.7,1.9598480550795887,0.5250977343907497,0.9558374311252874,3,False,1.9598480550795887,8.812611792502478e-06,True,0
9,LASSO,0.1,1.0,2.000418863807426,0.5759042206787676,0.9549156305907575,3,False,2.000418863807426,4.5507512669712424e-06,True,0
10,LASSO,0.1,1.0,2.016720259803995,0.5228475320434596,0.9545017203419056,3,False,2.016720259803995,2.890848255106271e-05,True,0
5,Ridge,10.0,0.0,2.132704201614392,0.322716961478363,0.9515056865227702,3,False,2.132704201614392,0.0,True,0
8,ElasticNet,0.1,0.9,2.1904605638396295,0.6613483579724322,0.9507722677947221,3,False,2.1904605638396295,7.809254124441223e-06,True,0
8,ElasticNet,0.1,0.95,2.2463994714847924,0.6902258419467504,0.9495478301816166,3,False,2.2463994714847924,9.025070760407261e-06,True,0
8,LASSO,0.1,1.0,2.2899759583832004,0.7355491655572074,0.948618038555929,3,False,2.2899759583832004,7.985269401294959e-06,True,0
20,ElasticNet,1.0,0.1,2.9353245320802053,0.2672443268722885,0.9324073958864942,3,False,2.9353245320802053,6.563779742549403e-06,True,0
19,ElasticNet,1.0,0.1,2.9531853840470568,0.2854864352283769,0.9320535027819318,3,False,2.9531853840470568,7.589588025574967e-06,True,0
18,ElasticNet,1.0,0.1,2.9786934125286506,0.28032124807641207,0.9315053442116432,3,False,2.9786934125286506,6.937971586476466e-06,True,0
17,ElasticNet,1.0,0.1,3.0144748976183977,0.3176928071245738,0.9307578058410723,3,False,3.0144748976183977,8.95798110847612e-06,True,0
16,ElasticNet,1.0,0.1,3.0859049702043078,0.30389646927812897,0.9291929147878696,3,False,3.0859049702043078,8.750223670722646e-06,True,0
15,ElasticNet,1.0,0.1,3.148785573292095,0.35686161203616373,0.9278221229070486,3,False,3.1487855732920953,8.995909704892502e-06,True,0
15,ElasticNet,1e-06,0.5,3.192087165358054,2.6813311758345684,0.9300428478364395,3,False,3.1920871653580547,4.9750852594816284e-05,True,0
15,ElasticNet,1e-06,0.7,3.2634829185310976,2.6259543060836315,0.9282281860993926,3,False,3.2634829185310976,4.879881333770063e-05,True,0
16,ElasticNet,1e-05,0.1,3.2802383524417515,3.286319358935957,0.9289876213003835,3,False,3.2802383524417515,4.9500024692722886e-05,True,0
14,ElasticNet,1.0,0.1,3.299280312679741,0.34798084390512934,0.92450050863828,3,False,3.299280312679741,6.450040551372882e-06,True,0
13,ElasticNet,1.0,0.1,3.416602750415851,0.3954724706822776,0.9218568589305486,3,False,3.416602750415851,9.128716899592382e-06,True,0
12,ElasticNet,1.0,0.1,3.7127671639239543,0.43004030563949946,0.9152879620916313,3,False,3.7127671639239543,9.758841958709685e-06,True,0
11,ElasticNet,1.0,0.1,3.9553272117336786,0.44693818481858266,0.9097248645328239,3,False,3.9553272117336786,6.996924869051568e-06,True,0
4,Ridge,1e-06,0.0,3.972998259199873,0.8832541625651379,0.910178982874578,3,False,3.9729982591998727,0.0,True,0
4,Ridge,1e-05,0.0,3.9729984526722775,0.8832546188445923,0.9101789792000995,3,False,3.9729984526722775,0.0,True,0
4,Ridge,0.0001,0.0,3.973000387455913,0.8832591816149457,0.9101789424538914,3,False,3.973000387455913,0.0,True,0
4,ElasticNet,1e-06,0.3,3.9730082298364997,0.8832788565356453,0.9101787965518313,3,False,3.9730082298364997,4.011519924793333e-07,True,0
4,ElasticNet,1e-06,0.1,3.973009407585573,0.8832811452789642,0.9101787726928053,3,False,3.973009407585572,4.118204515354151e-07,True,0
4,ElasticNet,1e-06,0.5,3.9730098075488733,0.8832759067447896,0.9101787561627264,3,False,3.9730098075488733,2.0123497947449597e-06,True,0
4,ElasticNet,1e-06,0.95,3.973016973936277,0.8832918739884499,0.9101786180939335,3,False,3.9730169739362764,7.30970934228519e-06,True,0
4,ElasticNet,1e-06,0.9,3.9730176542602664,0.8832922881323915,0.9101786030591504,3,False,3.9730176542602673,7.811610685823706e-06,True,0
4,LASSO,1e-06,1.0,3.9730195054270783,0.8832814888539761,0.9101785393368461,3,False,3.9730195054270774,6.8045215494626485e-06,True,0
4,Ridge,0.001,0.0,3.9730197412503734,0.8833048068997648,0.9101785748496346,3,False,3.9730197412503734,0.0,True,0
4,ElasticNet,1e-06,0.7,3.973020444326431,0.8832937654809929,0.9101785410825057,3,False,3.9730204443264303,9.71749664870919e-06,True,0
4,LASSO,1e-05,1.0,3.9730729580318536,0.8834282593253215,0.9101775875854914,3,False,3.973072958031853,3.561492893846757e-06,True,0
4,ElasticNet,1e-05,0.95,3.9730749258333837,0.8834335609249967,0.9101775501384592,3,False,3.9730749258333833,3.490509013171926e-06,True,0
4,ElasticNet,1e-05,0.9,3.97307683899707,0.8834388695721986,0.910177513958204,3,False,3.97307683899707,3.433610635103853e-06,True,0
4,ElasticNet,1e-05,0.7,3.9730844450557625,0.8834597950813583,0.9101773697382929,3,False,3.973084445055763,3.4535080000386055e-06,True,0
4,ElasticNet,1e-05,0.5,3.973092031743127,0.8834810696580074,0.9101772266375643,3,False,3.973092031743127,3.7445975446142692e-06,True,0
4,ElasticNet,1e-05,0.3,3.9730995318454148,0.8835025745916947,0.9101770859181791,3,False,3.9730995318454148,3.803900298514066e-06,True,0
4,ElasticNet,1e-05,0.1,3.9731107219627457,0.8835247616335881,0.9101768599548855,3,False,3.973110721962746,3.7755365916814757e-06,True,0
4,Ridge,0.01,0.0,3.973213874197754,0.8837608180556481,0.9101748846085784,3,False,3.973213874197755,0.0,True,0
4,LASSO,0.0001,1.0,3.973720166434239,0.884875080876257,0.9101653791250284,3,False,3.973720166434239,5.758843926651592e-06,True,0
4,ElasticNet,0.0001,0.95,3.973742799699418,0.8849309716488926,0.9101649406269748,3,False,3.973742799699418,5.949103091895758e-06,True,0
4,ElasticNet,0.0001,0.9,3.9737648995224837,0.8849865799553517,0.9101645141487503,3,False,3.973764899522484,6.231498844540926e-06,True,0
4,ElasticNet,0.0001,0.7,3.973853584495848,0.8852069031570393,0.9101627978442751,3,False,3.973853584495848,6.318185085154725e-06,True,0
4,ElasticNet,0.0001,0.5,3.973944472422247,0.8854261234141767,0.9101610292229146,3,False,3.973944472422247,5.3187759710796135e-06,True,0
4,ElasticNet,0.0001,0.3,3.97403521654588,0.8856485040094517,0.9101592709223917,3,False,3.9740352165458805,4.850137497476196e-06,True,0
4,ElasticNet,0.0001,0.1,3.9741277216687423,0.8858715630760425,0.9101574732615413,3,False,3.974127721668743,5.333388565136148e-06,True,0
4,Ridge,0.1,0.0,3.975213905501595,0.8882969385780044,0.9101365810768023,3,False,3.975213905501595,0.0,True,0
4,LASSO,0.001,1.0,3.9806613028539104,0.899213361982508,0.9100323776245074,3,False,3.980661302853911,8.2314656498978e-06,True,0
4,ElasticNet,0.001,0.95,3.980946430288516,0.899773792012127,0.910026624101956,3,False,3.980946430288516,8.521313460912116e-06,True,0
4,ElasticNet,0.001,0.9,3.9811992510996546,0.9003173143745115,0.910021606372155,3,False,3.9811992510996546,7.726643395904046e-06,True,0
4,ElasticNet,0.001,0.7,3.9822653064556053,0.9024443590632754,0.9100001584655691,3,False,3.9822653064556053,9.497205847796729e-06,True,0
4,ElasticNet,0.001,0.5,3.983341223748869,0.9045159443838596,0.9099783819191819,3,False,3.983341223748869,8.452667959952154e-06,True,0
4,ElasticNet,0.001,0.3,3.9844461200435632,0.9065665858804205,0.9099558855276427,3,False,3.9844461200435632,7.508962896932093e-06,True,0
4,ElasticNet,0.001,0.1,3.985621917486782,0.9086379344279946,0.9099317759830153,3,False,3.9856219174867817,8.530349750957838e-06,True,0
4,Ridge,1.0,0.0,4.000373962483228,0.9314260188310975,0.909630113126758,3,False,4.000373962483228,0.0,True,0
4,LASSO,0.01,1.0,4.052128402904575,0.989899365187427,0.90856368115097,3,False,4.052128402904575,7.3401502758800585e-06,True,0
4,ElasticNet,0.01,0.95,4.057422671542915,0.9949679906534609,0.908448285544961,3,False,4.057422671542915,6.359825529822505e-06,True,0
4,ElasticNet,0.01,0.9,4.0628312250834435,0.9996574974764014,0.9083293932330446,3,False,4.0628312250834435,9.883341284764799e-06,True,0
4,ElasticNet,0.01,0.7,4.090303193144265,1.0209393297947775,0.9077263146315632,3,False,4.090303193144265,2.1195624984680222e-06,True,0
4,ElasticNet,0.01,0.5,4.122410369230135,1.045441173704884,0.9070207515394797,3,False,4.122410369230135,6.494318505979521e-07,True,0
4,ElasticNet,0.01,0.3,4.153049199057064,1.0679995805576745,0.9063444511319481,3,False,4.153049199057064,6.657716511170898e-06,True,0
4,ElasticNet,0.01,0.1,4.181514930752316,1.0883466380567646,0.9057126037322516,3,False,4.181514930752316,8.03601848278681e-06,True,0
14,ElasticNet,1e-06,0.3,4.187280834514731,5.059753129196447,0.910226874402699,3,False,4.187280834514731,3.709601484833366e-05,True,0
14,ElasticNet,1e-06,0.1,4.423264582926923,5.184561717761303,0.9049089771086253,3,False,4.423264582926923,2.4540082621324715e-05,True,0
4,Ridge,10.0,0.0,4.453365245380873,1.2348761325059647,0.8996552235403806,3,False,4.453365245380873,0.0,True,0
17,ElasticNet,1e-05,0.1,4.672623157364046,5.082372867773803,0.8990554127502026,3,False,4.672623157364046,3.741582459370352e-05,True,0
15,ElasticNet,1e-06,0.3,4.69139157834047,5.13804934999784,0.8983248804494318,3,False,4.69139157834047,4.6934534590944925e-05,True,0
15,ElasticNet,1e-06,0.1,5.3117671932735036,5.541940754639658,0.8850033305311422,3,False,5.311767193273504,2.958332505048589e-05,True,0
18,ElasticNet,1e-05,0.1,5.468894521019624,5.911371694209544,0.8813401883016798,3,False,5.468894521019624,3.945851001726e-05,True,0
8,ElasticNet,1.0,0.1,6.054189920265467,1.0503293556894338,0.8623566025589092,3,False,6.054189920265467,8.811518119808404e-06,True,0
16,ElasticNet,1.0,0.3,6.93357336465579,0.8200753429601301,0.8412744697748363,3,False,6.93357336465579,4.916287893003135e-05,True,0
14,ElasticNet,1.0,0.3,7.089972743115578,0.8488017246426629,0.83784677004634,3,False,7.089972743115578,3.2351603965530273e-05,True,0
13,ElasticNet,1.0,0.3,7.171987248375223,0.7831217475792721,0.8359560643255485,3,False,7.171987248375224,3.216713056025666e-05,True,0
12,ElasticNet,1.0,0.3,7.380356836401873,0.8391439389294758,0.8313504739192016,3,False,7.380356836401873,8.767122703534636e-06,True,0
11,ElasticNet,1.0,0.3,7.532741349127053,0.6861221678548194,0.8277009037504041,3,False,7.532741349127053,9.17884944290348e-06,True,0
20,ElasticNet,1e-05,0.1,8.415100939077204,8.579362766494278,0.8169658043839495,3,False,8.415100939077204,3.6360774525932584e-05,True,0
19,ElasticNet,1e-05,0.1,8.605975471694899,8.249530411692724,0.8141344520738696,3,False,8.605975471694899,4.292242378609102e-05,True,0
8,ElasticNet,1.0,0.3,9.22280658829942,0.9589738520536479,0.78941880117674,3,False,9.22280658829942,3.822814701126553e-06,True,0
14,ElasticNet,1.0,0.5,10.720036341071022,0.314180061271479,0.7537630192321458,3,False,10.720036341071022,3.415648569726759e-05,True,0
16,ElasticNet,1e-06,0.3,10.813142206780329,13.54326259034114,0.7685944202054138,3,False,10.813142206780329,2.8797556246452496e-05,True,0
11,ElasticNet,1.0,0.5,11.047649679653295,0.5988093407196423,0.7465283499726144,3,False,11.047649679653295,2.2385851630057907e-05,True,0
3,Ridge,1e-06,0.0,11.71595930359004,1.1852686198695546,0.7317958958395315,3,False,11.715959303590038,0.0,True,0
3,Ridge,1e-05,0.0,11.715959383593178,1.1852685226808153,0.731795894284958,3,False,11.715959383593178,0.0,True,0
3,Ridge,0.0001,0.0,11.715960183654213,1.1852675507913428,0.7317958787385287,3,False,11.715960183654213,0.0,True,0
3,ElasticNet,1e-06,0.1,11.71596110807913,1.1852658484104872,0.7317958752436103,3,False,11.715961108079133,1.489264488752708e-06,True,0
3,ElasticNet,1e-06,0.3,11.715961576488874,1.1852652166463404,0.731795860321984,3,False,11.715961576488874,1.266596005885761e-06,True,0
3,ElasticNet,1e-06,0.5,11.715961998530156,1.185264380050943,0.7317958463319078,3,False,11.715961998530156,1.0430443823112768e-06,True,0
3,ElasticNet,1e-06,0.7,11.715962424172204,1.1852638400015068,0.7317958329454243,3,False,11.715962424172204,8.080236386459108e-07,True,0
3,ElasticNet,1e-06,0.9,11.715963018519545,1.1852631128817326,0.731795815061013,3,False,11.715963018519545,5.893886436927911e-07,True,0
3,ElasticNet,1e-06,0.95,11.715964343299566,1.1852604792454515,0.7317957771684815,3,False,11.715964343299566,4.771633126335302e-06,True,0
3,LASSO,1e-06,1.0,11.715964398120603,1.1852603991339898,0.7317957751650654,3,False,11.715964398120603,4.773600368091998e-06,True,0
3,Ridge,0.001,0.0,11.715968187229683,1.185257831687323,0.7317957232049271,3,False,11.715968187229683,0.0,True,0
3,ElasticNet,1e-05,0.7,11.715993902122122,1.1852199910171954,0.7317951878537144,3,False,11.715993902122122,8.210331593467522e-06,True,0
3,ElasticNet,1e-05,0.1,11.715998824636694,1.1852158461581472,0.7317951308509466,3,False,11.715998824636694,9.361765000572066e-06,True,0
3,ElasticNet,1e-05,0.9,11.71599901267662,1.1852130327270756,0.7317950294238355,3,False,11.71599901267662,6.3645012822504626e-06,True,0
3,ElasticNet,1e-05,0.3,11.71599985381355,1.1852134510999277,0.7317950758550992,3,False,11.71599985381355,7.3061972298025e-06,True,0
3,ElasticNet,1e-05,0.95,11.716000289952518,1.185211238559303,0.731794989809516,3,False,11.716000289952518,5.864592747379787e-06,True,0
3,LASSO,1e-05,1.0,11.716001545400806,1.1852094351381266,0.7317949506538525,3,False,11.716001545400806,5.821699918507974e-06,True,0
3,ElasticNet,1e-05,0.5,11.716002550498532,1.1852129458435121,0.7317949855474638,3,False,11.716002550498532,9.459655605983553e-06,True,0
3,Ridge,0.01,0.0,11.71604851927337,1.1851606197842914,0.7317941609430157,3,False,11.71604851927337,0.0,True,0
3,LASSO,0.0001,1.0,11.716367482248844,1.1846579763332112,0.7317864968192019,3,False,11.716367482248844,8.836033983251998e-08,True,0
3,ElasticNet,0.0001,0.95,11.716370948124222,1.18465974824422,0.731786502439666,3,False,11.716370948124222,1.0258439852179604e-07,True,0
3,ElasticNet,0.0001,0.9,11.716374357171466,1.1846615721864584,0.7317865092662311,3,False,11.716374357171466,1.1620074376115618e-07,True,0
3,ElasticNet,0.0001,0.7,11.716388278377643,1.1846687798749358,0.7317865300638214,3,False,11.716388278377643,1.768751839609532e-07,True,0
3,ElasticNet,0.0001,0.5,11.716402756698605,1.184675784051443,0.7317865381365936,3,False,11.716402756698605,2.1411073706067686e-07,True,0
3,ElasticNet,0.0001,0.3,11.716417472917172,1.184682825267428,0.7317865403930828,3,False,11.716417472917172,2.966339314507107e-07,True,0
3,ElasticNet,0.0001,0.1,11.716432451723742,1.1846898875737375,0.7317865362970046,3,False,11.716432451723742,3.37214887549346e-07,True,0
3,Ridge,0.1,0.0,11.716881249933683,1.1841864792839907,0.7317778508014431,3,False,11.716881249933685,0.0,True,0
3,LASSO,0.001,1.0,11.720175414525727,1.1791492610406866,0.7316988517574087,3,False,11.720175414525727,8.84457551800959e-07,True,0
3,ElasticNet,0.001,0.95,11.720227674460645,1.179167130538904,0.7316985010950323,3,False,11.720227674460645,1.0132579946767412e-06,True,0
3,ElasticNet,0.001,0.9,11.720281413324736,1.1791851357988352,0.7316981139587434,3,False,11.720281413324736,1.1217743928851895e-06,True,0
3,ElasticNet,0.001,0.7,11.720516286024376,1.179254779190748,0.7316960893838074,3,False,11.720516286024376,1.6979345943255895e-06,True,0
3,ElasticNet,0.001,0.5,11.720785178813905,1.1793188650569542,0.7316932560864887,3,False,11.720785178813905,1.8401258412704784e-06,True,0
3,ElasticNet,0.001,0.3,11.721084557187686,1.1793795582617983,0.7316896917812074,3,False,11.721084557187686,2.4647280168050797e-06,True,0
3,ElasticNet,0.001,0.1,11.72141314663777,1.179437392723421,0.7316854256196909,3,False,11.72141314663777,2.8042805464494432e-06,True,0
3,Ridge,1.0,0.0,11.727942903228842,1.1743027586470571,0.7315507873710096,3,False,11.727942903228842,0.0,True,0
3,LASSO,0.01,1.0,11.771532088017386,1.1231666887300036,0.7305205589257598,3,False,11.771532088017386,8.23128225645002e-06,True,0
3,ElasticNet,0.01,0.95,11.77356172891671,1.1234839831047319,0.7304821306606254,3,False,11.77356172891671,8.137426122168875e-06,True,0
3,ElasticNet,0.01,0.9,11.775724320720933,1.1237899542583782,0.7304404586684616,3,False,11.775724320720933,8.06608894259736e-06,True,0
3,ElasticNet,0.01,0.7,11.785540643293425,1.124925405035844,0.7302452193599075,3,False,11.785540643293425,7.827614501064797e-06,True,0
3,ElasticNet,0.01,0.5,11.796889980170404,1.1259586424889276,0.7300121722512106,3,False,11.796889980170404,9.237487132304593e-06,True,0
3,ElasticNet,0.01,0.3,11.809401046806682,1.1269523048995906,0.7297502663218548,3,False,11.809401046806682,7.002947277896625e-06,True,0
3,ElasticNet,0.01,0.1,11.822775953378304,1.1279371185848523,0.7294665549400859,3,False,11.822775953378304,6.221300510886839e-06,True,0
3,Ridge,10.0,0.0,11.983666386756306,1.0910933527500266,0.7258644854083348,3,False,11.983666386756306,0.0,True,0
8,ElasticNet,1.0,0.5,12.15156762530762,1.1598000478794563,0.721730907001453,3,False,12.15156762530762,8.161992365973703e-06,True,0
3,LASSO,0.1,1.0,13.355298936054837,1.1566970563069832,0.6945864052978145,3,False,13.355298936054835,3.3825950895988166e-06,True,0
3,ElasticNet,0.1,0.95,13.360135487746666,1.1455661416992642,0.6944595186079338,3,False,13.360135487746662,3.6580108003642087e-06,True,0
3,ElasticNet,0.1,0.9,13.36526607896767,1.1366521394465587,0.6943294400486315,3,False,13.36526607896767,5.109208093365125e-06,True,0
3,ElasticNet,0.1,0.7,13.386377244620357,1.1147385875893334,0.6938185797053613,3,False,13.386377244620357,6.294800674142009e-06,True,0
3,ElasticNet,0.1,0.3,13.396554889086993,1.1262420285614552,0.6936419427288062,3,False,13.396554889086993,6.8097180909929e-06,True,0
3,ElasticNet,0.1,0.1,13.39914891550883,1.1353401827591683,0.6936159119841999,3,False,13.39914891550883,3.6455381630801087e-07,True,0
3,ElasticNet,0.1,0.5,13.402226537401496,1.1159668743496916,0.6934704133210872,3,False,13.402226537401496,3.1483146080008018e-06,True,0
14,ElasticNet,1.0,0.7,13.80747164288105,0.9204486665962381,0.6813962986783416,3,False,13.80747164288105,2.9039353124260536e-05,True,0
12,ElasticNet,1.0,0.7,13.90670278797387,0.9467804333541214,0.6793958640786036,3,False,13.90670278797387,8.204097487696238e-06,True,0
11,ElasticNet,1.0,0.7,14.093916561479292,1.02659098928796,0.6752772552794885,3,False,14.093916561479292,4.8449652658599796e-05,True,0
18,ElasticNet,1e-06,0.5,14.137262065830912,17.628916312904153,0.6954382230659482,3,False,14.137262065830912,4.8315085313607294e-05,True,0
8,ElasticNet,1.0,0.7,14.516291577252437,1.1663587357104832,0.6661217620396974,3,False,14.516291577252437,8.240284104732432e-06,True,0
3,Ridge,100.0,0.0,14.531861676978437,1.322559658054168,0.667748948516985,3,False,14.531861676978437,0.0,True,0
12,ElasticNet,1.0,0.9,16.541517056001425,1.2764307648958362,0.6173590741786782,3,False,16.541517056001425,1.9137191336393578e-05,True,0
20,ElasticNet,1e-06,0.5,16.731787996677134,17.102432935574132,0.6349745385050336,3,False,16.731787996677138,4.500985377769301e-05,True,0
8,ElasticNet,1.0,0.9,16.796255620386777,1.186875461426995,0.6123320081636332,3,False,16.796255620386777,9.205158153058335e-06,True,0
18,ElasticNet,1e-06,0.95,16.812494072522405,23.03413575154383,0.6414341100840364,3,False,16.812494072522405,3.846233775598996e-05,True,0
18,ElasticNet,1e-06,0.9,16.847519087768763,22.46516453396645,0.6396879067429658,3,False,16.847519087768763,3.720591729748733e-05,True,0
18,ElasticNet,1.0,0.95,16.955895807307467,1.8795651369628268,0.606720210711526,3,False,16.955895807307463,3.5287305288789206e-05,True,0
16,ElasticNet,1e-06,0.1,17.205607458950308,25.103102700634846,0.6339378238472445,3,False,17.205607458950308,4.544191762073e-05,True,0
11,ElasticNet,1.0,0.95,17.231519466758726,1.3759547547628705,0.601406556652779,3,False,17.231519466758726,9.708243752459822e-06,True,0
8,ElasticNet,1.0,0.95,17.271239324251816,1.2755947738312845,0.601293578270155,3,False,17.271239324251816,6.156836351300932e-06,True,0
17,ElasticNet,1e-06,0.7,17.49150825801468,21.461764156313663,0.6259543421401608,3,False,17.49150825801468,3.0760942355693645e-05,True,0
10,LASSO,1.0,1.0,17.62294274806699,1.5622936294881702,0.5922996609159034,3,False,17.62294274806699,3.386837382657326e-05,True,0
16,LASSO,1.0,1.0,17.732570976471948,1.867788768068885,0.5890766961554464,3,False,17.732570976471944,1.4338863743579289e-05,True,0
8,LASSO,1.0,1.0,17.753363925745848,1.5063686536278038,0.5899879449223318,3,False,17.753363925745848,8.838757802775987e-06,True,0
11,LASSO,1.0,1.0,17.783325695682432,1.5735215426683116,0.5883708287063395,3,False,17.783325695682432,8.740118549677156e-06,True,0
9,LASSO,1.0,1.0,17.85701032696846,1.655138119776794,0.5871022830393409,3,False,17.85701032696846,9.139563006632656e-06,True,0
14,LASSO,1.0,1.0,17.894618925917744,1.5167689507620516,0.585884561548469,3,False,17.894618925917744,1.1263692452079255e-05,True,0
20,ElasticNet,1e-06,0.7,18.320712528806897,21.080579231051615,0.6038762232260731,3,False,18.320712528806897,4.26475640339063e-05,True,0
19,ElasticNet,1e-06,0.7,18.65571289700161,17.412010189834497,0.5981471899255301,3,False,18.65571289700161,4.4429820200271786e-05,True,0
19,ElasticNet,1e-06,0.9,19.640927994909948,18.584904176943827,0.5772028477857493,3,False,19.64092799490995,4.87037369638653e-05,True,0
20,ElasticNet,10.0,0.1,21.714403625237832,1.9854612671306053,0.496815460742664,3,False,21.714403625237832,1.3928945457042374e-06,True,0
18,ElasticNet,10.0,0.1,22.052696458242114,1.8642656897703962,0.48944387492638536,3,False,22.052696458242114,6.086044612718666e-07,True,0
17,ElasticNet,10.0,0.1,22.312417126945032,1.8992094416429897,0.48356821510399395,3,False,22.312417126945032,2.2262078975821e-06,True,0
16,ElasticNet,10.0,0.1,22.510164943750965,1.749257536803177,0.4794425792054076,3,False,22.510164943750965,2.268046204179086e-07,True,0
15,ElasticNet,10.0,0.1,22.850148041573362,1.786560573155376,0.47171456801803185,3,False,22.850148041573362,5.213308864604471e-07,True,0
2,ElasticNet,0.1,0.5,22.919889049632005,4.084263872112212,0.47934967510179266,3,False,22.919889049632005,8.645820170904983e-12,True,0
2,ElasticNet,0.1,0.7,22.920664079980046,4.019500669700435,0.4791504448371245,3,False,22.920664079980046,2.556649336682426e-12,True,0
2,ElasticNet,0.1,0.3,22.923999502836452,4.147682448756569,0.47942847326068544,3,False,22.923999502836452,4.794539765207162e-12,True,0
2,ElasticNet,0.1,0.9,22.92692462870472,3.95349657443756,0.47881647030358865,3,False,22.92692462870472,6.481870595820283e-12,True,0
2,ElasticNet,0.1,0.95,22.929424297828245,3.936817191972313,0.4787100787087102,3,False,22.929424297828245,2.7268465263574626e-13,True,0
2,LASSO,0.1,1.0,22.932320026523204,3.9200714021764744,0.4785939985417625,3,False,22.932320026523204,1.389693915498924e-12,True,0
2,ElasticNet,0.1,0.1,22.93246578499635,4.2096761962120395,0.47939948473075306,3,False,22.93246578499635,2.5758215005389218e-12,True,0
2,Ridge,10.0,0.0,22.945533230417766,3.9325290394290735,0.4785184262977911,3,False,22.945533230417762,0.0,True,0
2,ElasticNet,0.01,0.1,22.962948773035436,3.8908388194267878,0.4780253224284814,3,False,22.962948773035436,3.9776532761992556e-11,True,0
2,ElasticNet,0.01,0.3,22.964983784775512,3.8831829370969326,0.4779578893939971,3,False,22.964983784775512,1.9271468101877964e-12,True,0
2,ElasticNet,0.01,0.5,22.96709383211841,3.875501932058937,0.4778886124223763,3,False,22.96709383211841,2.2548221970120075e-12,True,0
2,ElasticNet,0.01,0.7,22.969279779405095,3.8677958667857517,0.4778174707275192,3,False,22.969279779405095,2.6129307051370176e-12,True,0
2,ElasticNet,0.01,0.9,22.971542501558826,3.8600648088579463,0.47774444327137305,3,False,22.971542501558826,4.1930174610183e-13,True,0
2,ElasticNet,0.01,0.95,22.972120281715164,3.858128147689964,0.47772588926756426,3,False,22.972120281715164,4.3297310181600324e-13,True,0
2,LASSO,0.01,1.0,22.972702929542322,3.8561899301963534,0.4777072157389232,3,False,22.97270292954232,4.915859386223076e-13,True,0
2,Ridge,1.0,0.0,22.980925827717282,3.857704183286262,0.4775417166840337,3,False,22.980925827717282,0.0,True,0
2,ElasticNet,0.001,0.1,22.98324082135213,3.853355222697145,0.477478780646136,3,False,22.98324082135213,2.0391138457658345e-12,True,0
2,ElasticNet,0.001,0.3,22.983483857096505,3.8525728025231243,0.4774710796693884,3,False,22.983483857096505,1.2442949231736278e-13,True,0
2,ElasticNet,0.001,0.5,22.983727679123007,3.851790127328638,0.47746335939215023,3,False,22.983727679123007,2.543952461880883e-13,True,0
2,ElasticNet,0.001,0.7,22.983972288336783,3.851007197189338,0.4774556197926773,3,False,22.983972288336783,3.818516683407047e-14,True,0
2,ElasticNet,0.001,0.9,22.984217685637365,3.8502240121787352,0.4774478608493397,3,False,22.98421768563736,4.2618794778015445e-14,True,0
2,ElasticNet,0.001,0.95,22.984279158206217,3.850028176110956,0.4774459180884971,3,False,22.984279158206217,3.141953927934815e-13,True,0
2,LASSO,0.001,1.0,22.984340680102232,3.8498323241200514,0.4774439741169423,3,False,22.984340680102232,4.879950610270356e-14,True,0
2,Ridge,0.1,0.0,22.985235931110186,3.849980342421859,0.4774257402506376,3,False,22.985235931110186,0.0,True,0
2,ElasticNet,0.0001,0.1,22.98547340689474,3.849543598435753,0.47741930467424404,3,False,22.985473406894737,2.11713530414619e-14,True,0
2,ElasticNet,0.0001,0.3,22.985498118739812,3.849465185421796,0.4774185246929468,3,False,22.985498118739812,1.2502961854862424e-14,True,0
2,ElasticNet,0.0001,0.5,22.985522838484588,3.849386769853871,0.4774177445177608,3,False,22.985522838484588,2.6163106240945783e-14,True,0
2,ElasticNet,0.0001,0.7,22.98554756613021,3.8493083517321502,0.477416964148659,3,False,22.98554756613021,3.959113310629536e-15,True,0
2,ElasticNet,0.0001,0.9,22.985572301677365,3.849229931056627,0.4774161835856245,3,False,22.985572301677365,2.998865262018868e-14,True,0
2,ElasticNet,0.0001,0.95,22.985578486798904,3.849210325488734,0.47741598841456057,3,False,22.985578486798904,3.1107928732954093e-14,True,0
2,LASSO,0.0001,1.0,22.985584672414365,3.8491907197612343,0.47741579323137423,3,False,22.985584672414365,3.2600942887102413e-14,True,0
2,Ridge,0.01,0.0,22.985674926842105,3.8492054883569704,0.4774139530118653,3,False,22.98567492684211,0.0,True,0
2,ElasticNet,1e-05,0.1,22.985698734434106,3.849161795429918,0.4774133080286114,3,False,22.985698734434106,3.2106406936012726e-15,True,0
2,ElasticNet,1e-05,0.3,22.985701209714488,3.849153952415861,0.4774132299313328,3,False,22.985701209714488,1.982035073718434e-15,True,0
2,ElasticNet,1e-05,0.5,22.985703685073897,3.8491461093762633,0.4774131518321146,3,False,22.9857036850739,1.545461587209359e-15,True,0
2,ElasticNet,1e-05,0.7,22.985706160512347,3.8491382663111176,0.4774130737309566,3,False,22.98570616051234,1.6415235937574692e-15,True,0
2,ElasticNet,1e-05,0.9,22.985708636029823,3.849130423220428,0.4774129956278587,3,False,22.985708636029823,3.4760927724577714e-15,True,0
2,ElasticNet,1e-05,0.95,22.985709254921545,3.8491284624437654,0.4774129761017812,3,False,22.98570925492154,2.7873025204095195e-15,True,0
2,LASSO,1e-05,1.0,22.985709873818205,3.8491265016655065,0.4774129565755822,3,False,22.985709873818205,2.792430457872197e-15,True,0
2,ElasticNet,1e-06,0.95,22.985714971461743,3.8491189875602214,0.4774128257105234,3,False,22.985714971461743,9.9318198440166e-06,True,0
2,ElasticNet,1e-06,0.9,22.985717204413174,3.8491166162314774,0.47741278238859897,3,False,22.985717204413174,1.8696573270921716e-06,True,0
2,ElasticNet,1e-06,0.7,22.985717325163176,3.849116991184736,0.47741278161734835,3,False,22.985717325163176,1.6342247330327135e-06,True,0
2,ElasticNet,1e-06,0.5,22.985717445912545,3.849117366140267,0.4774127808461109,3,False,22.985717445912545,1.4894295600739898e-06,True,0
2,ElasticNet,1e-06,0.3,22.985717566661297,3.8491177410980684,0.47741278007488636,3,False,22.985717566661297,1.5538504221713387e-06,True,0
2,ElasticNet,1e-06,0.1,22.985717687409423,3.8491181160581385,0.4774127793036748,3,False,22.985717687409423,1.618270826256601e-06,True,0
2,Ridge,0.001,0.0,22.985718906553952,3.8491279781935814,0.47741277238530966,3,False,22.985718906553945,0.0,True,0
2,Ridge,0.0001,0.0,22.985723305326804,3.8491202269296174,0.47741265430362056,3,False,22.985723305326804,0.0,True,0
2,Ridge,1e-05,0.0,22.98572374521211,3.849119451800741,0.47741264249526133,3,False,22.98572374521211,0.0,True,0
2,Ridge,1e-06,0.0,22.98572378920072,3.849119374287831,0.4774126413144235,3,False,22.98572378920072,0.0,True,0
2,LASSO,1e-06,1.0,22.985725166116538,3.8491235736880354,0.47741261249829364,3,False,22.985725166116534,9.000000000262308e-06,True,0
2,Ridge,100.0,0.0,23.14730601920357,4.487992146070901,0.4750622819712819,3,False,23.14730601920357,0.0,True,0
14,ElasticNet,10.0,0.1,23.148977925119528,1.622732034103404,0.4654707500380053,3,False,23.148977925119528,5.234513362761817e-07,True,0
17,ElasticNet,1e-06,0.3,23.180541956697738,32.15231280889081,0.5058666756891833,3,False,23.180541956697738,2.639616039077691e-05,True,0
13,ElasticNet,10.0,0.1,23.63633523016743,1.6726583961625967,0.45434252666491853,3,False,23.63633523016743,5.973316101748338e-07,True,0
17,ElasticNet,1e-06,0.5,23.983320912281872,34.72512608933205,0.4904158859369832,3,False,23.983320912281872,4.7026239410116135e-05,True,0
12,ElasticNet,10.0,0.1,24.063519737810093,1.5683942028053517,0.4454852413372236,3,False,24.063519737810093,4.116435751155834e-06,True,0
20,ElasticNet,1e-06,0.1,24.293735060378243,26.30398412855032,0.47245306460329567,3,False,24.293735060378243,3.622564193085936e-05,True,0
18,ElasticNet,1e-06,0.3,24.566753135905753,31.218942876011226,0.46766265098448495,3,False,24.566753135905753,2.6989749948216106e-05,True,0
11,ElasticNet,10.0,0.1,24.746113128848346,1.5937666820830725,0.4297811822004592,3,False,24.746113128848346,2.1403002481434896e-08,True,0
20,ElasticNet,1e-06,0.3,25.26712176113327,30.824334604607554,0.45560321977483387,3,False,25.26712176113327,3.090669894085353e-05,True,0
19,ElasticNet,1e-06,0.5,25.288264276327876,30.83945832637873,0.4605220647916813,3,False,25.288264276327876,3.7353330722688825e-05,True,0
8,ElasticNet,10.0,0.1,27.44656746489019,2.4568642519110337,0.37130297529020323,3,False,27.44656746489019,2.434825560948539e-06,True,0
2,ElasticNet,1.0,0.1,27.49379483589573,5.15544152568059,0.37646485340680863,3,False,27.49379483589573,1.5265566588595902e-15,True,0
2,ElasticNet,1.0,0.3,27.55790018806576,4.954409329563558,0.3744608496651202,3,False,27.55790018806576,1.3877787807814457e-15,True,0
2,ElasticNet,1.0,0.5,27.585987279408243,4.79542827517585,0.37331156784261726,3,False,27.585987279408243,1.1102230246251565e-15,True,0
2,ElasticNet,1.0,0.7,27.60684696205234,4.63882579325118,0.3722326368738569,3,False,27.60684696205234,1.1102230246251565e-15,True,0
2,ElasticNet,1.0,0.9,27.688863762131636,4.447647171282955,0.3694537571324794,3,False,27.688863762131636,2.7755575615628914e-15,True,0
2,ElasticNet,1.0,0.95,27.732998849188576,4.397951505226648,0.36814414496609366,3,False,27.732998849188576,6.217248937900877e-15,True,0
2,LASSO,1.0,1.0,27.79188511504606,4.349720873533201,0.3664561371594958,3,False,27.791885115046057,1.7430501486614958e-14,True,0
17,ElasticNet,1e-06,0.1,29.39977857955674,39.43706176521061,0.3741340661675234,3,False,29.39977857955674,2.4553772363539428e-05,True,0
2,Ridge,1000.0,0.0,31.169558462596513,5.363625053086632,0.29238933094480973,3,False,31.169558462596516,0.0,True,0
18,ElasticNet,1e-06,0.1,31.47160581728885,45.05260317986387,0.327214530775563,3,False,31.47160581728885,2.168736125342025e-05,True,0
1,ElasticNet,0.1,0.5,33.61441374423162,1.3587024267181358,0.22859403418947044,3,False,33.61441374423162,1.7069679003611782e-15,True,0
1,ElasticNet,0.1,0.3,33.621282123557386,1.479803936125156,0.22866462622076592,3,False,33.621282123557386,1.3322676295501878e-15,True,0
1,ElasticNet,0.1,0.7,33.621642825251165,1.244456623111632,0.22821008878011495,3,False,33.62164282525116,1.3461454173580023e-15,True,0
1,ElasticNet,0.1,0.1,33.63081887166889,1.5954373063800862,0.22866308655660791,3,False,33.630818871668886,1.214306433183765e-15,True,0
1,ElasticNet,0.1,0.9,33.63315227712707,1.1248036685799474,0.22771718722058107,3,False,33.63315227712707,1.3461454173580023e-15,True,0
1,ElasticNet,0.1,0.95,33.636643596202696,1.0938769839637863,0.22757788761298914,3,False,33.63664359620269,1.3322676295501878e-15,True,0
1,LASSO,0.1,1.0,33.640394145920204,1.0625310345011107,0.22743181490597764,3,False,33.640394145920204,5.551115123125783e-16,True,0
1,Ridge,100.0,0.0,33.69351548868418,2.1177399700367916,0.22819946504507527,3,False,33.69351548868418,0.0,True,0
1,Ridge,10.0,0.0,33.70294268289788,1.1012054536309988,0.2260677130505022,3,False,33.70294268289788,0.0,True,0
1,ElasticNet,0.01,0.1,33.71941173141274,1.0290120017705298,0.2255497671305304,3,False,33.71941173141274,1.0555792351318871e-15,True,0
1,ElasticNet,0.01,0.3,33.720499799357185,1.0151005142323515,0.2254979006293085,3,False,33.720499799357185,1.2117043479697998e-15,True,0
1,ElasticNet,0.01,0.5,33.72163298910746,1.001132754481969,0.22544485611543263,3,False,33.72163298910746,8.803721640582296e-16,True,0
1,ElasticNet,0.01,0.7,33.72281181051529,0.9871091685549213,0.22539062083593608,3,False,33.72281181051528,1.7642137750684128e-15,True,0
1,ElasticNet,0.01,0.9,33.72403677943165,0.9730302653302727,0.22533518189024085,3,False,33.72403677943165,7.216449660063518e-16,True,0
1,ElasticNet,0.01,0.95,33.724350293237904,0.9695019622692808,0.2253211325549751,3,False,33.724350293237904,9.384854005034526e-16,True,0
1,LASSO,0.01,1.0,33.72466673206902,0.9659702473291443,0.2253070069702974,3,False,33.72466673206902,4.527628272299467e-16,True,0
1,Ridge,1.0,0.0,33.73605198992322,0.9730783913736618,0.2250583715661757,3,False,33.73605198992322,0.0,True,0
1,ElasticNet,0.001,0.1,33.738029913805235,0.9656618799327252,0.2249984212174174,3,False,33.738029913805235,8.783799425662875e-16,True,0
1,ElasticNet,0.001,0.3,33.73816567294818,0.9642488604700243,0.2249925548954224,3,False,33.738165672948185,7.511894752065817e-16,True,0
1,ElasticNet,0.001,0.5,33.738301907035094,0.9628353053117106,0.22498667620817317,3,False,33.738301907035094,1.2756722761464445e-15,True,0
1,ElasticNet,0.001,0.7,33.738438616598756,0.9614212151701552,0.2249807851423561,3,False,33.73843861659876,1.2441219929271163e-15,True,0
1,ElasticNet,0.001,0.9,33.738575802172626,0.9600065907660487,0.22497488168464197,3,False,33.738575802172626,1.4804780665289563e-15,True,0
1,ElasticNet,0.001,0.95,33.73861017300526,0.9596528512717458,0.22497340388241607,3,False,33.73861017300526,1.5713342085832416e-15,True,0
1,LASSO,0.001,1.0,33.73864457363025,0.9592990784430234,0.22497192530465407,3,False,33.738644573630246,1.6547093556473769e-15,True,0
1,Ridge,0.1,0.0,33.73980503860683,0.9600101199187047,0.2249465561199102,3,False,33.73980503860683,0.0,True,0
1,ElasticNet,0.0001,0.1,33.74000627661386,0.9592666368505941,0.22494047624885002,3,False,33.740006276613855,1.5497331743623624e-15,True,0
1,ElasticNet,0.0001,0.3,33.740020129778536,0.9591251250886788,0.2249398826316604,3,False,33.740020129778536,5.975478629700187e-16,True,0
1,ElasticNet,0.0001,0.5,33.740033987717,0.958983608004074,0.22493928889021778,3,False,33.740033987717,7.259207883240915e-16,True,0
1,ElasticNet,0.0001,0.7,33.7400478504298,0.9588420855975313,0.224938695024509,3,False,33.7400478504298,1.1220137232509364e-15,True,0
1,ElasticNet,0.0001,0.9,33.74006171791746,0.9587005578697877,0.22493810103452042,3,False,33.74006171791746,9.289579739127363e-16,True,0
1,ElasticNet,0.0001,0.95,33.740065185535514,0.9586651751065011,0.22493795251760296,3,False,33.740065185535514,6.459812068940196e-16,True,0
1,LASSO,0.0001,1.0,33.740068653452035,0.9586297920106956,0.224937803992917,3,False,33.740068653452035,1.1722529414184835e-15,True,0
1,Ridge,0.01,0.0,33.740184919182646,0.9587008985072348,0.22493526202184652,3,False,33.740184919182646,0.0,True,0
1,ElasticNet,1e-05,0.1,33.74019950336614,0.9586224966258576,0.22493477463607314,3,False,33.74019950336614,6.918253716438664e-06,True,0
1,ElasticNet,1e-05,0.9,33.74020145183314,0.9585604353142002,0.22493460719470026,3,False,33.74020145183314,9.809834023765614e-06,True,0
1,ElasticNet,1e-05,0.95,33.74020237066734,0.958557153725874,0.22493457961475571,3,False,33.74020237066734,9.592769366996488e-06,True,0
1,ElasticNet,1e-05,0.3,33.74020251370841,0.9586095177455338,0.22493467985821203,3,False,33.74020251370841,4.797014582417644e-06,True,0
1,LASSO,1e-05,1.0,33.74020328951038,0.9585538721362844,0.22493455203459914,3,False,33.74020328951038,9.375703468022364e-06,True,0
1,ElasticNet,1e-05,0.5,33.74020552417363,0.9585965388968325,0.22493458507746963,3,False,33.74020552417363,3.7714217087567727e-06,True,0
1,ElasticNet,1e-05,0.7,33.74020825330044,0.958584045506869,0.22493449769855708,3,False,33.74020825330044,9.716046148079424e-06,True,0
1,LASSO,1e-06,1.0,33.74021419495912,0.9585446867202885,0.2249342828946879,3,False,33.74021419495912,9.000000000132747e-06,True,0
1,ElasticNet,1e-06,0.95,33.740214925176,0.958545843625295,0.2249342684190894,3,False,33.740214925176,9.28111733814079e-06,True,0
1,ElasticNet,1e-06,0.9,33.7402156553923,0.9585470005314343,0.22493425394350272,3,False,33.7402156553923,9.562234467051534e-06,True,0
1,ElasticNet,1e-06,0.1,33.740222798347,0.9585609117370643,0.2249341174898758,3,False,33.740222798347,2.1347968689211165e-06,True,0
1,Ridge,0.001,0.0,33.7402229531561,0.9585699526303102,0.22493413148266247,3,False,33.7402229531561,0.0,True,0
1,ElasticNet,1e-06,0.3,33.74022321225063,0.9585596326524765,0.22493410544755207,3,False,33.74022321225063,1.74707833814086e-06,True,0
1,ElasticNet,1e-06,0.5,33.740223626158084,0.9585583535695392,0.2249340934051419,3,False,33.74022362615808,1.3593581182410253e-06,True,0
1,ElasticNet,1e-06,0.7,33.740224032313535,0.9585570878644261,0.22493408156668604,3,False,33.740224032313535,1.0678358326812425e-06,True,0
1,Ridge,0.0001,0.0,33.74022675701277,0.9585568578054674,0.2249340184174464,3,False,33.74022675701277,0.0,True,0
1,Ridge,1e-05,0.0,33.740227137403025,0.9585555483206107,0.22493400711081182,3,False,33.740227137403025,0.0,True,0
1,Ridge,1e-06,0.0,33.7402271754421,0.9585554173721057,0.2249340059801472,3,False,33.7402271754421,0.0,True,0
1,LASSO,1.0,1.0,35.145317160625616,2.175350232800834,0.194834182662172,3,False,35.145317160625616,1.3322676295501878e-15,True,0
1,ElasticNet,1.0,0.95,35.14935757010389,2.366362314563694,0.19510189259801422,3,False,35.14935757010389,8.881784197001252e-16,True,0
1,ElasticNet,1.0,0.9,35.15989278121657,2.534027441935395,0.19517586585813784,3,False,35.15989278121657,8.881784197001252e-16,True,0
1,ElasticNet,1.0,0.7,35.23848288675489,3.0366058153563946,0.19431475107071602,3,False,35.23848288675489,8.881784197001252e-16,True,0
1,ElasticNet,1.0,0.5,35.3764986812011,3.380345418314752,0.19180638335269962,3,False,35.376498681201106,9.992007221626409e-16,True,0
1,ElasticNet,1.0,0.3,35.52288623465794,3.6286886809758117,0.18892669302692053,3,False,35.52288623465794,8.326672684688674e-16,True,0
1,ElasticNet,1.0,0.1,35.64593617014031,3.8352409348175027,0.18650270271050698,3,False,35.64593617014031,1.1934897514720433e-15,True,0
1,Ridge,1000.0,0.0,37.561598103119145,4.498953743857921,0.14367702679041958,3,False,37.561598103119145,0.0,True,0
19,ElasticNet,1e-06,0.1,39.36337389295087,41.307728618381134,0.15631343855139537,3,False,39.36337389295087,2.649509582552903e-05,True,0
19,ElasticNet,1e-06,0.3,41.865496741061754,55.69969534504827,0.11091207362766882,3,False,41.865496741061754,3.699616352202172e-05,True,0
20,ElasticNet,10.0,0.3,41.997579745399825,6.400063618856926,0.04519688670642382,3,False,41.997579745399825,5.097685962685006e-06,True,0
19,ElasticNet,10.0,0.3,41.997580502451676,6.400062311721032,0.04519686678930109,3,False,41.997580502451676,3.6218901797724357e-06,True,0
17,ElasticNet,10.0,0.3,42.058757389642345,6.3527537675783625,0.043701727102047484,3,False,42.05875738964235,1.7653173864928817e-06,True,0
18,ElasticNet,10.0,0.3,42.058757430458506,6.352753697040092,0.04370172602803046,3,False,42.058757430458506,8.719193029804728e-07,True,0
15,ElasticNet,10.0,0.3,42.129498906439075,6.300452552829498,0.04197701572400351,3,False,42.129498906439075,1.4575001960892564e-07,True,0
16,ElasticNet,10.0,0.3,42.12949890933921,6.300452553330681,0.04197701565845069,3,False,42.12949890933921,1.4428526995402535e-07,True,0
13,ElasticNet,10.0,0.3,42.208429589471294,6.248888287230721,0.04006517208757576,3,False,42.208429589471294,4.874806514010288e-08,True,0
14,ElasticNet,10.0,0.3,42.20842959753267,6.248888269917376,0.04006517186883474,3,False,42.20842959753267,2.7051092921226427e-08,True,0
12,ElasticNet,10.0,0.3,42.297918236464824,6.189889874685005,0.03789554411939411,3,False,42.297918236464824,9.055346295028244e-08,True,0
11,ElasticNet,10.0,0.3,42.297920662697386,6.1898924400797375,0.03789549335069886,3,False,42.297920662697386,6.742071622767298e-06,True,0
8,ElasticNet,10.0,0.3,42.56416276520346,6.054445709515705,0.0315107711964732,3,False,42.56416276520346,2.0478714723992653e-08,True,0
1,ElasticNet,10.0,0.1,42.65229280357122,5.081035894641194,0.027601507072028058,3,False,42.65229280357122,2.4424906541753444e-15,True,0
1,Ridge,10000.0,0.0,42.8748779500231,5.140990975606213,0.022590296963006296,3,False,42.8748779500231,0.0,True,0
1,ElasticNet,10.0,0.3,43.86268493112339,5.393117428815563,0.0003298571600952223,3,False,43.86268493112339,1.3322676295501878e-15,True,0
1,Ridge,100000.0,0.0,43.8885002932115,5.195523730299982,-0.0006422392234330202,3,False,43.8885002932115,0.0,True,0
1,Ridge,1000000.0,0.0,43.99839535116408,5.200645807732024,-0.0031626192120364216,3,False,43.998395351164085,0.0,True,0
1,LASSO,10.0,1.0,44.01070879941302,5.201210723418781,-0.0034450387428896314,3,False,44.01070879941302,0.0,True,0
1,LASSO,100.0,1.0,44.01070879941302,5.201210723418781,-0.0034450387428896314,3,False,44.01070879941302,0.0,True,0
1,LASSO,1000.0,1.0,44.01070879941302,5.201210723418781,-0.0034450387428896314,3,False,44.01070879941302,0.0,True,0
1,LASSO,10000.0,1.0,44.01070879941302,5.201210723418781,-0.0034450387428896314,3,False,44.01070879941302,0.0,True,0
1,LASSO,100000.0,1.0,44.01070879941302,5.201210723418781,-0.0034450387428896314,3,False,44.01070879941302,0.0,True,0
1,LASSO,1000000.0,1.0,44.01070879941302,5.201210723418781,-0.0034450387428896314,3,False,44.01070879941302,0.0,True,0
1,ElasticNet,100.0,0.1,44.01070879941302,5.201210723418781,-0.0034450387428896314,3,False,44.01070879941302,0.0,True,0
1,ElasticNet,1000.0,0.1,44.01070879941302,5.201210723418781,-0.0034450387428896314,3,False,44.01070879941302,0.0,True,0
1,ElasticNet,10000.0,0.1,44.01070879941302,5.201210723418781,-0.0034450387428896314,3,False,44.01070879941302,0.0,True,0
1,ElasticNet,100000.0,0.1,44.01070879941302,5.201210723418781,-0.0034450387428896314,3,False,44.01070879941302,0.0,True,0
1,ElasticNet,1000000.0,0.1,44.01070879941302,5.201210723418781,-0.0034450387428896314,3,False,44.01070879941302,0.0,True,0
1,ElasticNet,100.0,0.3,44.01070879941302,5.201210723418781,-0.0034450387428896314,3,False,44.01070879941302,0.0,True,0
1,ElasticNet,1000.0,0.3,44.01070879941302,5.201210723418781,-0.0034450387428896314,3,False,44.01070879941302,0.0,True,0
1,ElasticNet,10000.0,0.3,44.01070879941302,5.201210723418781,-0.0034450387428896314,3,False,44.01070879941302,0.0,True,0
1,ElasticNet,100000.0,0.3,44.01070879941302,5.201210723418781,-0.0034450387428896314,3,False,44.01070879941302,0.0,True,0
1,ElasticNet,1000000.0,0.3,44.01070879941302,5.201210723418781,-0.0034450387428896314,3,False,44.01070879941302,0.0,True,0
1,ElasticNet,10.0,0.5,44.01070879941302,5.201210723418781,-0.0034450387428896314,3,False,44.01070879941302,0.0,True,0
1,ElasticNet,100.0,0.5,44.01070879941302,5.201210723418781,-0.0034450387428896314,3,False,44.01070879941302,0.0,True,0
1,ElasticNet,1000.0,0.5,44.01070879941302,5.201210723418781,-0.0034450387428896314,3,False,44.01070879941302,0.0,True,0
1,ElasticNet,10000.0,0.5,44.01070879941302,5.201210723418781,-0.0034450387428896314,3,False,44.01070879941302,0.0,True,0
1,ElasticNet,100000.0,0.5,44.01070879941302,5.201210723418781,-0.0034450387428896314,3,False,44.01070879941302,0.0,True,0
1,ElasticNet,1000000.0,0.5,44.01070879941302,5.201210723418781,-0.0034450387428896314,3,False,44.01070879941302,0.0,True,0
1,ElasticNet,10.0,0.7,44.01070879941302,5.201210723418781,-0.0034450387428896314,3,False,44.01070879941302,0.0,True,0
1,ElasticNet,100.0,0.7,44.01070879941302,5.201210723418781,-0.0034450387428896314,3,False,44.01070879941302,0.0,True,0
1,ElasticNet,1000.0,0.7,44.01070879941302,5.201210723418781,-0.0034450387428896314,3,False,44.01070879941302,0.0,True,0
1,ElasticNet,10000.0,0.7,44.01070879941302,5.201210723418781,-0.0034450387428896314,3,False,44.01070879941302,0.0,True,0
1,ElasticNet,100000.0,0.7,44.01070879941302,5.201210723418781,-0.0034450387428896314,3,False,44.01070879941302,0.0,True,0
1,ElasticNet,1000000.0,0.7,44.01070879941302,5.201210723418781,-0.0034450387428896314,3,False,44.01070879941302,0.0,True,0
1,ElasticNet,10.0,0.9,44.01070879941302,5.201210723418781,-0.0034450387428896314,3,False,44.01070879941302,0.0,True,0
1,ElasticNet,100.0,0.9,44.01070879941302,5.201210723418781,-0.0034450387428896314,3,False,44.01070879941302,0.0,True,0
1,ElasticNet,1000.0,0.9,44.01070879941302,5.201210723418781,-0.0034450387428896314,3,False,44.01070879941302,0.0,True,0
1,ElasticNet,10000.0,0.9,44.01070879941302,5.201210723418781,-0.0034450387428896314,3,False,44.01070879941302,0.0,True,0
1,ElasticNet,100000.0,0.9,44.01070879941302,5.201210723418781,-0.0034450387428896314,3,False,44.01070879941302,0.0,True,0
1,ElasticNet,1000000.0,0.9,44.01070879941302,5.201210723418781,-0.0034450387428896314,3,False,44.01070879941302,0.0,True,0
1,ElasticNet,10.0,0.95,44.01070879941302,5.201210723418781,-0.0034450387428896314,3,False,44.01070879941302,0.0,True,0
1,ElasticNet,100.0,0.95,44.01070879941302,5.201210723418781,-0.0034450387428896314,3,False,44.01070879941302,0.0,True,0
1,ElasticNet,1000.0,0.95,44.01070879941302,5.201210723418781,-0.0034450387428896314,3,False,44.01070879941302,0.0,True,0
1,ElasticNet,10000.0,0.95,44.01070879941302,5.201210723418781,-0.0034450387428896314,3,False,44.01070879941302,0.0,True,0
1,ElasticNet,100000.0,0.95,44.01070879941302,5.201210723418781,-0.0034450387428896314,3,False,44.01070879941302,0.0,True,0
1,ElasticNet,1000000.0,0.95,44.01070879941302,5.201210723418781,-0.0034450387428896314,3,False,44.01070879941302,0.0,True,0
8,LASSO,10.0,1.0,44.01070879941302,5.201210723418781,-0.0034450387428896314,3,False,44.01070879941302,0.0,True,0
8,LASSO,100.0,1.0,44.01070879941302,5.201210723418781,-0.0034450387428896314,3,False,44.01070879941302,0.0,True,0
8,LASSO,1000.0,1.0,44.01070879941302,5.201210723418781,-0.0034450387428896314,3,False,44.01070879941302,0.0,True,0
8,LASSO,10000.0,1.0,44.01070879941302,5.201210723418781,-0.0034450387428896314,3,False,44.01070879941302,0.0,True,0
8,LASSO,100000.0,1.0,44.01070879941302,5.201210723418781,-0.0034450387428896314,3,False,44.01070879941302,0.0,True,0
8,LASSO,1000000.0,1.0,44.01070879941302,5.201210723418781,-0.0034450387428896314,3,False,44.01070879941302,0.0,True,0
8,ElasticNet,100.0,0.1,44.01070879941302,5.201210723418781,-0.0034450387428896314,3,False,44.01070879941302,0.0,True,0
8,ElasticNet,1000.0,0.1,44.01070879941302,5.201210723418781,-0.0034450387428896314,3,False,44.01070879941302,0.0,True,0
8,ElasticNet,10000.0,0.1,44.01070879941302,5.201210723418781,-0.0034450387428896314,3,False,44.01070879941302,0.0,True,0
8,ElasticNet,100000.0,0.1,44.01070879941302,5.201210723418781,-0.0034450387428896314,3,False,44.01070879941302,0.0,True,0
8,ElasticNet,1000000.0,0.1,44.01070879941302,5.201210723418781,-0.0034450387428896314,3,False,44.01070879941302,0.0,True,0
8,ElasticNet,100.0,0.3,44.01070879941302,5.201210723418781,-0.0034450387428896314,3,False,44.01070879941302,0.0,True,0
8,ElasticNet,1000.0,0.3,44.01070879941302,5.201210723418781,-0.0034450387428896314,3,False,44.01070879941302,0.0,True,0
8,ElasticNet,10000.0,0.3,44.01070879941302,5.201210723418781,-0.0034450387428896314,3,False,44.01070879941302,0.0,True,0
8,ElasticNet,100000.0,0.3,44.01070879941302,5.201210723418781,-0.0034450387428896314,3,False,44.01070879941302,0.0,True,0
8,ElasticNet,1000000.0,0.3,44.01070879941302,5.201210723418781,-0.0034450387428896314,3,False,44.01070879941302,0.0,True,0
8,ElasticNet,10.0,0.5,44.01070879941302,5.201210723418781,-0.0034450387428896314,3,False,44.01070879941302,0.0,True,0
8,ElasticNet,100.0,0.5,44.01070879941302,5.201210723418781,-0.0034450387428896314,3,False,44.01070879941302,0.0,True,0
8,ElasticNet,1000.0,0.5,44.01070879941302,5.201210723418781,-0.0034450387428896314,3,False,44.01070879941302,0.0,True,0
8,ElasticNet,10000.0,0.5,44.01070879941302,5.201210723418781,-0.0034450387428896314,3,False,44.01070879941302,0.0,True,0
8,ElasticNet,100000.0,0.5,44.01070879941302,5.201210723418781,-0.0034450387428896314,3,False,44.01070879941302,0.0,True,0
8,ElasticNet,1000000.0,0.5,44.01070879941302,5.201210723418781,-0.0034450387428896314,3,False,44.01070879941302,0.0,True,0
8,ElasticNet,10.0,0.7,44.01070879941302,5.201210723418781,-0.0034450387428896314,3,False,44.01070879941302,0.0,True,0
8,ElasticNet,100.0,0.7,44.01070879941302,5.201210723418781,-0.0034450387428896314,3,False,44.01070879941302,0.0,True,0
8,ElasticNet,1000.0,0.7,44.01070879941302,5.201210723418781,-0.0034450387428896314,3,False,44.01070879941302,0.0,True,0
8,ElasticNet,10000.0,0.7,44.01070879941302,5.201210723418781,-0.0034450387428896314,3,False,44.01070879941302,0.0,True,0
8,ElasticNet,100000.0,0.7,44.01070879941302,5.201210723418781,-0.0034450387428896314,3,False,44.01070879941302,0.0,True,0
8,ElasticNet,1000000.0,0.7,44.01070879941302,5.201210723418781,-0.0034450387428896314,3,False,44.01070879941302,0.0,True,0
8,ElasticNet,10.0,0.9,44.01070879941302,5.201210723418781,-0.0034450387428896314,3,False,44.01070879941302,0.0,True,0
8,ElasticNet,100.0,0.9,44.01070879941302,5.201210723418781,-0.0034450387428896314,3,False,44.01070879941302,0.0,True,0
8,ElasticNet,1000.0,0.9,44.01070879941302,5.201210723418781,-0.0034450387428896314,3,False,44.01070879941302,0.0,True,0
8,ElasticNet,10000.0,0.9,44.01070879941302,5.201210723418781,-0.0034450387428896314,3,False,44.01070879941302,0.0,True,0
8,ElasticNet,100000.0,0.9,44.01070879941302,5.201210723418781,-0.0034450387428896314,3,False,44.01070879941302,0.0,True,0
8,ElasticNet,1000000.0,0.9,44.01070879941302,5.201210723418781,-0.0034450387428896314,3,False,44.01070879941302,0.0,True,0
8,ElasticNet,10.0,0.95,44.01070879941302,5.201210723418781,-0.0034450387428896314,3,False,44.01070879941302,0.0,True,0
8,ElasticNet,100.0,0.95,44.01070879941302,5.201210723418781,-0.0034450387428896314,3,False,44.01070879941302,0.0,True,0
8,ElasticNet,1000.0,0.95,44.01070879941302,5.201210723418781,-0.0034450387428896314,3,False,44.01070879941302,0.0,True,0
8,ElasticNet,10000.0,0.95,44.01070879941302,5.201210723418781,-0.0034450387428896314,3,False,44.01070879941302,0.0,True,0
8,ElasticNet,100000.0,0.95,44.01070879941302,5.201210723418781,-0.0034450387428896314,3,False,44.01070879941302,0.0,True,0
8,ElasticNet,1000000.0,0.95,44.01070879941302,5.201210723418781,-0.0034450387428896314,3,False,44.01070879941302,0.0,True,0
9,LASSO,10.0,1.0,44.01070879941302,5.201210723418781,-0.0034450387428896314,3,False,44.01070879941302,0.0,True,0
9,LASSO,100.0,1.0,44.01070879941302,5.201210723418781,-0.0034450387428896314,3,False,44.01070879941302,0.0,True,0
9,LASSO,1000.0,1.0,44.01070879941302,5.201210723418781,-0.0034450387428896314,3,False,44.01070879941302,0.0,True,0
9,LASSO,10000.0,1.0,44.01070879941302,5.201210723418781,-0.0034450387428896314,3,False,44.01070879941302,0.0,True,0
9,LASSO,100000.0,1.0,44.01070879941302,5.201210723418781,-0.0034450387428896314,3,False,44.01070879941302,0.0,True,0
9,LASSO,1000000.0,1.0,44.01070879941302,5.201210723418781,-0.0034450387428896314,3,False,44.01070879941302,0.0,True,0
10,LASSO,10.0,1.0,44.01070879941302,5.201210723418781,-0.0034450387428896314,3,False,44.01070879941302,0.0,True,0
10,LASSO,100.0,1.0,44.01070879941302,5.201210723418781,-0.0034450387428896314,3,False,44.01070879941302,0.0,True,0
10,LASSO,1000.0,1.0,44.01070879941302,5.201210723418781,-0.0034450387428896314,3,False,44.01070879941302,0.0,True,0
10,LASSO,10000.0,1.0,44.01070879941302,5.201210723418781,-0.0034450387428896314,3,False,44.01070879941302,0.0,True,0
10,LASSO,100000.0,1.0,44.01070879941302,5.201210723418781,-0.0034450387428896314,3,False,44.01070879941302,0.0,True,0
10,LASSO,1000000.0,1.0,44.01070879941302,5.201210723418781,-0.0034450387428896314,3,False,44.01070879941302,0.0,True,0
11,LASSO,10.0,1.0,44.01070879941302,5.201210723418781,-0.0034450387428896314,3,False,44.01070879941302,0.0,True,0
11,LASSO,100.0,1.0,44.01070879941302,5.201210723418781,-0.0034450387428896314,3,False,44.01070879941302,0.0,True,0
11,LASSO,1000.0,1.0,44.01070879941302,5.201210723418781,-0.0034450387428896314,3,False,44.01070879941302,0.0,True,0
11,LASSO,10000.0,1.0,44.01070879941302,5.201210723418781,-0.0034450387428896314,3,False,44.01070879941302,0.0,True,0
11,LASSO,100000.0,1.0,44.01070879941302,5.201210723418781,-0.0034450387428896314,3,False,44.01070879941302,0.0,True,0
11,LASSO,1000000.0,1.0,44.01070879941302,5.201210723418781,-0.0034450387428896314,3,False,44.01070879941302,0.0,True,0
11,ElasticNet,100.0,0.1,44.01070879941302,5.201210723418781,-0.0034450387428896314,3,False,44.01070879941302,0.0,True,0
11,ElasticNet,1000.0,0.1,44.01070879941302,5.201210723418781,-0.0034450387428896314,3,False,44.01070879941302,0.0,True,0
11,ElasticNet,10000.0,0.1,44.01070879941302,5.201210723418781,-0.0034450387428896314,3,False,44.01070879941302,0.0,True,0
11,ElasticNet,100000.0,0.1,44.01070879941302,5.201210723418781,-0.0034450387428896314,3,False,44.01070879941302,0.0,True,0
11,ElasticNet,1000000.0,0.1,44.01070879941302,5.201210723418781,-0.0034450387428896314,3,False,44.01070879941302,0.0,True,0
11,ElasticNet,100.0,0.3,44.01070879941302,5.201210723418781,-0.0034450387428896314,3,False,44.01070879941302,0.0,True,0
11,ElasticNet,1000.0,0.3,44.01070879941302,5.201210723418781,-0.0034450387428896314,3,False,44.01070879941302,0.0,True,0
11,ElasticNet,10000.0,0.3,44.01070879941302,5.201210723418781,-0.0034450387428896314,3,False,44.01070879941302,0.0,True,0
11,ElasticNet,100000.0,0.3,44.01070879941302,5.201210723418781,-0.0034450387428896314,3,False,44.01070879941302,0.0,True,0
11,ElasticNet,1000000.0,0.3,44.01070879941302,5.201210723418781,-0.0034450387428896314,3,False,44.01070879941302,0.0,True,0
11,ElasticNet,10.0,0.5,44.01070879941302,5.201210723418781,-0.0034450387428896314,3,False,44.01070879941302,0.0,True,0
11,ElasticNet,100.0,0.5,44.01070879941302,5.201210723418781,-0.0034450387428896314,3,False,44.01070879941302,0.0,True,0
11,ElasticNet,1000.0,0.5,44.01070879941302,5.201210723418781,-0.0034450387428896314,3,False,44.01070879941302,0.0,True,0
11,ElasticNet,10000.0,0.5,44.01070879941302,5.201210723418781,-0.0034450387428896314,3,False,44.01070879941302,0.0,True,0
11,ElasticNet,100000.0,0.5,44.01070879941302,5.201210723418781,-0.0034450387428896314,3,False,44.01070879941302,0.0,True,0
11,ElasticNet,1000000.0,0.5,44.01070879941302,5.201210723418781,-0.0034450387428896314,3,False,44.01070879941302,0.0,True,0
11,ElasticNet,10.0,0.7,44.01070879941302,5.201210723418781,-0.0034450387428896314,3,False,44.01070879941302,0.0,True,0
11,ElasticNet,100.0,0.7,44.01070879941302,5.201210723418781,-0.0034450387428896314,3,False,44.01070879941302,0.0,True,0
11,ElasticNet,1000.0,0.7,44.01070879941302,5.201210723418781,-0.0034450387428896314,3,False,44.01070879941302,0.0,True,0
11,ElasticNet,10000.0,0.7,44.01070879941302,5.201210723418781,-0.0034450387428896314,3,False,44.01070879941302,0.0,True,0
11,ElasticNet,100000.0,0.7,44.01070879941302,5.201210723418781,-0.0034450387428896314,3,False,44.01070879941302,0.0,True,0
11,ElasticNet,1000000.0,0.7,44.01070879941302,5.201210723418781,-0.0034450387428896314,3,False,44.01070879941302,0.0,True,0
11,ElasticNet,10.0,0.9,44.01070879941302,5.201210723418781,-0.0034450387428896314,3,False,44.01070879941302,0.0,True,0
11,ElasticNet,100.0,0.9,44.01070879941302,5.201210723418781,-0.0034450387428896314,3,False,44.01070879941302,0.0,True,0
11,ElasticNet,1000.0,0.9,44.01070879941302,5.201210723418781,-0.0034450387428896314,3,False,44.01070879941302,0.0,True,0
11,ElasticNet,10000.0,0.9,44.01070879941302,5.201210723418781,-0.0034450387428896314,3,False,44.01070879941302,0.0,True,0
11,ElasticNet,100000.0,0.9,44.01070879941302,5.201210723418781,-0.0034450387428896314,3,False,44.01070879941302,0.0,True,0
11,ElasticNet,1000000.0,0.9,44.01070879941302,5.201210723418781,-0.0034450387428896314,3,False,44.01070879941302,0.0,True,0
11,ElasticNet,10.0,0.95,44.01070879941302,5.201210723418781,-0.0034450387428896314,3,False,44.01070879941302,0.0,True,0
11,ElasticNet,100.0,0.95,44.01070879941302,5.201210723418781,-0.0034450387428896314,3,False,44.01070879941302,0.0,True,0
11,ElasticNet,1000.0,0.95,44.01070879941302,5.201210723418781,-0.0034450387428896314,3,False,44.01070879941302,0.0,True,0
11,ElasticNet,10000.0,0.95,44.01070879941302,5.201210723418781,-0.0034450387428896314,3,False,44.01070879941302,0.0,True,0
11,ElasticNet,100000.0,0.95,44.01070879941302,5.201210723418781,-0.0034450387428896314,3,False,44.01070879941302,0.0,True,0
11,ElasticNet,1000000.0,0.95,44.01070879941302,5.201210723418781,-0.0034450387428896314,3,False,44.01070879941302,0.0,True,0
12,LASSO,10.0,1.0,44.01070879941302,5.201210723418781,-0.0034450387428896314,3,False,44.01070879941302,0.0,True,0
12,LASSO,100.0,1.0,44.01070879941302,5.201210723418781,-0.0034450387428896314,3,False,44.01070879941302,0.0,True,0
12,LASSO,1000.0,1.0,44.01070879941302,5.201210723418781,-0.0034450387428896314,3,False,44.01070879941302,0.0,True,0
12,LASSO,10000.0,1.0,44.01070879941302,5.201210723418781,-0.0034450387428896314,3,False,44.01070879941302,0.0,True,0
12,LASSO,100000.0,1.0,44.01070879941302,5.201210723418781,-0.0034450387428896314,3,False,44.01070879941302,0.0,True,0
12,LASSO,1000000.0,1.0,44.01070879941302,5.201210723418781,-0.0034450387428896314,3,False,44.01070879941302,0.0,True,0
12,ElasticNet,100.0,0.1,44.01070879941302,5.201210723418781,-0.0034450387428896314,3,False,44.01070879941302,0.0,True,0
12,ElasticNet,1000.0,0.1,44.01070879941302,5.201210723418781,-0.0034450387428896314,3,False,44.01070879941302,0.0,True,0
12,ElasticNet,10000.0,0.1,44.01070879941302,5.201210723418781,-0.0034450387428896314,3,False,44.01070879941302,0.0,True,0
12,ElasticNet,100000.0,0.1,44.01070879941302,5.201210723418781,-0.0034450387428896314,3,False,44.01070879941302,0.0,True,0
12,ElasticNet,1000000.0,0.1,44.01070879941302,5.201210723418781,-0.0034450387428896314,3,False,44.01070879941302,0.0,True,0
12,ElasticNet,100.0,0.3,44.01070879941302,5.201210723418781,-0.0034450387428896314,3,False,44.01070879941302,0.0,True,0
12,ElasticNet,1000.0,0.3,44.01070879941302,5.201210723418781,-0.0034450387428896314,3,False,44.01070879941302,0.0,True,0
12,ElasticNet,10000.0,0.3,44.01070879941302,5.201210723418781,-0.0034450387428896314,3,False,44.01070879941302,0.0,True,0
12,ElasticNet,100000.0,0.3,44.01070879941302,5.201210723418781,-0.0034450387428896314,3,False,44.01070879941302,0.0,True,0
12,ElasticNet,1000000.0,0.3,44.01070879941302,5.201210723418781,-0.0034450387428896314,3,False,44.01070879941302,0.0,True,0
12,ElasticNet,10.0,0.5,44.01070879941302,5.201210723418781,-0.0034450387428896314,3,False,44.01070879941302,0.0,True,0
12,ElasticNet,100.0,0.5,44.01070879941302,5.201210723418781,-0.0034450387428896314,3,False,44.01070879941302,0.0,True,0
12,ElasticNet,1000.0,0.5,44.01070879941302,5.201210723418781,-0.0034450387428896314,3,False,44.01070879941302,0.0,True,0
12,ElasticNet,10000.0,0.5,44.01070879941302,5.201210723418781,-0.0034450387428896314,3,False,44.01070879941302,0.0,True,0
12,ElasticNet,100000.0,0.5,44.01070879941302,5.201210723418781,-0.0034450387428896314,3,False,44.01070879941302,0.0,True,0
12,ElasticNet,1000000.0,0.5,44.01070879941302,5.201210723418781,-0.0034450387428896314,3,False,44.01070879941302,0.0,True,0
12,ElasticNet,10.0,0.7,44.01070879941302,5.201210723418781,-0.0034450387428896314,3,False,44.01070879941302,0.0,True,0
12,ElasticNet,100.0,0.7,44.01070879941302,5.201210723418781,-0.0034450387428896314,3,False,44.01070879941302,0.0,True,0
12,ElasticNet,1000.0,0.7,44.01070879941302,5.201210723418781,-0.0034450387428896314,3,False,44.01070879941302,0.0,True,0
12,ElasticNet,10000.0,0.7,44.01070879941302,5.201210723418781,-0.0034450387428896314,3,False,44.01070879941302,0.0,True,0
12,ElasticNet,100000.0,0.7,44.01070879941302,5.201210723418781,-0.0034450387428896314,3,False,44.01070879941302,0.0,True,0
12,ElasticNet,1000000.0,0.7,44.01070879941302,5.201210723418781,-0.0034450387428896314,3,False,44.01070879941302,0.0,True,0
12,ElasticNet,10.0,0.9,44.01070879941302,5.201210723418781,-0.0034450387428896314,3,False,44.01070879941302,0.0,True,0
12,ElasticNet,100.0,0.9,44.01070879941302,5.201210723418781,-0.0034450387428896314,3,False,44.01070879941302,0.0,True,0
12,ElasticNet,1000.0,0.9,44.01070879941302,5.201210723418781,-0.0034450387428896314,3,False,44.01070879941302,0.0,True,0
12,ElasticNet,10000.0,0.9,44.01070879941302,5.201210723418781,-0.0034450387428896314,3,False,44.01070879941302,0.0,True,0
12,ElasticNet,100000.0,0.9,44.01070879941302,5.201210723418781,-0.0034450387428896314,3,False,44.01070879941302,0.0,True,0
12,ElasticNet,1000000.0,0.9,44.01070879941302,5.201210723418781,-0.0034450387428896314,3,False,44.01070879941302,0.0,True,0
12,ElasticNet,10.0,0.95,44.01070879941302,5.201210723418781,-0.0034450387428896314,3,False,44.01070879941302,0.0,True,0
12,ElasticNet,100.0,0.95,44.01070879941302,5.201210723418781,-0.0034450387428896314,3,False,44.01070879941302,0.0,True,0
12,ElasticNet,1000.0,0.95,44.01070879941302,5.201210723418781,-0.0034450387428896314,3,False,44.01070879941302,0.0,True,0
12,ElasticNet,10000.0,0.95,44.01070879941302,5.201210723418781,-0.0034450387428896314,3,False,44.01070879941302,0.0,True,0
12,ElasticNet,100000.0,0.95,44.01070879941302,5.201210723418781,-0.0034450387428896314,3,False,44.01070879941302,0.0,True,0
12,ElasticNet,1000000.0,0.95,44.01070879941302,5.201210723418781,-0.0034450387428896314,3,False,44.01070879941302,0.0,True,0
13,LASSO,10.0,1.0,44.01070879941302,5.201210723418781,-0.0034450387428896314,3,False,44.01070879941302,0.0,True,0
13,LASSO,100.0,1.0,44.01070879941302,5.201210723418781,-0.0034450387428896314,3,False,44.01070879941302,0.0,True,0
13,LASSO,1000.0,1.0,44.01070879941302,5.201210723418781,-0.0034450387428896314,3,False,44.01070879941302,0.0,True,0
13,LASSO,10000.0,1.0,44.01070879941302,5.201210723418781,-0.0034450387428896314,3,False,44.01070879941302,0.0,True,0
13,LASSO,100000.0,1.0,44.01070879941302,5.201210723418781,-0.0034450387428896314,3,False,44.01070879941302,0.0,True,0
13,LASSO,1000000.0,1.0,44.01070879941302,5.201210723418781,-0.0034450387428896314,3,False,44.01070879941302,0.0,True,0
13,ElasticNet,100.0,0.1,44.01070879941302,5.201210723418781,-0.0034450387428896314,3,False,44.01070879941302,0.0,True,0
13,ElasticNet,1000.0,0.1,44.01070879941302,5.201210723418781,-0.0034450387428896314,3,False,44.01070879941302,0.0,True,0
13,ElasticNet,10000.0,0.1,44.01070879941302,5.201210723418781,-0.0034450387428896314,3,False,44.01070879941302,0.0,True,0
13,ElasticNet,100000.0,0.1,44.01070879941302,5.201210723418781,-0.0034450387428896314,3,False,44.01070879941302,0.0,True,0
13,ElasticNet,1000000.0,0.1,44.01070879941302,5.201210723418781,-0.0034450387428896314,3,False,44.01070879941302,0.0,True,0
13,ElasticNet,100.0,0.3,44.01070879941302,5.201210723418781,-0.0034450387428896314,3,False,44.01070879941302,0.0,True,0
13,ElasticNet,1000.0,0.3,44.01070879941302,5.201210723418781,-0.0034450387428896314,3,False,44.01070879941302,0.0,True,0
13,ElasticNet,10000.0,0.3,44.01070879941302,5.201210723418781,-0.0034450387428896314,3,False,44.01070879941302,0.0,True,0
13,ElasticNet,100000.0,0.3,44.01070879941302,5.201210723418781,-0.0034450387428896314,3,False,44.01070879941302,0.0,True,0
13,ElasticNet,1000000.0,0.3,44.01070879941302,5.201210723418781,-0.0034450387428896314,3,False,44.01070879941302,0.0,True,0
13,ElasticNet,10.0,0.5,44.01070879941302,5.201210723418781,-0.0034450387428896314,3,False,44.01070879941302,0.0,True,0
13,ElasticNet,100.0,0.5,44.01070879941302,5.201210723418781,-0.0034450387428896314,3,False,44.01070879941302,0.0,True,0
13,ElasticNet,1000.0,0.5,44.01070879941302,5.201210723418781,-0.0034450387428896314,3,False,44.01070879941302,0.0,True,0
13,ElasticNet,10000.0,0.5,44.01070879941302,5.201210723418781,-0.0034450387428896314,3,False,44.01070879941302,0.0,True,0
13,ElasticNet,100000.0,0.5,44.01070879941302,5.201210723418781,-0.0034450387428896314,3,False,44.01070879941302,0.0,True,0
13,ElasticNet,1000000.0,0.5,44.01070879941302,5.201210723418781,-0.0034450387428896314,3,False,44.01070879941302,0.0,True,0
13,ElasticNet,10.0,0.7,44.01070879941302,5.201210723418781,-0.0034450387428896314,3,False,44.01070879941302,0.0,True,0
13,ElasticNet,100.0,0.7,44.01070879941302,5.201210723418781,-0.0034450387428896314,3,False,44.01070879941302,0.0,True,0
13,ElasticNet,1000.0,0.7,44.01070879941302,5.201210723418781,-0.0034450387428896314,3,False,44.01070879941302,0.0,True,0
13,ElasticNet,10000.0,0.7,44.01070879941302,5.201210723418781,-0.0034450387428896314,3,False,44.01070879941302,0.0,True,0
13,ElasticNet,100000.0,0.7,44.01070879941302,5.201210723418781,-0.0034450387428896314,3,False,44.01070879941302,0.0,True,0
13,ElasticNet,1000000.0,0.7,44.01070879941302,5.201210723418781,-0.0034450387428896314,3,False,44.01070879941302,0.0,True,0
13,ElasticNet,10.0,0.9,44.01070879941302,5.201210723418781,-0.0034450387428896314,3,False,44.01070879941302,0.0,True,0
13,ElasticNet,100.0,0.9,44.01070879941302,5.201210723418781,-0.0034450387428896314,3,False,44.01070879941302,0.0,True,0
13,ElasticNet,1000.0,0.9,44.01070879941302,5.201210723418781,-0.0034450387428896314,3,False,44.01070879941302,0.0,True,0
13,ElasticNet,10000.0,0.9,44.01070879941302,5.201210723418781,-0.0034450387428896314,3,False,44.01070879941302,0.0,True,0
13,ElasticNet,100000.0,0.9,44.01070879941302,5.201210723418781,-0.0034450387428896314,3,False,44.01070879941302,0.0,True,0
13,ElasticNet,1000000.0,0.9,44.01070879941302,5.201210723418781,-0.0034450387428896314,3,False,44.01070879941302,0.0,True,0
13,ElasticNet,10.0,0.95,44.01070879941302,5.201210723418781,-0.0034450387428896314,3,False,44.01070879941302,0.0,True,0
13,ElasticNet,100.0,0.95,44.01070879941302,5.201210723418781,-0.0034450387428896314,3,False,44.01070879941302,0.0,True,0
13,ElasticNet,1000.0,0.95,44.01070879941302,5.201210723418781,-0.0034450387428896314,3,False,44.01070879941302,0.0,True,0
13,ElasticNet,10000.0,0.95,44.01070879941302,5.201210723418781,-0.0034450387428896314,3,False,44.01070879941302,0.0,True,0
13,ElasticNet,100000.0,0.95,44.01070879941302,5.201210723418781,-0.0034450387428896314,3,False,44.01070879941302,0.0,True,0
13,ElasticNet,1000000.0,0.95,44.01070879941302,5.201210723418781,-0.0034450387428896314,3,False,44.01070879941302,0.0,True,0
14,LASSO,10.0,1.0,44.01070879941302,5.201210723418781,-0.0034450387428896314,3,False,44.01070879941302,0.0,True,0
14,LASSO,100.0,1.0,44.01070879941302,5.201210723418781,-0.0034450387428896314,3,False,44.01070879941302,0.0,True,0
14,LASSO,1000.0,1.0,44.01070879941302,5.201210723418781,-0.0034450387428896314,3,False,44.01070879941302,0.0,True,0
14,LASSO,10000.0,1.0,44.01070879941302,5.201210723418781,-0.0034450387428896314,3,False,44.01070879941302,0.0,True,0
14,LASSO,100000.0,1.0,44.01070879941302,5.201210723418781,-0.0034450387428896314,3,False,44.01070879941302,0.0,True,0
14,LASSO,1000000.0,1.0,44.01070879941302,5.201210723418781,-0.0034450387428896314,3,False,44.01070879941302,0.0,True,0
14,ElasticNet,100.0,0.1,44.01070879941302,5.201210723418781,-0.0034450387428896314,3,False,44.01070879941302,0.0,True,0
14,ElasticNet,1000.0,0.1,44.01070879941302,5.201210723418781,-0.0034450387428896314,3,False,44.01070879941302,0.0,True,0
14,ElasticNet,10000.0,0.1,44.01070879941302,5.201210723418781,-0.0034450387428896314,3,False,44.01070879941302,0.0,True,0
14,ElasticNet,100000.0,0.1,44.01070879941302,5.201210723418781,-0.0034450387428896314,3,False,44.01070879941302,0.0,True,0
14,ElasticNet,1000000.0,0.1,44.01070879941302,5.201210723418781,-0.0034450387428896314,3,False,44.01070879941302,0.0,True,0
14,ElasticNet,100.0,0.3,44.01070879941302,5.201210723418781,-0.0034450387428896314,3,False,44.01070879941302,0.0,True,0
14,ElasticNet,1000.0,0.3,44.01070879941302,5.201210723418781,-0.0034450387428896314,3,False,44.01070879941302,0.0,True,0
14,ElasticNet,10000.0,0.3,44.01070879941302,5.201210723418781,-0.0034450387428896314,3,False,44.01070879941302,0.0,True,0
14,ElasticNet,100000.0,0.3,44.01070879941302,5.201210723418781,-0.0034450387428896314,3,False,44.01070879941302,0.0,True,0
14,ElasticNet,1000000.0,0.3,44.01070879941302,5.201210723418781,-0.0034450387428896314,3,False,44.01070879941302,0.0,True,0
14,ElasticNet,10.0,0.5,44.01070879941302,5.201210723418781,-0.0034450387428896314,3,False,44.01070879941302,0.0,True,0
14,ElasticNet,100.0,0.5,44.01070879941302,5.201210723418781,-0.0034450387428896314,3,False,44.01070879941302,0.0,True,0
14,ElasticNet,1000.0,0.5,44.01070879941302,5.201210723418781,-0.0034450387428896314,3,False,44.01070879941302,0.0,True,0
14,ElasticNet,10000.0,0.5,44.01070879941302,5.201210723418781,-0.0034450387428896314,3,False,44.01070879941302,0.0,True,0
14,ElasticNet,100000.0,0.5,44.01070879941302,5.201210723418781,-0.0034450387428896314,3,False,44.01070879941302,0.0,True,0
14,ElasticNet,1000000.0,0.5,44.01070879941302,5.201210723418781,-0.0034450387428896314,3,False,44.01070879941302,0.0,True,0
14,ElasticNet,10.0,0.7,44.01070879941302,5.201210723418781,-0.0034450387428896314,3,False,44.01070879941302,0.0,True,0
14,ElasticNet,100.0,0.7,44.01070879941302,5.201210723418781,-0.0034450387428896314,3,False,44.01070879941302,0.0,True,0
14,ElasticNet,1000.0,0.7,44.01070879941302,5.201210723418781,-0.0034450387428896314,3,False,44.01070879941302,0.0,True,0
14,ElasticNet,10000.0,0.7,44.01070879941302,5.201210723418781,-0.0034450387428896314,3,False,44.01070879941302,0.0,True,0
14,ElasticNet,100000.0,0.7,44.01070879941302,5.201210723418781,-0.0034450387428896314,3,False,44.01070879941302,0.0,True,0
14,ElasticNet,1000000.0,0.7,44.01070879941302,5.201210723418781,-0.0034450387428896314,3,False,44.01070879941302,0.0,True,0
14,ElasticNet,10.0,0.9,44.01070879941302,5.201210723418781,-0.0034450387428896314,3,False,44.01070879941302,0.0,True,0
14,ElasticNet,100.0,0.9,44.01070879941302,5.201210723418781,-0.0034450387428896314,3,False,44.01070879941302,0.0,True,0
14,ElasticNet,1000.0,0.9,44.01070879941302,5.201210723418781,-0.0034450387428896314,3,False,44.01070879941302,0.0,True,0
14,ElasticNet,10000.0,0.9,44.01070879941302,5.201210723418781,-0.0034450387428896314,3,False,44.01070879941302,0.0,True,0
14,ElasticNet,100000.0,0.9,44.01070879941302,5.201210723418781,-0.0034450387428896314,3,False,44.01070879941302,0.0,True,0
14,ElasticNet,1000000.0,0.9,44.01070879941302,5.201210723418781,-0.0034450387428896314,3,False,44.01070879941302,0.0,True,0
14,ElasticNet,10.0,0.95,44.01070879941302,5.201210723418781,-0.0034450387428896314,3,False,44.01070879941302,0.0,True,0
14,ElasticNet,100.0,0.95,44.01070879941302,5.201210723418781,-0.0034450387428896314,3,False,44.01070879941302,0.0,True,0
14,ElasticNet,1000.0,0.95,44.01070879941302,5.201210723418781,-0.0034450387428896314,3,False,44.01070879941302,0.0,True,0
14,ElasticNet,10000.0,0.95,44.01070879941302,5.201210723418781,-0.0034450387428896314,3,False,44.01070879941302,0.0,True,0
14,ElasticNet,100000.0,0.95,44.01070879941302,5.201210723418781,-0.0034450387428896314,3,False,44.01070879941302,0.0,True,0
14,ElasticNet,1000000.0,0.95,44.01070879941302,5.201210723418781,-0.0034450387428896314,3,False,44.01070879941302,0.0,True,0
15,LASSO,10.0,1.0,44.01070879941302,5.201210723418781,-0.0034450387428896314,3,False,44.01070879941302,0.0,True,0
15,LASSO,100.0,1.0,44.01070879941302,5.201210723418781,-0.0034450387428896314,3,False,44.01070879941302,0.0,True,0
15,LASSO,1000.0,1.0,44.01070879941302,5.201210723418781,-0.0034450387428896314,3,False,44.01070879941302,0.0,True,0
15,LASSO,10000.0,1.0,44.01070879941302,5.201210723418781,-0.0034450387428896314,3,False,44.01070879941302,0.0,True,0
15,LASSO,100000.0,1.0,44.01070879941302,5.201210723418781,-0.0034450387428896314,3,False,44.01070879941302,0.0,True,0
15,LASSO,1000000.0,1.0,44.01070879941302,5.201210723418781,-0.0034450387428896314,3,False,44.01070879941302,0.0,True,0
15,ElasticNet,100.0,0.1,44.01070879941302,5.201210723418781,-0.0034450387428896314,3,False,44.01070879941302,0.0,True,0
15,ElasticNet,1000.0,0.1,44.01070879941302,5.201210723418781,-0.0034450387428896314,3,False,44.01070879941302,0.0,True,0
15,ElasticNet,10000.0,0.1,44.01070879941302,5.201210723418781,-0.0034450387428896314,3,False,44.01070879941302,0.0,True,0
15,ElasticNet,100000.0,0.1,44.01070879941302,5.201210723418781,-0.0034450387428896314,3,False,44.01070879941302,0.0,True,0
15,ElasticNet,1000000.0,0.1,44.01070879941302,5.201210723418781,-0.0034450387428896314,3,False,44.01070879941302,0.0,True,0
15,ElasticNet,100.0,0.3,44.01070879941302,5.201210723418781,-0.0034450387428896314,3,False,44.01070879941302,0.0,True,0
15,ElasticNet,1000.0,0.3,44.01070879941302,5.201210723418781,-0.0034450387428896314,3,False,44.01070879941302,0.0,True,0
15,ElasticNet,10000.0,0.3,44.01070879941302,5.201210723418781,-0.0034450387428896314,3,False,44.01070879941302,0.0,True,0
15,ElasticNet,100000.0,0.3,44.01070879941302,5.201210723418781,-0.0034450387428896314,3,False,44.01070879941302,0.0,True,0
15,ElasticNet,1000000.0,0.3,44.01070879941302,5.201210723418781,-0.0034450387428896314,3,False,44.01070879941302,0.0,True,0
15,ElasticNet,10.0,0.5,44.01070879941302,5.201210723418781,-0.0034450387428896314,3,False,44.01070879941302,0.0,True,0
15,ElasticNet,100.0,0.5,44.01070879941302,5.201210723418781,-0.0034450387428896314,3,False,44.01070879941302,0.0,True,0
15,ElasticNet,1000.0,0.5,44.01070879941302,5.201210723418781,-0.0034450387428896314,3,False,44.01070879941302,0.0,True,0
15,ElasticNet,10000.0,0.5,44.01070879941302,5.201210723418781,-0.0034450387428896314,3,False,44.01070879941302,0.0,True,0
15,ElasticNet,100000.0,0.5,44.01070879941302,5.201210723418781,-0.0034450387428896314,3,False,44.01070879941302,0.0,True,0
15,ElasticNet,1000000.0,0.5,44.01070879941302,5.201210723418781,-0.0034450387428896314,3,False,44.01070879941302,0.0,True,0
15,ElasticNet,10.0,0.7,44.01070879941302,5.201210723418781,-0.0034450387428896314,3,False,44.01070879941302,0.0,True,0
15,ElasticNet,100.0,0.7,44.01070879941302,5.201210723418781,-0.0034450387428896314,3,False,44.01070879941302,0.0,True,0
15,ElasticNet,1000.0,0.7,44.01070879941302,5.201210723418781,-0.0034450387428896314,3,False,44.01070879941302,0.0,True,0
15,ElasticNet,10000.0,0.7,44.01070879941302,5.201210723418781,-0.0034450387428896314,3,False,44.01070879941302,0.0,True,0
15,ElasticNet,100000.0,0.7,44.01070879941302,5.201210723418781,-0.0034450387428896314,3,False,44.01070879941302,0.0,True,0
15,ElasticNet,1000000.0,0.7,44.01070879941302,5.201210723418781,-0.0034450387428896314,3,False,44.01070879941302,0.0,True,0
15,ElasticNet,10.0,0.9,44.01070879941302,5.201210723418781,-0.0034450387428896314,3,False,44.01070879941302,0.0,True,0
15,ElasticNet,100.0,0.9,44.01070879941302,5.201210723418781,-0.0034450387428896314,3,False,44.01070879941302,0.0,True,0
15,ElasticNet,1000.0,0.9,44.01070879941302,5.201210723418781,-0.0034450387428896314,3,False,44.01070879941302,0.0,True,0
15,ElasticNet,10000.0,0.9,44.01070879941302,5.201210723418781,-0.0034450387428896314,3,False,44.01070879941302,0.0,True,0
15,ElasticNet,100000.0,0.9,44.01070879941302,5.201210723418781,-0.0034450387428896314,3,False,44.01070879941302,0.0,True,0
15,ElasticNet,1000000.0,0.9,44.01070879941302,5.201210723418781,-0.0034450387428896314,3,False,44.01070879941302,0.0,True,0
15,ElasticNet,10.0,0.95,44.01070879941302,5.201210723418781,-0.0034450387428896314,3,False,44.01070879941302,0.0,True,0
15,ElasticNet,100.0,0.95,44.01070879941302,5.201210723418781,-0.0034450387428896314,3,False,44.01070879941302,0.0,True,0
15,ElasticNet,1000.0,0.95,44.01070879941302,5.201210723418781,-0.0034450387428896314,3,False,44.01070879941302,0.0,True,0
15,ElasticNet,10000.0,0.95,44.01070879941302,5.201210723418781,-0.0034450387428896314,3,False,44.01070879941302,0.0,True,0
15,ElasticNet,100000.0,0.95,44.01070879941302,5.201210723418781,-0.0034450387428896314,3,False,44.01070879941302,0.0,True,0
15,ElasticNet,1000000.0,0.95,44.01070879941302,5.201210723418781,-0.0034450387428896314,3,False,44.01070879941302,0.0,True,0
16,ElasticNet,100.0,0.1,44.01070879941302,5.201210723418781,-0.0034450387428896314,3,False,44.01070879941302,0.0,True,0
16,ElasticNet,1000.0,0.1,44.01070879941302,5.201210723418781,-0.0034450387428896314,3,False,44.01070879941302,0.0,True,0
16,ElasticNet,10000.0,0.1,44.01070879941302,5.201210723418781,-0.0034450387428896314,3,False,44.01070879941302,0.0,True,0
16,ElasticNet,100000.0,0.1,44.01070879941302,5.201210723418781,-0.0034450387428896314,3,False,44.01070879941302,0.0,True,0
16,ElasticNet,1000000.0,0.1,44.01070879941302,5.201210723418781,-0.0034450387428896314,3,False,44.01070879941302,0.0,True,0
16,ElasticNet,100.0,0.3,44.01070879941302,5.201210723418781,-0.0034450387428896314,3,False,44.01070879941302,0.0,True,0
16,ElasticNet,1000.0,0.3,44.01070879941302,5.201210723418781,-0.0034450387428896314,3,False,44.01070879941302,0.0,True,0
16,ElasticNet,10000.0,0.3,44.01070879941302,5.201210723418781,-0.0034450387428896314,3,False,44.01070879941302,0.0,True,0
16,ElasticNet,100000.0,0.3,44.01070879941302,5.201210723418781,-0.0034450387428896314,3,False,44.01070879941302,0.0,True,0
16,ElasticNet,1000000.0,0.3,44.01070879941302,5.201210723418781,-0.0034450387428896314,3,False,44.01070879941302,0.0,True,0
16,ElasticNet,10.0,0.5,44.01070879941302,5.201210723418781,-0.0034450387428896314,3,False,44.01070879941302,0.0,True,0
16,ElasticNet,100.0,0.5,44.01070879941302,5.201210723418781,-0.0034450387428896314,3,False,44.01070879941302,0.0,True,0
16,ElasticNet,1000.0,0.5,44.01070879941302,5.201210723418781,-0.0034450387428896314,3,False,44.01070879941302,0.0,True,0
16,ElasticNet,10000.0,0.5,44.01070879941302,5.201210723418781,-0.0034450387428896314,3,False,44.01070879941302,0.0,True,0
16,ElasticNet,100000.0,0.5,44.01070879941302,5.201210723418781,-0.0034450387428896314,3,False,44.01070879941302,0.0,True,0
16,ElasticNet,1000000.0,0.5,44.01070879941302,5.201210723418781,-0.0034450387428896314,3,False,44.01070879941302,0.0,True,0
16,ElasticNet,10.0,0.7,44.01070879941302,5.201210723418781,-0.0034450387428896314,3,False,44.01070879941302,0.0,True,0
16,ElasticNet,100.0,0.7,44.01070879941302,5.201210723418781,-0.0034450387428896314,3,False,44.01070879941302,0.0,True,0
16,ElasticNet,1000.0,0.7,44.01070879941302,5.201210723418781,-0.0034450387428896314,3,False,44.01070879941302,0.0,True,0
16,ElasticNet,10000.0,0.7,44.01070879941302,5.201210723418781,-0.0034450387428896314,3,False,44.01070879941302,0.0,True,0
16,ElasticNet,100000.0,0.7,44.01070879941302,5.201210723418781,-0.0034450387428896314,3,False,44.01070879941302,0.0,True,0
16,ElasticNet,1000000.0,0.7,44.01070879941302,5.201210723418781,-0.0034450387428896314,3,False,44.01070879941302,0.0,True,0
16,ElasticNet,10.0,0.9,44.01070879941302,5.201210723418781,-0.0034450387428896314,3,False,44.01070879941302,0.0,True,0
16,ElasticNet,100.0,0.9,44.01070879941302,5.201210723418781,-0.0034450387428896314,3,False,44.01070879941302,0.0,True,0
16,ElasticNet,1000.0,0.9,44.01070879941302,5.201210723418781,-0.0034450387428896314,3,False,44.01070879941302,0.0,True,0
16,ElasticNet,10000.0,0.9,44.01070879941302,5.201210723418781,-0.0034450387428896314,3,False,44.01070879941302,0.0,True,0
16,ElasticNet,100000.0,0.9,44.01070879941302,5.201210723418781,-0.0034450387428896314,3,False,44.01070879941302,0.0,True,0
16,ElasticNet,1000000.0,0.9,44.01070879941302,5.201210723418781,-0.0034450387428896314,3,False,44.01070879941302,0.0,True,0
16,ElasticNet,10.0,0.95,44.01070879941302,5.201210723418781,-0.0034450387428896314,3,False,44.01070879941302,0.0,True,0
16,ElasticNet,100.0,0.95,44.01070879941302,5.201210723418781,-0.0034450387428896314,3,False,44.01070879941302,0.0,True,0
16,ElasticNet,1000.0,0.95,44.01070879941302,5.201210723418781,-0.0034450387428896314,3,False,44.01070879941302,0.0,True,0
16,ElasticNet,10000.0,0.95,44.01070879941302,5.201210723418781,-0.0034450387428896314,3,False,44.01070879941302,0.0,True,0
16,ElasticNet,100000.0,0.95,44.01070879941302,5.201210723418781,-0.0034450387428896314,3,False,44.01070879941302,0.0,True,0
16,ElasticNet,1000000.0,0.95,44.01070879941302,5.201210723418781,-0.0034450387428896314,3,False,44.01070879941302,0.0,True,0
17,LASSO,10.0,1.0,44.01070879941302,5.201210723418781,-0.0034450387428896314,3,False,44.01070879941302,0.0,True,0
17,LASSO,100.0,1.0,44.01070879941302,5.201210723418781,-0.0034450387428896314,3,False,44.01070879941302,0.0,True,0
17,LASSO,1000.0,1.0,44.01070879941302,5.201210723418781,-0.0034450387428896314,3,False,44.01070879941302,0.0,True,0
17,LASSO,10000.0,1.0,44.01070879941302,5.201210723418781,-0.0034450387428896314,3,False,44.01070879941302,0.0,True,0
17,LASSO,100000.0,1.0,44.01070879941302,5.201210723418781,-0.0034450387428896314,3,False,44.01070879941302,0.0,True,0
17,LASSO,1000000.0,1.0,44.01070879941302,5.201210723418781,-0.0034450387428896314,3,False,44.01070879941302,0.0,True,0
17,ElasticNet,100.0,0.1,44.01070879941302,5.201210723418781,-0.0034450387428896314,3,False,44.01070879941302,0.0,True,0
17,ElasticNet,1000.0,0.1,44.01070879941302,5.201210723418781,-0.0034450387428896314,3,False,44.01070879941302,0.0,True,0
17,ElasticNet,10000.0,0.1,44.01070879941302,5.201210723418781,-0.0034450387428896314,3,False,44.01070879941302,0.0,True,0
17,ElasticNet,100000.0,0.1,44.01070879941302,5.201210723418781,-0.0034450387428896314,3,False,44.01070879941302,0.0,True,0
17,ElasticNet,1000000.0,0.1,44.01070879941302,5.201210723418781,-0.0034450387428896314,3,False,44.01070879941302,0.0,True,0
17,ElasticNet,100.0,0.3,44.01070879941302,5.201210723418781,-0.0034450387428896314,3,False,44.01070879941302,0.0,True,0
17,ElasticNet,1000.0,0.3,44.01070879941302,5.201210723418781,-0.0034450387428896314,3,False,44.01070879941302,0.0,True,0
17,ElasticNet,10000.0,0.3,44.01070879941302,5.201210723418781,-0.0034450387428896314,3,False,44.01070879941302,0.0,True,0
17,ElasticNet,100000.0,0.3,44.01070879941302,5.201210723418781,-0.0034450387428896314,3,False,44.01070879941302,0.0,True,0
17,ElasticNet,1000000.0,0.3,44.01070879941302,5.201210723418781,-0.0034450387428896314,3,False,44.01070879941302,0.0,True,0
17,ElasticNet,10.0,0.5,44.01070879941302,5.201210723418781,-0.0034450387428896314,3,False,44.01070879941302,0.0,True,0
17,ElasticNet,100.0,0.5,44.01070879941302,5.201210723418781,-0.0034450387428896314,3,False,44.01070879941302,0.0,True,0
17,ElasticNet,1000.0,0.5,44.01070879941302,5.201210723418781,-0.0034450387428896314,3,False,44.01070879941302,0.0,True,0
17,ElasticNet,10000.0,0.5,44.01070879941302,5.201210723418781,-0.0034450387428896314,3,False,44.01070879941302,0.0,True,0
17,ElasticNet,100000.0,0.5,44.01070879941302,5.201210723418781,-0.0034450387428896314,3,False,44.01070879941302,0.0,True,0
17,ElasticNet,1000000.0,0.5,44.01070879941302,5.201210723418781,-0.0034450387428896314,3,False,44.01070879941302,0.0,True,0
17,ElasticNet,10.0,0.7,44.01070879941302,5.201210723418781,-0.0034450387428896314,3,False,44.01070879941302,0.0,True,0
17,ElasticNet,100.0,0.7,44.01070879941302,5.201210723418781,-0.0034450387428896314,3,False,44.01070879941302,0.0,True,0
17,ElasticNet,1000.0,0.7,44.01070879941302,5.201210723418781,-0.0034450387428896314,3,False,44.01070879941302,0.0,True,0
17,ElasticNet,10000.0,0.7,44.01070879941302,5.201210723418781,-0.0034450387428896314,3,False,44.01070879941302,0.0,True,0
17,ElasticNet,100000.0,0.7,44.01070879941302,5.201210723418781,-0.0034450387428896314,3,False,44.01070879941302,0.0,True,0
17,ElasticNet,1000000.0,0.7,44.01070879941302,5.201210723418781,-0.0034450387428896314,3,False,44.01070879941302,0.0,True,0
17,ElasticNet,10.0,0.9,44.01070879941302,5.201210723418781,-0.0034450387428896314,3,False,44.01070879941302,0.0,True,0
17,ElasticNet,100.0,0.9,44.01070879941302,5.201210723418781,-0.0034450387428896314,3,False,44.01070879941302,0.0,True,0
17,ElasticNet,1000.0,0.9,44.01070879941302,5.201210723418781,-0.0034450387428896314,3,False,44.01070879941302,0.0,True,0
17,ElasticNet,10000.0,0.9,44.01070879941302,5.201210723418781,-0.0034450387428896314,3,False,44.01070879941302,0.0,True,0
17,ElasticNet,100000.0,0.9,44.01070879941302,5.201210723418781,-0.0034450387428896314,3,False,44.01070879941302,0.0,True,0
17,ElasticNet,1000000.0,0.9,44.01070879941302,5.201210723418781,-0.0034450387428896314,3,False,44.01070879941302,0.0,True,0
17,ElasticNet,10.0,0.95,44.01070879941302,5.201210723418781,-0.0034450387428896314,3,False,44.01070879941302,0.0,True,0
17,ElasticNet,100.0,0.95,44.01070879941302,5.201210723418781,-0.0034450387428896314,3,False,44.01070879941302,0.0,True,0
17,ElasticNet,1000.0,0.95,44.01070879941302,5.201210723418781,-0.0034450387428896314,3,False,44.01070879941302,0.0,True,0
17,ElasticNet,10000.0,0.95,44.01070879941302,5.201210723418781,-0.0034450387428896314,3,False,44.01070879941302,0.0,True,0
17,ElasticNet,100000.0,0.95,44.01070879941302,5.201210723418781,-0.0034450387428896314,3,False,44.01070879941302,0.0,True,0
17,ElasticNet,1000000.0,0.95,44.01070879941302,5.201210723418781,-0.0034450387428896314,3,False,44.01070879941302,0.0,True,0
18,LASSO,10.0,1.0,44.01070879941302,5.201210723418781,-0.0034450387428896314,3,False,44.01070879941302,0.0,True,0
18,LASSO,100.0,1.0,44.01070879941302,5.201210723418781,-0.0034450387428896314,3,False,44.01070879941302,0.0,True,0
18,LASSO,1000.0,1.0,44.01070879941302,5.201210723418781,-0.0034450387428896314,3,False,44.01070879941302,0.0,True,0
18,LASSO,10000.0,1.0,44.01070879941302,5.201210723418781,-0.0034450387428896314,3,False,44.01070879941302,0.0,True,0
18,LASSO,100000.0,1.0,44.01070879941302,5.201210723418781,-0.0034450387428896314,3,False,44.01070879941302,0.0,True,0
18,LASSO,1000000.0,1.0,44.01070879941302,5.201210723418781,-0.0034450387428896314,3,False,44.01070879941302,0.0,True,0
18,ElasticNet,100.0,0.1,44.01070879941302,5.201210723418781,-0.0034450387428896314,3,False,44.01070879941302,0.0,True,0
18,ElasticNet,1000.0,0.1,44.01070879941302,5.201210723418781,-0.0034450387428896314,3,False,44.01070879941302,0.0,True,0
18,ElasticNet,10000.0,0.1,44.01070879941302,5.201210723418781,-0.0034450387428896314,3,False,44.01070879941302,0.0,True,0
18,ElasticNet,100000.0,0.1,44.01070879941302,5.201210723418781,-0.0034450387428896314,3,False,44.01070879941302,0.0,True,0
18,ElasticNet,1000000.0,0.1,44.01070879941302,5.201210723418781,-0.0034450387428896314,3,False,44.01070879941302,0.0,True,0
18,ElasticNet,100.0,0.3,44.01070879941302,5.201210723418781,-0.0034450387428896314,3,False,44.01070879941302,0.0,True,0
18,ElasticNet,1000.0,0.3,44.01070879941302,5.201210723418781,-0.0034450387428896314,3,False,44.01070879941302,0.0,True,0
18,ElasticNet,10000.0,0.3,44.01070879941302,5.201210723418781,-0.0034450387428896314,3,False,44.01070879941302,0.0,True,0
18,ElasticNet,100000.0,0.3,44.01070879941302,5.201210723418781,-0.0034450387428896314,3,False,44.01070879941302,0.0,True,0
18,ElasticNet,1000000.0,0.3,44.01070879941302,5.201210723418781,-0.0034450387428896314,3,False,44.01070879941302,0.0,True,0
18,ElasticNet,10.0,0.5,44.01070879941302,5.201210723418781,-0.0034450387428896314,3,False,44.01070879941302,0.0,True,0
18,ElasticNet,100.0,0.5,44.01070879941302,5.201210723418781,-0.0034450387428896314,3,False,44.01070879941302,0.0,True,0
18,ElasticNet,1000.0,0.5,44.01070879941302,5.201210723418781,-0.0034450387428896314,3,False,44.01070879941302,0.0,True,0
18,ElasticNet,10000.0,0.5,44.01070879941302,5.201210723418781,-0.0034450387428896314,3,False,44.01070879941302,0.0,True,0
18,ElasticNet,100000.0,0.5,44.01070879941302,5.201210723418781,-0.0034450387428896314,3,False,44.01070879941302,0.0,True,0
18,ElasticNet,1000000.0,0.5,44.01070879941302,5.201210723418781,-0.0034450387428896314,3,False,44.01070879941302,0.0,True,0
18,ElasticNet,10.0,0.7,44.01070879941302,5.201210723418781,-0.0034450387428896314,3,False,44.01070879941302,0.0,True,0
18,ElasticNet,100.0,0.7,44.01070879941302,5.201210723418781,-0.0034450387428896314,3,False,44.01070879941302,0.0,True,0
18,ElasticNet,1000.0,0.7,44.01070879941302,5.201210723418781,-0.0034450387428896314,3,False,44.01070879941302,0.0,True,0
18,ElasticNet,10000.0,0.7,44.01070879941302,5.201210723418781,-0.0034450387428896314,3,False,44.01070879941302,0.0,True,0
18,ElasticNet,100000.0,0.7,44.01070879941302,5.201210723418781,-0.0034450387428896314,3,False,44.01070879941302,0.0,True,0
18,ElasticNet,1000000.0,0.7,44.01070879941302,5.201210723418781,-0.0034450387428896314,3,False,44.01070879941302,0.0,True,0
18,ElasticNet,10.0,0.9,44.01070879941302,5.201210723418781,-0.0034450387428896314,3,False,44.01070879941302,0.0,True,0
18,ElasticNet,100.0,0.9,44.01070879941302,5.201210723418781,-0.0034450387428896314,3,False,44.01070879941302,0.0,True,0
18,ElasticNet,1000.0,0.9,44.01070879941302,5.201210723418781,-0.0034450387428896314,3,False,44.01070879941302,0.0,True,0
18,ElasticNet,10000.0,0.9,44.01070879941302,5.201210723418781,-0.0034450387428896314,3,False,44.01070879941302,0.0,True,0
18,ElasticNet,100000.0,0.9,44.01070879941302,5.201210723418781,-0.0034450387428896314,3,False,44.01070879941302,0.0,True,0
18,ElasticNet,1000000.0,0.9,44.01070879941302,5.201210723418781,-0.0034450387428896314,3,False,44.01070879941302,0.0,True,0
18,ElasticNet,10.0,0.95,44.01070879941302,5.201210723418781,-0.0034450387428896314,3,False,44.01070879941302,0.0,True,0
18,ElasticNet,100.0,0.95,44.01070879941302,5.201210723418781,-0.0034450387428896314,3,False,44.01070879941302,0.0,True,0
18,ElasticNet,1000.0,0.95,44.01070879941302,5.201210723418781,-0.0034450387428896314,3,False,44.01070879941302,0.0,True,0
18,ElasticNet,10000.0,0.95,44.01070879941302,5.201210723418781,-0.0034450387428896314,3,False,44.01070879941302,0.0,True,0
18,ElasticNet,100000.0,0.95,44.01070879941302,5.201210723418781,-0.0034450387428896314,3,False,44.01070879941302,0.0,True,0
18,ElasticNet,1000000.0,0.95,44.01070879941302,5.201210723418781,-0.0034450387428896314,3,False,44.01070879941302,0.0,True,0
19,LASSO,10.0,1.0,44.01070879941302,5.201210723418781,-0.0034450387428896314,3,False,44.01070879941302,0.0,True,0
19,LASSO,100.0,1.0,44.01070879941302,5.201210723418781,-0.0034450387428896314,3,False,44.01070879941302,0.0,True,0
19,LASSO,1000.0,1.0,44.01070879941302,5.201210723418781,-0.0034450387428896314,3,False,44.01070879941302,0.0,True,0
19,LASSO,10000.0,1.0,44.01070879941302,5.201210723418781,-0.0034450387428896314,3,False,44.01070879941302,0.0,True,0
19,LASSO,100000.0,1.0,44.01070879941302,5.201210723418781,-0.0034450387428896314,3,False,44.01070879941302,0.0,True,0
19,LASSO,1000000.0,1.0,44.01070879941302,5.201210723418781,-0.0034450387428896314,3,False,44.01070879941302,0.0,True,0
19,ElasticNet,100.0,0.1,44.01070879941302,5.201210723418781,-0.0034450387428896314,3,False,44.01070879941302,0.0,True,0
19,ElasticNet,1000.0,0.1,44.01070879941302,5.201210723418781,-0.0034450387428896314,3,False,44.01070879941302,0.0,True,0
19,ElasticNet,10000.0,0.1,44.01070879941302,5.201210723418781,-0.0034450387428896314,3,False,44.01070879941302,0.0,True,0
19,ElasticNet,100000.0,0.1,44.01070879941302,5.201210723418781,-0.0034450387428896314,3,False,44.01070879941302,0.0,True,0
19,ElasticNet,1000000.0,0.1,44.01070879941302,5.201210723418781,-0.0034450387428896314,3,False,44.01070879941302,0.0,True,0
19,ElasticNet,100.0,0.3,44.01070879941302,5.201210723418781,-0.0034450387428896314,3,False,44.01070879941302,0.0,True,0
19,ElasticNet,1000.0,0.3,44.01070879941302,5.201210723418781,-0.0034450387428896314,3,False,44.01070879941302,0.0,True,0
19,ElasticNet,10000.0,0.3,44.01070879941302,5.201210723418781,-0.0034450387428896314,3,False,44.01070879941302,0.0,True,0
19,ElasticNet,100000.0,0.3,44.01070879941302,5.201210723418781,-0.0034450387428896314,3,False,44.01070879941302,0.0,True,0
19,ElasticNet,1000000.0,0.3,44.01070879941302,5.201210723418781,-0.0034450387428896314,3,False,44.01070879941302,0.0,True,0
19,ElasticNet,10.0,0.5,44.01070879941302,5.201210723418781,-0.0034450387428896314,3,False,44.01070879941302,0.0,True,0
19,ElasticNet,100.0,0.5,44.01070879941302,5.201210723418781,-0.0034450387428896314,3,False,44.01070879941302,0.0,True,0
19,ElasticNet,1000.0,0.5,44.01070879941302,5.201210723418781,-0.0034450387428896314,3,False,44.01070879941302,0.0,True,0
19,ElasticNet,10000.0,0.5,44.01070879941302,5.201210723418781,-0.0034450387428896314,3,False,44.01070879941302,0.0,True,0
19,ElasticNet,100000.0,0.5,44.01070879941302,5.201210723418781,-0.0034450387428896314,3,False,44.01070879941302,0.0,True,0
19,ElasticNet,1000000.0,0.5,44.01070879941302,5.201210723418781,-0.0034450387428896314,3,False,44.01070879941302,0.0,True,0
19,ElasticNet,10.0,0.7,44.01070879941302,5.201210723418781,-0.0034450387428896314,3,False,44.01070879941302,0.0,True,0
19,ElasticNet,100.0,0.7,44.01070879941302,5.201210723418781,-0.0034450387428896314,3,False,44.01070879941302,0.0,True,0
19,ElasticNet,1000.0,0.7,44.01070879941302,5.201210723418781,-0.0034450387428896314,3,False,44.01070879941302,0.0,True,0
19,ElasticNet,10000.0,0.7,44.01070879941302,5.201210723418781,-0.0034450387428896314,3,False,44.01070879941302,0.0,True,0
19,ElasticNet,100000.0,0.7,44.01070879941302,5.201210723418781,-0.0034450387428896314,3,False,44.01070879941302,0.0,True,0
19,ElasticNet,1000000.0,0.7,44.01070879941302,5.201210723418781,-0.0034450387428896314,3,False,44.01070879941302,0.0,True,0
19,ElasticNet,10.0,0.9,44.01070879941302,5.201210723418781,-0.0034450387428896314,3,False,44.01070879941302,0.0,True,0
19,ElasticNet,100.0,0.9,44.01070879941302,5.201210723418781,-0.0034450387428896314,3,False,44.01070879941302,0.0,True,0
19,ElasticNet,1000.0,0.9,44.01070879941302,5.201210723418781,-0.0034450387428896314,3,False,44.01070879941302,0.0,True,0
19,ElasticNet,10000.0,0.9,44.01070879941302,5.201210723418781,-0.0034450387428896314,3,False,44.01070879941302,0.0,True,0
19,ElasticNet,100000.0,0.9,44.01070879941302,5.201210723418781,-0.0034450387428896314,3,False,44.01070879941302,0.0,True,0
19,ElasticNet,1000000.0,0.9,44.01070879941302,5.201210723418781,-0.0034450387428896314,3,False,44.01070879941302,0.0,True,0
19,ElasticNet,10.0,0.95,44.01070879941302,5.201210723418781,-0.0034450387428896314,3,False,44.01070879941302,0.0,True,0
19,ElasticNet,100.0,0.95,44.01070879941302,5.201210723418781,-0.0034450387428896314,3,False,44.01070879941302,0.0,True,0
19,ElasticNet,1000.0,0.95,44.01070879941302,5.201210723418781,-0.0034450387428896314,3,False,44.01070879941302,0.0,True,0
19,ElasticNet,10000.0,0.95,44.01070879941302,5.201210723418781,-0.0034450387428896314,3,False,44.01070879941302,0.0,True,0
19,ElasticNet,100000.0,0.95,44.01070879941302,5.201210723418781,-0.0034450387428896314,3,False,44.01070879941302,0.0,True,0
19,ElasticNet,1000000.0,0.95,44.01070879941302,5.201210723418781,-0.0034450387428896314,3,False,44.01070879941302,0.0,True,0
20,LASSO,10.0,1.0,44.01070879941302,5.201210723418781,-0.0034450387428896314,3,False,44.01070879941302,0.0,True,0
20,LASSO,100.0,1.0,44.01070879941302,5.201210723418781,-0.0034450387428896314,3,False,44.01070879941302,0.0,True,0
20,LASSO,1000.0,1.0,44.01070879941302,5.201210723418781,-0.0034450387428896314,3,False,44.01070879941302,0.0,True,0
20,LASSO,10000.0,1.0,44.01070879941302,5.201210723418781,-0.0034450387428896314,3,False,44.01070879941302,0.0,True,0
20,LASSO,100000.0,1.0,44.01070879941302,5.201210723418781,-0.0034450387428896314,3,False,44.01070879941302,0.0,True,0
20,LASSO,1000000.0,1.0,44.01070879941302,5.201210723418781,-0.0034450387428896314,3,False,44.01070879941302,0.0,True,0
20,ElasticNet,100.0,0.1,44.01070879941302,5.201210723418781,-0.0034450387428896314,3,False,44.01070879941302,0.0,True,0
20,ElasticNet,1000.0,0.1,44.01070879941302,5.201210723418781,-0.0034450387428896314,3,False,44.01070879941302,0.0,True,0
20,ElasticNet,10000.0,0.1,44.01070879941302,5.201210723418781,-0.0034450387428896314,3,False,44.01070879941302,0.0,True,0
20,ElasticNet,100000.0,0.1,44.01070879941302,5.201210723418781,-0.0034450387428896314,3,False,44.01070879941302,0.0,True,0
20,ElasticNet,1000000.0,0.1,44.01070879941302,5.201210723418781,-0.0034450387428896314,3,False,44.01070879941302,0.0,True,0
20,ElasticNet,100.0,0.3,44.01070879941302,5.201210723418781,-0.0034450387428896314,3,False,44.01070879941302,0.0,True,0
20,ElasticNet,1000.0,0.3,44.01070879941302,5.201210723418781,-0.0034450387428896314,3,False,44.01070879941302,0.0,True,0
20,ElasticNet,10000.0,0.3,44.01070879941302,5.201210723418781,-0.0034450387428896314,3,False,44.01070879941302,0.0,True,0
20,ElasticNet,100000.0,0.3,44.01070879941302,5.201210723418781,-0.0034450387428896314,3,False,44.01070879941302,0.0,True,0
20,ElasticNet,1000000.0,0.3,44.01070879941302,5.201210723418781,-0.0034450387428896314,3,False,44.01070879941302,0.0,True,0
20,ElasticNet,10.0,0.5,44.01070879941302,5.201210723418781,-0.0034450387428896314,3,False,44.01070879941302,0.0,True,0
20,ElasticNet,100.0,0.5,44.01070879941302,5.201210723418781,-0.0034450387428896314,3,False,44.01070879941302,0.0,True,0
20,ElasticNet,1000.0,0.5,44.01070879941302,5.201210723418781,-0.0034450387428896314,3,False,44.01070879941302,0.0,True,0
20,ElasticNet,10000.0,0.5,44.01070879941302,5.201210723418781,-0.0034450387428896314,3,False,44.01070879941302,0.0,True,0
20,ElasticNet,100000.0,0.5,44.01070879941302,5.201210723418781,-0.0034450387428896314,3,False,44.01070879941302,0.0,True,0
20,ElasticNet,1000000.0,0.5,44.01070879941302,5.201210723418781,-0.0034450387428896314,3,False,44.01070879941302,0.0,True,0
20,ElasticNet,10.0,0.7,44.01070879941302,5.201210723418781,-0.0034450387428896314,3,False,44.01070879941302,0.0,True,0
20,ElasticNet,100.0,0.7,44.01070879941302,5.201210723418781,-0.0034450387428896314,3,False,44.01070879941302,0.0,True,0
20,ElasticNet,1000.0,0.7,44.01070879941302,5.201210723418781,-0.0034450387428896314,3,False,44.01070879941302,0.0,True,0
20,ElasticNet,10000.0,0.7,44.01070879941302,5.201210723418781,-0.0034450387428896314,3,False,44.01070879941302,0.0,True,0
20,ElasticNet,100000.0,0.7,44.01070879941302,5.201210723418781,-0.0034450387428896314,3,False,44.01070879941302,0.0,True,0
20,ElasticNet,1000000.0,0.7,44.01070879941302,5.201210723418781,-0.0034450387428896314,3,False,44.01070879941302,0.0,True,0
20,ElasticNet,10.0,0.9,44.01070879941302,5.201210723418781,-0.0034450387428896314,3,False,44.01070879941302,0.0,True,0
20,ElasticNet,100.0,0.9,44.01070879941302,5.201210723418781,-0.0034450387428896314,3,False,44.01070879941302,0.0,True,0
20,ElasticNet,1000.0,0.9,44.01070879941302,5.201210723418781,-0.0034450387428896314,3,False,44.01070879941302,0.0,True,0
20,ElasticNet,10000.0,0.9,44.01070879941302,5.201210723418781,-0.0034450387428896314,3,False,44.01070879941302,0.0,True,0
20,ElasticNet,100000.0,0.9,44.01070879941302,5.201210723418781,-0.0034450387428896314,3,False,44.01070879941302,0.0,True,0
20,ElasticNet,1000000.0,0.9,44.01070879941302,5.201210723418781,-0.0034450387428896314,3,False,44.01070879941302,0.0,True,0
20,ElasticNet,10.0,0.95,44.01070879941302,5.201210723418781,-0.0034450387428896314,3,False,44.01070879941302,0.0,True,0
20,ElasticNet,100.0,0.95,44.01070879941302,5.201210723418781,-0.0034450387428896314,3,False,44.01070879941302,0.0,True,0
20,ElasticNet,1000.0,0.95,44.01070879941302,5.201210723418781,-0.0034450387428896314,3,False,44.01070879941302,0.0,True,0
20,ElasticNet,10000.0,0.95,44.01070879941302,5.201210723418781,-0.0034450387428896314,3,False,44.01070879941302,0.0,True,0
20,ElasticNet,100000.0,0.95,44.01070879941302,5.201210723418781,-0.0034450387428896314,3,False,44.01070879941302,0.0,True,0
20,ElasticNet,1000000.0,0.95,44.01070879941302,5.201210723418781,-0.0034450387428896314,3,False,44.01070879941302,0.0,True,0
11,LASSO,0.001,1.0,0.4930654826083531,0.19936648877066218,0.9889231643554641,3,False,0.4930654826083531,0.00011216010992288485,False,0
12,LASSO,0.001,1.0,0.5066158650826856,0.25910963096592493,0.9886438625547846,3,False,0.5066158650826856,0.00011508319478715134,False,0
13,LASSO,0.001,1.0,0.5213305573318953,0.2744183729967506,0.9882923376221551,3,False,0.5213305573318953,6.982591910374041e-05,False,0
11,ElasticNet,0.0001,0.7,0.5216476201315448,0.24064364744782799,0.9882034813815949,3,False,0.5216476201315448,7.386450537833916e-05,False,0
10,ElasticNet,0.001,0.3,0.5230966983996999,0.2345093180286318,0.9882726939195242,3,False,0.5230966983996999,8.811583169517767e-05,False,0
13,LASSO,0.0001,1.0,0.5311792474076124,0.2728836386732966,0.9879715340521443,3,False,0.5311792474076124,0.00018084781236524645,False,0
15,ElasticNet,0.01,0.1,0.533255623047145,0.2180588026906663,0.9880245447833982,3,False,0.533255623047145,0.00011219122189189308,False,0
15,ElasticNet,0.001,0.3,0.5352281141265577,0.3635492799532512,0.987945320279013,3,False,0.5352281141265577,5.258295910303047e-05,False,0
13,ElasticNet,0.0001,0.7,0.537145336018424,0.2854336504466884,0.9878288634833767,3,False,0.537145336018424,7.448940858646578e-05,False,0
11,ElasticNet,0.0001,0.9,0.5375823138912699,0.26250612367134124,0.9878665179317488,3,False,0.5375823138912699,9.866981665882745e-05,False,0
11,ElasticNet,0.0001,0.95,0.5379393874849294,0.2566679928025952,0.987860007147911,3,False,0.5379393874849294,5.928312400943535e-05,False,0
13,ElasticNet,0.01,0.5,0.542212564848455,0.14314456751383017,0.9877841895458431,3,False,0.542212564848455,0.00048159440091003185,False,0
16,ElasticNet,0.01,0.1,0.5441402893834694,0.2722652404975706,0.9877700628429681,3,False,0.5441402893834694,0.0001090941118759407,False,0
13,ElasticNet,0.0001,0.95,0.5442652844678831,0.2767425748959544,0.9876925032759564,3,False,0.5442652844678831,9.55432332512448e-05,False,0
13,ElasticNet,0.0001,0.9,0.5521000813868134,0.3042748772528368,0.9875203148155155,3,False,0.5521000813868134,0.00014681591786900618,False,0
10,LASSO,0.001,1.0,0.5525713293919271,0.24504097358865945,0.9876109241826173,3,False,0.552571329391927,6.99282634027017e-05,False,0
11,LASSO,0.0001,1.0,0.5532546828739666,0.27798694710326605,0.9875329123825273,3,False,0.5532546828739666,6.619118686943428e-05,False,0
12,ElasticNet,0.01,0.3,0.5557685963339591,0.15602500959393661,0.9875008934915765,3,False,0.5557685963339591,0.0002283618103344231,False,0
17,ElasticNet,0.01,0.1,0.5624035280248979,0.29899985048634037,0.9873723945543372,3,False,0.5624035280248979,0.00012462394670234122,False,0
14,ElasticNet,0.01,0.5,0.5639698526761248,0.15654921681305783,0.9873103605221134,3,False,0.5639698526761249,0.0004609361673186879,False,0
15,ElasticNet,0.01,0.5,0.5674736079458315,0.16043668755400345,0.9872402318938365,3,False,0.5674736079458316,0.001388239755776727,False,0
15,ElasticNet,0.01,0.7,0.5700273254685062,0.1572598379024089,0.9871746162204599,3,False,0.5700273254685062,8.314159823207944e-05,False,0
13,ElasticNet,0.0001,0.3,0.5704461835513442,0.314975177175404,0.9870851560801338,3,False,0.5704461835513442,6.133972036521763e-05,False,0
8,ElasticNet,0.0001,0.1,0.5715185068471927,0.24461316755531037,0.9871937850590107,3,False,0.5715185068471927,7.740988786786085e-05,False,0
17,LASSO,0.0001,1.0,0.5726203512157639,0.12227882728541808,0.9870191450445479,3,False,0.5726203512157639,7.379622282787525e-05,False,0
18,ElasticNet,0.01,0.1,0.5731464687175932,0.3441255594295562,0.987125158526346,3,False,0.5731464687175932,0.0001497947503258149,False,0
11,ElasticNet,0.01,0.3,0.5731927555002021,0.16174577576170163,0.9870914673112147,3,False,0.5731927555002021,6.625802855467298e-05,False,0
13,ElasticNet,0.0001,0.5,0.574856521712465,0.33574704437864206,0.9869934116166713,3,False,0.574856521712465,9.817873062138366e-05,False,0
13,ElasticNet,0.01,0.9,0.5790566698935643,0.14779717869303058,0.9869458969663173,3,False,0.5790566698935643,6.144122616789927e-05,False,0
14,ElasticNet,0.001,0.9,0.57940731809897,0.4089379853233057,0.9870243687444704,3,False,0.57940731809897,5.003065657531458e-05,False,0
15,ElasticNet,0.01,0.9,0.5865372546990344,0.1529118607019043,0.9867851692437801,3,False,0.5865372546990343,0.00011009882476052321,False,0
18,ElasticNet,0.01,0.3,0.5875412241646308,0.24186509518642377,0.9868006205677822,3,False,0.5875412241646308,0.00011822117334913274,False,0
13,ElasticNet,0.01,0.95,0.5883905232610246,0.14873972040654324,0.9867335803052285,3,False,0.5883905232610246,5.302951186248253e-05,False,0
14,ElasticNet,0.001,0.95,0.5887328821039056,0.4195786174832504,0.9868255471896706,3,False,0.5887328821039055,5.823117209774139e-05,False,0
15,ElasticNet,0.001,0.9,0.5900841877737922,0.41777477530217366,0.9867728663163208,3,False,0.5900841877737922,5.3495987918840025e-05,False,0
14,LASSO,0.001,1.0,0.5907311681192585,0.4184204294686719,0.9867828772279453,3,False,0.5907311681192585,0.0001286555131994829,False,0
19,ElasticNet,0.01,0.1,0.596445772444482,0.3816974649574507,0.986618832795397,3,False,0.596445772444482,0.00014099486869408994,False,0
10,ElasticNet,0.0001,0.1,0.5968388318630086,0.3910035508609103,0.9865931988641595,3,False,0.5968388318630086,5.0772284686082306e-05,False,0
17,ElasticNet,0.01,0.5,0.5986701147664059,0.19985653979592752,0.9865814841691348,3,False,0.5986701147664059,9.166157193396703e-05,False,0
15,ElasticNet,0.01,0.95,0.5988254105684931,0.15788573037762732,0.9865118874696602,3,False,0.5988254105684933,0.00012138421323983767,False,0
10,ElasticNet,0.0001,0.3,0.6000147446821747,0.39997419849888216,0.986533042589902,3,False,0.6000147446821747,6.002629269800629e-05,False,0
15,ElasticNet,0.001,0.95,0.6020722775719795,0.43289259167502364,0.9865163779992471,3,False,0.6020722775719795,6.67983894395292e-05,False,0
20,ElasticNet,0.01,0.1,0.6039303879566907,0.3932514551397656,0.9864456009729968,3,False,0.6039303879566906,0.00011625945787952971,False,0
19,ElasticNet,0.01,0.3,0.6042712389843234,0.258343651287458,0.9864353499629196,3,False,0.6042712389843234,7.160401706036166e-05,False,0
19,ElasticNet,0.0001,0.95,0.605933294189085,0.16478035980626332,0.9862512492955462,3,False,0.605933294189085,0.0001753102440256122,False,0
12,LASSO,0.0001,1.0,0.6062631533798181,0.4109046284688111,0.9863649623031092,3,False,0.6062631533798181,0.00020171670260464195,False,0
19,ElasticNet,0.001,0.1,0.6083748429404988,0.31579483881214093,0.986234501569229,3,False,0.6083748429404988,6.391397645947461e-05,False,0
12,ElasticNet,0.0001,0.95,0.6084153192908656,0.4148583048481675,0.9863083553328417,3,False,0.6084153192908656,8.146881342578543e-05,False,0
15,LASSO,0.001,1.0,0.6102000711298486,0.43863033555357356,0.9863454306953637,3,False,0.6102000711298486,6.291172215086701e-05,False,0
14,ElasticNet,0.01,0.9,0.6105282764141728,0.16959764957760934,0.9862619189305204,3,False,0.6105282764141728,5.144416773474915e-05,False,0
10,ElasticNet,0.0001,0.9,0.6117697038532312,0.40133428052572057,0.9862794255717636,3,False,0.6117697038532312,6.788661644755082e-05,False,0
19,LASSO,0.0001,1.0,0.61326174854073,0.19178518533440309,0.9860712452450969,3,False,0.61326174854073,9.073245671070862e-05,False,0
12,LASSO,0.01,1.0,0.6134809365616843,0.1443981311194873,0.9861493710749253,3,False,0.6134809365616843,0.00038390784682921716,False,0
13,LASSO,0.01,1.0,0.6137935819218477,0.15717767139644226,0.9861638144530666,3,False,0.6137935819218477,0.0016622900245040068,False,0
15,LASSO,0.01,1.0,0.6142322802054622,0.16870085751978908,0.9861788761505226,3,False,0.6142322802054622,0.0001912087799665757,False,0
16,ElasticNet,0.01,0.7,0.6157382553310197,0.20266968407441704,0.9861798350730112,3,False,0.6157382553310197,5.634139693905596e-05,False,0
20,ElasticNet,0.01,0.3,0.6168718673996028,0.2822523938123391,0.9861557657160399,3,False,0.6168718673996026,8.93819926251439e-05,False,0
17,ElasticNet,0.0001,0.5,0.6179722205973159,0.11850150701661405,0.9859952832144107,3,False,0.6179722205973159,7.026869928000991e-05,False,0
20,ElasticNet,0.001,0.7,0.619736228832239,0.4207858429706529,0.9860551898298722,3,False,0.619736228832239,6.541854806022018e-05,False,0
15,ElasticNet,0.0001,0.5,0.6214104059905883,0.25632554474959984,0.9859368964248166,3,False,0.6214104059905883,6.575131253118468e-05,False,0
15,ElasticNet,0.0001,0.95,0.6235725800733846,0.2652127262006963,0.9859443140650761,3,False,0.6235725800733846,8.582866204724074e-05,False,0
18,ElasticNet,0.001,0.7,0.6248198568404123,0.45828746207038357,0.9859628004902231,3,False,0.6248198568404123,5.3787242945853016e-05,False,0
17,ElasticNet,0.0001,0.95,0.6273378297000294,0.1781701229425242,0.9858303441091439,3,False,0.6273378297000294,0.0002340090240631695,False,0
15,ElasticNet,0.0001,0.3,0.6281525900491199,0.23770709814872504,0.9857635119128855,3,False,0.6281525900491199,6.724908508961289e-05,False,0
19,ElasticNet,0.0001,0.9,0.6294005299821789,0.18708334889623301,0.9857315879377001,3,False,0.6294005299821789,9.579255934033622e-05,False,0
15,LASSO,0.0001,1.0,0.6295209309527133,0.3020521129246645,0.9858085002895812,3,False,0.6295209309527133,0.0001225906118259007,False,0
16,ElasticNet,0.001,0.9,0.6295399263335996,0.47973661323453143,0.98589756102874,3,False,0.6295399263335996,7.552120643984953e-05,False,0
19,ElasticNet,0.001,0.7,0.6301658600750414,0.46640868113082196,0.9858377726701241,3,False,0.6301658600750414,5.624925982146954e-05,False,0
17,ElasticNet,0.01,0.9,0.6304486075432182,0.1948464359018697,0.9858297662791178,3,False,0.6304486075432182,9.435302559125842e-05,False,0
18,ElasticNet,0.001,0.5,0.6318214207803753,0.4886466872323931,0.9858084236670756,3,False,0.6318214207803753,5.232083109843184e-05,False,0
10,ElasticNet,0.0001,0.95,0.6335794428387195,0.43368849861017505,0.9858008647369553,3,False,0.6335794428387195,0.00012153360881312324,False,0
18,ElasticNet,0.01,0.5,0.6346518783674538,0.23818984458775258,0.9857966778080242,3,False,0.6346518783674538,8.42348478968585e-05,False,0
17,LASSO,0.01,1.0,0.6382353791351213,0.18735494285835527,0.9856525542714283,3,False,0.6382353791351213,0.0002486491784365191,False,0
20,ElasticNet,0.0001,0.95,0.6389851185782837,0.13672204691836126,0.9854282443020151,3,False,0.6389851185782837,7.795465809358655e-05,False,0
16,ElasticNet,0.01,0.95,0.6397377822140866,0.19582975785620477,0.9856216026170074,3,False,0.6397377822140866,6.51370345803818e-05,False,0
12,ElasticNet,0.0001,0.9,0.640229467517678,0.46533831968369493,0.9856152064425144,3,False,0.640229467517678,8.061558060157998e-05,False,0
19,ElasticNet,0.01,0.5,0.640316859668213,0.2420191913114855,0.9856729826476552,3,False,0.640316859668213,7.677073471920332e-05,False,0
16,ElasticNet,0.001,0.95,0.6406561498107277,0.49592209417559496,0.985660198952087,3,False,0.6406561498107278,8.148605145313372e-05,False,0
16,LASSO,0.001,1.0,0.6412346269300505,0.4880758303068346,0.9856480512367143,3,False,0.6412346269300505,7.319852105720738e-05,False,0
17,ElasticNet,0.01,0.95,0.6439275045162648,0.2014161596472261,0.9855325737724457,3,False,0.6439275045162648,5.215401462814982e-05,False,0
16,LASSO,0.01,1.0,0.6446024940286997,0.1924602255180029,0.9855164511419208,3,False,0.6446024940286997,0.00021777734607089476,False,0
15,ElasticNet,0.0001,0.9,0.6449239679890543,0.3012505655496536,0.9854622220363565,3,False,0.6449239679890543,6.373183686756001e-05,False,0
16,ElasticNet,0.0001,0.95,0.6451263624239247,0.20900979333567818,0.985425610991006,3,False,0.6451263624239247,7.285078055522452e-05,False,0
20,LASSO,0.001,1.0,0.6451813189803999,0.44621643980113723,0.9855374134278083,3,False,0.6451813189803999,0.00011031669984287555,False,0
12,ElasticNet,0.0001,0.3,0.6459253041057604,0.47715994726947086,0.9854731400266356,3,False,0.6459253041057603,8.219160998669832e-05,False,0
12,ElasticNet,0.0001,0.7,0.6481293429047398,0.4767898560916934,0.985423058433701,3,False,0.6481293429047398,8.585177036042357e-05,False,0
17,ElasticNet,0.001,0.9,0.649370336127183,0.5087962310795533,0.9854603876765976,3,False,0.649370336127183,5.7784012530410155e-05,False,0
17,ElasticNet,0.0001,0.9,0.6493996811958928,0.20280637916176752,0.9853253358936068,3,False,0.6493996811958928,8.073521652668099e-05,False,0
20,ElasticNet,0.0001,0.9,0.6498526521357729,0.13341863561610404,0.9851812636665974,3,False,0.6498526521357729,0.00016892699186099374,False,0
17,LASSO,0.001,1.0,0.6556194979648152,0.5087285045688613,0.9853327081629809,3,False,0.6556194979648152,9.522505053990906e-05,False,0
18,ElasticNet,0.001,0.1,0.6563136645517254,0.4408099094148207,0.9852093306742612,3,False,0.6563136645517254,5.781093689342995e-05,False,0
18,ElasticNet,0.01,0.7,0.657358774390021,0.2522514074527459,0.9852786265928913,3,False,0.657358774390021,6.721297257925724e-05,False,0
18,LASSO,0.0001,1.0,0.6618784376157881,0.15068522462843723,0.9850479124767081,3,False,0.6618784376157881,6.65481492616105e-05,False,0
19,ElasticNet,0.01,0.7,0.6619394178462631,0.2583045551718819,0.985180426571187,3,False,0.6619394178462631,0.00010525973334895439,False,0
14,ElasticNet,0.0001,0.3,0.6654045299640026,0.3412046685682971,0.9850191151136043,3,False,0.6654045299640026,5.2707074622598935e-05,False,0
17,ElasticNet,0.001,0.95,0.6661667042466499,0.527456383674325,0.9850976066954443,3,False,0.6661667042466499,6.0924342798018664e-05,False,0
19,ElasticNet,0.001,0.9,0.6667682796156843,0.5130153394443129,0.9850603626007818,3,False,0.6667682796156843,5.863451395864757e-05,False,0
20,LASSO,0.0001,1.0,0.6667763029224409,0.17067742244555367,0.9848248138339749,3,False,0.6667763029224409,7.489477654029563e-05,False,0
19,ElasticNet,0.001,0.95,0.6683186645235936,0.5102325430761931,0.9850260568850772,3,False,0.6683186645235936,6.822799565811468e-05,False,0
11,ElasticNet,1e-05,0.5,0.6689269613190397,0.3042965270106979,0.9849194509122055,3,False,0.6689269613190397,6.330008686033203e-05,False,0
11,ElasticNet,1e-05,0.1,0.6702983306532979,0.3144186907763911,0.9849134529942347,3,False,0.6702983306532979,5.184234900579042e-05,False,0
19,LASSO,0.001,1.0,0.6703633636520548,0.5224995556817628,0.9849802496060814,3,False,0.6703633636520548,8.529602354086956e-05,False,0
11,ElasticNet,1e-05,0.7,0.6708555519891046,0.31134463770825554,0.9848591282420402,3,False,0.6708555519891046,5.729903805687838e-05,False,0
18,ElasticNet,0.001,0.9,0.6722490247186584,0.5120156344218347,0.9849430877048843,3,False,0.6722490247186584,5.9365042604245136e-05,False,0
9,ElasticNet,1e-05,0.9,0.6723892726561299,0.50004856855561,0.9849128986954995,3,False,0.6723892726561299,5.280669288057946e-05,False,0
11,ElasticNet,1e-05,0.9,0.672652590928017,0.32969505998472215,0.9848179089699549,3,False,0.6726525909280169,6.380839451178238e-05,False,0
18,ElasticNet,0.0001,0.95,0.6727213782222908,0.14807837565630702,0.9847932382697121,3,False,0.6727213782222908,7.603868450926136e-05,False,0
9,ElasticNet,1e-05,0.95,0.6727812281852138,0.49322780768573665,0.9848999733456671,3,False,0.6727812281852138,5.406989578811938e-05,False,0
11,ElasticNet,1e-05,0.3,0.6730762665157561,0.30284407566497634,0.9848424817014219,3,False,0.6730762665157561,6.0222488587757364e-05,False,0
11,ElasticNet,1e-05,0.95,0.6731603390410954,0.3409759740173996,0.9848048229234249,3,False,0.6731603390410954,6.445551736050877e-05,False,0
20,ElasticNet,0.01,0.5,0.6735036360331604,0.28168591559471085,0.984952826745238,3,False,0.6735036360331604,0.00014095534475721313,False,0
14,LASSO,0.01,1.0,0.6745191242632019,0.19674260481866077,0.9848446149813742,3,False,0.6745191242632019,0.0031258644715468527,False,0
18,ElasticNet,0.01,0.9,0.6746101225887816,0.2440042166666549,0.9848694411670774,3,False,0.6746101225887816,0.00010421761117785852,False,0
14,ElasticNet,0.0001,0.9,0.6763988057084065,0.3856193100720083,0.9848313522096316,3,False,0.6763988057084065,0.00013290688871590866,False,0
19,ElasticNet,0.0001,0.5,0.6768008967066986,0.14818282838453656,0.984629299487774,3,False,0.6768008967066986,6.878928891190493e-05,False,0
16,ElasticNet,0.0001,0.9,0.6788135104266854,0.26780507719229785,0.9846885845346728,3,False,0.6788135104266854,0.00011379746366107731,False,0
11,LASSO,0.01,1.0,0.6791529004213078,0.21380217443357344,0.9847353172392023,3,False,0.6791529004213078,0.0002949473505755567,False,0
12,ElasticNet,0.0001,0.1,0.6793278322673376,0.5303738470658249,0.9847318893077981,3,False,0.6793278322673376,5.4194824313449296e-05,False,0
16,LASSO,0.0001,1.0,0.6805025209455534,0.28509086600479755,0.9846667828844643,3,False,0.6805025209455534,0.00011611418783242612,False,0
19,LASSO,0.01,1.0,0.6809171948769608,0.23709272235527937,0.9847161174281989,3,False,0.6809171948769608,0.00029978692625228995,False,0
9,LASSO,1e-05,1.0,0.6814769202804266,0.5033666412048811,0.9847195321148892,3,False,0.6814769202804266,5.4661735903672266e-05,False,0
20,ElasticNet,0.001,0.95,0.6815795580997867,0.49332191485097704,0.9847375825677201,3,False,0.6815795580997867,7.599971756987818e-05,False,0
19,ElasticNet,0.01,0.9,0.6817376564489847,0.2540458610614426,0.9847127028388368,3,False,0.6817376564489847,8.755875192428646e-05,False,0
18,ElasticNet,0.001,0.95,0.6829386759257071,0.5264255288672175,0.9847159897406659,3,False,0.6829386759257073,5.114887150062589e-05,False,0
14,ElasticNet,0.0001,0.95,0.6838246003033737,0.39753842570319436,0.9846677592968996,3,False,0.6838246003033737,9.807499204527776e-05,False,0
18,ElasticNet,0.0001,0.7,0.6852382506017811,0.1557867113925987,0.9845189575983803,3,False,0.6852382506017811,7.186369572232841e-05,False,0
17,ElasticNet,0.0001,0.7,0.6856372864583552,0.20609296265633964,0.9845418002847793,3,False,0.6856372864583552,8.038372688041082e-05,False,0
18,LASSO,0.01,1.0,0.6861373616793512,0.23667010182238726,0.9846120042375204,3,False,0.6861373616793512,0.00024861950078403777,False,0
14,ElasticNet,0.0001,0.5,0.6862790925381203,0.3858249084278442,0.984569897000346,3,False,0.6862790925381203,6.300377314146478e-05,False,0
14,ElasticNet,0.0001,0.1,0.6869907169580621,0.36319078324931314,0.9845065205689636,3,False,0.6869907169580621,6.208764881521553e-05,False,0
18,LASSO,0.001,1.0,0.68712934404166,0.5362368194066867,0.9846212967661945,3,False,0.68712934404166,6.345355436839081e-05,False,0
11,LASSO,1e-05,1.0,0.6876739630701048,0.35908865345821445,0.984496553231069,3,False,0.6876739630701048,6.395635884716877e-05,False,0
14,ElasticNet,0.0001,0.7,0.6881906395902176,0.39640202377141653,0.9845457895411215,3,False,0.6881906395902176,0.00016517830160447619,False,0
20,ElasticNet,0.01,0.7,0.6885173561586951,0.2919287299896184,0.9846042723631977,3,False,0.6885173561586951,8.618935050509931e-05,False,0
18,ElasticNet,0.01,0.95,0.6906864620303786,0.2535336264421107,0.9845135011467526,3,False,0.6906864620303786,0.00015224467429042314,False,0
14,LASSO,0.0001,1.0,0.6908491773935582,0.41295008625120644,0.9845273777804452,3,False,0.6908491773935582,0.0001142989482099326,False,0
19,ElasticNet,0.01,0.95,0.6980869974155927,0.26118575698211666,0.9843517221974611,3,False,0.6980869974155927,0.00012649195244421318,False,0
15,ElasticNet,0.0001,0.7,0.7002205872592683,0.38945229837192563,0.9842384927510505,3,False,0.7002205872592685,0.00010657192305841374,False,0
20,ElasticNet,0.01,0.9,0.7063531251005636,0.2872984192339975,0.9841752246261729,3,False,0.7063531251005636,0.0002489445026230188,False,0
20,LASSO,0.01,1.0,0.7092940276204295,0.2714882465346473,0.9841045474027236,3,False,0.7092940276204295,0.0003433569687579449,False,0
17,ElasticNet,0.0001,0.3,0.7118432085933808,0.1671995462463978,0.9839053189548311,3,False,0.7118432085933808,7.603421632476748e-05,False,0
18,ElasticNet,0.0001,0.9,0.7127911020236274,0.19276784643007006,0.9839124963042364,3,False,0.7127911020236274,0.0001483473738594134,False,0
16,ElasticNet,0.0001,0.5,0.7151354525679549,0.24270990702339032,0.9839023616402441,3,False,0.7151354525679549,8.883090932827544e-05,False,0
16,ElasticNet,0.0001,0.7,0.7228530657120475,0.2982801459962904,0.9837477587438744,3,False,0.7228530657120475,7.696780495588248e-05,False,0
20,ElasticNet,0.01,0.95,0.7274610556743625,0.2996131023348519,0.9837130340199387,3,False,0.7274610556743625,0.00011576560492245619,False,0
19,ElasticNet,0.0001,0.7,0.728186051998816,0.20355182809672467,0.9835630217548562,3,False,0.728186051998816,7.64927975741995e-05,False,0
10,LASSO,0.01,1.0,0.7304412428343833,0.1956399491469883,0.9835327397880286,3,False,0.7304412428343833,0.0002528315434944563,False,0
20,ElasticNet,0.0001,0.7,0.7322235192993046,0.16792505079668957,0.9833962847530614,3,False,0.7322235192993046,0.0001385668418214085,False,0
16,ElasticNet,0.0001,0.3,0.7423205682881083,0.24075089854228848,0.9833007864309146,3,False,0.7423205682881083,8.113589734661545e-05,False,0
19,ElasticNet,0.0001,0.3,0.7475158384243232,0.24817585770786021,0.9830772034849269,3,False,0.7475158384243232,8.111704920293807e-05,False,0
14,ElasticNet,1e-05,0.95,0.7615778840360004,0.20914023653010802,0.9828632928600788,3,False,0.7615778840360002,9.994466163272718e-05,False,0
13,LASSO,1e-05,1.0,0.7631441954325656,0.24718863163215876,0.9828660647979807,3,False,0.7631441954325656,9.183242908895017e-05,False,0
18,ElasticNet,0.0001,0.5,0.7663395325385007,0.20789929087858056,0.9827506723106484,3,False,0.7663395325385007,0.00011638461655891761,False,0
13,ElasticNet,1e-05,0.95,0.768482487907406,0.2424452886095267,0.9827645031205633,3,False,0.768482487907406,0.00010283285669541732,False,0
18,ElasticNet,0.0001,0.3,0.772334258475022,0.21799222353864628,0.9825980122301753,3,False,0.772334258475022,7.29151906129633e-05,False,0
9,LASSO,0.01,1.0,0.7782515124030452,0.25574149863238116,0.9824197249947556,3,False,0.7782515124030454,6.485523881452973e-05,False,0
10,LASSO,1e-05,1.0,0.7818182041837409,0.5384993796347611,0.9825165122606717,3,False,0.781818204183741,5.260880165359173e-05,False,0
13,ElasticNet,1e-05,0.9,0.7846860805497095,0.2580070549462527,0.9823811369241594,3,False,0.7846860805497095,8.69546472919328e-05,False,0
17,ElasticNet,0.0001,0.1,0.7914855343860568,0.2988776597303974,0.9821281459567949,3,False,0.7914855343860568,0.00014968154324032084,False,0
14,ElasticNet,1e-05,0.9,0.7940248281108326,0.27409309085377775,0.9822046451549297,3,False,0.7940248281108326,0.000105157981326114,False,0
13,ElasticNet,1e-05,0.7,0.7959394841177839,0.26856749687976833,0.982186352219622,3,False,0.7959394841177839,7.156991905083315e-05,False,0
12,ElasticNet,1e-05,0.95,0.7981773376207778,0.38655394095132334,0.9820786500926508,3,False,0.7981773376207778,8.328492357432905e-05,False,0
20,ElasticNet,0.0001,0.5,0.7987401065219099,0.2541220113302233,0.9819479937562643,3,False,0.7987401065219099,0.00010446981507734879,False,0
12,ElasticNet,1e-05,0.9,0.8035198944282255,0.3858840949132194,0.9819610311796115,3,False,0.8035198944282255,9.555969999257569e-05,False,0
12,ElasticNet,1e-05,0.7,0.8111901889054359,0.31237447208166014,0.9818046547025006,3,False,0.8111901889054359,7.754312190982265e-05,False,0
16,ElasticNet,0.1,0.1,0.815148860149352,0.2230960678462087,0.9814541883339013,3,False,0.8151488601493518,0.0016193354682411034,False,0
19,ElasticNet,0.1,0.1,0.8159843285964851,0.23836507337394786,0.9814272009125649,3,False,0.8159843285964851,0.0053433397738277665,False,0
18,ElasticNet,0.1,0.1,0.8231904242940385,0.2524087163761231,0.9813031346185429,3,False,0.8231904242940385,0.00676589552356336,False,0
12,LASSO,1e-05,1.0,0.8258215244575849,0.4421773577611672,0.9814731303615409,3,False,0.8258215244575848,8.7512596790478e-05,False,0
20,ElasticNet,0.1,0.1,0.8325197497163228,0.23708583897195074,0.9810379387618436,3,False,0.8325197497163228,0.009979537285383082,False,0
14,LASSO,1e-05,1.0,0.8347082434123004,0.3095308546246483,0.9813308734026919,3,False,0.8347082434123004,0.00010138629424416191,False,0
12,ElasticNet,1e-05,0.5,0.8358697308193831,0.35757818254109486,0.9812773502270608,3,False,0.8358697308193833,7.160386863095098e-05,False,0
12,ElasticNet,1e-05,0.3,0.8801575827646495,0.35351002695483164,0.9803483867170382,3,False,0.8801575827646495,6.947117748775146e-05,False,0
13,ElasticNet,1e-05,0.3,0.8928219833696139,0.3489996619363994,0.980102918616632,3,False,0.8928219833696138,5.462985175886069e-05,False,0
13,ElasticNet,1e-05,0.5,0.8932957886396039,0.3387117882622664,0.9800781040411438,3,False,0.8932957886396039,6.62922135085002e-05,False,0
12,ElasticNet,1e-05,0.1,0.8954960830753834,0.4012278737361621,0.9800029372832885,3,False,0.8954960830753834,5.5675224149178525e-05,False,0
20,ElasticNet,0.0001,0.3,0.903515907268241,0.4263123777065002,0.9797152183414389,3,False,0.903515907268241,7.472796353903754e-05,False,0
15,ElasticNet,1e-05,0.9,0.9132846870187766,0.2756796810396081,0.9794439244314516,3,False,0.9132846870187766,0.00010757792457461326,False,0
18,ElasticNet,0.0001,0.1,0.9219690278671674,0.4200232738480987,0.9793419295666973,3,False,0.9219690278671674,5.6234702189270695e-05,False,0
15,ElasticNet,1e-05,0.95,0.924190810909125,0.3605804866891035,0.9792993746831954,3,False,0.9241908109091249,9.340082985781188e-05,False,0
14,ElasticNet,1e-05,0.7,0.9306914304300634,0.38857210201436065,0.9792835131681153,3,False,0.9306914304300634,9.400670401536417e-05,False,0
19,ElasticNet,0.0001,0.1,0.9351332090770174,0.3714979588103213,0.9789871569795633,3,False,0.9351332090770171,5.939397655104449e-05,False,0
8,LASSO,0.01,1.0,0.9351779100494921,0.30354010557597455,0.9789124258806513,3,False,0.9351779100494921,7.490326847950021e-05,False,0
15,LASSO,1e-05,1.0,0.9750699312692609,0.3539030155918162,0.9781768437199069,3,False,0.9750699312692609,9.375262403005493e-05,False,0
11,ElasticNet,1e-06,0.3,0.9794340283207275,0.4255331873637922,0.9782621201849829,3,False,0.9794340283207275,5.6224807939309045e-05,False,0
11,ElasticNet,1e-06,0.7,0.9890236851304474,0.42763273463018153,0.9780435875928045,3,False,0.9890236851304475,5.405856541359402e-05,False,0
15,ElasticNet,1e-05,0.7,0.9905344268657575,0.37059795470236073,0.9778321957556941,3,False,0.9905344268657575,7.905960987348574e-05,False,0
11,ElasticNet,1e-06,0.1,0.9914373510403086,0.45588395652209585,0.9780347495426865,3,False,0.9914373510403086,5.00022142873685e-05,False,0
11,ElasticNet,1e-06,0.9,0.9920388773683181,0.43130717542203595,0.9779811806848057,3,False,0.9920388773683181,5.989254932160399e-05,False,0
11,ElasticNet,1e-06,0.5,0.998450745853404,0.4454985958300632,0.9778621700818585,3,False,0.998450745853404,5.6086986900055775e-05,False,0
11,ElasticNet,1e-06,0.95,0.9988815704329509,0.4409740530011362,0.9778321045859227,3,False,0.9988815704329509,6.440963169694906e-05,False,0
11,LASSO,1e-06,1.0,1.0008901421588707,0.40987750462566636,0.9777260672470991,3,False,1.0008901421588707,6.625043769689506e-05,False,0
14,ElasticNet,1e-05,0.5,1.0608618503805263,0.4719539642576095,0.9764524146032064,3,False,1.0608618503805263,9.05132111524645e-05,False,0
14,ElasticNet,1e-05,0.3,1.1170650145266767,0.5677327318895422,0.975250118904997,3,False,1.1170650145266767,7.597603982574183e-05,False,0
15,ElasticNet,1e-05,0.5,1.1473996270650144,0.46266669826626516,0.9743916423868108,3,False,1.1473996270650144,9.003791704856871e-05,False,0
16,ElasticNet,1e-05,0.95,1.278540829486527,0.7151643191160076,0.9717299075374922,3,False,1.278540829486527,7.830379245408893e-05,False,0
16,LASSO,1e-05,1.0,1.307660329962979,0.737021193937663,0.9711345950514391,3,False,1.307660329962979,8.300855377082938e-05,False,0
17,LASSO,1e-05,1.0,1.3460727978673839,0.8336357109613928,0.9702128028953579,3,False,1.3460727978673839,8.72203143641629e-05,False,0
17,ElasticNet,1e-05,0.9,1.3496936739993883,0.7701157645834552,0.9700584364324011,3,False,1.3496936739993883,8.999492379340174e-05,False,0
12,LASSO,1e-06,1.0,1.3784610961342765,0.7584410183216007,0.969594413434946,3,False,1.3784610961342765,7.805916151833555e-05,False,0
13,ElasticNet,1e-06,0.95,1.4160644501526356,0.8317558718561988,0.9687762126334057,3,False,1.4160644501526356,6.097697328555584e-05,False,0
15,ElasticNet,1e-05,0.3,1.4249498250170838,0.8835711950363976,0.9684422927252778,3,False,1.4249498250170838,6.560924158472196e-05,False,0
17,ElasticNet,1e-05,0.95,1.4267712016170744,0.8595852664018604,0.9684378698644096,3,False,1.4267712016170744,8.322670431329676e-05,False,0
12,ElasticNet,1e-06,0.9,1.4352202563574465,0.7962138121435842,0.9682930060513065,3,False,1.4352202563574465,7.611956929070452e-05,False,0
12,ElasticNet,1e-06,0.95,1.5273083748128318,0.9480634934813394,0.9663327605301197,3,False,1.5273083748128318,7.830692667215042e-05,False,0
16,ElasticNet,1e-05,0.9,1.5289446021204884,0.9666117804782948,0.9663918871531729,3,False,1.5289446021204884,8.203134960808725e-05,False,0
16,ElasticNet,1e-05,0.7,1.5367538122370836,1.007440671430099,0.9662145564184269,3,False,1.5367538122370836,8.108016005203401e-05,False,0
13,ElasticNet,1e-06,0.3,1.5532301207161403,1.0797916983110962,0.9659177304881768,3,False,1.5532301207161403,5.561373779996677e-05,False,0
17,ElasticNet,1e-05,0.7,1.5729993728857234,1.0339128436211902,0.9651951556197359,3,False,1.5729993728857234,9.897001683108826e-05,False,0
12,ElasticNet,1e-06,0.5,1.6198241414476306,1.106663373778198,0.9644503005877821,3,False,1.6198241414476306,6.460637620055062e-05,False,0
12,ElasticNet,1e-06,0.3,1.6460391778285022,1.1751804426341508,0.9639337136555212,3,False,1.6460391778285022,6.338088784051559e-05,False,0
13,LASSO,1e-06,1.0,1.670053559657415,1.1672759481124597,0.9633451971386666,3,False,1.6700535596574149,5.9440548557503356e-05,False,0
13,ElasticNet,1e-06,0.5,1.6764667010239853,1.1229181330573075,0.9631583259265599,3,False,1.6764667010239853,5.582945578922972e-05,False,0
16,ElasticNet,0.1,0.9,1.7129159130376486,0.30010733945322404,0.9610630241606,3,False,1.7129159130376486,0.00029251665216692424,False,0
15,ElasticNet,0.1,0.9,1.7162245523277386,0.3043735697376549,0.961000740906404,3,False,1.7162245523277389,9.251812145578964e-05,False,0
13,ElasticNet,1e-06,0.9,1.7191700711127513,1.2257398673804505,0.9624087839276815,3,False,1.7191700711127513,5.664690712250009e-05,False,0
14,ElasticNet,0.1,0.9,1.7204542401483343,0.3333101226259632,0.9609287674761497,3,False,1.720454240148334,0.00017890034530351762,False,0
18,ElasticNet,0.1,0.9,1.722000653503511,0.28656802135174664,0.9608452838007034,3,False,1.722000653503511,0.00018228701514427792,False,0
17,ElasticNet,0.1,0.9,1.724899256845512,0.28835346408302553,0.9607878253984428,3,False,1.724899256845512,6.891397482128303e-05,False,0
12,ElasticNet,1e-06,0.1,1.7261400260682584,1.1058534403864482,0.9620043644899035,3,False,1.7261400260682584,5.4397439041696276e-05,False,0
20,ElasticNet,0.1,0.9,1.740559069800365,0.2851435843812499,0.9604270308736907,3,False,1.740559069800365,0.0006042601969332984,False,0
19,ElasticNet,0.1,0.9,1.7412478881157583,0.28718179144542916,0.9604161157505716,3,False,1.7412478881157583,8.18247237961145e-05,False,0
13,ElasticNet,1e-06,0.7,1.7428154452309499,1.292422853210323,0.9616972046667235,3,False,1.7428154452309499,6.085729256373567e-05,False,0
12,ElasticNet,1e-06,0.7,1.7603751436015482,1.3246110269003508,0.9614002298710972,3,False,1.760375143601548,6.996940491310548e-05,False,0
16,ElasticNet,1e-05,0.5,1.7649750864576728,1.2263485083103198,0.9612842637043499,3,False,1.7649750864576728,0.00010092588161881254,False,0
12,ElasticNet,0.1,0.9,1.7655635518633581,0.39259623111122016,0.9599894524931556,3,False,1.7655635518633581,5.950405483703958e-05,False,0
16,ElasticNet,0.1,0.95,1.7754487928123712,0.306828605814141,0.9596648854260713,3,False,1.7754487928123712,9.54189776825598e-05,False,0
15,ElasticNet,0.1,0.95,1.7790844431077673,0.31022200168834874,0.9595917440425342,3,False,1.7790844431077673,0.0002129382144054892,False,0
18,ElasticNet,0.1,0.95,1.785345799434598,0.29582300406691353,0.959430524961255,3,False,1.785345799434598,0.00014891435497384198,False,0
14,ElasticNet,0.1,0.95,1.7855689248695297,0.3364572826864085,0.9594681653399378,3,False,1.7855689248695297,0.0001584326292241589,False,0
13,ElasticNet,0.1,0.95,1.7889020414034196,0.35006369573806,0.9594185259794524,3,False,1.7889020414034196,9.358505489935609e-05,False,0
17,ElasticNet,0.1,0.95,1.7892087813899533,0.29728913749571884,0.9593478188781969,3,False,1.7892087813899533,0.0004946495765336262,False,0
20,ElasticNet,0.1,0.95,1.8018788225745348,0.29533584564526977,0.9590546064457874,3,False,1.8018788225745344,0.0005281438413186762,False,0
19,ElasticNet,0.1,0.95,1.8029706224009299,0.29793916984092467,0.9590364438853806,3,False,1.8029706224009299,0.0003368933213887676,False,0
14,LASSO,0.1,1.0,1.827932598690932,0.31957311177237924,0.9584841389278153,3,False,1.827932598690932,0.00022034109479013297,False,0
18,LASSO,0.1,1.0,1.8342055606306433,0.2996037656534948,0.9583266219164329,3,False,1.8342055606306433,0.0022123068316525774,False,0
13,LASSO,0.1,1.0,1.834831912159741,0.32405417290710054,0.9583352589899294,3,False,1.834831912159741,0.00035261796521512956,False,0
20,LASSO,0.1,1.0,1.850035011115911,0.2930051647057843,0.9579531302953534,3,False,1.850035011115911,0.0030718805755134276,False,0
19,LASSO,0.1,1.0,1.8665755049928092,0.27692703687167614,0.9575456482106536,3,False,1.8665755049928094,0.0022765556890212424,False,0
12,LASSO,0.1,1.0,1.8731231533375423,0.3799865691825858,0.9575336407440312,3,False,1.8731231533375423,0.00014628854653733758,False,0
18,ElasticNet,1e-05,0.9,1.8780003325385906,1.027922834076912,0.9585185443134124,3,False,1.8780003325385906,8.296031004016385e-05,False,0
11,LASSO,0.1,1.0,1.8815836964884955,0.429054477061226,0.9574182981795468,3,False,1.8815836964884955,0.00011588013115898521,False,0
15,LASSO,0.1,1.0,1.914437871936655,0.2582635425991976,0.9563475495685564,3,False,1.914437871936655,0.025950363223190748,False,0
18,ElasticNet,1e-05,0.95,1.9191534110601352,1.364460046045516,0.9578259102610329,3,False,1.9191534110601352,7.507902416237677e-05,False,0
16,LASSO,0.1,1.0,1.9269599536305801,0.19409868628904453,0.9559363655447738,3,False,1.9269599536305801,0.040317722858513316,False,0
17,ElasticNet,1e-05,0.5,1.9615368317400332,1.3777823900499815,0.9568280197289095,3,False,1.9615368317400332,0.00010561743010595052,False,0
17,LASSO,0.1,1.0,1.9899963328375947,0.16877750073166922,0.9543959454606766,3,False,1.9899963328375947,0.04606408402905418,False,0
18,LASSO,1e-05,1.0,2.0711450670400735,1.369073820135407,0.9545738703439769,3,False,2.0711450670400735,8.61387283669157e-05,False,0
19,LASSO,1e-05,1.0,2.113085873895544,1.072616719688205,0.9532722943895084,3,False,2.113085873895544,8.191946257515613e-05,False,0
20,ElasticNet,1e-05,0.9,2.189817162643109,0.9086544732800654,0.9513165876803954,3,False,2.189817162643109,7.383053286434893e-05,False,0
18,ElasticNet,1e-05,0.7,2.2519205618222853,1.8903874343914064,0.9507282090877275,3,False,2.2519205618222853,8.433827642128344e-05,False,0
16,ElasticNet,1e-05,0.3,2.287621718820471,1.6240760088131643,0.9499404845216421,3,False,2.287621718820471,9.783835969235075e-05,False,0
20,LASSO,1e-05,1.0,2.4241286352985836,1.3069983692300065,0.9465901789868546,3,False,2.4241286352985836,8.86632789939629e-05,False,0
19,ElasticNet,1e-05,0.95,2.482102957404481,1.4276869816782933,0.9452709440433021,3,False,2.4821029574044804,6.918689069048323e-05,False,0
20,ElasticNet,1e-05,0.95,2.531926722251854,1.3697366321789322,0.9442160127015131,3,False,2.531926722251854,6.537311888441732e-05,False,0
14,LASSO,1e-06,1.0,2.6198545348505546,2.667470720485463,0.9432904429278023,3,False,2.619854534850554,5.8594872717768036e-05,False,0
19,ElasticNet,1e-05,0.9,2.6239041798162526,1.4947530383355538,0.9423490445905106,3,False,2.623904179816252,6.336628567366088e-05,False,0
19,ElasticNet,1e-05,0.7,2.6544389683610334,1.4061858231399345,0.9415344350537742,3,False,2.654438968361033,6.772276409064887e-05,False,0
18,LASSO,1e-06,1.0,2.668127356329252,1.8917825742929082,0.9409116179829118,3,False,2.6681273563292525,0.0002256960695812106,False,0
14,ElasticNet,1e-06,0.7,2.805970441284083,2.8380661008504484,0.9393222653249823,3,False,2.805970441284083,5.3181383440105396e-05,False,0
17,ElasticNet,1e-05,0.3,2.8632010597645974,2.6937874890397637,0.937525120408643,3,False,2.8632010597645974,7.547706647503656e-05,False,0
15,ElasticNet,1e-06,0.95,2.869810932531539,2.4463415586148636,0.9368971907780536,3,False,2.869810932531539,7.101855491316875e-05,False,0
18,ElasticNet,1e-05,0.5,2.9967833318182713,2.849322109703087,0.9347127072650999,3,False,2.9967833318182713,9.609014610955747e-05,False,0
14,ElasticNet,1e-06,0.9,3.178978265122618,3.6106087508797944,0.9315797654007332,3,False,3.178978265122618,5.5483466688854476e-05,False,0
20,ElasticNet,1e-05,0.7,3.2504203344406926,1.9977197710141987,0.9287512832120609,3,False,3.2504203344406926,6.819655873738563e-05,False,0
14,ElasticNet,1e-06,0.5,3.439029571360038,3.9169412325407387,0.9260213105657519,3,False,3.439029571360038,5.1320975869863254e-05,False,0
14,ElasticNet,1e-06,0.95,3.5677884630760057,4.209977255033427,0.9233191812176393,3,False,3.567788463076005,5.34285898008027e-05,False,0
19,ElasticNet,1e-05,0.5,3.6237293820903496,2.6798221965266165,0.9209899583438551,3,False,3.6237293820903496,6.912730643726454e-05,False,0
15,LASSO,1e-06,1.0,4.019233237188513,4.200426184257316,0.9125193209669101,3,False,4.019233237188514,6.341682671504858e-05,False,0
18,ElasticNet,1e-05,0.3,4.049508268498439,4.06127602762152,0.9120255540369354,3,False,4.04950826849844,7.878885595437485e-05,False,0
20,ElasticNet,1e-05,0.5,4.208778834554638,2.908341013510734,0.9080674169024157,3,False,4.208778834554638,5.53391660726195e-05,False,0
20,LASSO,1e-06,1.0,4.394155827718529,2.7809087860562065,0.9041415038951968,3,False,4.394155827718529,0.00019110675487348243,False,0
15,ElasticNet,1e-06,0.9,4.5635161687535675,5.176570553998511,0.9011034191401744,3,False,4.5635161687535675,6.489141092697872e-05,False,0
16,LASSO,1e-06,1.0,5.236928529196799,5.581964585086949,0.8867859306487226,3,False,5.236928529196799,6.97926634412386e-05,False,0
20,ElasticNet,1e-05,0.3,5.398317383510869,4.7190436771646835,0.8822804964864596,3,False,5.398317383510869,6.348112805287486e-05,False,0
19,ElasticNet,1e-05,0.3,5.9217231130862436,5.061926402870426,0.8718162230612445,3,False,5.9217231130862436,5.429952200966608e-05,False,0
19,LASSO,1e-06,1.0,6.767754110399586,8.6446333119828,0.8519031907367957,3,False,6.767754110399586,0.00023476199846421964,False,0
20,ElasticNet,1.0,0.3,6.822008595450117,0.7294329084610509,0.8435915267471491,3,False,6.822008595450117,0.0013251665673544855,False,0
19,ElasticNet,1.0,0.3,6.8374842210916364,0.7421614868918266,0.8432831044335334,3,False,6.8374842210916364,0.0005507916625105413,False,0
18,ElasticNet,1.0,0.3,6.858823606011881,0.7813954130766202,0.8428626951886655,3,False,6.858823606011879,0.00023975071125653669,False,0
17,ElasticNet,1.0,0.3,6.885973638858815,0.7783047375285024,0.8422828397415106,3,False,6.885973638858815,0.0001796542667603651,False,0
15,ElasticNet,1.0,0.3,6.985870519746928,0.8038226996124045,0.8401228307935339,3,False,6.9858705197469275,7.196718066271313e-05,False,0
16,ElasticNet,1e-06,0.7,7.023847281482383,8.273807235968013,0.848711732501155,3,False,7.023847281482383,6.056932308051978e-05,False,0
16,ElasticNet,1e-06,0.95,8.617806805623871,11.47757596172135,0.8154465436014676,3,False,8.61780680562387,8.29893591757017e-05,False,0
16,ElasticNet,1e-06,0.9,8.621210970790635,10.982358589471758,0.8152963399449232,3,False,8.621210970790635,6.506815395605891e-05,False,0
20,ElasticNet,1.0,0.5,10.47900636230994,0.0968128836959437,0.7587415886854915,3,False,10.47900636230994,0.0009609151210622224,False,0
19,ElasticNet,1.0,0.5,10.513703660626057,0.1224151589560792,0.7580142623957721,3,False,10.513703660626058,0.0010524086482596173,False,0
18,ElasticNet,1.0,0.5,10.531510624808329,0.15038821725666496,0.7576965656554489,3,False,10.531510624808329,0.000657586221784412,False,0
17,ElasticNet,1.0,0.5,10.562085970809044,0.1492495404121171,0.7570371037417685,3,False,10.562085970809044,0.0006652004728070482,False,0
16,ElasticNet,1.0,0.5,10.595460696312939,0.19874593411367003,0.7563868043181136,3,False,10.59546069631294,0.00035089168225233003,False,0
15,ElasticNet,1.0,0.5,10.655038253220116,0.22765417133473895,0.7550930336370084,3,False,10.655038253220116,0.0002725031411174861,False,0
13,ElasticNet,1.0,0.5,10.793101785563103,0.37375748106637724,0.7521467677096684,3,False,10.793101785563103,5.353168805577457e-05,False,0
12,ElasticNet,1.0,0.5,10.932109408915965,0.489430079519326,0.7491644819097782,3,False,10.932109408915965,5.352297126359762e-05,False,0
16,ElasticNet,1e-06,0.5,12.228613708832228,17.230197907965227,0.7394163484796881,3,False,12.228613708832226,6.327395230356747e-05,False,0
18,ElasticNet,1e-06,0.7,12.241258156197908,14.751914893824916,0.7356675479184399,3,False,12.241258156197908,5.181537198465343e-05,False,0
17,ElasticNet,1e-06,0.9,12.258884368652167,15.957106341272727,0.738095727755673,3,False,12.258884368652167,5.0184920385158007e-05,False,0
20,ElasticNet,1e-06,0.9,12.344446075934059,11.864374651104397,0.7296876932578747,3,False,12.344446075934059,5.191628345233399e-05,False,0
17,ElasticNet,1e-06,0.95,12.99510563367822,16.347441360429855,0.7225869909922156,3,False,12.99510563367822,5.064683343705418e-05,False,0
20,ElasticNet,1e-06,0.95,13.620698281891118,13.84585823212296,0.703033938033967,3,False,13.620698281891116,5.0877967068142526e-05,False,0
20,ElasticNet,1.0,0.7,13.642204131463643,1.062785617626388,0.6845759512837756,3,False,13.642204131463643,0.00027693538679762764,False,0
18,ElasticNet,1.0,0.7,13.686675367897125,0.9876935120000536,0.6837336350013308,3,False,13.686675367897125,8.784012413598496e-05,False,0
19,ElasticNet,1.0,0.7,13.692616629551354,1.0057013495964948,0.6834990884886735,3,False,13.692616629551354,0.0002962338869965109,False,0
16,ElasticNet,1.0,0.7,13.725559554222054,0.9598028566240435,0.6830202614746025,3,False,13.725559554222054,0.00012140419874928643,False,0
17,ElasticNet,1.0,0.7,13.735390287908302,0.9606430104338837,0.6826786313264162,3,False,13.735390287908302,7.058973444629135e-05,False,0
15,ElasticNet,1.0,0.7,13.819550055914192,0.9194226126707636,0.680969628069373,3,False,13.819550055914192,0.00019189305796230016,False,0
13,ElasticNet,1.0,0.7,13.917432782745875,0.950986824604393,0.6789710305449971,3,False,13.917432782745875,9.558076397542248e-05,False,0
19,ElasticNet,1e-06,0.95,15.088548199934747,11.80775859451277,0.6736845091300262,3,False,15.088548199934747,5.7382063864976215e-05,False,0
20,ElasticNet,1.0,0.9,16.331703596279862,1.8461771772666034,0.621064306567145,3,False,16.331703596279862,0.0003443843822863446,False,0
18,ElasticNet,1.0,0.9,16.392565313628896,1.7048385761759968,0.6198729697804616,3,False,16.392565313628896,0.00012559138003909176,False,0
19,ElasticNet,1.0,0.9,16.411165828556047,1.7317869086088877,0.6193823093891091,3,False,16.411165828556047,0.00016761706521961628,False,0
16,ElasticNet,1.0,0.9,16.435191776335767,1.5782543896547914,0.6191133445401616,3,False,16.435191776335767,0.0004692404563553243,False,0
17,ElasticNet,1.0,0.9,16.466712194936374,1.6185083234766746,0.6182880669888943,3,False,16.466712194936374,0.00031935553707507225,False,0
14,ElasticNet,1.0,0.9,16.497189195270035,1.4160127871459631,0.6179999056621285,3,False,16.497189195270035,6.141949904459043e-05,False,0
15,ElasticNet,1.0,0.9,16.549299602737396,1.457494130495475,0.6166696126495568,3,False,16.549299602737396,0.00014828863864246866,False,0
13,ElasticNet,1.0,0.9,16.6122481946655,1.3274069812997749,0.6155279720191091,3,False,16.6122481946655,8.089432293212351e-05,False,0
11,ElasticNet,1.0,0.9,16.645310871213812,1.3232132559388075,0.6150585419943818,3,False,16.645310871213812,0.0004198462693546512,False,0
20,ElasticNet,1.0,0.95,16.903207494779796,2.009264270715152,0.6077442530184876,3,False,16.903207494779796,0.0001361965685156008,False,0
19,ElasticNet,1.0,0.95,16.975248779094848,1.9054258768825876,0.6062192843347038,3,False,16.975248779094848,0.0001665005063837821,False,0
16,ElasticNet,1.0,0.95,17.018728705589968,1.7310698497431565,0.6055048949973297,3,False,17.018728705589968,0.00042624770857568883,False,0
17,ElasticNet,1.0,0.95,17.041051110040822,1.7708888226037687,0.6048926086362395,3,False,17.04105111004082,0.00017948730388517298,False,0
14,ElasticNet,1.0,0.95,17.111360161584255,1.4810477658232248,0.6037857198291573,3,False,17.111360161584255,0.0001482073182722532,False,0
12,ElasticNet,1.0,0.95,17.136076292253446,1.3462836716169908,0.6035302209470116,3,False,17.136076292253442,0.0005618647353656803,False,0
15,ElasticNet,1.0,0.95,17.16923430187747,1.5315694711978558,0.6022931662738662,3,False,17.16923430187747,0.00047777538735749303,False,0
13,ElasticNet,1.0,0.95,17.209709775025452,1.4032759700568789,0.601639769413549,3,False,17.209709775025452,7.048058567471482e-05,False,0
20,LASSO,1.0,1.0,17.575381590277242,2.220448709799731,0.59210999720958,3,False,17.575381590277242,0.000554734156481107,False,0
18,LASSO,1.0,1.0,17.647910530253736,2.071224569659173,0.5906850766434664,3,False,17.647910530253736,0.0006662301701209072,False,0
19,LASSO,1.0,1.0,17.66586788777201,2.076533336205057,0.5902164242257889,3,False,17.66586788777201,0.0006337355689203239,False,0
17,LASSO,1.0,1.0,17.75905820041579,1.9094766395562073,0.5883309431763212,3,False,17.75905820041579,0.0003367594128816931,False,0
12,LASSO,1.0,1.0,17.860756382219446,1.4463692939959474,0.5868776523802449,3,False,17.860756382219446,0.00010038965969461078,False,0
15,LASSO,1.0,1.0,17.945721479320095,1.5696244523583989,0.5845198270107251,3,False,17.945721479320095,8.041027388050459e-05,False,0
13,LASSO,1.0,1.0,17.983648864391593,1.4367691397027145,0.5838886204426851,3,False,17.983648864391593,0.0002884388665818083,False,0
17,LASSO,1e-06,1.0,18.361702816006737,25.47920796123034,0.6091016224479892,3,False,18.361702816006737,5.2227637177136594e-05,False,0
19,ElasticNet,10.0,0.1,21.92190424430575,1.9982990058414278,0.49214086471599616,3,False,21.92190424430575,0.00011554728512663814,False,0
2,Ridge,10000.0,0.0,,,,2,True,29.826573618988647,0.0,False,0
2,Ridge,100000.0,0.0,,,,2,True,31.145378833753004,0.0,False,0
2,Ridge,1000000.0,0.0,,,,2,True,31.28829135879496,0.0,False,0
2,LASSO,10.0,1.0,,,,2,True,31.30430371106533,0.0,False,0
2,LASSO,100.0,1.0,,,,2,True,31.30430371106533,0.0,False,0
2,LASSO,1000.0,1.0,,,,2,True,31.30430371106533,0.0,False,0
2,LASSO,10000.0,1.0,,,,2,True,31.30430371106533,0.0,False,0
2,LASSO,100000.0,1.0,,,,2,True,31.30430371106533,0.0,False,0
2,LASSO,1000000.0,1.0,,,,2,True,31.30430371106533,0.0,False,0
2,ElasticNet,10.0,0.1,,,,2,True,29.74801244531932,8.881784197001252e-16,False,0
2,ElasticNet,100.0,0.1,,,,2,True,31.30430371106533,0.0,False,0
2,ElasticNet,1000.0,0.1,,,,2,True,31.30430371106533,0.0,False,0
2,ElasticNet,10000.0,0.1,,,,2,True,31.30430371106533,0.0,False,0
2,ElasticNet,100000.0,0.1,,,,2,True,31.30430371106533,0.0,False,0
2,ElasticNet,1000000.0,0.1,,,,2,True,31.30430371106533,0.0,False,0
2,ElasticNet,10.0,0.3,,,,2,True,31.277901698886353,0.0,False,0
2,ElasticNet,100.0,0.3,,,,2,True,31.30430371106533,0.0,False,0
2,ElasticNet,1000.0,0.3,,,,2,True,31.30430371106533,0.0,False,0
2,ElasticNet,10000.0,0.3,,,,2,True,31.30430371106533,0.0,False,0
2,ElasticNet,100000.0,0.3,,,,2,True,31.30430371106533,0.0,False,0
2,ElasticNet,1000000.0,0.3,,,,2,True,31.30430371106533,0.0,False,0
2,ElasticNet,10.0,0.5,,,,2,True,31.30430371106533,0.0,False,0
2,ElasticNet,100.0,0.5,,,,2,True,31.30430371106533,0.0,False,0
2,ElasticNet,1000.0,0.5,,,,2,True,31.30430371106533,0.0,False,0
2,ElasticNet,10000.0,0.5,,,,2,True,31.30430371106533,0.0,False,0
2,ElasticNet,100000.0,0.5,,,,2,True,31.30430371106533,0.0,False,0
2,ElasticNet,1000000.0,0.5,,,,2,True,31.30430371106533,0.0,False,0
2,ElasticNet,10.0,0.7,,,,2,True,31.30430371106533,0.0,False,0
2,ElasticNet,100.0,0.7,,,,2,True,31.30430371106533,0.0,False,0
2,ElasticNet,1000.0,0.7,,,,2,True,31.30430371106533,0.0,False,0
2,ElasticNet,10000.0,0.7,,,,2,True,31.30430371106533,0.0,False,0
2,ElasticNet,100000.0,0.7,,,,2,True,31.30430371106533,0.0,False,0
2,ElasticNet,1000000.0,0.7,,,,2,True,31.30430371106533,0.0,False,0
2,ElasticNet,10.0,0.9,,,,2,True,31.30430371106533,0.0,False,0
2,ElasticNet,100.0,0.9,,,,2,True,31.30430371106533,0.0,False,0
2,ElasticNet,1000.0,0.9,,,,2,True,31.30430371106533,0.0,False,0
2,ElasticNet,10000.0,0.9,,,,2,True,31.30430371106533,0.0,False,0
2,ElasticNet,100000.0,0.9,,,,2,True,31.30430371106533,0.0,False,0
2,ElasticNet,1000000.0,0.9,,,,2,True,31.30430371106533,0.0,False,0
2,ElasticNet,10.0,0.95,,,,2,True,31.30430371106533,0.0,False,0
2,ElasticNet,100.0,0.95,,,,2,True,31.30430371106533,0.0,False,0
2,ElasticNet,1000.0,0.95,,,,2,True,31.30430371106533,0.0,False,0
2,ElasticNet,10000.0,0.95,,,,2,True,31.30430371106533,0.0,False,0
2,ElasticNet,100000.0,0.95,,,,2,True,31.30430371106533,0.0,False,0
2,ElasticNet,1000000.0,0.95,,,,2,True,31.30430371106533,0.0,False,0
3,Ridge,1000.0,0.0,,,,2,True,17.261317477092657,0.0,False,0
3,Ridge,10000.0,0.0,,,,1,True,13.638761871831148,0.0,False,0
3,Ridge,100000.0,0.0,,,,1,True,15.11593220865223,0.0,False,0
3,Ridge,1000000.0,0.0,,,,1,True,15.295110500058827,0.0,False,0
3,LASSO,1.0,1.0,,,,2,True,15.660990745438314,5.781231049439839e-10,False,0
3,LASSO,10.0,1.0,,,,1,True,15.315448732050411,0.0,False,0
3,LASSO,100.0,1.0,,,,1,True,15.315448732050411,0.0,False,0
3,LASSO,1000.0,1.0,,,,1,True,15.315448732050411,0.0,False,0
3,LASSO,10000.0,1.0,,,,1,True,15.315448732050411,0.0,False,0
3,LASSO,100000.0,1.0,,,,1,True,15.315448732050411,0.0,False,0
3,LASSO,1000000.0,1.0,,,,1,True,15.315448732050411,0.0,False,0
3,ElasticNet,1.0,0.1,,,,2,True,14.742203526253691,8.21276020940287e-07,False,0
3,ElasticNet,10.0,0.1,,,,1,True,13.609838332183328,6.661338147750939e-16,False,0
3,ElasticNet,100.0,0.1,,,,1,True,15.315448732050411,0.0,False,0
3,ElasticNet,1000.0,0.1,,,,1,True,15.315448732050411,0.0,False,0
3,ElasticNet,10000.0,0.1,,,,1,True,15.315448732050411,0.0,False,0
3,ElasticNet,100000.0,0.1,,,,1,True,15.315448732050411,0.0,False,0
3,ElasticNet,1000000.0,0.1,,,,1,True,15.315448732050411,0.0,False,0
3,ElasticNet,1.0,0.3,,,,2,True,15.221220409447616,6.81093728693849e-07,False,0
3,ElasticNet,10.0,0.3,,,,1,True,15.160108181591815,1.5704781950454105e-06,False,0
3,ElasticNet,100.0,0.3,,,,1,True,15.315448732050411,0.0,False,0
3,ElasticNet,1000.0,0.3,,,,1,True,15.315448732050411,0.0,False,0
3,ElasticNet,10000.0,0.3,,,,1,True,15.315448732050411,0.0,False,0
3,ElasticNet,100000.0,0.3,,,,1,True,15.315448732050411,0.0,False,0
3,ElasticNet,1000000.0,0.3,,,,1,True,15.315448732050411,0.0,False,0
3,ElasticNet,1.0,0.5,,,,2,True,15.614766410604183,2.6861224940999406e-06,False,0
3,ElasticNet,10.0,0.5,,,,1,True,15.315448732050411,0.0,False,0
3,ElasticNet,100.0,0.5,,,,1,True,15.315448732050411,0.0,False,0
3,ElasticNet,1000.0,0.5,,,,1,True,15.315448732050411,0.0,False,0
3,ElasticNet,10000.0,0.5,,,,1,True,15.315448732050411,0.0,False,0
3,ElasticNet,100000.0,0.5,,,,1,True,15.315448732050411,0.0,False,0
3,ElasticNet,1000000.0,0.5,,,,1,True,15.315448732050411,0.0,False,0
3,ElasticNet,1.0,0.7,,,,2,True,15.74466482740018,8.252841823597201e-06,False,0
3,ElasticNet,10.0,0.7,,,,1,True,15.315448732050411,0.0,False,0
3,ElasticNet,100.0,0.7,,,,1,True,15.315448732050411,0.0,False,0
3,ElasticNet,1000.0,0.7,,,,1,True,15.315448732050411,0.0,False,0
3,ElasticNet,10000.0,0.7,,,,1,True,15.315448732050411,0.0,False,0
3,ElasticNet,100000.0,0.7,,,,1,True,15.315448732050411,0.0,False,0
3,ElasticNet,1000000.0,0.7,,,,1,True,15.315448732050411,0.0,False,0
3,ElasticNet,1.0,0.9,,,,2,True,15.68144681956602,6.317801837241177e-11,False,0
3,ElasticNet,10.0,0.9,,,,1,True,15.315448732050411,0.0,False,0
3,ElasticNet,100.0,0.9,,,,1,True,15.315448732050411,0.0,False,0
3,ElasticNet,1000.0,0.9,,,,1,True,15.315448732050411,0.0,False,0
3,ElasticNet,10000.0,0.9,,,,1,True,15.315448732050411,0.0,False,0
3,ElasticNet,100000.0,0.9,,,,1,True,15.315448732050411,0.0,False,0
3,ElasticNet,1000000.0,0.9,,,,1,True,15.315448732050411,0.0,False,0
3,ElasticNet,1.0,0.95,,,,2,True,15.669817564319251,1.7144907715760382e-10,False,0
3,ElasticNet,10.0,0.95,,,,1,True,15.315448732050411,0.0,False,0
3,ElasticNet,100.0,0.95,,,,1,True,15.315448732050411,0.0,False,0
3,ElasticNet,1000.0,0.95,,,,1,True,15.315448732050411,0.0,False,0
3,ElasticNet,10000.0,0.95,,,,1,True,15.315448732050411,0.0,False,0
3,ElasticNet,100000.0,0.95,,,,1,True,15.315448732050411,0.0,False,0
3,ElasticNet,1000000.0,0.95,,,,1,True,15.315448732050411,0.0,False,0
4,Ridge,100.0,0.0,,,,2,True,6.319543194944188,0.0,False,0
4,Ridge,1000.0,0.0,,,,1,True,7.4750681096534315,0.0,False,0
4,Ridge,10000.0,0.0,,,,1,True,13.056940495268734,0.0,False,0
4,Ridge,100000.0,0.0,,,,1,True,15.039377098982078,0.0,False,0
4,Ridge,1000000.0,0.0,,,,1,True,15.28722212230542,0.0,False,0
4,LASSO,0.1,1.0,,,,2,True,4.942691018850012,1.2971697740810084e-06,False,0
4,LASSO,1.0,1.0,,,,1,True,6.953051228578534,1.566501020011657e-07,False,0
4,LASSO,10.0,1.0,,,,1,True,15.315448732050411,0.0,False,0
4,LASSO,100.0,1.0,,,,1,True,15.315448732050411,0.0,False,0
4,LASSO,1000.0,1.0,,,,1,True,15.315448732050411,0.0,False,0
4,LASSO,10000.0,1.0,,,,1,True,15.315448732050411,0.0,False,0
4,LASSO,100000.0,1.0,,,,1,True,15.315448732050411,0.0,False,0
4,LASSO,1000000.0,1.0,,,,1,True,15.315448732050411,0.0,False,0
4,ElasticNet,0.1,0.1,,,,2,True,5.062948654850455,9.73606756460299e-06,False,0
4,ElasticNet,1.0,0.1,,,,1,True,6.345326459239339,2.9259751961607794e-07,False,0
4,ElasticNet,10.0,0.1,,,,1,True,13.127041133551154,1.9984014443252818e-15,False,0
4,ElasticNet,100.0,0.1,,,,1,True,15.315448732050411,0.0,False,0
4,ElasticNet,1000.0,0.1,,,,1,True,15.315448732050411,0.0,False,0
4,ElasticNet,10000.0,0.1,,,,1,True,15.315448732050411,0.0,False,0
4,ElasticNet,100000.0,0.1,,,,1,True,15.315448732050411,0.0,False,0
4,ElasticNet,1000000.0,0.1,,,,1,True,15.315448732050411,0.0,False,0
4,ElasticNet,0.1,0.3,,,,2,True,5.050984655944786,1.82693759982408e-06,False,0
4,ElasticNet,1.0,0.3,,,,1,True,6.6663073976281035,3.1102267734062217e-06,False,0
4,ElasticNet,10.0,0.3,,,,1,True,15.16010668986702,4.293985006231793e-06,False,0
4,ElasticNet,100.0,0.3,,,,1,True,15.315448732050411,0.0,False,0
4,ElasticNet,1000.0,0.3,,,,1,True,15.315448732050411,0.0,False,0
4,ElasticNet,10000.0,0.3,,,,1,True,15.315448732050411,0.0,False,0
4,ElasticNet,100000.0,0.3,,,,1,True,15.315448732050411,0.0,False,0
4,ElasticNet,1000000.0,0.3,,,,1,True,15.315448732050411,0.0,False,0
4,ElasticNet,0.1,0.5,,,,2,True,5.037741153919408,5.76080994640904e-06,False,0
4,ElasticNet,1.0,0.5,,,,1,True,6.932776023608226,1.9293924582441946e-06,False,0
4,ElasticNet,10.0,0.5,,,,1,True,15.315448732050411,0.0,False,0
4,ElasticNet,100.0,0.5,,,,1,True,15.315448732050411,0.0,False,0
4,ElasticNet,1000.0,0.5,,,,1,True,15.315448732050411,0.0,False,0
4,ElasticNet,10000.0,0.5,,,,1,True,15.315448732050411,0.0,False,0
4,ElasticNet,100000.0,0.5,,,,1,True,15.315448732050411,0.0,False,0
4,ElasticNet,1000000.0,0.5,,,,1,True,15.315448732050411,0.0,False,0
4,ElasticNet,0.1,0.7,,,,2,True,4.994580985321874,8.249856467745786e-06,False,0
4,ElasticNet,1.0,0.7,,,,1,True,7.006479873161869,3.513920696640582e-07,False,0
4,ElasticNet,10.0,0.7,,,,1,True,15.315448732050411,0.0,False,0
4,ElasticNet,100.0,0.7,,,,1,True,15.315448732050411,0.0,False,0
4,ElasticNet,1000.0,0.7,,,,1,True,15.315448732050411,0.0,False,0
4,ElasticNet,10000.0,0.7,,,,1,True,15.315448732050411,0.0,False,0
4,ElasticNet,100000.0,0.7,,,,1,True,15.315448732050411,0.0,False,0
4,ElasticNet,1000000.0,0.7,,,,1,True,15.315448732050411,0.0,False,0
4,ElasticNet,0.1,0.9,,,,2,True,4.950895828708456,5.874648232928603e-06,False,0
4,ElasticNet,1.0,0.9,,,,1,True,6.9614096632735,1.8068294338480229e-07,False,0
4,ElasticNet,10.0,0.9,,,,1,True,15.315448732050411,0.0,False,0
4,ElasticNet,100.0,0.9,,,,1,True,15.315448732050411,0.0,False,0
4,ElasticNet,1000.0,0.9,,,,1,True,15.315448732050411,0.0,False,0
4,ElasticNet,10000.0,0.9,,,,1,True,15.315448732050411,0.0,False,0
4,ElasticNet,100000.0,0.9,,,,1,True,15.315448732050411,0.0,False,0
4,ElasticNet,1000000.0,0.9,,,,1,True,15.315448732050411,0.0,False,0
4,ElasticNet,0.1,0.95,,,,2,True,4.94503561566674,9.228559503679512e-06,False,0
4,ElasticNet,1.0,0.95,,,,1,True,6.96895951303786,6.088688626615379e-07,False,0
4,ElasticNet,10.0,0.95,,,,1,True,15.315448732050411,0.0,False,0
4,ElasticNet,100.0,0.95,,,,1,True,15.315448732050411,0.0,False,0
4,ElasticNet,1000.0,0.95,,,,1,True,15.315448732050411,0.0,False,0
4,ElasticNet,10000.0,0.95,,,,1,True,15.315448732050411,0.0,False,0
4,ElasticNet,100000.0,0.95,,,,1,True,15.315448732050411,0.0,False,0
4,ElasticNet,1000000.0,0.95,,,,1,True,15.315448732050411,0.0,False,0
5,Ridge,100.0,0.0,,,,1,True,1.922660594209194,0.0,False,0
5,Ridge,1000.0,0.0,,,,1,True,5.359865380135524,0.0,False,0
5,Ridge,10000.0,0.0,,,,1,True,11.622300080314062,0.0,False,0
5,Ridge,100000.0,0.0,,,,1,True,14.798662857185704,0.0,False,0
5,Ridge,1000000.0,0.0,,,,1,True,15.261611649812103,0.0,False,0
5,LASSO,0.1,1.0,,,,2,True,3.0610521685570085,8.835024290818061e-06,False,0
5,LASSO,1.0,1.0,,,,1,True,6.60514316804419,8.638312287700955e-11,False,0
5,LASSO,10.0,1.0,,,,1,True,15.315448732050411,0.0,False,0
5,LASSO,100.0,1.0,,,,1,True,15.315448732050411,0.0,False,0
5,LASSO,1000.0,1.0,,,,1,True,15.315448732050411,0.0,False,0
5,LASSO,10000.0,1.0,,,,1,True,15.315448732050411,0.0,False,0
5,LASSO,100000.0,1.0,,,,1,True,15.315448732050411,0.0,False,0
5,LASSO,1000000.0,1.0,,,,1,True,15.315448732050411,0.0,False,0
5,ElasticNet,0.1,0.1,,,,2,True,2.8709600524971637,5.1372565850020535e-06,False,0
5,ElasticNet,1.0,0.1,,,,1,True,4.416091150355992,4.115656553060898e-07,False,0
5,ElasticNet,10.0,0.1,,,,1,True,11.991242072438206,1.914068903374755e-11,False,0
5,ElasticNet,100.0,0.1,,,,1,True,15.315448732050411,0.0,False,0
5,ElasticNet,1000.0,0.1,,,,1,True,15.315448732050411,0.0,False,0
5,ElasticNet,10000.0,0.1,,,,1,True,15.315448732050411,0.0,False,0
5,ElasticNet,100000.0,0.1,,,,1,True,15.315448732050411,0.0,False,0
5,ElasticNet,1000000.0,0.1,,,,1,True,15.315448732050411,0.0,False,0
5,ElasticNet,0.1,0.3,,,,2,True,2.9178238413488167,3.0477402224206307e-06,False,0
5,ElasticNet,1.0,0.3,,,,1,True,5.0292855676816,5.4271403379657635e-06,False,0
5,ElasticNet,10.0,0.3,,,,1,True,15.074358274797463,1.7502888027820518e-11,False,0
5,ElasticNet,100.0,0.3,,,,1,True,15.315448732050411,0.0,False,0
5,ElasticNet,1000.0,0.3,,,,1,True,15.315448732050411,0.0,False,0
5,ElasticNet,10000.0,0.3,,,,1,True,15.315448732050411,0.0,False,0
5,ElasticNet,100000.0,0.3,,,,1,True,15.315448732050411,0.0,False,0
5,ElasticNet,1000000.0,0.3,,,,1,True,15.315448732050411,0.0,False,0
5,ElasticNet,0.1,0.5,,,,2,True,2.956846062545433,8.879751872165054e-06,False,0
5,ElasticNet,1.0,0.5,,,,1,True,5.714874563418378,9.694078790922767e-06,False,0
5,ElasticNet,10.0,0.5,,,,1,True,15.315448732050411,0.0,False,0
5,ElasticNet,100.0,0.5,,,,1,True,15.315448732050411,0.0,False,0
5,ElasticNet,1000.0,0.5,,,,1,True,15.315448732050411,0.0,False,0
5,ElasticNet,10000.0,0.5,,,,1,True,15.315448732050411,0.0,False,0
5,ElasticNet,100000.0,0.5,,,,1,True,15.315448732050411,0.0,False,0
5,ElasticNet,1000000.0,0.5,,,,1,True,15.315448732050411,0.0,False,0
5,ElasticNet,0.1,0.7,,,,2,True,2.94904935774877,5.866679398239261e-06,False,0
5,ElasticNet,1.0,0.7,,,,1,True,6.165725915890132,1.4511658108506964e-07,False,0
5,ElasticNet,10.0,0.7,,,,1,True,15.315448732050411,0.0,False,0
5,ElasticNet,100.0,0.7,,,,1,True,15.315448732050411,0.0,False,0
5,ElasticNet,1000.0,0.7,,,,1,True,15.315448732050411,0.0,False,0
5,ElasticNet,10000.0,0.7,,,,1,True,15.315448732050411,0.0,False,0
5,ElasticNet,100000.0,0.7,,,,1,True,15.315448732050411,0.0,False,0
5,ElasticNet,1000000.0,0.7,,,,1,True,15.315448732050411,0.0,False,0
5,ElasticNet,0.1,0.9,,,,2,True,3.0101325197478346,8.02457787331401e-06,False,0
5,ElasticNet,1.0,0.9,,,,1,True,6.400815729876971,1.8236256249526406e-07,False,0
5,ElasticNet,10.0,0.9,,,,1,True,15.315448732050411,0.0,False,0
5,ElasticNet,100.0,0.9,,,,1,True,15.315448732050411,0.0,False,0
5,ElasticNet,1000.0,0.9,,,,1,True,15.315448732050411,0.0,False,0
5,ElasticNet,10000.0,0.9,,,,1,True,15.315448732050411,0.0,False,0
5,ElasticNet,100000.0,0.9,,,,1,True,15.315448732050411,0.0,False,0
5,ElasticNet,1000000.0,0.9,,,,1,True,15.315448732050411,0.0,False,0
5,ElasticNet,0.1,0.95,,,,2,True,3.0287420042046573,4.8978766110790994e-06,False,0
5,ElasticNet,1.0,0.95,,,,1,True,6.504007723509623,3.6505852518686766e-07,False,0
5,ElasticNet,10.0,0.95,,,,1,True,15.315448732050411,0.0,False,0
5,ElasticNet,100.0,0.95,,,,1,True,15.315448732050411,0.0,False,0
5,ElasticNet,1000.0,0.95,,,,1,True,15.315448732050411,0.0,False,0
5,ElasticNet,10000.0,0.95,,,,1,True,15.315448732050411,0.0,False,0
5,ElasticNet,100000.0,0.95,,,,1,True,15.315448732050411,0.0,False,0
5,ElasticNet,1000000.0,0.95,,,,1,True,15.315448732050411,0.0,False,0
6,Ridge,10.0,0.0,,,,2,True,1.2468726515050752,0.0,False,0
6,Ridge,100.0,0.0,,,,1,True,1.4770693276822708,0.0,False,0
6,Ridge,1000.0,0.0,,,,1,True,4.5844729436619165,0.0,False,0
6,Ridge,10000.0,0.0,,,,1,True,10.914313941379058,0.0,False,0
6,Ridge,100000.0,0.0,,,,1,True,14.664916197997734,0.0,False,0
6,Ridge,1000000.0,0.0,,,,1,True,15.247154819813579,0.0,False,0
6,LASSO,0.1,1.0,,,,1,True,1.2159037739160912,5.652624662816352e-06,False,0
6,LASSO,1.0,1.0,,,,1,True,6.482831266557812,2.147418626696762e-06,False,0
6,LASSO,10.0,1.0,,,,1,True,15.315448732050411,0.0,False,0
6,LASSO,100.0,1.0,,,,1,True,15.315448732050411,0.0,False,0
6,LASSO,1000.0,1.0,,,,1,True,15.315448732050411,0.0,False,0
6,LASSO,10000.0,1.0,,,,1,True,15.315448732050411,0.0,False,0
6,LASSO,100000.0,1.0,,,,1,True,15.315448732050411,0.0,False,0
6,LASSO,1000000.0,1.0,,,,1,True,15.315448732050411,0.0,False,0
6,ElasticNet,0.01,0.1,,,,2,True,1.0933827473220077,7.338078519648211e-06,False,0
6,ElasticNet,0.1,0.1,,,,1,True,1.14732759038873,4.352737624564729e-06,False,0
6,ElasticNet,1.0,0.1,,,,1,True,3.6882762132220406,3.3729396692327995e-08,False,0
6,ElasticNet,10.0,0.1,,,,1,True,11.395194724781812,4.950338296616508e-06,False,0
6,ElasticNet,100.0,0.1,,,,1,True,15.315448732050411,0.0,False,0
6,ElasticNet,1000.0,0.1,,,,1,True,15.315448732050411,0.0,False,0
6,ElasticNet,10000.0,0.1,,,,1,True,15.315448732050411,0.0,False,0
6,ElasticNet,100000.0,0.1,,,,1,True,15.315448732050411,0.0,False,0
6,ElasticNet,1000000.0,0.1,,,,1,True,15.315448732050411,0.0,False,0
6,ElasticNet,0.01,0.3,,,,2,True,1.0871032129519056,9.319049988795042e-06,False,0
6,ElasticNet,0.1,0.3,,,,1,True,1.1653537433526597,7.93705389714322e-06,False,0
6,ElasticNet,1.0,0.3,,,,1,True,4.440970433430702,2.1467634310767814e-06,False,0
6,ElasticNet,10.0,0.3,,,,1,True,15.074358274797463,1.7502888027820518e-11,False,0
6,ElasticNet,100.0,0.3,,,,1,True,15.315448732050411,0.0,False,0
6,ElasticNet,1000.0,0.3,,,,1,True,15.315448732050411,0.0,False,0
6,ElasticNet,10000.0,0.3,,,,1,True,15.315448732050411,0.0,False,0
6,ElasticNet,100000.0,0.3,,,,1,True,15.315448732050411,0.0,False,0
6,ElasticNet,1000000.0,0.3,,,,1,True,15.315448732050411,0.0,False,0
6,ElasticNet,0.01,0.5,,,,2,True,1.0709936439776966,8.775798027621344e-06,False,0
6,ElasticNet,0.1,0.5,,,,1,True,1.1833631903286599,5.553702181443354e-06,False,0
6,ElasticNet,1.0,0.5,,,,1,True,5.281573569766084,8.406015794548694e-08,False,0
6,ElasticNet,10.0,0.5,,,,1,True,15.315448732050411,0.0,False,0
6,ElasticNet,100.0,0.5,,,,1,True,15.315448732050411,0.0,False,0
6,ElasticNet,1000.0,0.5,,,,1,True,15.315448732050411,0.0,False,0
6,ElasticNet,10000.0,0.5,,,,1,True,15.315448732050411,0.0,False,0
6,ElasticNet,100000.0,0.5,,,,1,True,15.315448732050411,0.0,False,0
6,ElasticNet,1000000.0,0.5,,,,1,True,15.315448732050411,0.0,False,0
6,ElasticNet,0.1,0.7,,,,1,True,1.1572635453033602,3.9955701885835415e-06,False,0
6,ElasticNet,1.0,0.7,,,,1,True,5.74990753902386,4.6644698981079813e-07,False,0
6,ElasticNet,10.0,0.7,,,,1,True,15.315448732050411,0.0,False,0
6,ElasticNet,100.0,0.7,,,,1,True,15.315448732050411,0.0,False,0
6,ElasticNet,1000.0,0.7,,,,1,True,15.315448732050411,0.0,False,0
6,ElasticNet,10000.0,0.7,,,,1,True,15.315448732050411,0.0,False,0
6,ElasticNet,100000.0,0.7,,,,1,True,15.315448732050411,0.0,False,0
6,ElasticNet,1000000.0,0.7,,,,1,True,15.315448732050411,0.0,False,0
6,ElasticNet,0.1,0.9,,,,1,True,1.1951277030260827,3.546603979540097e-06,False,0
6,ElasticNet,1.0,0.9,,,,1,True,6.1483116051967,2.6180025192168443e-07,False,0
6,ElasticNet,10.0,0.9,,,,1,True,15.315448732050411,0.0,False,0
6,ElasticNet,100.0,0.9,,,,1,True,15.315448732050411,0.0,False,0
6,ElasticNet,1000.0,0.9,,,,1,True,15.315448732050411,0.0,False,0
6,ElasticNet,10000.0,0.9,,,,1,True,15.315448732050411,0.0,False,0
6,ElasticNet,100000.0,0.9,,,,1,True,15.315448732050411,0.0,False,0
6,ElasticNet,1000000.0,0.9,,,,1,True,15.315448732050411,0.0,False,0
6,ElasticNet,0.1,0.95,,,,1,True,1.2050194643230705,8.576147302527537e-06,False,0
6,ElasticNet,1.0,0.95,,,,1,True,6.282043738796838,9.335974791802037e-06,False,0
6,ElasticNet,10.0,0.95,,,,1,True,15.315448732050411,0.0,False,0
6,ElasticNet,100.0,0.95,,,,1,True,15.315448732050411,0.0,False,0
6,ElasticNet,1000.0,0.95,,,,1,True,15.315448732050411,0.0,False,0
6,ElasticNet,10000.0,0.95,,,,1,True,15.315448732050411,0.0,False,0
6,ElasticNet,100000.0,0.95,,,,1,True,15.315448732050411,0.0,False,0
6,ElasticNet,1000000.0,0.95,,,,1,True,15.315448732050411,0.0,False,0
7,Ridge,10.0,0.0,,,,2,True,0.7180589822573215,0.0,False,0
7,Ridge,100.0,0.0,,,,1,True,0.810799276510305,0.0,False,0
7,Ridge,1000.0,0.0,,,,1,True,3.2013511801444126,0.0,False,0
7,Ridge,10000.0,0.0,,,,1,True,9.436228746550173,0.0,False,0
7,Ridge,100000.0,0.0,,,,1,True,14.305060055032186,0.0,False,0
7,Ridge,1000000.0,0.0,,,,1,True,15.206470276408405,0.0,False,0
7,LASSO,0.001,1.0,,,,2,True,0.5702282079304478,9.875098108579972e-06,False,0
7,LASSO,0.01,1.0,,,,2,True,0.6919566440682922,9.37271446340912e-06,False,0
7,LASSO,0.1,1.0,,,,1,True,0.8849956526898756,5.852119142848999e-06,False,0
7,LASSO,1.0,1.0,,,,1,True,6.483033885127786,7.6250839790015235e-06,False,0
7,LASSO,10.0,1.0,,,,1,True,15.315448732050411,0.0,False,0
7,LASSO,100.0,1.0,,,,1,True,15.315448732050411,0.0,False,0
7,LASSO,1000.0,1.0,,,,1,True,15.315448732050411,0.0,False,0
7,LASSO,10000.0,1.0,,,,1,True,15.315448732050411,0.0,False,0
7,LASSO,100000.0,1.0,,,,1,True,15.315448732050411,0.0,False,0
7,LASSO,1000000.0,1.0,,,,1,True,15.315448732050411,0.0,False,0
7,ElasticNet,0.01,0.1,,,,2,True,0.6687146408497756,8.794582630761681e-06,False,0
7,ElasticNet,0.1,0.1,,,,1,True,0.6247351520529419,7.879460532954352e-06,False,0
7,ElasticNet,1.0,0.1,,,,1,True,2.6647009045045706,1.862862790330544e-06,False,0
7,ElasticNet,10.0,0.1,,,,1,True,10.518479402266673,4.262143304956112e-09,False,0
7,ElasticNet,100.0,0.1,,,,1,True,15.315448732050411,0.0,False,0
7,ElasticNet,1000.0,0.1,,,,1,True,15.315448732050411,0.0,False,0
7,ElasticNet,10000.0,0.1,,,,1,True,15.315448732050411,0.0,False,0
7,ElasticNet,100000.0,0.1,,,,1,True,15.315448732050411,0.0,False,0
7,ElasticNet,1000000.0,0.1,,,,1,True,15.315448732050411,0.0,False,0
7,ElasticNet,0.01,0.3,,,,2,True,0.6834954920236198,8.214131456724724e-06,False,0
7,ElasticNet,0.1,0.3,,,,1,True,0.6860111774127952,9.839822311098756e-06,False,0
7,ElasticNet,1.0,0.3,,,,1,True,3.6231002883131063,6.95380401039003e-07,False,0
7,ElasticNet,10.0,0.3,,,,1,True,15.05819008475011,1.159130569305944e-10,False,0
7,ElasticNet,100.0,0.3,,,,1,True,15.315448732050411,0.0,False,0
7,ElasticNet,1000.0,0.3,,,,1,True,15.315448732050411,0.0,False,0
7,ElasticNet,10000.0,0.3,,,,1,True,15.315448732050411,0.0,False,0
7,ElasticNet,100000.0,0.3,,,,1,True,15.315448732050411,0.0,False,0
7,ElasticNet,1000000.0,0.3,,,,1,True,15.315448732050411,0.0,False,0
7,ElasticNet,0.01,0.5,,,,2,True,0.6840692807189148,9.90257133082293e-06,False,0
7,ElasticNet,0.1,0.5,,,,1,True,0.7251547176252303,9.263849199449281e-06,False,0
7,ElasticNet,1.0,0.5,,,,1,True,4.697747200812791,6.525367050036479e-07,False,0
7,ElasticNet,10.0,0.5,,,,1,True,15.315448732050411,0.0,False,0
7,ElasticNet,100.0,0.5,,,,1,True,15.315448732050411,0.0,False,0
7,ElasticNet,1000.0,0.5,,,,1,True,15.315448732050411,0.0,False,0
7,ElasticNet,10000.0,0.5,,,,1,True,15.315448732050411,0.0,False,0
7,ElasticNet,100000.0,0.5,,,,1,True,15.315448732050411,0.0,False,0
7,ElasticNet,1000000.0,0.5,,,,1,True,15.315448732050411,0.0,False,0
7,ElasticNet,0.01,0.7,,,,2,True,0.6822467775908433,9.142214415966063e-06,False,0
7,ElasticNet,0.1,0.7,,,,1,True,0.7681372776889069,7.468705434401923e-06,False,0
7,ElasticNet,1.0,0.7,,,,1,True,5.469814515110986,2.534731986525429e-06,False,0
7,ElasticNet,10.0,0.7,,,,1,True,15.315448732050411,0.0,False,0
7,ElasticNet,100.0,0.7,,,,1,True,15.315448732050411,0.0,False,0
7,ElasticNet,1000.0,0.7,,,,1,True,15.315448732050411,0.0,False,0
7,ElasticNet,10000.0,0.7,,,,1,True,15.315448732050411,0.0,False,0
7,ElasticNet,100000.0,0.7,,,,1,True,15.315448732050411,0.0,False,0
7,ElasticNet,1000000.0,0.7,,,,1,True,15.315448732050411,0.0,False,0
7,ElasticNet,0.001,0.9,,,,2,True,0.5681257531804935,9.471364497828125e-06,False,0
7,ElasticNet,0.01,0.9,,,,2,True,0.6842977078047352,9.610673427935118e-06,False,0
7,ElasticNet,0.1,0.9,,,,1,True,0.8377936504205344,8.649762500284597e-06,False,0
7,ElasticNet,1.0,0.9,,,,1,True,6.073369543017763,3.3891728357104967e-07,False,0
7,ElasticNet,10.0,0.9,,,,1,True,15.315448732050411,0.0,False,0
7,ElasticNet,100.0,0.9,,,,1,True,15.315448732050411,0.0,False,0
7,ElasticNet,1000.0,0.9,,,,1,True,15.315448732050411,0.0,False,0
7,ElasticNet,10000.0,0.9,,,,1,True,15.315448732050411,0.0,False,0
7,ElasticNet,100000.0,0.9,,,,1,True,15.315448732050411,0.0,False,0
7,ElasticNet,1000000.0,0.9,,,,1,True,15.315448732050411,0.0,False,0
7,ElasticNet,0.001,0.95,,,,2,True,0.5696190288536515,9.629081597848092e-06,False,0
7,ElasticNet,0.01,0.95,,,,2,True,0.6874847186644842,9.658639936722599e-06,False,0
7,ElasticNet,0.1,0.95,,,,1,True,0.8633800421445988,1.3830001011766457e-06,False,0
7,ElasticNet,1.0,0.95,,,,1,True,6.2450700842716484,1.974325715359271e-06,False,0
7,ElasticNet,10.0,0.95,,,,1,True,15.315448732050411,0.0,False,0
7,ElasticNet,100.0,0.95,,,,1,True,15.315448732050411,0.0,False,0
7,ElasticNet,1000.0,0.95,,,,1,True,15.315448732050411,0.0,False,0
7,ElasticNet,10000.0,0.95,,,,1,True,15.315448732050411,0.0,False,0
7,ElasticNet,100000.0,0.95,,,,1,True,15.315448732050411,0.0,False,0
7,ElasticNet,1000000.0,0.95,,,,1,True,15.315448732050411,0.0,False,0
8,Ridge,10.0,0.0,,,,2,True,0.6783909778654023,0.0,False,0
8,Ridge,100.0,0.0,,,,1,True,0.737325321283422,0.0,False,0
8,Ridge,1000.0,0.0,,,,1,True,2.7716784140725057,0.0,False,0
8,Ridge,10000.0,0.0,,,,1,True,8.819550719207614,0.0,False,0
8,Ridge,100000.0,0.0,,,,1,True,14.117369556185444,0.0,False,0
8,Ridge,1000000.0,0.0,,,,1,True,15.184353255396134,0.0,False,0
9,Ridge,100.0,0.0,,,,2,True,0.9112602066447314,0.0,False,0
9,Ridge,1000.0,0.0,,,,1,True,1.9830561253420227,0.0,False,0
9,Ridge,10000.0,0.0,,,,1,True,7.528175744654405,0.0,False,0
9,Ridge,100000.0,0.0,,,,1,True,13.650508388061438,0.0,False,0
9,Ridge,1000000.0,0.0,,,,1,True,15.126555710320867,0.0,False,0
9,ElasticNet,0.1,0.1,,,,2,True,0.7751436888227025,8.671803146939605e-06,False,0
9,ElasticNet,1.0,0.1,,,,1,True,1.7853326978246429,2.105433153098968e-06,False,0
9,ElasticNet,10.0,0.1,,,,1,True,9.476014660073902,3.069620779783122e-09,False,0
9,ElasticNet,100.0,0.1,,,,1,True,15.315448732050411,0.0,False,0
9,ElasticNet,1000.0,0.1,,,,1,True,15.315448732050411,0.0,False,0
9,ElasticNet,10000.0,0.1,,,,1,True,15.315448732050411,0.0,False,0
9,ElasticNet,100000.0,0.1,,,,1,True,15.315448732050411,0.0,False,0
9,ElasticNet,1000000.0,0.1,,,,1,True,15.315448732050411,0.0,False,0
9,ElasticNet,0.1,0.3,,,,2,True,0.9455789183000066,8.523154890052037e-06,False,0
9,ElasticNet,1.0,0.3,,,,1,True,2.8570977375049025,6.360173501973598e-06,False,0
9,ElasticNet,10.0,0.3,,,,1,True,15.053134388309383,1.5981171941348293e-10,False,0
9,ElasticNet,100.0,0.3,,,,1,True,15.315448732050411,0.0,False,0
9,ElasticNet,1000.0,0.3,,,,1,True,15.315448732050411,0.0,False,0
9,ElasticNet,10000.0,0.3,,,,1,True,15.315448732050411,0.0,False,0
9,ElasticNet,100000.0,0.3,,,,1,True,15.315448732050411,0.0,False,0
9,ElasticNet,1000000.0,0.3,,,,1,True,15.315448732050411,0.0,False,0
9,ElasticNet,0.1,0.5,,,,2,True,1.0770147915421198,8.649247930835047e-06,False,0
9,ElasticNet,1.0,0.5,,,,1,True,4.160307851607749,6.8685102089238725e-06,False,0
9,ElasticNet,10.0,0.5,,,,1,True,15.315448732050411,0.0,False,0
9,ElasticNet,100.0,0.5,,,,1,True,15.315448732050411,0.0,False,0
9,ElasticNet,1000.0,0.5,,,,1,True,15.315448732050411,0.0,False,0
9,ElasticNet,10000.0,0.5,,,,1,True,15.315448732050411,0.0,False,0
9,ElasticNet,100000.0,0.5,,,,1,True,15.315448732050411,0.0,False,0
9,ElasticNet,1000000.0,0.5,,,,1,True,15.315448732050411,0.0,False,0
9,ElasticNet,0.1,0.7,,,,2,True,1.2246546361680997,0.0006808334337059796,False,0
9,ElasticNet,1.0,0.7,,,,1,True,5.222304596037018,3.1682689458634172e-06,False,0
9,ElasticNet,10.0,0.7,,,,1,True,15.315448732050411,0.0,False,0
9,ElasticNet,100.0,0.7,,,,1,True,15.315448732050411,0.0,False,0
9,ElasticNet,1000.0,0.7,,,,1,True,15.315448732050411,0.0,False,0
9,ElasticNet,10000.0,0.7,,,,1,True,15.315448732050411,0.0,False,0
9,ElasticNet,100000.0,0.7,,,,1,True,15.315448732050411,0.0,False,0
9,ElasticNet,1000000.0,0.7,,,,1,True,15.315448732050411,0.0,False,0
9,ElasticNet,0.1,0.9,,,,2,True,1.4405050582537262,0.002256049205423563,False,0
9,ElasticNet,1.0,0.9,,,,1,True,5.901088498850062,2.2215048558482664e-06,False,0
9,ElasticNet,10.0,0.9,,,,1,True,15.315448732050411,0.0,False,0
9,ElasticNet,100.0,0.9,,,,1,True,15.315448732050411,0.0,False,0
9,ElasticNet,1000.0,0.9,,,,1,True,15.315448732050411,0.0,False,0
9,ElasticNet,10000.0,0.9,,,,1,True,15.315448732050411,0.0,False,0
9,ElasticNet,100000.0,0.9,,,,1,True,15.315448732050411,0.0,False,0
9,ElasticNet,1000000.0,0.9,,,,1,True,15.315448732050411,0.0,False,0
9,ElasticNet,0.1,0.95,,,,2,True,1.4846761969369122,0.0031830347184610974,False,0
9,ElasticNet,1.0,0.95,,,,1,True,6.087462619868879,3.0982978990179433e-06,False,0
9,ElasticNet,10.0,0.95,,,,1,True,15.315448732050411,0.0,False,0
9,ElasticNet,100.0,0.95,,,,1,True,15.315448732050411,0.0,False,0
9,ElasticNet,1000.0,0.95,,,,1,True,15.315448732050411,0.0,False,0
9,ElasticNet,10000.0,0.95,,,,1,True,15.315448732050411,0.0,False,0
9,ElasticNet,100000.0,0.95,,,,1,True,15.315448732050411,0.0,False,0
9,ElasticNet,1000000.0,0.95,,,,1,True,15.315448732050411,0.0,False,0
10,Ridge,1e-06,0.0,,,,1,True,1.5547621750627343,0.0,False,0
10,Ridge,1e-05,0.0,,,,1,True,1.4751717155234665,0.0,False,0
10,Ridge,0.0001,0.0,,,,1,True,1.0572220883058077,0.0,False,0
10,Ridge,0.001,0.0,,,,2,True,0.7547561818944769,0.0,False,0
10,Ridge,100.0,0.0,,,,2,True,0.8800492760765258,0.0,False,0
10,Ridge,1000.0,0.0,,,,1,True,1.789531852510802,0.0,False,0
10,Ridge,10000.0,0.0,,,,1,True,7.0689982970829774,0.0,False,0
10,Ridge,100000.0,0.0,,,,1,True,13.42481231396227,0.0,False,0
10,Ridge,1000000.0,0.0,,,,1,True,15.096089575976107,0.0,False,0
10,ElasticNet,1e-06,0.1,,,,2,True,0.6548717731400038,3.75594913666588e-05,False,0
10,ElasticNet,0.1,0.1,,,,2,True,0.7729754112109664,9.615824623257843e-06,False,0
10,ElasticNet,1.0,0.1,,,,1,True,1.6329938149913923,3.870307939635165e-06,False,0
10,ElasticNet,10.0,0.1,,,,1,True,9.120300228858907,3.5587294897609922e-06,False,0
10,ElasticNet,100.0,0.1,,,,1,True,15.315448732050411,0.0,False,0
10,ElasticNet,1000.0,0.1,,,,1,True,15.315448732050411,0.0,False,0
10,ElasticNet,10000.0,0.1,,,,1,True,15.315448732050411,0.0,False,0
10,ElasticNet,100000.0,0.1,,,,1,True,15.315448732050411,0.0,False,0
10,ElasticNet,1000000.0,0.1,,,,1,True,15.315448732050411,0.0,False,0
10,ElasticNet,1e-06,0.3,,,,2,True,0.6479997853573795,3.854045560590061e-05,False,0
10,ElasticNet,0.1,0.3,,,,2,True,0.9381672327630041,8.842426501488865e-06,False,0
10,ElasticNet,1.0,0.3,,,,1,True,2.681667747104033,3.7215724009720397e-06,False,0
10,ElasticNet,10.0,0.3,,,,1,True,15.053134388309383,1.5981171941348293e-10,False,0
10,ElasticNet,100.0,0.3,,,,1,True,15.315448732050411,0.0,False,0
10,ElasticNet,1000.0,0.3,,,,1,True,15.315448732050411,0.0,False,0
10,ElasticNet,10000.0,0.3,,,,1,True,15.315448732050411,0.0,False,0
10,ElasticNet,100000.0,0.3,,,,1,True,15.315448732050411,0.0,False,0
10,ElasticNet,1000000.0,0.3,,,,1,True,15.315448732050411,0.0,False,0
10,ElasticNet,1e-06,0.5,,,,2,True,0.6540909304986932,4.0811229879777336e-05,False,0
10,ElasticNet,0.1,0.5,,,,2,True,1.0757621899511054,9.470715011679343e-06,False,0
10,ElasticNet,1.0,0.5,,,,1,True,4.011839307611083,2.205263855081796e-06,False,0
10,ElasticNet,10.0,0.5,,,,1,True,15.315448732050411,0.0,False,0
10,ElasticNet,100.0,0.5,,,,1,True,15.315448732050411,0.0,False,0
10,ElasticNet,1000.0,0.5,,,,1,True,15.315448732050411,0.0,False,0
10,ElasticNet,10000.0,0.5,,,,1,True,15.315448732050411,0.0,False,0
10,ElasticNet,100000.0,0.5,,,,1,True,15.315448732050411,0.0,False,0
10,ElasticNet,1000000.0,0.5,,,,1,True,15.315448732050411,0.0,False,0
10,ElasticNet,1e-06,0.7,,,,2,True,0.6548935869975941,4.1686859244518615e-05,False,0
10,ElasticNet,0.1,0.7,,,,2,True,1.2105430660173278,0.0009190277197524133,False,0
10,ElasticNet,1.0,0.7,,,,1,True,5.06274464275705,8.545354721500864e-06,False,0
10,ElasticNet,10.0,0.7,,,,1,True,15.315448732050411,0.0,False,0
10,ElasticNet,100.0,0.7,,,,1,True,15.315448732050411,0.0,False,0
10,ElasticNet,1000.0,0.7,,,,1,True,15.315448732050411,0.0,False,0
10,ElasticNet,10000.0,0.7,,,,1,True,15.315448732050411,0.0,False,0
10,ElasticNet,100000.0,0.7,,,,1,True,15.315448732050411,0.0,False,0
10,ElasticNet,1000000.0,0.7,,,,1,True,15.315448732050411,0.0,False,0
10,ElasticNet,1e-06,0.9,,,,2,True,0.64219255003693,4.025906082640922e-05,False,0
10,ElasticNet,0.1,0.9,,,,2,True,1.4176121220620495,0.0011854706453008207,False,0
10,ElasticNet,1.0,0.9,,,,1,True,5.788295170130923,4.150848208039903e-06,False,0
10,ElasticNet,10.0,0.9,,,,1,True,15.315448732050411,0.0,False,0
10,ElasticNet,100.0,0.9,,,,1,True,15.315448732050411,0.0,False,0
10,ElasticNet,1000.0,0.9,,,,1,True,15.315448732050411,0.0,False,0
10,ElasticNet,10000.0,0.9,,,,1,True,15.315448732050411,0.0,False,0
10,ElasticNet,100000.0,0.9,,,,1,True,15.315448732050411,0.0,False,0
10,ElasticNet,1000000.0,0.9,,,,1,True,15.315448732050411,0.0,False,0
10,ElasticNet,1e-06,0.95,,,,2,True,0.6491271107648835,4.5637339261098385e-05,False,0
10,ElasticNet,1e-05,0.95,,,,2,True,0.6439655792497462,4.682072010638042e-05,False,0
10,ElasticNet,0.1,0.95,,,,2,True,1.4620074462503592,0.0010660609522172293,False,0
10,ElasticNet,1.0,0.95,,,,1,True,5.964822119039972,2.2260958013609056e-06,False,0
10,ElasticNet,10.0,0.95,,,,1,True,15.315448732050411,0.0,False,0
10,ElasticNet,100.0,0.95,,,,1,True,15.315448732050411,0.0,False,0
10,ElasticNet,1000.0,0.95,,,,1,True,15.315448732050411,0.0,False,0
10,ElasticNet,10000.0,0.95,,,,1,True,15.315448732050411,0.0,False,0
10,ElasticNet,100000.0,0.95,,,,1,True,15.315448732050411,0.0,False,0
10,ElasticNet,1000000.0,0.95,,,,1,True,15.315448732050411,0.0,False,0
11,Ridge,1e-06,0.0,,,,1,True,1.3517824830910523,0.0,False,0
11,Ridge,1e-05,0.0,,,,1,True,1.0965816620674254,0.0,False,0
11,Ridge,0.0001,0.0,,,,1,True,0.6371856254700181,0.0,False,0
11,Ridge,0.001,0.0,,,,2,True,0.729929592132847,0.0,False,0
11,Ridge,100.0,0.0,,,,2,True,0.6604752553750193,0.0,False,0
11,Ridge,1000.0,0.0,,,,1,True,1.3574451870857818,0.0,False,0
11,Ridge,10000.0,0.0,,,,1,True,6.027419879270503,0.0,False,0
11,Ridge,100000.0,0.0,,,,1,True,12.879636571793265,0.0,False,0
11,Ridge,1000000.0,0.0,,,,1,True,15.01979443592863,0.0,False,0
12,Ridge,1e-06,0.0,,,,1,True,43.04336574082699,0.0,False,0
12,Ridge,1e-05,0.0,,,,1,True,4.9024791217688675,0.0,False,0
12,Ridge,0.0001,0.0,,,,1,True,0.873042721645248,0.0,False,0
12,Ridge,0.001,0.0,,,,1,True,0.5919303471659406,0.0,False,0
12,Ridge,0.01,0.0,,,,2,True,0.6216710033030175,0.0,False,0
12,Ridge,100.0,0.0,,,,2,True,0.6787040067367979,0.0,False,0
12,Ridge,1000.0,0.0,,,,1,True,1.2838807394366396,0.0,False,0
12,Ridge,10000.0,0.0,,,,1,True,5.7003067642650995,0.0,False,0
12,Ridge,100000.0,0.0,,,,1,True,12.639953542888504,0.0,False,0
12,Ridge,1000000.0,0.0,,,,1,True,14.980758668772014,0.0,False,0
13,Ridge,1e-06,0.0,,,,1,True,60.71763304268444,0.0,False,0
13,Ridge,1e-05,0.0,,,,1,True,10.910344745644162,0.0,False,0
13,Ridge,0.0001,0.0,,,,1,True,1.46168268858455,0.0,False,0
13,Ridge,0.001,0.0,,,,1,True,0.5485293527315623,0.0,False,0
13,Ridge,0.01,0.0,,,,2,True,0.542128675108967,0.0,False,0
13,Ridge,100.0,0.0,,,,2,True,0.5785622839344807,0.0,False,0
13,Ridge,1000.0,0.0,,,,1,True,1.0420080636539546,0.0,False,0
13,Ridge,10000.0,0.0,,,,1,True,4.903502773077868,0.0,False,0
13,Ridge,100000.0,0.0,,,,1,True,12.05298782136734,0.0,False,0
13,Ridge,1000000.0,0.0,,,,1,True,14.88528939890248,0.0,False,0
14,Ridge,1e-06,0.0,,,,1,True,78.34157993104388,0.0,False,0
14,Ridge,1e-05,0.0,,,,1,True,32.00008790170419,0.0,False,0
14,Ridge,0.0001,0.0,,,,1,True,1.9338842737529787,0.0,False,0
14,Ridge,0.001,0.0,,,,1,True,0.8081611816899397,0.0,False,0
14,Ridge,0.01,0.0,,,,2,True,0.8313789863162361,0.0,False,0
14,Ridge,0.1,0.0,,,,2,True,0.5373209976128354,0.0,False,0
14,Ridge,100.0,0.0,,,,2,True,0.6039838505102825,0.0,False,0
14,Ridge,1000.0,0.0,,,,1,True,1.018181275308905,0.0,False,0
14,Ridge,10000.0,0.0,,,,1,True,4.6727690893651195,0.0,False,0
14,Ridge,100000.0,0.0,,,,1,True,11.822010072950244,0.0,False,0
14,Ridge,1000000.0,0.0,,,,1,True,14.838014890841285,0.0,False,0
15,Ridge,1e-06,0.0,,,,1,True,71.01355420721468,0.0,False,0
15,Ridge,1e-05,0.0,,,,1,True,55.34304568443409,0.0,False,0
15,Ridge,0.0001,0.0,,,,1,True,6.337534342245593,0.0,False,0
15,Ridge,0.001,0.0,,,,1,True,0.8008769063092519,0.0,False,0
15,Ridge,0.01,0.0,,,,2,True,0.7992001290983485,0.0,False,0
15,Ridge,100.0,0.0,,,,2,True,0.5632217008991317,0.0,False,0
15,Ridge,1000.0,0.0,,,,1,True,0.8767604139815339,0.0,False,0
15,Ridge,10000.0,0.0,,,,1,True,4.089048919444703,0.0,False,0
15,Ridge,100000.0,0.0,,,,1,True,11.227251234132872,0.0,False,0
15,Ridge,1000000.0,0.0,,,,1,True,14.723468751756657,0.0,False,0
16,Ridge,1e-06,0.0,,,,1,True,111.50362256430958,0.0,False,0
16,Ridge,1e-05,0.0,,,,1,True,86.93862510889699,0.0,False,0
16,Ridge,0.0001,0.0,,,,1,True,13.894115110787032,0.0,False,0
16,Ridge,0.001,0.0,,,,1,True,1.041413642750756,0.0,False,0
16,Ridge,0.01,0.0,,,,2,True,1.5388788971613605,0.0,False,0
16,Ridge,0.1,0.0,,,,2,True,0.55273866350375,0.0,False,0
16,Ridge,100.0,0.0,,,,2,True,0.5791786716109483,0.0,False,0
16,Ridge,1000.0,0.0,,,,1,True,0.8693286494829823,0.0,False,0
16,Ridge,10000.0,0.0,,,,1,True,3.928401536187618,0.0,False,0
16,Ridge,100000.0,0.0,,,,1,True,11.018776881913924,0.0,False,0
16,Ridge,1000000.0,0.0,,,,1,True,14.668891838215275,0.0,False,0
16,LASSO,10.0,1.0,,,,2,True,31.30430371106533,0.0,False,0
16,LASSO,100.0,1.0,,,,2,True,31.30430371106533,0.0,False,0
16,LASSO,1000.0,1.0,,,,2,True,31.30430371106533,0.0,False,0
16,LASSO,10000.0,1.0,,,,2,True,31.30430371106533,0.0,False,0
16,LASSO,100000.0,1.0,,,,2,True,31.30430371106533,0.0,False,0
16,LASSO,1000000.0,1.0,,,,2,True,31.30430371106533,0.0,False,0
17,Ridge,1e-06,0.0,,,,1,True,154.35989037887268,0.0,False,0
17,Ridge,1e-05,0.0,,,,1,True,125.17192262206459,0.0,False,0
17,Ridge,0.0001,0.0,,,,1,True,34.0062805811572,0.0,False,0
17,Ridge,0.001,0.0,,,,1,True,2.41584587461287,0.0,False,0
17,Ridge,0.01,0.0,,,,2,True,1.8414778660733957,0.0,False,0
17,Ridge,1000.0,0.0,,,,2,True,1.6177422786399545,0.0,False,0
17,Ridge,10000.0,0.0,,,,1,True,3.5138994882227315,0.0,False,0
17,Ridge,100000.0,0.0,,,,1,True,10.441741124527116,0.0,False,0
17,Ridge,1000000.0,0.0,,,,1,True,14.536175018210088,0.0,False,0
18,Ridge,1e-06,0.0,,,,1,True,243.5870437520973,0.0,False,0
18,Ridge,1e-05,0.0,,,,1,True,160.5488433124048,0.0,False,0
18,Ridge,0.0001,0.0,,,,1,True,50.9730056707753,0.0,False,0
18,Ridge,0.001,0.0,,,,1,True,3.6429273906483917,0.0,False,0
18,Ridge,0.01,0.0,,,,2,True,3.785285947304557,0.0,False,0
18,Ridge,1000.0,0.0,,,,2,True,1.6011220592763156,0.0,False,0
18,Ridge,10000.0,0.0,,,,1,True,3.4044664665016993,0.0,False,0
18,Ridge,100000.0,0.0,,,,1,True,10.259756707474137,0.0,False,0
18,Ridge,1000000.0,0.0,,,,1,True,14.475815833904361,0.0,False,0
19,Ridge,1e-06,0.0,,,,1,True,379.53571403215795,0.0,False,0
19,Ridge,1e-05,0.0,,,,1,True,219.295983703925,0.0,False,0
19,Ridge,0.0001,0.0,,,,1,True,97.1803474106474,0.0,False,0
19,Ridge,0.001,0.0,,,,1,True,11.536988493402239,0.0,False,0
19,Ridge,0.01,0.0,,,,1,True,1.3361292410548096,0.0,False,0
19,Ridge,1000.0,0.0,,,,2,True,1.5319094889332174,0.0,False,0
19,Ridge,10000.0,0.0,,,,1,True,3.1149084010128942,0.0,False,0
19,Ridge,100000.0,0.0,,,,1,True,9.717231007409135,0.0,False,0
19,Ridge,1000000.0,0.0,,,,1,True,14.326603428167116,0.0,False,0
20,Ridge,1e-06,0.0,,,,1,True,506.5427058329103,0.0,False,0
20,Ridge,1e-05,0.0,,,,1,True,281.4937907443031,0.0,False,0
20,Ridge,0.0001,0.0,,,,1,True,120.31352914136114,0.0,False,0
20,Ridge,0.001,0.0,,,,1,True,15.505955330700786,0.0,False,0
20,Ridge,0.01,0.0,,,,1,True,1.6244825908546838,0.0,False,0
20,Ridge,1000.0,0.0,,,,2,True,1.533031842814254,0.0,False,0
20,Ridge,10000.0,0.0,,,,1,True,3.042538063915645,0.0,False,0
20,Ridge,100000.0,0.0,,,,1,True,9.559673765995008,0.0,False,0
20,Ridge,1000000.0,0.0,,,,1,True,14.262434146006656,0.0,False,0
