degree,model,alpha,l1_ratio,mean_mse,std_mse,mean_r2,evaluated_folds,pruned,mse_lower_bound,max_kkt,converged,warning_count
5,LASSO,0.01,1.0,0.4018484672798621,0.04813138449429029,0.964866570290637,3,False,0.4018484672798622,7.75221257371013e-06,True,0
5,LASSO,0.01,1.0,0.4018494771747207,0.04813289088719532,0.9648664969655623,3,False,0.4018494771747207,7.75221257371013e-06,True,0
5,ElasticNet,0.01,0.95,0.4042464524000556,0.05017144030540716,0.9646728914950078,3,False,0.4042464524000557,4.266625232458854e-06,True,0
5,ElasticNet,0.01,0.95,0.40425237625556054,0.05018025136232191,0.9646724613837506,3,False,0.40425237625556054,9.518456084853938e-06,True,0
5,ElasticNet,0.01,0.9,0.4066515233602115,0.05204140927384239,0.9644775620301697,3,False,0.4066515233602115,9.888471073263294e-06,True,0
5,ElasticNet,0.01,0.9,0.4066551105178126,0.05203990729147049,0.9644772283060341,3,False,0.4066551105178126,6.001513121311336e-06,True,0
5,LASSO,0.01778279410038923,1.0,0.4133180976322797,0.04687417701396395,0.9638350352128883,3,False,0.4133180976322797,7.699307774462066e-06,True,0
5,ElasticNet,0.01778279410038923,0.95,0.41350671962203583,0.0464011898016455,0.9638106047288998,3,False,0.41350671962203583,8.051041765683165e-06,True,0
5,ElasticNet,0.01778279410038923,0.9,0.4138335443058092,0.046217061470285335,0.963777581033291,3,False,0.4138335443058092,8.026346730190953e-06,True,0
5,ElasticNet,0.01778279410038923,0.7,0.4172464111289833,0.05109979968095575,0.9635184092682003,3,False,0.4172464111289833,2.103539211432276e-06,True,0
5,ElasticNet,0.01,0.7,0.41779324341513413,0.05886480605467952,0.9635554653640969,3,False,0.41779324341513413,8.255548388966596e-06,True,0
5,ElasticNet,0.01,0.7,0.417797052684406,0.05886845012392469,0.963555100657406,3,False,0.4177970526844061,9.525832231715645e-06,True,0
5,LASSO,0.005623413251903491,1.0,0.42471489166776716,0.059522390892376896,0.9629617018087947,3,False,0.42471489166776716,5.484091288429985e-06,True,0
5,ElasticNet,0.005623413251903491,0.95,0.4271071310949018,0.05841845731634316,0.962739289669619,3,False,0.4271071310949018,4.573416864672893e-06,True,0
5,ElasticNet,0.005623413251903491,0.9,0.43025457111100196,0.05731391313134552,0.9624498129541627,3,False,0.4302545711110019,9.149989533354524e-06,True,0
5,ElasticNet,0.01778279410038923,0.5,0.4306076199904676,0.06087948474865236,0.9624283499408786,3,False,0.4306076199904676,9.179567000680566e-06,True,0
6,LASSO,0.01,1.0,0.4345897567985815,0.05445064789003959,0.9620035043849177,3,False,0.4345897567985815,7.570226055228502e-06,True,0
5,ElasticNet,0.01,0.5,0.44033605475565624,0.06192052568838563,0.9615946266231709,3,False,0.44033605475565624,7.568457160224938e-06,True,0
5,ElasticNet,0.01,0.5,0.4403495168814884,0.06195068619213513,0.9615937579019014,3,False,0.4403495168814884,7.934202556287955e-06,True,0
6,ElasticNet,0.01,0.9,0.4408934528782636,0.05948803180434524,0.9614900749519114,3,False,0.4408934528782636,8.330313793256106e-06,True,0
5,ElasticNet,0.005623413251903491,0.7,0.451918558272947,0.05584324880605229,0.9605171685925195,3,False,0.451918558272947,8.95984088178977e-06,True,0
7,LASSO,0.01,1.0,0.45700076376501886,0.040941178010364725,0.9599184604137632,3,False,0.45700076376501886,7.199145794676079e-06,True,0
5,ElasticNet,0.03162277660168379,0.5,0.4604694889064887,0.060972930004586076,0.9597726928654383,3,False,0.4604694889064887,8.750750770263743e-06,True,0
5,ElasticNet,0.03162277660168379,0.7,0.46207944858958894,0.058242718801938986,0.9596225437331531,3,False,0.46207944858958894,5.778580258405247e-06,True,0
7,ElasticNet,0.01,0.9,0.46245136344811094,0.042036916490789895,0.9594504691414008,3,False,0.4624513634481109,8.947283348433727e-06,True,0
5,ElasticNet,0.01778279410038923,0.3,0.46332768442547695,0.07130492284357753,0.9596330895106556,3,False,0.46332768442547695,5.640871442298863e-06,True,0
6,ElasticNet,0.01,0.7,0.46619216904060107,0.06804488264113628,0.9593346510215288,3,False,0.46619216904060107,6.463242193007791e-06,True,0
5,ElasticNet,0.03162277660168379,0.9,0.46848299922391107,0.05808668602818733,0.9590612433362077,3,False,0.46848299922391107,9.930155720455636e-06,True,0
5,ElasticNet,0.03162277660168379,0.95,0.4698501418410826,0.05709786019576922,0.958932295526707,3,False,0.4698501418410826,4.4826476018819394e-06,True,0
5,LASSO,0.03162277660168379,1.0,0.4724050083145501,0.05675585073965224,0.9587043046397309,3,False,0.4724050083145502,5.705192001180526e-06,True,0
5,ElasticNet,0.03162277660168379,0.3,0.473318335818485,0.07604467413509522,0.9587650814565164,3,False,0.473318335818485,6.932380458228582e-06,True,0
5,LASSO,0.0031622776601683794,1.0,0.479605552362973,0.05558657479747598,0.9580643796928933,3,False,0.479605552362973,8.758938386384859e-06,True,0
7,ElasticNet,0.01,0.7,0.48185061374940014,0.045069317087709504,0.9577629075214698,3,False,0.48185061374940014,8.05048777007076e-06,True,0
8,ElasticNet,0.01,0.9,0.48372854550610067,0.04008644488554144,0.9575216260460794,3,False,0.4837285455061007,2.518787628127267e-05,True,0
9,ElasticNet,0.01,0.9,0.4854590071590527,0.030482159893323934,0.9572747141819545,3,False,0.4854590071590527,3.3260858623576986e-05,True,0
5,ElasticNet,0.0031622776601683794,0.95,0.48583484020087125,0.055887199601738664,0.9575155665055898,3,False,0.48583484020087125,7.85576448273555e-06,True,0
5,ElasticNet,0.005623413251903491,0.5,0.48648796713242487,0.05764184239225666,0.9574689854018924,3,False,0.48648796713242476,9.665936201117779e-06,True,0
5,ElasticNet,0.01,0.3,0.4874239213759837,0.06417228620176844,0.9574376997702815,3,False,0.48742392137598367,9.756024480474159e-06,True,0
5,ElasticNet,0.01,0.3,0.48743548366935247,0.06419864532212836,0.9574369260615101,3,False,0.4874354836693524,8.541324752936279e-06,True,0
5,ElasticNet,0.0031622776601683794,0.9,0.49193760490890776,0.05541450412290971,0.9569704550695564,3,False,0.49193760490890776,9.485268367056491e-06,True,0
8,ElasticNet,0.01,0.7,0.5079502784912701,0.036166766761611444,0.9553413734030972,3,False,0.5079502784912701,4.119338303524688e-05,True,0
6,ElasticNet,0.01,0.5,0.5096461642923112,0.0730636206112278,0.9555401944839783,3,False,0.5096461642923112,7.710421062075146e-06,True,0
5,ElasticNet,0.0031622776601683794,0.7,0.5178142142024456,0.053302830774876166,0.954655000178361,3,False,0.5178142142024456,9.168749468063501e-06,True,0
7,ElasticNet,0.01,0.5,0.5266043289436834,0.04920717896046905,0.9538376843070182,3,False,0.5266043289436834,7.700412370639613e-06,True,0
5,ElasticNet,0.05623413251903491,0.3,0.5366748947772418,0.08034954800141368,0.9531881615260277,3,False,0.5366748947772418,7.111800059526191e-06,True,0
5,ElasticNet,0.005623413251903491,0.3,0.5378270137408392,0.06526999937415343,0.9529877854279648,3,False,0.5378270137408392,9.581345585471523e-06,True,0
5,ElasticNet,0.05623413251903491,0.5,0.5513864380368284,0.0815043762036192,0.9519174485794982,3,False,0.5513864380368283,2.274254594637065e-06,True,0
5,ElasticNet,0.01778279410038923,0.1,0.5553037063027957,0.08911530999257725,0.9515762154197454,3,False,0.5553037063027957,9.681905458633734e-06,True,0
8,ElasticNet,0.01,0.5,0.5575755898512463,0.02117582203961355,0.9508125496574076,3,False,0.5575755898512463,2.102435429002323e-05,True,0
9,ElasticNet,0.01,0.5,0.5621501985297845,0.025004229236834243,0.9504215447778406,3,False,0.5621501985297845,2.606813050815525e-05,True,0
5,ElasticNet,0.0031622776601683794,0.5,0.563704242665423,0.06295408947952225,0.9506700067633731,3,False,0.563704242665423,9.030105972704719e-06,True,0
5,LASSO,0.0017782794100389228,1.0,0.569569802054595,0.05765274328791967,0.9501036360559914,3,False,0.569569802054595,9.894785935892414e-06,True,0
7,ElasticNet,0.1,0.1,0.5861983907461761,0.08022894965549053,0.9488613018822526,3,False,0.5861983907461761,8.301946870629268e-06,True,0
6,ElasticNet,0.01,0.3,0.589009843071849,0.06199911578511574,0.9483301329260181,3,False,0.589009843071849,5.406573333820858e-06,True,0
5,ElasticNet,0.01,0.1,0.589694630306875,0.08736782440705639,0.9485658391507535,3,False,0.589694630306875,9.941244721071388e-06,True,0
7,ElasticNet,0.01,0.3,0.5952997744593639,0.045662148702082475,0.9477209120016227,3,False,0.5952997744593639,8.054714907575374e-06,True,0
9,ElasticNet,0.1,0.1,0.6158221554287694,0.08959576122048117,0.9462992725317613,3,False,0.6158221554287694,7.787660061018414e-06,True,0
8,ElasticNet,0.1,0.1,0.6224810244017642,0.0871459996682408,0.9457145188697976,3,False,0.6224810244017642,8.568798870288094e-06,True,0
7,ElasticNet,0.1,0.3,0.632307415727373,0.08083508226255338,0.9447850904923104,3,False,0.632307415727373,5.859028959963319e-06,True,0
10,ElasticNet,0.1,0.1,0.6353187142057205,0.08466438628263204,0.9445355208938331,3,False,0.6353187142057205,5.442059464847576e-06,True,0
8,ElasticNet,0.01,0.3,0.6427496408017079,0.02067975776544421,0.9428801470290517,3,False,0.642749640801708,1.3490797585494294e-05,True,0
8,ElasticNet,0.1,0.3,0.644132054275723,0.08561278063731341,0.9437829416544986,3,False,0.644132054275723,5.420992507356587e-06,True,0
5,ElasticNet,0.1,0.1,0.6539274285984479,0.11535531722072953,0.9429580572073689,3,False,0.6539274285984479,9.724637735476424e-06,True,0
9,ElasticNet,0.1,0.3,0.6551030469681791,0.08573406464372536,0.942813548829507,3,False,0.6551030469681791,8.666567648814294e-06,True,0
6,ElasticNet,0.1,0.3,0.6591402841459142,0.10562523191616265,0.9426299031782106,3,False,0.6591402841459142,6.321765521746792e-06,True,0
10,ElasticNet,0.1,0.3,0.6592563705313289,0.08558054730678054,0.9424439388528908,3,False,0.6592563705313289,1.646863015686978e-05,True,0
5,ElasticNet,0.1,0.3,0.6657052897626624,0.10580507537356215,0.9420161468185929,3,False,0.6657052897626624,4.646841471833696e-06,True,0
6,ElasticNet,0.1,0.1,0.6687870017975017,0.09919073992835344,0.9415914627012877,3,False,0.6687870017975017,9.86027216221333e-06,True,0
5,Ridge,17.78279410038923,0.0,0.6767615246225885,0.13227927587384342,0.9410580862473644,3,False,0.6767615246225885,0.0,True,0
5,Ridge,10.0,0.0,0.6796738938496846,0.13102170346650457,0.9408868915522852,3,False,0.6796738938496846,0.0,True,0
5,Ridge,10.0,0.0,0.6796738938496846,0.13102170346650463,0.9408868915522852,3,False,0.6796738938496846,0.0,True,0
5,Ridge,31.622776601683793,0.0,0.7001426778436315,0.142648176052875,0.9389632322336655,3,False,0.7001426778436315,0.0,True,0
5,Ridge,5.623413251903491,0.0,0.7170405893888887,0.1416754478516322,0.9377425053940004,3,False,0.7170405893888888,0.0,True,0
7,ElasticNet,0.1,0.5,0.7275457807631925,0.11760702325556245,0.9367050519474431,3,False,0.7275457807631925,2.4493600250419245e-05,True,0
5,ElasticNet,0.1,0.5,0.7362181370426623,0.13186101035430808,0.9360702523251275,3,False,0.7362181370426623,4.071247127784838e-06,True,0
8,ElasticNet,0.1,0.5,0.7372328018977331,0.1212096618783607,0.935882384279064,3,False,0.7372328018977331,1.1507789439889338e-05,True,0
5,LASSO,0.001,1.0,0.737970778239915,0.08629895732101318,0.9354284513450141,3,False,0.737970778239915,9.644057508095133e-06,True,0
6,ElasticNet,0.1,0.5,0.7414551937497941,0.14026467344119314,0.9356914658283958,3,False,0.7414551937497941,5.3693094597545565e-06,True,0
9,ElasticNet,0.1,0.5,0.7477065059900531,0.11472779005282228,0.9348912192777492,3,False,0.7477065059900533,4.23525146541065e-05,True,0
5,Ridge,56.23413251903491,0.0,0.7497893706289739,0.15565567205475325,0.93457908840263,3,False,0.7497893706289739,0.0,True,0
5,ElasticNet,0.001,0.95,0.7520465463854015,0.0906802789658939,0.9342317347786763,3,False,0.7520465463854015,9.10906347016357e-06,True,0
10,ElasticNet,0.1,0.5,0.7526485576280026,0.11804142826847772,0.9344851009452552,3,False,0.7526485576280026,3.1628116260791483e-05,True,0
5,ElasticNet,0.001,0.9,0.7669183715775046,0.0942886941544825,0.9329545890285275,3,False,0.7669183715775046,9.655615417710514e-06,True,0
4,LASSO,0.01,1.0,0.7675252093360826,0.13703401114639835,0.9331861661240798,3,False,0.7675252093360826,3.941599913495977e-06,True,0
4,ElasticNet,0.01,0.95,0.7704082539275111,0.13842327772797675,0.9329365410576669,3,False,0.7704082539275111,8.329112285172108e-06,True,0
4,ElasticNet,0.01,0.9,0.7738453890031725,0.14017637109627715,0.932642752732462,3,False,0.7738453890031725,6.38903280309952e-06,True,0
7,ElasticNet,0.01,0.1,0.7845734860906503,0.06920155709702587,0.9310783062719072,3,False,0.7845734860906503,1.0909253550370071e-05,True,0
4,ElasticNet,0.01,0.7,0.7931141339792095,0.14740749604661257,0.9309948022817509,3,False,0.7931141339792095,9.26897542277965e-06,True,0
5,Ridge,3.1622776601683795,0.0,0.8052828635790039,0.1633223118566962,0.930168819621407,3,False,0.8052828635790039,0.0,True,0
4,ElasticNet,0.01,0.5,0.8161451179505314,0.1525102398901081,0.9289286246435958,3,False,0.8161451179505314,8.645025832800142e-06,True,0
6,ElasticNet,0.01,0.1,0.8166379172296021,0.04340653260711723,0.9275136041116293,3,False,0.8166379172296021,9.375513536456033e-06,True,0
5,Ridge,100.0,0.0,0.8333779601550306,0.16693815679758062,0.9272273846360002,3,False,0.8333779601550306,0.0,True,0
5,Ridge,100.0,0.0,0.8333779601550306,0.16693815679758062,0.9272273846360002,3,False,0.8333779601550306,0.0,True,0
5,ElasticNet,0.1,0.7,0.8357846508659579,0.1652777795913879,0.927579892879565,3,False,0.8357846508659579,7.168261813225718e-06,True,0
7,ElasticNet,0.1,0.7,0.8526897950872688,0.17006297774676232,0.9261165188700212,3,False,0.8526897950872688,1.2665928652663694e-05,True,0
4,ElasticNet,0.01,0.3,0.8528395628158826,0.16541353805219688,0.9256530890997344,3,False,0.8528395628158824,8.425766159724912e-06,True,0
5,ElasticNet,0.001,0.7,0.8557349239145743,0.11978510425241029,0.9253576303293962,3,False,0.8557349239145743,9.70544305023901e-06,True,0
6,ElasticNet,0.1,0.7,0.8558019718380856,0.18636013847316074,0.9260105475888074,3,False,0.8558019718380856,4.099216578970499e-06,True,0
8,ElasticNet,0.1,0.7,0.8609154861516602,0.16999775704714667,0.9253868380079074,3,False,0.8609154861516602,4.754839690225554e-05,True,0
7,Ridge,100.0,0.0,0.8672938715145624,0.13756337698203852,0.9243533837092008,3,False,0.8672938715145624,0.0,True,0
4,ElasticNet,0.01,0.1,0.9187050213878384,0.18799940346672903,0.9198200993153489,3,False,0.9187050213878384,8.715416733411085e-06,True,0
8,ElasticNet,0.01,0.1,0.9343197534248292,0.02695126092038909,0.9170304545255189,3,False,0.9343197534248292,3.372289256970665e-05,True,0
5,ElasticNet,0.1,0.9,0.9402291093517977,0.17873182109386926,0.9184348504555487,3,False,0.9402291093517975,6.242583902707488e-06,True,0
4,Ridge,10.0,0.0,0.9438274639546685,0.19061849713020643,0.9175810066956158,3,False,0.9438274639546685,0.0,True,0
6,Ridge,100.0,0.0,0.9439208638220089,0.08867971624618713,0.916872502553353,3,False,0.943920863822009,0.0,True,0
8,ElasticNet,0.1,0.9,0.9524626217069837,0.17643198183815265,0.9173140349102457,3,False,0.9524626217069837,4.0311518994542994e-05,True,0
6,ElasticNet,0.1,0.9,0.9613498201537481,0.19796480701925592,0.9167474407460429,3,False,0.9613498201537481,1.7761345604563883e-05,True,0
6,LASSO,0.001,1.0,0.9617939726886711,0.12260138362689663,0.9143809051048063,3,False,0.9617939726886711,8.668692606297271e-06,True,0
5,ElasticNet,0.1,0.95,0.9685440716140267,0.18012316030283165,0.9159330791255487,3,False,0.9685440716140267,8.695858565471726e-06,True,0
4,LASSO,0.001,1.0,0.9801594567006467,0.2031390757519782,0.9144581059419923,3,False,0.980159456700647,9.093252229653128e-06,True,0
6,Ridge,10.0,0.0,0.9823160143712077,0.05960403034312302,0.9127453817624819,3,False,0.9823160143712077,0.0,True,0
4,ElasticNet,0.001,0.95,0.984848912102087,0.2038182903377316,0.9140353318018333,3,False,0.984848912102087,6.201769042046357e-06,True,0
6,ElasticNet,0.001,0.95,0.9876688725902883,0.12904518483418967,0.9120297367031224,3,False,0.9876688725902886,6.91485045560482e-06,True,0
4,ElasticNet,0.001,0.9,0.9898629825392247,0.20475310466906038,0.9135840773109463,3,False,0.9898629825392247,9.740522132794627e-06,True,0
5,ElasticNet,0.001,0.5,0.9906678860742885,0.15651708362455888,0.9137727298777175,3,False,0.9906678860742887,9.991288856925134e-06,True,0
5,LASSO,0.1,1.0,0.9981584083281949,0.19348296385401062,0.9134394585948323,3,False,0.9981584083281949,6.261442600880018e-06,True,0
4,ElasticNet,0.1,0.3,1.0080452984026953,0.22328403014586579,0.9127042249358226,3,False,1.0080452984026953,8.194968162938271e-06,True,0
7,Ridge,10.0,0.0,1.0080533234566504,0.01276544268554132,0.9107121350516462,3,False,1.0080533234566504,0.0,True,0
6,LASSO,0.1,1.0,1.0108061089940967,0.21080957464680242,0.9124770845794025,3,False,1.010806108994097,6.075695408808146e-06,True,0
4,ElasticNet,0.001,0.7,1.0129644470378065,0.21088509495182242,0.9115410033835621,3,False,1.0129644470378065,9.70706032799723e-06,True,0
6,ElasticNet,0.001,0.9,1.0156316794665223,0.13893743211353013,0.9094738708529654,3,False,1.0156316794665223,8.47541381058072e-06,True,0
7,LASSO,0.001,1.0,1.0194584648269454,0.17301107434262622,0.9103762605209598,3,False,1.0194584648269454,2.5063926805862064e-05,True,0
4,ElasticNet,0.1,0.1,1.0214294491268736,0.2036261315161098,0.9109648037069517,3,False,1.0214294491268736,3.947123555709739e-06,True,0
9,ElasticNet,0.001,0.9,1.0530794309580742,0.11949940508688249,0.9076432452978628,3,False,1.0530794309580744,1.8823858703404775e-05,True,0
7,ElasticNet,0.001,0.9,1.0607697076818001,0.18013550929141844,0.9068166606135463,3,False,1.0607697076818001,8.599831691255555e-06,True,0
10,ElasticNet,0.001,0.95,1.067154291645691,0.1062334641465794,0.9055084134632692,3,False,1.067154291645691,4.516418274678948e-05,True,0
4,Ridge,1.0,0.0,1.084405891328453,0.23643220136813448,0.9053503267989772,3,False,1.084405891328453,0.0,True,0
8,Ridge,100.0,0.0,1.100750019963032,0.03964954995787421,0.9028455075502263,3,False,1.1007500199630322,0.0,True,0
6,ElasticNet,0.001,0.7,1.101499053421893,0.15613900129175573,0.9018159285612191,3,False,1.101499053421893,9.878379373639222e-06,True,0
8,ElasticNet,0.001,0.95,1.1161770487426912,0.12507273315584638,0.9017076407881518,3,False,1.1161770487426912,4.302126934753231e-05,True,0
9,Ridge,100.0,0.0,1.1177688796370902,0.12871445020753375,0.9021483105265978,3,False,1.1177688796370902,0.0,True,0
8,ElasticNet,0.001,0.9,1.126694921861852,0.11263220860175811,0.9008374992760274,3,False,1.126694921861852,4.2759726270105974e-05,True,0
3,LASSO,0.01,1.0,1.1313399480777184,0.11879904679356032,0.9008382527868481,3,False,1.1313399480777184,5.602111020394651e-06,True,0
3,ElasticNet,0.01,0.95,1.132191196632918,0.11823763959778799,0.9007474301338604,3,False,1.1321911966329181,7.475702760937827e-06,True,0
3,ElasticNet,0.01,0.9,1.1331684934133384,0.11775848387112742,0.9006456742268476,3,False,1.1331684934133384,9.060903717236432e-06,True,0
3,ElasticNet,0.01,0.7,1.1369958806326022,0.11714535872426238,0.9002515285710135,3,False,1.1369958806326022,8.891187618307629e-06,True,0
9,ElasticNet,0.001,0.7,1.1442001308217382,0.14587439671667488,0.899733785756485,3,False,1.1442001308217382,3.603217666308474e-05,True,0
3,ElasticNet,0.01,0.5,1.1449245548642588,0.11422149765612516,0.8994702192652695,3,False,1.1449245548642588,5.359466457125449e-06,True,0
3,ElasticNet,0.01,0.3,1.157663258696753,0.1101699170818513,0.8982498738269763,3,False,1.157663258696753,9.218368274140857e-06,True,0
4,Ridge,100.0,0.0,1.1718148121760985,0.2273466324063199,0.8973520053611098,3,False,1.1718148121760985,0.0,True,0
3,ElasticNet,0.01,0.1,1.1726592406359237,0.10718862988743677,0.8968340696175167,3,False,1.1726592406359237,5.895407291317762e-06,True,0
7,ElasticNet,0.001,0.7,1.172687348676608,0.18235984305082942,0.8972077737092006,3,False,1.172687348676608,1.0716345196188064e-05,True,0
3,Ridge,10.0,0.0,1.179996101860344,0.11818201044104161,0.8962333235623352,3,False,1.1799961018603442,0.0,True,0
3,LASSO,0.001,1.0,1.1884081237534736,0.08886480102346235,0.8953379654525823,3,False,1.1884081237534736,7.279956916117535e-06,True,0
3,ElasticNet,0.001,0.95,1.1889986857953174,0.08871723457500097,0.8952815757409466,3,False,1.1889986857953174,6.2574569453644315e-06,True,0
3,ElasticNet,0.001,0.9,1.1895782535064914,0.08858061156046312,0.8952262270396153,3,False,1.1895782535064914,5.761967967891782e-06,True,0
5,ElasticNet,0.001,0.3,1.1912816925954182,0.1924796715416566,0.896354376035514,3,False,1.1912816925954182,9.926103800356276e-06,True,0
3,ElasticNet,0.001,0.7,1.191910959890787,0.08812565681768807,0.8950039723771281,3,False,1.191910959890787,7.604771180665364e-06,True,0
3,ElasticNet,0.001,0.5,1.1943131339255242,0.08770233200040098,0.8947756042450753,3,False,1.1943131339255242,9.871431429976218e-06,True,0
4,Ridge,0.1,0.0,1.1963560353403482,0.26057075107995614,0.895525752530988,3,False,1.1963560353403482,0.0,True,0
3,ElasticNet,0.001,0.3,1.196706870523992,0.08729873771072351,0.8945469621651725,3,False,1.1967068705239918,7.5778532622744065e-06,True,0
3,Ridge,1.0,0.0,1.196739775798082,0.0892877953258637,0.8945330008772828,3,False,1.196739775798082,0.0,True,0
3,ElasticNet,0.001,0.1,1.1991437834033192,0.08695073265276743,0.8943142191451735,3,False,1.199143783403319,9.08286203842898e-06,True,0
3,LASSO,0.0001,1.0,1.2035041506503188,0.08410429649845809,0.8939126365943073,3,False,1.2035041506503188,8.96242172068947e-06,True,0
3,ElasticNet,0.0001,0.95,1.2035752607669001,0.08408570723503617,0.893905826645572,3,False,1.2035752607669001,8.289398121448177e-06,True,0
3,ElasticNet,0.0001,0.9,1.2036457342371145,0.08408227982080872,0.8938992543831219,3,False,1.2036457342371145,7.998838631311978e-06,True,0
3,ElasticNet,0.0001,0.7,1.203904992693553,0.08405586694307786,0.8938746063530844,3,False,1.203904992693553,5.676444564783943e-06,True,0
3,ElasticNet,0.0001,0.5,1.2041679576849376,0.08402601126023494,0.8938496085404108,3,False,1.2041679576849376,5.383913046468922e-06,True,0
3,Ridge,0.1,0.0,1.2043560793505848,0.08425448668575856,0.8938303226175685,3,False,1.2043560793505848,0.0,True,0
3,ElasticNet,0.0001,0.3,1.2044308439745672,0.08399757932080065,0.8938246237668087,3,False,1.2044308439745672,5.324862938174011e-06,True,0
3,ElasticNet,0.0001,0.1,1.2046971922588021,0.08397163090724329,0.8937994433338456,3,False,1.2046971922588021,9.59638785413845e-06,True,0
3,LASSO,1e-05,1.0,1.2051676279822476,0.08368412364842398,0.8937559235408132,3,False,1.2051676279822476,8.432408867483883e-06,True,0
3,ElasticNet,1e-05,0.95,1.2051744068599082,0.08368326933471017,0.8937552836402555,3,False,1.2051744068599082,8.090230084195357e-06,True,0
3,ElasticNet,1e-05,0.9,1.205181338606587,0.08368225570587293,0.8937546295709421,3,False,1.205181338606587,7.82022029281335e-06,True,0
3,ElasticNet,1e-05,0.7,1.2052092281020197,0.08367755194471757,0.8937519919450213,3,False,1.2052092281020197,6.878906174240242e-06,True,0
3,ElasticNet,1e-05,0.5,1.2052364701686924,0.0836739757666112,0.8937494199258489,3,False,1.2052364701686924,5.8932298677700205e-06,True,0
3,Ridge,0.01,0.0,1.2052625367518246,0.08369037460217345,0.8937469209632986,3,False,1.2052625367518246,0.0,True,0
3,ElasticNet,1e-05,0.3,1.205265296713013,0.08367182157594077,0.8937466967580825,3,False,1.205265296713013,8.583948534457434e-06,True,0
3,ElasticNet,1e-05,0.1,1.205289157943571,0.08365799718862864,0.8937444081486069,3,False,1.205289157943571,9.951458570798816e-06,True,0
3,LASSO,1e-06,1.0,1.2053545894278201,0.08362096236296097,0.8937385494368874,3,False,1.20535458942782,9.644932859095907e-06,True,0
3,Ridge,0.001,0.0,1.2053548423024252,0.08363325514967758,0.893738429983287,3,False,1.2053548423024252,0.0,True,0
3,ElasticNet,1e-06,0.95,1.2053549796679304,0.08362132660139773,0.8937385109098847,3,False,1.2053549796679304,9.435806924338177e-06,True,0
3,ElasticNet,1e-06,0.9,1.2053554974929488,0.08362157270015463,0.8937384606334655,3,False,1.2053554974929488,9.177396734329627e-06,True,0
3,ElasticNet,1e-06,0.3,1.2053555316441027,0.08363599562992023,0.8937384794735426,3,False,1.2053555316441027,8.838711755512946e-06,True,0
3,ElasticNet,1e-06,0.1,1.2053564532153542,0.08364054837885003,0.8937383977842032,3,False,1.2053564532153542,6.7273403624253796e-06,True,0
3,ElasticNet,1e-06,0.7,1.2053574222342986,0.08362257703189058,0.8937382711717815,3,False,1.2053574222342984,7.968892845699562e-06,True,0
3,ElasticNet,1e-06,0.5,1.2053583283109057,0.08362330571783069,0.8937381797035364,3,False,1.2053583283109057,9.19955607177703e-06,True,0
3,Ridge,0.0001,0.0,1.2053640896971571,0.08362753600660612,0.8937375793548732,3,False,1.2053640896971574,0.0,True,0
3,Ridge,1e-05,0.0,1.2053650146052717,0.08362696402020378,0.8937374942767051,3,False,1.2053650146052717,0.0,True,0
3,Ridge,1e-06,0.0,1.20536510709777,0.08362690682084245,0.8937374857687349,3,False,1.20536510709777,0.0,True,0
4,Ridge,0.01,0.0,1.2150083950180817,0.26558410186558523,0.8938895756039718,3,False,1.2150083950180817,0.0,True,0
4,Ridge,0.001,0.0,1.2169968961817508,0.26613656523153845,0.893715155004727,3,False,1.2169968961817508,0.0,True,0
4,Ridge,0.0001,0.0,1.2171970589356302,0.26619236844148364,0.8936975979017797,3,False,1.2171970589356302,0.0,True,0
4,Ridge,1e-05,0.0,1.2172170884225015,0.2661979543803851,0.8936958410335901,3,False,1.2172170884225015,0.0,True,0
4,Ridge,1e-06,0.0,1.2172190915033891,0.26619851303050385,0.8936956653351847,3,False,1.2172190915033891,0.0,True,0
9,ElasticNet,0.001,0.5,1.2466593950287186,0.14968022431806374,0.8903492333534325,3,False,1.2466593950287186,3.459398995318808e-05,True,0
8,ElasticNet,0.001,0.7,1.2470759683126236,0.09689002146101058,0.8899868540358291,3,False,1.2470759683126236,1.3652818317264493e-05,True,0
6,ElasticNet,0.001,0.5,1.2895529082513126,0.1611999999622875,0.8855303582050104,3,False,1.2895529082513126,9.885649798653962e-06,True,0
10,ElasticNet,0.001,0.5,1.2909034940058175,0.19750235895010962,0.885528821857165,3,False,1.2909034940058175,2.8440367348756088e-05,True,0
3,ElasticNet,0.1,0.1,1.3244877143764848,0.22081115392420708,0.8846345174630237,3,False,1.3244877143764848,6.567081944741648e-06,True,0
3,ElasticNet,0.1,0.3,1.3336336542743847,0.2352515490688845,0.8840929893112731,3,False,1.3336336542743847,3.5230521297779926e-06,True,0
3,ElasticNet,0.1,0.5,1.358687398076351,0.26093440783603417,0.8821927802569024,3,False,1.358687398076351,4.918474792114935e-06,True,0
7,ElasticNet,0.001,0.5,1.3744896465356955,0.19040802760861475,0.8790791575892077,3,False,1.374489646535695,1.2403817954683934e-05,True,0
10,Ridge,100.0,0.0,1.3829433572243435,0.023346050323302173,0.877751129338205,3,False,1.3829433572243435,0.0,True,0
8,ElasticNet,0.001,0.5,1.3967849642222137,0.1243188282367516,0.8766046517984547,3,False,1.3967849642222137,1.8277043595554658e-05,True,0
3,ElasticNet,0.1,0.7,1.405654000712464,0.29681513798287323,0.8783864852721459,3,False,1.4056540007124638,3.5510260246590652e-06,True,0
8,Ridge,10.0,0.0,1.4071654561652578,0.13555572920499556,0.8741177709830762,3,False,1.4071654561652576,0.0,True,0
10,ElasticNet,0.001,0.3,1.4364363868871448,0.2355661101469871,0.872531036730735,3,False,1.4364363868871448,2.8762618705278518e-05,True,0
9,ElasticNet,0.001,0.3,1.4490612727764187,0.18629786219350533,0.8718078495609305,3,False,1.4490612727764187,3.909779658619808e-05,True,0
9,Ridge,10.0,0.0,1.4536148943578164,0.1593338391140589,0.8697391667272445,3,False,1.4536148943578164,0.0,True,0
9,Ridge,1000.0,0.0,1.4574900573170806,0.15686572508408425,0.8724123003051348,3,False,1.4574900573170808,0.0,True,0
3,ElasticNet,0.1,0.9,1.4576544863446557,0.3166490437288577,0.873971374508737,3,False,1.4576544863446557,9.15533083693798e-06,True,0
5,ElasticNet,0.001,0.1,1.464836717058267,0.24653164149476667,0.8725725257617646,3,False,1.464836717058267,9.99013602967032e-06,True,0
3,ElasticNet,0.1,0.95,1.4715506528541262,0.3217433557723316,0.8727908991756607,3,False,1.4715506528541262,5.820563276554003e-06,True,0
3,LASSO,0.1,1.0,1.4875134320438486,0.32677459341659415,0.8714267117637807,3,False,1.4875134320438486,3.538294814461884e-06,True,0
8,Ridge,1000.0,0.0,1.516926759192479,0.08310837949093372,0.866231551533181,3,False,1.516926759192479,0.0,True,0
3,Ridge,100.0,0.0,1.579899496394815,0.29735778708312993,0.8626565032180721,3,False,1.579899496394815,0.0,True,0
6,ElasticNet,0.001,0.3,1.5855078183049498,0.15246311890051972,0.8596465830752571,3,False,1.5855078183049498,9.994811578521333e-06,True,0
10,Ridge,1000.0,0.0,1.6275856076435058,0.1282000240437234,0.8570825115697908,3,False,1.6275856076435053,0.0,True,0
7,ElasticNet,0.001,0.3,1.6388281492810706,0.18689978349248154,0.8550211592555218,3,False,1.638828149281071,2.5472767712212882e-05,True,0
8,ElasticNet,0.001,0.3,1.6393392697881792,0.12317418404100827,0.8546934055018154,3,False,1.639339269788179,1.689306626237463e-05,True,0
9,ElasticNet,1.0,0.1,1.7068192118226637,0.26216392638246855,0.8512349584588925,3,False,1.7068192118226637,7.165908882098004e-06,True,0
10,ElasticNet,1.0,0.1,1.7212957125466783,0.2772623483596686,0.8500562822122912,3,False,1.7212957125466783,2.878314916118785e-05,True,0
8,ElasticNet,1.0,0.1,1.7271988657650816,0.28719987965376914,0.8497668217155426,3,False,1.7271988657650816,6.48537059218246e-06,True,0
7,ElasticNet,1.0,0.1,1.7319188622247967,0.26973246506703286,0.8491921094718607,3,False,1.7319188622247967,8.563662604169076e-06,True,0
10,Ridge,10.0,0.0,1.8029662568725229,0.1595857588263648,0.838907899648734,3,False,1.8029662568725229,0.0,True,0
6,ElasticNet,1.0,0.1,1.84730916932802,0.3330379820630609,0.8396028416106147,3,False,1.84730916932802,8.98917899663787e-06,True,0
10,ElasticNet,0.001,0.1,1.87135697086812,0.12128387193699747,0.8343658079017763,3,False,1.87135697086812,2.8460413040112795e-05,True,0
9,ElasticNet,0.001,0.1,1.8874470928124047,0.17132495513209675,0.8324922334706573,3,False,1.8874470928124047,2.1147503418243147e-05,True,0
7,ElasticNet,0.001,0.1,1.9638037817359149,0.05705171352355879,0.8255924126618202,3,False,1.9638037817359149,1.5650749034419275e-05,True,0
5,ElasticNet,1.0,0.1,2.009978157071616,0.3259230506092477,0.825147377250946,3,False,2.009978157071616,3.6978198801468354e-06,True,0
6,ElasticNet,0.001,0.1,2.0989250463595637,0.0777515098781339,0.8147224494694975,3,False,2.0989250463595637,9.931218840360476e-06,True,0
8,ElasticNet,0.001,0.1,2.112525694738676,0.07192205320850863,0.8133410280646801,3,False,2.112525694738676,2.0984761372801192e-05,True,0
10,ElasticNet,0.0001,0.95,2.194258070583363,0.20036976366866174,0.806080681069326,3,False,2.194258070583363,4.051466960631732e-05,True,0
10,ElasticNet,0.0001,0.5,2.2001810057168707,0.18143650757055624,0.8034248053660217,3,False,2.200181005716871,2.705895681157536e-05,True,0
9,ElasticNet,0.0001,0.95,2.2137003666187187,0.3147515128337569,0.8041857349983923,3,False,2.2137003666187187,2.7702795556839698e-05,True,0
10,ElasticNet,0.0001,0.9,2.2390687872427226,0.1491423550951964,0.8020735593290818,3,False,2.2390687872427226,3.5819531419616324e-05,True,0
9,ElasticNet,0.0001,0.9,2.2785316725344864,0.3277657725450853,0.7984005109695431,3,False,2.2785316725344864,2.6834279456925775e-05,True,0
9,ElasticNet,0.0001,0.7,2.355524858518607,0.3511033991166636,0.7916608073865317,3,False,2.355524858518607,2.4743089701519985e-05,True,0
10,ElasticNet,0.0001,0.3,2.385840282031507,0.21231120969345574,0.7869904654755601,3,False,2.385840282031507,4.325698611146343e-05,True,0
9,ElasticNet,0.0001,0.5,2.4140858689368017,0.32918372803705076,0.7846357733268565,3,False,2.4140858689368017,1.908314938253492e-05,True,0
9,ElasticNet,0.0001,0.3,2.5982525832729335,0.23509481925091966,0.7679375987429203,3,False,2.598252583272933,1.4942700319280611e-05,True,0
10,LASSO,1e-05,1.0,2.6122671960197636,0.38208796328529826,0.7664940476325368,3,False,2.612267196019763,1.4512672565447665e-05,True,0
10,ElasticNet,1e-05,0.7,2.641675838543868,0.2449328590464422,0.7644073999139863,3,False,2.641675838543868,1.0718262005831232e-05,True,0
10,LASSO,1e-06,1.0,2.717169821527044,0.4634836892131655,0.7568361891742142,3,False,2.7171698215270443,9.337965493267404e-06,True,0
10,ElasticNet,1e-05,0.5,2.7192324398701846,0.3665092534684939,0.7570038456533618,3,False,2.719232439870185,9.619659030422394e-06,True,0
10,ElasticNet,0.0001,0.1,2.737655070452261,0.3808311555475143,0.7556690777259719,3,False,2.737655070452261,1.1968637437434157e-05,True,0
10,ElasticNet,1e-06,0.7,2.737884296170837,0.3158144781485055,0.7555437307081054,3,False,2.737884296170837,9.513246002535335e-06,True,0
8,ElasticNet,0.0001,0.9,2.745149862017642,0.3639813582484713,0.7578253985661259,3,False,2.745149862017642,2.5452139754751106e-05,True,0
10,ElasticNet,1e-05,0.3,2.7872320695552584,0.5017509318952447,0.749880045675912,3,False,2.7872320695552584,9.940335709139186e-06,True,0
10,ElasticNet,1e-06,0.5,2.8002462994866506,0.4194204641688614,0.7495047297013854,3,False,2.8002462994866506,9.108389084954132e-06,True,0
9,LASSO,1e-05,1.0,2.808367453067525,0.3414891814520166,0.7482605885040902,3,False,2.808367453067525,1.5793913476647266e-05,True,0
10,ElasticNet,1e-05,0.95,2.839218395700603,0.21905315276677836,0.7476964570249393,3,False,2.839218395700603,1.4847682191253617e-05,True,0
10,ElasticNet,1e-06,0.3,2.865281444629224,0.552405552065657,0.7426619421358079,3,False,2.865281444629224,9.355812516998474e-06,True,0
10,ElasticNet,1e-05,0.9,2.8809187274622965,0.24127512830641368,0.7438661127524422,3,False,2.8809187274622965,1.3302589871869446e-05,True,0
9,ElasticNet,1e-05,0.95,2.913345228961236,0.3955771026653427,0.7383404820266102,3,False,2.913345228961236,1.1233604467994412e-05,True,0
9,ElasticNet,0.0001,0.1,2.932402187751377,0.48577766040554665,0.7360516513118035,3,False,2.932402187751377,1.7119949297199933e-05,True,0
8,ElasticNet,0.0001,0.3,2.944595590953232,0.11960575099433654,0.7394488444205773,3,False,2.944595590953232,4.965684863269736e-05,True,0
9,ElasticNet,1e-05,0.9,2.947305434085464,0.400260579786774,0.7352338603989897,3,False,2.947305434085464,1.1303591512528386e-05,True,0
10,ElasticNet,1e-06,0.95,2.956425297409371,0.33403771237435426,0.7368252782456198,3,False,2.956425297409371,9.183738260528365e-06,True,0
9,LASSO,1e-06,1.0,2.974633578562242,0.36325690559347534,0.7330705896742472,3,False,2.974633578562242,8.857029859642458e-06,True,0
10,ElasticNet,1e-06,0.9,2.980090773453142,0.3397893313463914,0.7345146145649909,3,False,2.980090773453142,7.593136745412423e-06,True,0
10,ElasticNet,1e-05,0.1,2.9985645093122124,0.6163087129405037,0.7313048217286552,3,False,2.998564509312212,9.965385514948893e-06,True,0
9,ElasticNet,1e-05,0.7,3.01325657125931,0.4063377125779259,0.7292777167275334,3,False,3.01325657125931,9.140834468158666e-06,True,0
10,ElasticNet,1e-06,0.1,3.0447826854304023,0.6592109256775636,0.7269852282529912,3,False,3.0447826854304023,9.916839409751629e-06,True,0
9,ElasticNet,1e-05,0.5,3.0695907698359726,0.4304016616336716,0.7240179140415203,3,False,3.0695907698359726,9.741288629913962e-06,True,0
9,ElasticNet,1e-06,0.95,3.0752810162299933,0.43446418844439516,0.7234647441279297,3,False,3.0752810162299933,9.899920638779253e-06,True,0
9,ElasticNet,1e-06,0.9,3.0969898452024123,0.44120107389903357,0.7214827033911136,3,False,3.0969898452024123,9.963172791659383e-06,True,0
9,ElasticNet,1e-05,0.3,3.117303346186406,0.5799125991875329,0.7187551322302245,3,False,3.117303346186406,9.917372582885005e-06,True,0
9,ElasticNet,1e-06,0.7,3.129425698649216,0.4545450190289709,0.7184737103046395,3,False,3.129425698649216,9.932567071369993e-06,True,0
7,ElasticNet,0.0001,0.95,3.1741436628733606,0.25792707857242236,0.7213898850694681,3,False,3.1741436628733606,3.0050116568206854e-05,True,0
7,LASSO,0.0001,1.0,3.17713815281423,0.28588510634602565,0.7211531748121495,3,False,3.17713815281423,3.30275574849437e-05,True,0
9,ElasticNet,1e-06,0.5,3.1842543227666753,0.4699103215150848,0.7135538280056425,3,False,3.1842543227666753,9.938940216839428e-06,True,0
9,ElasticNet,1.0,0.3,3.198114633480827,0.49127553664714646,0.7207053448938895,3,False,3.198114633480827,1.409061736107331e-05,True,0
10,ElasticNet,1.0,0.3,3.201490028049669,0.49898815921464423,0.7204808769393182,3,False,3.201490028049669,1.54921886472148e-05,True,0
8,ElasticNet,0.0001,0.1,3.2029113836073644,0.5152638838447254,0.7158544873072786,3,False,3.202911383607365,9.993909923247236e-06,True,0
8,ElasticNet,1.0,0.3,3.2100698788551085,0.49750574002999637,0.7199166133358897,3,False,3.2100698788551085,4.4901602875291324e-06,True,0
9,ElasticNet,1e-06,0.3,3.216051751694748,0.6284904159491466,0.7097193868233936,3,False,3.216051751694748,9.967239027625287e-06,True,0
7,ElasticNet,1.0,0.3,3.2242339748650632,0.4821587637555358,0.7184717692515669,3,False,3.2242339748650632,7.154648545004694e-06,True,0
6,ElasticNet,1.0,0.3,3.2666490639278254,0.5212539395916072,0.7155460526831621,3,False,3.2666490639278254,5.270100238929931e-06,True,0
7,ElasticNet,0.0001,0.9,3.2840061846073696,0.26141456352013076,0.7116962017697839,3,False,3.2840061846073696,4.5630058128888965e-05,True,0
9,ElasticNet,1e-05,0.1,3.3202532678783867,0.8272880339391752,0.6995165668736845,3,False,3.3202532678783867,9.92296474037847e-06,True,0
8,ElasticNet,1e-05,0.5,3.334594220111677,0.1420450885859302,0.705900976954411,3,False,3.334594220111677,9.95158653962057e-06,True,0
8,LASSO,1e-05,1.0,3.373833654554616,0.15567684882565477,0.7021826425949724,3,False,3.373833654554616,1.0832698232830396e-05,True,0
5,ElasticNet,1.0,0.3,3.3793323714573056,0.51435917031263,0.7054310601391784,3,False,3.3793323714573056,8.664461287888336e-06,True,0
9,ElasticNet,1e-06,0.1,3.379997140894417,0.8836297117281559,0.6938854815399398,3,False,3.379997140894417,9.994678629233149e-06,True,0
7,ElasticNet,0.0001,0.7,3.3872372394418484,0.44484372626921487,0.7042286366006533,3,False,3.3872372394418484,2.8251459479904778e-05,True,0
8,ElasticNet,1e-05,0.7,3.4099944918063296,0.08808072794294951,0.6985976799101641,3,False,3.4099944918063296,1.1029827631931544e-05,True,0
8,ElasticNet,1e-05,0.9,3.4136212565220756,0.05537099807530237,0.6979475030966787,3,False,3.413621256522075,1.0757138638519392e-05,True,0
7,ElasticNet,0.0001,0.5,3.4140430196976546,0.30393454683462695,0.6998689162864049,3,False,3.4140430196976546,2.3524837304095548e-05,True,0
8,ElasticNet,1e-05,0.3,3.4228971570751554,0.31618966544208776,0.6970682149571625,3,False,3.4228971570751554,9.955481109284273e-06,True,0
8,ElasticNet,1e-05,0.95,3.4241162049070817,0.11280444509507769,0.6960442872649425,3,False,3.4241162049070817,1.5182388346390564e-05,True,0
2,LASSO,0.01,1.0,3.42896804739077,0.5508899929501023,0.7009543020805324,3,False,3.42896804739077,1.8921275990457787e-08,True,0
2,ElasticNet,0.01,0.95,3.430665686598548,0.5504272949768996,0.7007903870369989,3,False,3.430665686598548,7.786168081497583e-06,True,0
2,ElasticNet,0.01,0.9,3.4322959207836523,0.5501009277978836,0.7006333809107893,3,False,3.4322959207836523,7.181535749181331e-06,True,0
2,ElasticNet,0.1,0.7,3.433855408029393,0.7539208152760614,0.7030145080521132,3,False,3.433855408029393,3.0648878826533554e-07,True,0
2,ElasticNet,0.1,0.9,3.434263806963333,0.7742960257441877,0.7032108509531962,3,False,3.434263806963333,8.835401850579294e-06,True,0
2,ElasticNet,0.1,0.95,3.436753422290636,0.7790901543644126,0.7030418179556216,3,False,3.436753422290636,9.795926190755977e-06,True,0
2,ElasticNet,0.01,0.7,3.438698224754009,0.5492574887275162,0.7000187637116063,3,False,3.438698224754009,6.615481182668109e-06,True,0
2,LASSO,0.1,1.0,3.4405382124498125,0.7839305289669982,0.7027555327117812,3,False,3.4405382124498125,4.2281646100983394e-07,True,0
8,ElasticNet,1e-06,0.5,3.4409216548419734,0.15935513615199384,0.6965073372042988,3,False,3.4409216548419734,9.981145589261185e-06,True,0
2,ElasticNet,0.01,0.5,3.445538383845714,0.5484929635874961,0.6993577473016517,3,False,3.4455383838457134,7.449535142402264e-09,True,0
2,ElasticNet,0.1,0.5,3.4487670462744777,0.7340357216794414,0.7014136333338792,3,False,3.448767046274478,1.8251829402293751e-06,True,0
2,ElasticNet,0.01,0.3,3.452781613351199,0.5483358818121159,0.6986611849272663,3,False,3.452781613351199,2.3121934364551955e-08,True,0
2,Ridge,10.0,0.0,3.4598924600291934,0.5652644474031298,0.6981340628551989,3,False,3.4598924600291934,0.0,True,0
2,ElasticNet,0.01,0.1,3.4602921336263246,0.5487599859595301,0.6979439836371321,3,False,3.4602921336263246,7.514525244244064e-09,True,0
2,ElasticNet,0.1,0.3,3.466212932081062,0.7116172327231431,0.6995181356718742,3,False,3.466212932081062,2.544707678617253e-06,True,0
2,LASSO,0.001,1.0,3.4671304759692334,0.5308879972204079,0.6971407574618191,3,False,3.4671304759692334,5.717773885244e-06,True,0
2,ElasticNet,0.001,0.95,3.467329237895584,0.530911242773637,0.6971218709864665,3,False,3.467329237895584,5.751584523551868e-06,True,0
2,ElasticNet,0.001,0.9,3.4675297137143857,0.5309319306938248,0.6971028136616328,3,False,3.4675297137143857,5.77211797484628e-06,True,0
2,ElasticNet,0.001,0.7,3.4683271379549403,0.5310276332468938,0.6970270621362887,3,False,3.4683271379549403,5.312227217420381e-06,True,0
2,ElasticNet,0.001,0.5,3.4691225327840116,0.531121656230721,0.6969514955856245,3,False,3.4691225327840116,7.301141973301852e-06,True,0
2,ElasticNet,0.001,0.3,3.4699284315029733,0.5312200758398831,0.696874973837687,3,False,3.4699284315029733,5.7836903299253125e-06,True,0
2,Ridge,1.0,0.0,3.4703274160438915,0.5331260607781886,0.696851454773376,3,False,3.4703274160438915,0.0,True,0
2,ElasticNet,0.001,0.1,3.4707329417240587,0.5313221715686411,0.6967986103579916,3,False,3.4707329417240587,6.679794226539009e-06,True,0
2,LASSO,0.0001,1.0,3.4716093688477603,0.529515510292837,0.6967008072463523,3,False,3.4716093688477603,1.340107924360391e-06,True,0
2,ElasticNet,0.0001,0.95,3.4716295869437146,0.5295182167945872,0.6966988886569565,3,False,3.4716295869437146,1.2901131549045776e-06,True,0
2,ElasticNet,0.0001,0.9,3.4716498057708307,0.5295209257793494,0.6966969700038135,3,False,3.4716498057708307,1.2384895946930384e-06,True,0
2,ElasticNet,0.0001,0.7,3.4717306975418887,0.5295317797702517,0.6966892938550077,3,False,3.4717306975418896,1.0978422162478534e-06,True,0
2,ElasticNet,0.0001,0.5,3.4718116295285757,0.5295426709294707,0.6966816140402936,3,False,3.4718116295285752,8.663257323314832e-07,True,0
2,ElasticNet,0.0001,0.3,3.471892668299495,0.5295536068854763,0.696673924656909,3,False,3.471892668299495,8.158156723788439e-07,True,0
2,Ridge,0.1,0.0,3.471929055184414,0.5297463201760098,0.6966718950204025,3,False,3.471929055184414,0.0,True,0
2,ElasticNet,0.0001,0.1,3.471973885512473,0.5295645762912607,0.6966662192910708,3,False,3.471973885512473,6.898492194152237e-07,True,0
2,LASSO,1e-05,1.0,3.4720632772164906,0.5293834824290856,0.6966562766084161,3,False,3.4720632772164906,1.3495081146532343e-07,True,0
2,ElasticNet,1e-06,0.95,3.4720653020779912,0.5293837562186481,0.6966560844819485,3,False,3.4720653020779912,9.345316494670505e-06,True,0
2,ElasticNet,1e-05,0.95,3.4720653020779912,0.5293837562186481,0.6966560844819485,3,False,3.4720653020779912,1.29971725947615e-07,True,0
2,ElasticNet,1e-06,0.9,3.472067326923545,0.5293840300712798,0.6966558923562663,3,False,3.472067326923545,9.71514671939586e-06,True,0
2,ElasticNet,1e-05,0.9,3.472067326923545,0.5293840300712798,0.6966558923562663,3,False,3.472067326923545,1.2482604361319318e-07,True,0
2,ElasticNet,1e-05,0.7,3.472075426434318,0.5293851262821855,0.6966551238339278,3,False,3.472075426434318,1.0985327473353404e-07,True,0
2,ElasticNet,1e-05,0.5,3.472083528114485,0.5293862243866007,0.696654355104183,3,False,3.472083528114485,8.696936972390605e-08,True,0
2,ElasticNet,1e-05,0.3,3.4720916382965554,0.5293873253159376,0.696653585608152,3,False,3.4720916382965554,8.194646711849833e-08,True,0
2,Ridge,0.01,0.0,3.4720952391645743,0.5294066164987643,0.6966533861270485,3,False,3.4720952391645743,0.0,True,0
2,ElasticNet,1e-06,0.5,3.472096779211706,0.5293690312782093,0.696652932247703,3,False,3.472096779211706,8.696451058255856e-06,True,0
2,ElasticNet,1e-05,0.1,3.472099764599019,0.529388427677245,0.696652814660747,3,False,3.472099764599019,6.915830943635937e-08,True,0
2,ElasticNet,1e-06,0.3,3.472101496147284,0.5293707102353259,0.6966524975252136,3,False,3.472101496147284,8.434538440095806e-06,True,0
2,ElasticNet,1e-06,0.1,3.4721062187053935,0.5293723898635231,0.6966520623117112,3,False,3.4721062187053935,8.28929344739387e-06,True,0
2,ElasticNet,1e-06,0.7,3.472109002598996,0.5293695281503932,0.696651771077596,3,False,3.472109002598996,9.077105572353487e-06,True,0
2,Ridge,0.001,0.0,3.472111918232661,0.5293726287645565,0.696651529665818,3,False,3.472111918232661,0.0,True,0
2,Ridge,0.0001,0.0,3.472113586746643,0.5293692298174005,0.696651343963933,3,False,3.4721135867466426,0.0,True,0
2,Ridge,1e-05,0.0,3.472113753604114,0.5293688899209478,0.6966513253931869,3,False,3.472113753604114,0.0,True,0
2,Ridge,1e-06,0.0,3.472113770289921,0.5293688559312854,0.6966513235361068,3,False,3.472113770289921,0.0,True,0
2,LASSO,1e-06,1.0,3.472114605185352,0.5293763569605057,0.696651391377297,3,False,3.4721146051853524,9.040362506533792e-06,True,0
7,ElasticNet,0.0001,0.1,3.491557778088177,0.3910554875632525,0.6885975838148933,3,False,3.491557778088177,1.0859901945911804e-05,True,0
2,ElasticNet,0.1,0.1,3.493046633796611,0.6958215182799798,0.6967747842354578,3,False,3.493046633796611,6.456164752668275e-06,True,0
8,ElasticNet,1e-06,0.3,3.494926015206786,0.3562731499606192,0.6905074811913487,3,False,3.494926015206786,9.976988130767493e-06,True,0
8,LASSO,1e-06,1.0,3.5147775938909125,0.1407199434165705,0.6899393006432417,3,False,3.5147775938909125,9.981839973461588e-06,True,0
7,ElasticNet,0.0001,0.3,3.5242673245248795,0.3714646662220254,0.6902608412818324,3,False,3.5242673245248795,1.6912793337692327e-05,True,0
5,LASSO,0.0001,1.0,3.532319664865335,0.16937375111038247,0.6858119042287999,3,False,3.532319664865335,9.958234526102127e-06,True,0
8,ElasticNet,1e-06,0.7,3.534968207183521,0.08852696143905575,0.6875773332697354,3,False,3.534968207183521,9.353619042465724e-06,True,0
8,ElasticNet,1e-05,0.1,3.53604604495615,0.7417523542519143,0.6857838226537565,3,False,3.53604604495615,9.961105648451337e-06,True,0
8,ElasticNet,1e-06,0.9,3.5489899290160594,0.021608855969261855,0.6855889386260196,3,False,3.5489899290160594,9.964297035359123e-06,True,0
8,ElasticNet,1e-06,0.95,3.55523187794495,0.0740696965949989,0.6844541048085325,3,False,3.55523187794495,9.962130107370817e-06,True,0
5,ElasticNet,0.0001,0.95,3.588542946238091,0.18757532695239731,0.6808198083125802,3,False,3.588542946238091,9.965904999304558e-06,True,0
8,ElasticNet,1e-06,0.1,3.5915662698169566,0.7745457553663421,0.6806574385243058,3,False,3.5915662698169566,9.656944374919655e-06,True,0
5,ElasticNet,0.0001,0.9,3.648989396562681,0.20442390211681782,0.6753893158040126,3,False,3.6489893965626816,9.986854836119299e-06,True,0
2,Ridge,100.0,0.0,3.657096606832894,0.777158444024158,0.6830747534043525,3,False,3.657096606832894,0.0,True,0
5,ElasticNet,0.0001,0.7,3.9094977877526786,0.273576946760419,0.6515973472571904,3,False,3.9094977877526786,9.975405248175165e-06,True,0
7,ElasticNet,1e-05,0.1,3.999328885132988,0.735056675415218,0.6409837531689905,3,False,3.999328885132988,9.99293531421511e-06,True,0
6,LASSO,0.0001,1.0,4.0832529865099945,0.3343767283424888,0.6416049452494712,3,False,4.0832529865099945,2.2963248311827985e-05,True,0
7,ElasticNet,1e-06,0.1,4.113713212138353,0.7645775301833305,0.6308453435703673,3,False,4.113713212138353,9.973801060366758e-06,True,0
6,ElasticNet,0.0001,0.95,4.171499196312363,0.35098360714938504,0.6339240299274856,3,False,4.171499196312363,2.503674981775637e-05,True,0
6,ElasticNet,0.0001,0.9,4.234477794530538,0.3841279935778323,0.6285475638507956,3,False,4.234477794530538,1.674365111262245e-05,True,0
5,ElasticNet,0.0001,0.5,4.252522258143402,0.35658107639959946,0.6200908166377928,3,False,4.252522258143403,9.81490115267324e-06,True,0
7,ElasticNet,1e-05,0.3,4.363888858816344,0.518137791371381,0.615341643168129,3,False,4.363888858816344,9.953521833311608e-06,True,0
7,ElasticNet,1e-05,0.5,4.452177929229656,0.5254086214098674,0.6084508434411025,3,False,4.452177929229656,9.939154870323225e-06,True,0
6,ElasticNet,0.0001,0.7,4.4862801106053745,0.45583414991188753,0.60617074265496,3,False,4.4862801106053745,2.2890112835682617e-05,True,0
7,ElasticNet,1e-05,0.95,4.4893009223601865,0.5547456812757239,0.6070354806945876,3,False,4.4893009223601865,1.168196249727774e-05,True,0
7,ElasticNet,1e-06,0.3,4.515165162025521,0.5597716276533649,0.6017536671759477,3,False,4.51516516202552,9.922874399632689e-06,True,0
7,LASSO,1e-05,1.0,4.536121857232653,0.589072378540638,0.6037725123354828,3,False,4.536121857232653,1.2564198843529679e-05,True,0
7,ElasticNet,1e-05,0.9,4.555262877918758,0.4493664576754571,0.6002500913699235,3,False,4.555262877918758,1.2307942144387548e-05,True,0
7,ElasticNet,1e-05,0.7,4.593286613911756,0.684502785810684,0.5987710662017887,3,False,4.593286613911756,1.3541872560638612e-05,True,0
5,ElasticNet,0.0001,0.3,4.619039130654599,0.4683092236689859,0.5865433643161845,3,False,4.6190391306546,9.902617067942782e-06,True,0
7,ElasticNet,1e-06,0.5,4.6306436455015785,0.599578865498996,0.5924525188722959,3,False,4.6306436455015785,9.86999197388301e-06,True,0
9,ElasticNet,1.0,0.5,4.6825970546334865,0.8722391204414705,0.593471719848757,3,False,4.6825970546334865,4.869787614936172e-06,True,0
10,ElasticNet,1.0,0.5,4.685803617687821,0.8725997341177993,0.5931951896399534,3,False,4.685803617687821,2.5702025177598564e-06,True,0
8,ElasticNet,1.0,0.5,4.70098528522703,0.8829036373649216,0.5920268315077045,3,False,4.70098528522703,2.336611597986149e-06,True,0
7,ElasticNet,1.0,0.5,4.703401615116662,0.8696374733150155,0.5916603715369368,3,False,4.703401615116662,1.533447763768514e-06,True,0
6,ElasticNet,1.0,0.5,4.731333865909432,0.934626581639875,0.5899737010855652,3,False,4.731333865909432,7.883991763713016e-06,True,0
6,ElasticNet,0.0001,0.5,4.757207993602485,0.5836662065756272,0.5823063605538246,3,False,4.757207993602485,2.4906665716158348e-05,True,0
7,ElasticNet,1e-06,0.95,4.7650369389117815,0.6275807812570988,0.582975644734939,3,False,4.765036938911782,9.986921785518314e-06,True,0
5,ElasticNet,1.0,0.5,4.787531043187617,0.9262005178275967,0.5848952570884941,3,False,4.7875310431876175,2.624116475502536e-06,True,0
7,LASSO,1e-06,1.0,4.79972066112919,0.6381463195749154,0.5806173199077266,3,False,4.79972066112919,9.954895813084683e-06,True,0
7,ElasticNet,1e-06,0.7,4.818492237258403,0.7801043677188678,0.579369304426678,3,False,4.818492237258403,9.955488796435014e-06,True,0
7,ElasticNet,1e-06,0.9,4.834770592694365,0.4924531024639853,0.575465815877427,3,False,4.834770592694366,9.906081397284381e-06,True,0
5,ElasticNet,0.0001,0.1,5.018666806164361,0.6143142513710012,0.549638042413259,3,False,5.018666806164361,9.965731929165084e-06,True,0
6,ElasticNet,0.0001,0.3,5.20566801957503,0.6470224716112233,0.5420557077235484,3,False,5.20566801957503,2.0359834596269454e-05,True,0
6,ElasticNet,0.0001,0.1,5.8261799412246935,0.6877523494484976,0.4866696644372382,3,False,5.8261799412246935,2.88831415861027e-05,True,0
9,ElasticNet,1.0,0.7,5.9425503648695175,1.2658528581529414,0.4858874096445245,3,False,5.9425503648695175,8.141257272775704e-07,True,0
10,ElasticNet,1.0,0.7,5.942922914539975,1.2656415503600225,0.4858530873348202,3,False,5.942922914539975,7.928066635187747e-06,True,0
8,ElasticNet,1.0,0.7,5.965981474484469,1.2772513355792348,0.48394124534298427,3,False,5.965981474484468,6.993256129073089e-06,True,0
7,ElasticNet,1.0,0.7,5.966845453845362,1.2737470203286279,0.4838276335232558,3,False,5.966845453845362,3.957431192413985e-06,True,0
6,ElasticNet,1.0,0.7,6.029429158827206,1.3316794516310873,0.4788837489160453,3,False,6.029429158827206,1.812616085783425e-06,True,0
5,ElasticNet,1.0,0.7,6.064065747855051,1.322763359284841,0.4757300710069107,3,False,6.064065747855051,2.212185208794182e-06,True,0
9,ElasticNet,1.0,0.9,7.193098089015507,1.66111614797046,0.37903201283608573,3,False,7.193098089015507,2.741294282682105e-07,True,0
10,ElasticNet,1.0,0.9,7.193098159323587,1.6611160848276054,0.3790320060479433,3,False,7.193098159323587,2.85600504135175e-07,True,0
7,ElasticNet,1.0,0.9,7.198220579244519,1.6722063753116505,0.37867986024108785,3,False,7.198220579244519,3.678788420113932e-06,True,0
8,ElasticNet,1.0,0.9,7.198221231688396,1.6722061204269065,0.37867979966165083,3,False,7.198221231688396,1.7855889254958512e-06,True,0
6,ElasticNet,1.0,0.9,7.217597757159456,1.6937946083813271,0.37717028521740587,3,False,7.217597757159456,6.529761007123547e-06,True,0
5,ElasticNet,1.0,0.9,7.246306577881323,1.6735691622507096,0.37444006721555406,3,False,7.246306577881323,2.560001090334829e-06,True,0
10,ElasticNet,1.0,0.95,7.489567177817807,1.774385510858449,0.3538594962433102,3,False,7.489567177817805,1.8630143869824423e-06,True,0
9,ElasticNet,1.0,0.95,7.489567847500401,1.7743837682138235,0.3538594176578697,3,False,7.4895678475004,5.177897934749431e-06,True,0
7,ElasticNet,1.0,0.95,7.495306111878038,1.78475243982496,0.35344680960419117,3,False,7.495306111878038,2.0639533937494292e-07,True,0
8,ElasticNet,1.0,0.95,7.495310361425811,1.784748896030977,0.35344639967359853,3,False,7.495310361425811,4.213370571770625e-06,True,0
6,ElasticNet,1.0,0.95,7.517529217170736,1.8052195974666496,0.35167264047270597,3,False,7.517529217170737,2.499462790628293e-06,True,0
5,ElasticNet,1.0,0.95,7.538245488694106,1.7912035940475781,0.34971456817306157,3,False,7.5382454886941055,1.5098370331756428e-09,True,0
10,LASSO,1.0,1.0,7.810306330980372,1.9033202073272744,0.3266872999430684,3,False,7.810306330980372,6.658135154324896e-10,True,0
9,LASSO,1.0,1.0,7.810306332593726,1.903320206541942,0.3266872997943693,3,False,7.810306332593726,4.459791647093425e-09,True,0
8,LASSO,1.0,1.0,7.818635070493195,1.910686859841317,0.3260158954105398,3,False,7.818635070493195,1.0089261728296606e-06,True,0
7,LASSO,1.0,1.0,7.818636113779949,1.9106856125785698,0.32601579008601234,3,False,7.818636113779949,2.47779753603794e-06,True,0
6,LASSO,1.0,1.0,7.84315263754108,1.9326539536396683,0.32404615261610586,3,False,7.843152637541081,3.5098516131260027e-06,True,0
5,LASSO,1.0,1.0,7.855949652445229,1.926117460150454,0.32286429937906047,3,False,7.855949652445229,9.944986500975972e-09,True,0
6,ElasticNet,1e-05,0.9,7.99712257421572,1.3999623791624438,0.28787786590886827,3,False,7.99712257421572,2.4157481529137188e-05,True,0
6,LASSO,1e-05,1.0,8.028691726710049,1.3061995492710492,0.28464935502887295,3,False,8.028691726710049,2.414005461729482e-05,True,0
6,ElasticNet,1e-05,0.95,8.079201276334778,1.3892578815205088,0.27977735340644894,3,False,8.079201276334778,2.6359247885842837e-05,True,0
6,ElasticNet,1e-05,0.7,8.391510923044999,1.1503282346218848,0.2529083054629187,3,False,8.391510923044999,1.84693163065611e-05,True,0
6,ElasticNet,1e-05,0.5,8.451577359087636,1.4526865907678084,0.25032888280668425,3,False,8.451577359087636,1.4199150923091994e-05,True,0
6,ElasticNet,1e-05,0.3,8.707753650346188,0.9795822851864583,0.23080129558921178,3,False,8.707753650346188,9.990430611760092e-06,True,0
6,ElasticNet,1e-05,0.1,8.724925534145143,1.078338396595956,0.22759216382260103,3,False,8.724925534145145,9.98839760146393e-06,True,0
6,ElasticNet,1e-06,0.9,9.194365380521049,1.1441744448829807,0.1821787638784652,3,False,9.194365380521049,9.99285607555984e-06,True,0
6,ElasticNet,1e-06,0.5,9.201621429200282,1.3247649883288837,0.18260363153609668,3,False,9.201621429200282,9.851504972032882e-06,True,0
6,ElasticNet,1e-06,0.95,9.31414482181657,1.102548749452768,0.17014236044381562,3,False,9.314144821816571,9.994703845960813e-06,True,0
6,LASSO,1e-06,1.0,9.33284741477523,0.9879510310406288,0.1686640409888626,3,False,9.33284741477523,9.998439284954588e-06,True,0
6,ElasticNet,1e-06,0.1,9.363244588351739,1.0824930870775515,0.1692129486449526,3,False,9.363244588351739,9.931690694304373e-06,True,0
6,ElasticNet,1e-06,0.3,9.407466850485438,0.8160112068864459,0.16841017242758016,3,False,9.407466850485438,9.979901932303771e-06,True,0
6,ElasticNet,1e-06,0.7,9.43642927283969,0.8286096829869568,0.1600855012440703,3,False,9.43642927283969,9.992264015881179e-06,True,0
10,ElasticNet,10.0,0.1,9.697328830729065,2.198682735194052,0.16236144783274994,3,False,9.697328830729065,8.299553599933063e-09,True,0
9,ElasticNet,10.0,0.1,9.744212394276673,2.186673076074869,0.15808964422877927,3,False,9.744212394276673,7.514112404516382e-07,True,0
8,ElasticNet,10.0,0.1,9.77727389807837,2.19309283914737,0.15521335619500873,3,False,9.77727389807837,1.997496741346083e-07,True,0
7,ElasticNet,10.0,0.1,9.875537523420476,2.178223094284321,0.14636981200496646,3,False,9.875537523420476,3.796808578648836e-08,True,0
6,ElasticNet,10.0,0.1,9.98309914928163,2.175449935141555,0.1367869623527855,3,False,9.98309914928163,9.819796087384702e-10,True,0
5,ElasticNet,10.0,0.1,10.260836199791072,2.148344649716498,0.1119435261808946,3,False,10.260836199791072,7.408973655254059e-06,True,0
1,Ridge,100.0,0.0,10.556206962401284,1.5800240540660981,0.08040783450471756,3,False,10.556206962401284,0.0,True,0
1,ElasticNet,0.1,0.1,10.558994301540906,1.5620956345025363,0.07998298154549772,3,False,10.558994301540906,2.3771010966740225e-07,True,0
1,Ridge,10.0,0.0,10.5646145435713,1.5504316901157493,0.07935637092164834,3,False,10.564614543571299,0.0,True,0
1,ElasticNet,0.1,0.3,10.566498904404192,1.5633294426267756,0.07933405783597754,3,False,10.566498904404192,2.888203552986468e-07,True,0
1,ElasticNet,0.01,0.1,10.567636670626408,1.548764921528589,0.0790707356325527,3,False,10.567636670626408,2.268151334071291e-06,True,0
1,ElasticNet,0.01,0.3,10.5687826149806,1.547991940671902,0.07896249782385985,3,False,10.5687826149806,2.646808448979014e-06,True,0
1,Ridge,1.0,0.0,10.569640310249858,1.547981432057963,0.07888309310588411,3,False,10.569640310249858,0.0,True,0
1,ElasticNet,0.01,0.5,10.569783349986865,1.5473804092048211,0.07886872823434839,3,False,10.569783349986865,7.789199199309191e-07,True,0
1,ElasticNet,0.001,0.1,10.569986272770107,1.5478202053291013,0.07885067840286808,3,False,10.569986272770107,1.355787530901958e-08,True,0
1,ElasticNet,0.01,0.7,10.570066351211437,1.5473381585485928,0.07884371390649492,3,False,10.570066351211437,4.4085060853325114e-07,True,0
1,ElasticNet,0.001,0.3,10.570095525687558,1.5477411662927976,0.07884031254473678,3,False,10.570095525687558,1.4829348936426685e-08,True,0
1,ElasticNet,0.001,0.5,10.570205167406177,1.5476619482561056,0.07882991055323507,3,False,10.570205167406177,3.042256673630676e-08,True,0
1,Ridge,0.1,0.0,10.570205827653467,1.547746141285102,0.07883024298107888,3,False,10.570205827653467,0.0,True,0
1,ElasticNet,0.0001,0.1,10.57024088657107,1.5477300790957211,0.07882696080356418,3,False,10.57024088657107,1.3601553151039724e-09,True,0
1,ElasticNet,0.0001,0.3,10.570251759282954,1.5477221565387569,0.07882592870990668,3,False,10.570251759282952,1.500689393786641e-09,True,0
1,ElasticNet,0.0001,0.5,10.57026263580576,1.5477142324260813,0.07882489626394092,3,False,10.57026263580576,1.1483795964739607e-09,True,0
1,Ridge,0.01,0.0,10.570263038923608,1.5477227164221083,0.07882490011439174,3,False,10.57026303892361,0.0,True,0
1,ElasticNet,1e-06,0.1,10.570266549468723,1.5477211108138462,0.0788245714872338,3,False,10.570266549468725,7.793652613878362e-06,True,0
1,ElasticNet,1e-05,0.1,10.570266549468723,1.5477211108138462,0.0788245714872338,3,False,10.570266549468725,1.3605435309789262e-10,True,0
1,ElasticNet,1e-06,0.3,10.570267636213954,1.5477203183715549,0.07882446832280314,3,False,10.570267636213952,8.061732578643411e-06,True,0
1,ElasticNet,1e-05,0.3,10.570267636213954,1.5477203183715549,0.07882446832280314,3,False,10.570267636213952,1.502384284840318e-10,True,0
1,ElasticNet,1e-06,0.5,10.570268722999007,1.5477195259298377,0.07882436515484832,3,False,10.570268722999007,8.329810904294541e-06,True,0
1,ElasticNet,1e-05,0.5,10.570268722999007,1.5477195259298377,0.07882436515484832,3,False,10.570268722999007,1.1494341877298629e-10,True,0
1,Ridge,0.001,0.0,10.570268766677314,1.54772037498513,0.0788243652464391,3,False,10.570268766677314,0.0,True,0
1,Ridge,0.0001,0.0,10.570269339518985,1.5477201408519323,0.07882431175382816,3,False,10.570269339518985,0.0,True,0
1,Ridge,1e-05,0.0,10.570269396803814,1.547720117438717,0.07882430640450895,3,False,10.570269396803814,0.0,True,0
1,Ridge,1e-06,0.0,10.570269402532304,1.5477201150973985,0.07882430586957645,3,False,10.570269402532302,0.0,True,0
1,ElasticNet,1e-06,0.7,10.570269809824959,1.5477187334810125,0.07882426198320329,3,False,10.570269809824959,8.597889646023261e-06,True,0
1,ElasticNet,1e-05,0.7,10.570269809824959,1.5477187334810125,0.07882426198320329,3,False,10.570269809824959,1.1626844955547601e-10,True,0
1,ElasticNet,1e-06,0.9,10.570270896690866,1.5477179410199833,0.07882415880790354,3,False,10.570270896690866,8.865969368142369e-06,True,0
1,ElasticNet,1e-05,0.9,10.570270896690866,1.5477179410199833,0.07882415880790354,3,False,10.570270896690866,1.638480323419995e-10,True,0
1,ElasticNet,1e-06,0.95,10.57027116841349,1.5477177429024824,0.07882413301351292,3,False,10.57027116841349,8.93298948077495e-06,True,0
1,ElasticNet,1e-05,0.95,10.57027116841349,1.5477177429024824,0.07882413301351292,3,False,10.57027116841349,1.772793881349232e-10,True,0
1,LASSO,1e-06,1.0,10.570271440138553,1.5477175447840348,0.07882410721889721,3,False,10.570271440138553,9.00010297575733e-06,True,0
1,LASSO,1e-05,1.0,10.570271440138553,1.5477175447840348,0.07882410721889721,3,False,10.570271440138553,1.9071759923315146e-10,True,0
1,ElasticNet,0.0001,0.7,10.570273516150742,1.5477063066809842,0.07882386346395738,3,False,10.570273516150742,1.1620896642704475e-09,True,0
1,ElasticNet,0.0001,0.9,10.570284400309271,1.5476983792525025,0.07882283031024206,3,False,10.570284400309271,1.6383183293886602e-09,True,0
1,ElasticNet,0.0001,0.95,10.570287121943894,1.5476963971289937,0.07882257196658866,3,False,10.570287121943894,1.7726665823972806e-09,True,0
1,LASSO,0.0001,1.0,10.570289843816928,1.5476944148988903,0.0788223136008122,3,False,10.570289843816928,1.9022277397321525e-09,True,0
1,ElasticNet,0.001,0.7,10.570315183905821,1.5475825624983108,0.07881947377559924,3,False,10.570315183905821,4.0568726805646424e-08,True,0
1,ElasticNet,0.01,0.9,10.57036833332217,1.5472960016766804,0.07881702215865734,3,False,10.57036833332217,5.495780346399803e-07,True,0
1,ElasticNet,0.001,0.9,10.57042558143147,1.5475030035938178,0.07880900160783873,3,False,10.57042558143147,5.0880383779252844e-08,True,0
1,ElasticNet,0.01,0.95,10.570446833078142,1.5472854406345007,0.07881008339024309,3,False,10.570446833078142,5.789495210323237e-07,True,0
1,ElasticNet,0.001,0.95,10.570453240419061,1.5474830867509668,0.07880637802931578,3,False,10.570453240419063,5.3482223754276054e-08,True,0
1,LASSO,0.001,1.0,10.570481178150027,1.5474629332990586,0.07880372749121685,3,False,10.570481178150025,2.1531117318555025e-06,True,0
1,LASSO,0.01,1.0,10.570526507157107,1.5472749172727172,0.07880304115913057,3,False,10.570526507157107,9.751132634648607e-07,True,0
1,ElasticNet,0.1,0.5,10.574129004267435,1.5671769434199836,0.07870068964491428,3,False,10.574129004267435,2.821830484556198e-08,True,0
1,ElasticNet,0.1,0.7,10.583253518639872,1.5724794625898824,0.07794936369286898,3,False,10.583253518639872,4.653870226689616e-08,True,0
1,ElasticNet,0.1,0.9,10.594614260458764,1.578887354867985,0.07701036264795862,3,False,10.594614260458764,1.5668863900114571e-06,True,0
1,ElasticNet,0.1,0.95,10.59798528829346,1.5809162976738382,0.07673263247577895,3,False,10.59798528829346,9.445734289875718e-07,True,0
1,LASSO,0.1,1.0,10.601485253267318,1.582962884157025,0.07644362960833069,3,False,10.601485253267318,8.140903874492844e-07,True,0
1,ElasticNet,1.0,0.1,10.840823068986495,1.7310107517589972,0.056663803962584414,3,False,10.840823068986495,2.114697306154767e-11,True,0
1,Ridge,1000.0,0.0,10.92587025451374,1.7658488471771507,0.04944287348535888,3,False,10.92587025451374,0.0,True,0
1,ElasticNet,1.0,0.3,11.100301006615732,1.833527971145199,0.03468933094374523,3,False,11.100301006615735,1.4288015215413452e-12,True,0
5,ElasticNet,1e-05,0.95,11.212347816532313,4.283562128645345,-0.03426262826144296,3,False,11.212347816532313,4.0389976072619433e-05,True,0
1,ElasticNet,1.0,0.5,11.275149007019444,1.9517342873478793,0.020294118710437403,3,False,11.275149007019445,6.421529974431905e-13,True,0
5,LASSO,1e-05,1.0,11.290217840941773,4.306845270747181,-0.04122744839191217,3,False,11.290217840941773,2.5064518797398368e-05,True,0
5,ElasticNet,1e-05,0.7,11.300550256300065,4.2550686401973845,-0.04173005687829445,3,False,11.300550256300069,2.261362451751542e-05,True,0
5,ElasticNet,1e-05,0.5,11.30626492988307,4.250006557550785,-0.042244753777207635,3,False,11.30626492988307,2.501007564570859e-05,True,0
5,ElasticNet,1e-05,0.9,11.342130552990698,4.328027173178498,-0.0459751279291584,3,False,11.342130552990698,9.97179629183522e-06,True,0
5,ElasticNet,1e-05,0.3,11.359913049827837,4.280242889096628,-0.04728885770696711,3,False,11.359913049827837,9.515908838385435e-06,True,0
5,ElasticNet,1e-05,0.1,11.37070275450435,4.27955293938508,-0.048280374356467405,3,False,11.37070275450435,1.9546290726502438e-05,True,0
1,ElasticNet,1.0,0.7,11.491519831400174,2.0528284710904106,0.002022319148216045,3,False,11.491519831400174,2.5817015192330928e-11,True,0
1,Ridge,10000.0,0.0,11.515339146580347,1.8924085985453292,-0.0015865416664928207,3,False,11.515339146580345,0.0,True,0
1,ElasticNet,1.0,0.9,11.599319365287291,1.9547061516095159,-0.008486680387357374,3,False,11.599319365287291,4.440892098500626e-16,True,0
1,ElasticNet,1.0,0.95,11.631386223586672,1.9264573351730325,-0.011597349943768709,3,False,11.631386223586672,2.220446049250313e-16,True,0
1,Ridge,100000.0,0.0,11.643416384713177,1.9086729265327445,-0.012779260788873925,3,False,11.643416384713177,0.0,True,0
1,LASSO,1.0,1.0,11.648483071430528,1.9165247129697252,-0.013172750951645421,3,False,11.648483071430528,8.881784197001252e-16,True,0
1,Ridge,1000000.0,0.0,11.657656591004761,1.9102949161897493,-0.014025445194480199,3,False,11.657656591004761,0.0,True,0
1,ElasticNet,10.0,0.1,11.658156859005238,1.911085014788592,-0.014064148876828497,3,False,11.658156859005238,2.220446049250313e-16,True,0
1,LASSO,10.0,1.0,11.659256613159087,1.9104749306713742,-0.014165486492873894,3,False,11.659256613159087,0.0,True,0
1,LASSO,100.0,1.0,11.659256613159087,1.9104749306713742,-0.014165486492873894,3,False,11.659256613159087,0.0,True,0
1,LASSO,1000.0,1.0,11.659256613159087,1.9104749306713742,-0.014165486492873894,3,False,11.659256613159087,0.0,True,0
1,LASSO,10000.0,1.0,11.659256613159087,1.9104749306713742,-0.014165486492873894,3,False,11.659256613159087,0.0,True,0
1,LASSO,100000.0,1.0,11.659256613159087,1.9104749306713742,-0.014165486492873894,3,False,11.659256613159087,0.0,True,0
1,LASSO,1000000.0,1.0,11.659256613159087,1.9104749306713742,-0.014165486492873894,3,False,11.659256613159087,0.0,True,0
1,ElasticNet,100.0,0.1,11.659256613159087,1.9104749306713742,-0.014165486492873894,3,False,11.659256613159087,0.0,True,0
1,ElasticNet,1000.0,0.1,11.659256613159087,1.9104749306713742,-0.014165486492873894,3,False,11.659256613159087,0.0,True,0
1,ElasticNet,10000.0,0.1,11.659256613159087,1.9104749306713742,-0.014165486492873894,3,False,11.659256613159087,0.0,True,0
1,ElasticNet,100000.0,0.1,11.659256613159087,1.9104749306713742,-0.014165486492873894,3,False,11.659256613159087,0.0,True,0
1,ElasticNet,1000000.0,0.1,11.659256613159087,1.9104749306713742,-0.014165486492873894,3,False,11.659256613159087,0.0,True,0
1,ElasticNet,10.0,0.3,11.659256613159087,1.9104749306713742,-0.014165486492873894,3,False,11.659256613159087,0.0,True,0
1,ElasticNet,100.0,0.3,11.659256613159087,1.9104749306713742,-0.014165486492873894,3,False,11.659256613159087,0.0,True,0
1,ElasticNet,1000.0,0.3,11.659256613159087,1.9104749306713742,-0.014165486492873894,3,False,11.659256613159087,0.0,True,0
1,ElasticNet,10000.0,0.3,11.659256613159087,1.9104749306713742,-0.014165486492873894,3,False,11.659256613159087,0.0,True,0
1,ElasticNet,100000.0,0.3,11.659256613159087,1.9104749306713742,-0.014165486492873894,3,False,11.659256613159087,0.0,True,0
1,ElasticNet,1000000.0,0.3,11.659256613159087,1.9104749306713742,-0.014165486492873894,3,False,11.659256613159087,0.0,True,0
1,ElasticNet,10.0,0.5,11.659256613159087,1.9104749306713742,-0.014165486492873894,3,False,11.659256613159087,0.0,True,0
1,ElasticNet,100.0,0.5,11.659256613159087,1.9104749306713742,-0.014165486492873894,3,False,11.659256613159087,0.0,True,0
1,ElasticNet,1000.0,0.5,11.659256613159087,1.9104749306713742,-0.014165486492873894,3,False,11.659256613159087,0.0,True,0
1,ElasticNet,10000.0,0.5,11.659256613159087,1.9104749306713742,-0.014165486492873894,3,False,11.659256613159087,0.0,True,0
1,ElasticNet,100000.0,0.5,11.659256613159087,1.9104749306713742,-0.014165486492873894,3,False,11.659256613159087,0.0,True,0
1,ElasticNet,1000000.0,0.5,11.659256613159087,1.9104749306713742,-0.014165486492873894,3,False,11.659256613159087,0.0,True,0
1,ElasticNet,10.0,0.7,11.659256613159087,1.9104749306713742,-0.014165486492873894,3,False,11.659256613159087,0.0,True,0
1,ElasticNet,100.0,0.7,11.659256613159087,1.9104749306713742,-0.014165486492873894,3,False,11.659256613159087,0.0,True,0
1,ElasticNet,1000.0,0.7,11.659256613159087,1.9104749306713742,-0.014165486492873894,3,False,11.659256613159087,0.0,True,0
1,ElasticNet,10000.0,0.7,11.659256613159087,1.9104749306713742,-0.014165486492873894,3,False,11.659256613159087,0.0,True,0
1,ElasticNet,100000.0,0.7,11.659256613159087,1.9104749306713742,-0.014165486492873894,3,False,11.659256613159087,0.0,True,0
1,ElasticNet,1000000.0,0.7,11.659256613159087,1.9104749306713742,-0.014165486492873894,3,False,11.659256613159087,0.0,True,0
1,ElasticNet,10.0,0.9,11.659256613159087,1.9104749306713742,-0.014165486492873894,3,False,11.659256613159087,0.0,True,0
1,ElasticNet,100.0,0.9,11.659256613159087,1.9104749306713742,-0.014165486492873894,3,False,11.659256613159087,0.0,True,0
1,ElasticNet,1000.0,0.9,11.659256613159087,1.9104749306713742,-0.014165486492873894,3,False,11.659256613159087,0.0,True,0
1,ElasticNet,10000.0,0.9,11.659256613159087,1.9104749306713742,-0.014165486492873894,3,False,11.659256613159087,0.0,True,0
1,ElasticNet,100000.0,0.9,11.659256613159087,1.9104749306713742,-0.014165486492873894,3,False,11.659256613159087,0.0,True,0
1,ElasticNet,1000000.0,0.9,11.659256613159087,1.9104749306713742,-0.014165486492873894,3,False,11.659256613159087,0.0,True,0
1,ElasticNet,10.0,0.95,11.659256613159087,1.9104749306713742,-0.014165486492873894,3,False,11.659256613159087,0.0,True,0
1,ElasticNet,100.0,0.95,11.659256613159087,1.9104749306713742,-0.014165486492873894,3,False,11.659256613159087,0.0,True,0
1,ElasticNet,1000.0,0.95,11.659256613159087,1.9104749306713742,-0.014165486492873894,3,False,11.659256613159087,0.0,True,0
1,ElasticNet,10000.0,0.95,11.659256613159087,1.9104749306713742,-0.014165486492873894,3,False,11.659256613159087,0.0,True,0
1,ElasticNet,100000.0,0.95,11.659256613159087,1.9104749306713742,-0.014165486492873894,3,False,11.659256613159087,0.0,True,0
1,ElasticNet,1000000.0,0.95,11.659256613159087,1.9104749306713742,-0.014165486492873894,3,False,11.659256613159087,0.0,True,0
5,LASSO,10.0,1.0,11.659256613159087,1.9104749306713742,-0.014165486492873894,3,False,11.659256613159087,0.0,True,0
5,LASSO,100.0,1.0,11.659256613159087,1.9104749306713742,-0.014165486492873894,3,False,11.659256613159087,0.0,True,0
5,LASSO,1000.0,1.0,11.659256613159087,1.9104749306713742,-0.014165486492873894,3,False,11.659256613159087,0.0,True,0
5,LASSO,10000.0,1.0,11.659256613159087,1.9104749306713742,-0.014165486492873894,3,False,11.659256613159087,0.0,True,0
5,LASSO,100000.0,1.0,11.659256613159087,1.9104749306713742,-0.014165486492873894,3,False,11.659256613159087,0.0,True,0
5,LASSO,1000000.0,1.0,11.659256613159087,1.9104749306713742,-0.014165486492873894,3,False,11.659256613159087,0.0,True,0
5,ElasticNet,100.0,0.1,11.659256613159087,1.9104749306713742,-0.014165486492873894,3,False,11.659256613159087,0.0,True,0
5,ElasticNet,1000.0,0.1,11.659256613159087,1.9104749306713742,-0.014165486492873894,3,False,11.659256613159087,0.0,True,0
5,ElasticNet,10000.0,0.1,11.659256613159087,1.9104749306713742,-0.014165486492873894,3,False,11.659256613159087,0.0,True,0
5,ElasticNet,100000.0,0.1,11.659256613159087,1.9104749306713742,-0.014165486492873894,3,False,11.659256613159087,0.0,True,0
5,ElasticNet,1000000.0,0.1,11.659256613159087,1.9104749306713742,-0.014165486492873894,3,False,11.659256613159087,0.0,True,0
5,ElasticNet,10.0,0.3,11.659256613159087,1.9104749306713742,-0.014165486492873894,3,False,11.659256613159087,0.0,True,0
5,ElasticNet,100.0,0.3,11.659256613159087,1.9104749306713742,-0.014165486492873894,3,False,11.659256613159087,0.0,True,0
5,ElasticNet,1000.0,0.3,11.659256613159087,1.9104749306713742,-0.014165486492873894,3,False,11.659256613159087,0.0,True,0
5,ElasticNet,10000.0,0.3,11.659256613159087,1.9104749306713742,-0.014165486492873894,3,False,11.659256613159087,0.0,True,0
5,ElasticNet,100000.0,0.3,11.659256613159087,1.9104749306713742,-0.014165486492873894,3,False,11.659256613159087,0.0,True,0
5,ElasticNet,1000000.0,0.3,11.659256613159087,1.9104749306713742,-0.014165486492873894,3,False,11.659256613159087,0.0,True,0
5,ElasticNet,10.0,0.5,11.659256613159087,1.9104749306713742,-0.014165486492873894,3,False,11.659256613159087,0.0,True,0
5,ElasticNet,100.0,0.5,11.659256613159087,1.9104749306713742,-0.014165486492873894,3,False,11.659256613159087,0.0,True,0
5,ElasticNet,1000.0,0.5,11.659256613159087,1.9104749306713742,-0.014165486492873894,3,False,11.659256613159087,0.0,True,0
5,ElasticNet,10000.0,0.5,11.659256613159087,1.9104749306713742,-0.014165486492873894,3,False,11.659256613159087,0.0,True,0
5,ElasticNet,100000.0,0.5,11.659256613159087,1.9104749306713742,-0.014165486492873894,3,False,11.659256613159087,0.0,True,0
5,ElasticNet,1000000.0,0.5,11.659256613159087,1.9104749306713742,-0.014165486492873894,3,False,11.659256613159087,0.0,True,0
5,ElasticNet,10.0,0.7,11.659256613159087,1.9104749306713742,-0.014165486492873894,3,False,11.659256613159087,0.0,True,0
5,ElasticNet,100.0,0.7,11.659256613159087,1.9104749306713742,-0.014165486492873894,3,False,11.659256613159087,0.0,True,0
5,ElasticNet,1000.0,0.7,11.659256613159087,1.9104749306713742,-0.014165486492873894,3,False,11.659256613159087,0.0,True,0
5,ElasticNet,10000.0,0.7,11.659256613159087,1.9104749306713742,-0.014165486492873894,3,False,11.659256613159087,0.0,True,0
5,ElasticNet,100000.0,0.7,11.659256613159087,1.9104749306713742,-0.014165486492873894,3,False,11.659256613159087,0.0,True,0
5,ElasticNet,1000000.0,0.7,11.659256613159087,1.9104749306713742,-0.014165486492873894,3,False,11.659256613159087,0.0,True,0
5,ElasticNet,10.0,0.9,11.659256613159087,1.9104749306713742,-0.014165486492873894,3,False,11.659256613159087,0.0,True,0
5,ElasticNet,100.0,0.9,11.659256613159087,1.9104749306713742,-0.014165486492873894,3,False,11.659256613159087,0.0,True,0
5,ElasticNet,1000.0,0.9,11.659256613159087,1.9104749306713742,-0.014165486492873894,3,False,11.659256613159087,0.0,True,0
5,ElasticNet,10000.0,0.9,11.659256613159087,1.9104749306713742,-0.014165486492873894,3,False,11.659256613159087,0.0,True,0
5,ElasticNet,100000.0,0.9,11.659256613159087,1.9104749306713742,-0.014165486492873894,3,False,11.659256613159087,0.0,True,0
5,ElasticNet,1000000.0,0.9,11.659256613159087,1.9104749306713742,-0.014165486492873894,3,False,11.659256613159087,0.0,True,0
5,ElasticNet,10.0,0.95,11.659256613159087,1.9104749306713742,-0.014165486492873894,3,False,11.659256613159087,0.0,True,0
5,ElasticNet,100.0,0.95,11.659256613159087,1.9104749306713742,-0.014165486492873894,3,False,11.659256613159087,0.0,True,0
5,ElasticNet,1000.0,0.95,11.659256613159087,1.9104749306713742,-0.014165486492873894,3,False,11.659256613159087,0.0,True,0
5,ElasticNet,10000.0,0.95,11.659256613159087,1.9104749306713742,-0.014165486492873894,3,False,11.659256613159087,0.0,True,0
5,ElasticNet,100000.0,0.95,11.659256613159087,1.9104749306713742,-0.014165486492873894,3,False,11.659256613159087,0.0,True,0
5,ElasticNet,1000000.0,0.95,11.659256613159087,1.9104749306713742,-0.014165486492873894,3,False,11.659256613159087,0.0,True,0
6,LASSO,10.0,1.0,11.659256613159087,1.9104749306713742,-0.014165486492873894,3,False,11.659256613159087,0.0,True,0
6,LASSO,100.0,1.0,11.659256613159087,1.9104749306713742,-0.014165486492873894,3,False,11.659256613159087,0.0,True,0
6,LASSO,1000.0,1.0,11.659256613159087,1.9104749306713742,-0.014165486492873894,3,False,11.659256613159087,0.0,True,0
6,LASSO,10000.0,1.0,11.659256613159087,1.9104749306713742,-0.014165486492873894,3,False,11.659256613159087,0.0,True,0
6,LASSO,100000.0,1.0,11.659256613159087,1.9104749306713742,-0.014165486492873894,3,False,11.659256613159087,0.0,True,0
6,LASSO,1000000.0,1.0,11.659256613159087,1.9104749306713742,-0.014165486492873894,3,False,11.659256613159087,0.0,True,0
6,ElasticNet,100.0,0.1,11.659256613159087,1.9104749306713742,-0.014165486492873894,3,False,11.659256613159087,0.0,True,0
6,ElasticNet,1000.0,0.1,11.659256613159087,1.9104749306713742,-0.014165486492873894,3,False,11.659256613159087,0.0,True,0
6,ElasticNet,10000.0,0.1,11.659256613159087,1.9104749306713742,-0.014165486492873894,3,False,11.659256613159087,0.0,True,0
6,ElasticNet,100000.0,0.1,11.659256613159087,1.9104749306713742,-0.014165486492873894,3,False,11.659256613159087,0.0,True,0
6,ElasticNet,1000000.0,0.1,11.659256613159087,1.9104749306713742,-0.014165486492873894,3,False,11.659256613159087,0.0,True,0
6,ElasticNet,10.0,0.3,11.659256613159087,1.9104749306713742,-0.014165486492873894,3,False,11.659256613159087,0.0,True,0
6,ElasticNet,100.0,0.3,11.659256613159087,1.9104749306713742,-0.014165486492873894,3,False,11.659256613159087,0.0,True,0
6,ElasticNet,1000.0,0.3,11.659256613159087,1.9104749306713742,-0.014165486492873894,3,False,11.659256613159087,0.0,True,0
6,ElasticNet,10000.0,0.3,11.659256613159087,1.9104749306713742,-0.014165486492873894,3,False,11.659256613159087,0.0,True,0
6,ElasticNet,100000.0,0.3,11.659256613159087,1.9104749306713742,-0.014165486492873894,3,False,11.659256613159087,0.0,True,0
6,ElasticNet,1000000.0,0.3,11.659256613159087,1.9104749306713742,-0.014165486492873894,3,False,11.659256613159087,0.0,True,0
6,ElasticNet,10.0,0.5,11.659256613159087,1.9104749306713742,-0.014165486492873894,3,False,11.659256613159087,0.0,True,0
6,ElasticNet,100.0,0.5,11.659256613159087,1.9104749306713742,-0.014165486492873894,3,False,11.659256613159087,0.0,True,0
6,ElasticNet,1000.0,0.5,11.659256613159087,1.9104749306713742,-0.014165486492873894,3,False,11.659256613159087,0.0,True,0
6,ElasticNet,10000.0,0.5,11.659256613159087,1.9104749306713742,-0.014165486492873894,3,False,11.659256613159087,0.0,True,0
6,ElasticNet,100000.0,0.5,11.659256613159087,1.9104749306713742,-0.014165486492873894,3,False,11.659256613159087,0.0,True,0
6,ElasticNet,1000000.0,0.5,11.659256613159087,1.9104749306713742,-0.014165486492873894,3,False,11.659256613159087,0.0,True,0
6,ElasticNet,10.0,0.7,11.659256613159087,1.9104749306713742,-0.014165486492873894,3,False,11.659256613159087,0.0,True,0
6,ElasticNet,100.0,0.7,11.659256613159087,1.9104749306713742,-0.014165486492873894,3,False,11.659256613159087,0.0,True,0
6,ElasticNet,1000.0,0.7,11.659256613159087,1.9104749306713742,-0.014165486492873894,3,False,11.659256613159087,0.0,True,0
6,ElasticNet,10000.0,0.7,11.659256613159087,1.9104749306713742,-0.014165486492873894,3,False,11.659256613159087,0.0,True,0
6,ElasticNet,100000.0,0.7,11.659256613159087,1.9104749306713742,-0.014165486492873894,3,False,11.659256613159087,0.0,True,0
6,ElasticNet,1000000.0,0.7,11.659256613159087,1.9104749306713742,-0.014165486492873894,3,False,11.659256613159087,0.0,True,0
6,ElasticNet,10.0,0.9,11.659256613159087,1.9104749306713742,-0.014165486492873894,3,False,11.659256613159087,0.0,True,0
6,ElasticNet,100.0,0.9,11.659256613159087,1.9104749306713742,-0.014165486492873894,3,False,11.659256613159087,0.0,True,0
6,ElasticNet,1000.0,0.9,11.659256613159087,1.9104749306713742,-0.014165486492873894,3,False,11.659256613159087,0.0,True,0
6,ElasticNet,10000.0,0.9,11.659256613159087,1.9104749306713742,-0.014165486492873894,3,False,11.659256613159087,0.0,True,0
6,ElasticNet,100000.0,0.9,11.659256613159087,1.9104749306713742,-0.014165486492873894,3,False,11.659256613159087,0.0,True,0
6,ElasticNet,1000000.0,0.9,11.659256613159087,1.9104749306713742,-0.014165486492873894,3,False,11.659256613159087,0.0,True,0
6,ElasticNet,10.0,0.95,11.659256613159087,1.9104749306713742,-0.014165486492873894,3,False,11.659256613159087,0.0,True,0
6,ElasticNet,100.0,0.95,11.659256613159087,1.9104749306713742,-0.014165486492873894,3,False,11.659256613159087,0.0,True,0
6,ElasticNet,1000.0,0.95,11.659256613159087,1.9104749306713742,-0.014165486492873894,3,False,11.659256613159087,0.0,True,0
6,ElasticNet,10000.0,0.95,11.659256613159087,1.9104749306713742,-0.014165486492873894,3,False,11.659256613159087,0.0,True,0
6,ElasticNet,100000.0,0.95,11.659256613159087,1.9104749306713742,-0.014165486492873894,3,False,11.659256613159087,0.0,True,0
6,ElasticNet,1000000.0,0.95,11.659256613159087,1.9104749306713742,-0.014165486492873894,3,False,11.659256613159087,0.0,True,0
7,LASSO,10.0,1.0,11.659256613159087,1.9104749306713742,-0.014165486492873894,3,False,11.659256613159087,0.0,True,0
7,LASSO,100.0,1.0,11.659256613159087,1.9104749306713742,-0.014165486492873894,3,False,11.659256613159087,0.0,True,0
7,LASSO,1000.0,1.0,11.659256613159087,1.9104749306713742,-0.014165486492873894,3,False,11.659256613159087,0.0,True,0
7,LASSO,10000.0,1.0,11.659256613159087,1.9104749306713742,-0.014165486492873894,3,False,11.659256613159087,0.0,True,0
7,LASSO,100000.0,1.0,11.659256613159087,1.9104749306713742,-0.014165486492873894,3,False,11.659256613159087,0.0,True,0
7,LASSO,1000000.0,1.0,11.659256613159087,1.9104749306713742,-0.014165486492873894,3,False,11.659256613159087,0.0,True,0
7,ElasticNet,100.0,0.1,11.659256613159087,1.9104749306713742,-0.014165486492873894,3,False,11.659256613159087,0.0,True,0
7,ElasticNet,1000.0,0.1,11.659256613159087,1.9104749306713742,-0.014165486492873894,3,False,11.659256613159087,0.0,True,0
7,ElasticNet,10000.0,0.1,11.659256613159087,1.9104749306713742,-0.014165486492873894,3,False,11.659256613159087,0.0,True,0
7,ElasticNet,100000.0,0.1,11.659256613159087,1.9104749306713742,-0.014165486492873894,3,False,11.659256613159087,0.0,True,0
7,ElasticNet,1000000.0,0.1,11.659256613159087,1.9104749306713742,-0.014165486492873894,3,False,11.659256613159087,0.0,True,0
7,ElasticNet,10.0,0.3,11.659256613159087,1.9104749306713742,-0.014165486492873894,3,False,11.659256613159087,0.0,True,0
7,ElasticNet,100.0,0.3,11.659256613159087,1.9104749306713742,-0.014165486492873894,3,False,11.659256613159087,0.0,True,0
7,ElasticNet,1000.0,0.3,11.659256613159087,1.9104749306713742,-0.014165486492873894,3,False,11.659256613159087,0.0,True,0
7,ElasticNet,10000.0,0.3,11.659256613159087,1.9104749306713742,-0.014165486492873894,3,False,11.659256613159087,0.0,True,0
7,ElasticNet,100000.0,0.3,11.659256613159087,1.9104749306713742,-0.014165486492873894,3,False,11.659256613159087,0.0,True,0
7,ElasticNet,1000000.0,0.3,11.659256613159087,1.9104749306713742,-0.014165486492873894,3,False,11.659256613159087,0.0,True,0
7,ElasticNet,10.0,0.5,11.659256613159087,1.9104749306713742,-0.014165486492873894,3,False,11.659256613159087,0.0,True,0
7,ElasticNet,100.0,0.5,11.659256613159087,1.9104749306713742,-0.014165486492873894,3,False,11.659256613159087,0.0,True,0
7,ElasticNet,1000.0,0.5,11.659256613159087,1.9104749306713742,-0.014165486492873894,3,False,11.659256613159087,0.0,True,0
7,ElasticNet,10000.0,0.5,11.659256613159087,1.9104749306713742,-0.014165486492873894,3,False,11.659256613159087,0.0,True,0
7,ElasticNet,100000.0,0.5,11.659256613159087,1.9104749306713742,-0.014165486492873894,3,False,11.659256613159087,0.0,True,0
7,ElasticNet,1000000.0,0.5,11.659256613159087,1.9104749306713742,-0.014165486492873894,3,False,11.659256613159087,0.0,True,0
7,ElasticNet,10.0,0.7,11.659256613159087,1.9104749306713742,-0.014165486492873894,3,False,11.659256613159087,0.0,True,0
7,ElasticNet,100.0,0.7,11.659256613159087,1.9104749306713742,-0.014165486492873894,3,False,11.659256613159087,0.0,True,0
7,ElasticNet,1000.0,0.7,11.659256613159087,1.9104749306713742,-0.014165486492873894,3,False,11.659256613159087,0.0,True,0
7,ElasticNet,10000.0,0.7,11.659256613159087,1.9104749306713742,-0.014165486492873894,3,False,11.659256613159087,0.0,True,0
7,ElasticNet,100000.0,0.7,11.659256613159087,1.9104749306713742,-0.014165486492873894,3,False,11.659256613159087,0.0,True,0
7,ElasticNet,1000000.0,0.7,11.659256613159087,1.9104749306713742,-0.014165486492873894,3,False,11.659256613159087,0.0,True,0
7,ElasticNet,10.0,0.9,11.659256613159087,1.9104749306713742,-0.014165486492873894,3,False,11.659256613159087,0.0,True,0
7,ElasticNet,100.0,0.9,11.659256613159087,1.9104749306713742,-0.014165486492873894,3,False,11.659256613159087,0.0,True,0
7,ElasticNet,1000.0,0.9,11.659256613159087,1.9104749306713742,-0.014165486492873894,3,False,11.659256613159087,0.0,True,0
7,ElasticNet,10000.0,0.9,11.659256613159087,1.9104749306713742,-0.014165486492873894,3,False,11.659256613159087,0.0,True,0
7,ElasticNet,100000.0,0.9,11.659256613159087,1.9104749306713742,-0.014165486492873894,3,False,11.659256613159087,0.0,True,0
7,ElasticNet,1000000.0,0.9,11.659256613159087,1.9104749306713742,-0.014165486492873894,3,False,11.659256613159087,0.0,True,0
7,ElasticNet,10.0,0.95,11.659256613159087,1.9104749306713742,-0.014165486492873894,3,False,11.659256613159087,0.0,True,0
7,ElasticNet,100.0,0.95,11.659256613159087,1.9104749306713742,-0.014165486492873894,3,False,11.659256613159087,0.0,True,0
7,ElasticNet,1000.0,0.95,11.659256613159087,1.9104749306713742,-0.014165486492873894,3,False,11.659256613159087,0.0,True,0
7,ElasticNet,10000.0,0.95,11.659256613159087,1.9104749306713742,-0.014165486492873894,3,False,11.659256613159087,0.0,True,0
7,ElasticNet,100000.0,0.95,11.659256613159087,1.9104749306713742,-0.014165486492873894,3,False,11.659256613159087,0.0,True,0
7,ElasticNet,1000000.0,0.95,11.659256613159087,1.9104749306713742,-0.014165486492873894,3,False,11.659256613159087,0.0,True,0
8,LASSO,10.0,1.0,11.659256613159087,1.9104749306713742,-0.014165486492873894,3,False,11.659256613159087,0.0,True,0
8,LASSO,100.0,1.0,11.659256613159087,1.9104749306713742,-0.014165486492873894,3,False,11.659256613159087,0.0,True,0
8,LASSO,1000.0,1.0,11.659256613159087,1.9104749306713742,-0.014165486492873894,3,False,11.659256613159087,0.0,True,0
8,LASSO,10000.0,1.0,11.659256613159087,1.9104749306713742,-0.014165486492873894,3,False,11.659256613159087,0.0,True,0
8,LASSO,100000.0,1.0,11.659256613159087,1.9104749306713742,-0.014165486492873894,3,False,11.659256613159087,0.0,True,0
8,LASSO,1000000.0,1.0,11.659256613159087,1.9104749306713742,-0.014165486492873894,3,False,11.659256613159087,0.0,True,0
8,ElasticNet,100.0,0.1,11.659256613159087,1.9104749306713742,-0.014165486492873894,3,False,11.659256613159087,0.0,True,0
8,ElasticNet,1000.0,0.1,11.659256613159087,1.9104749306713742,-0.014165486492873894,3,False,11.659256613159087,0.0,True,0
8,ElasticNet,10000.0,0.1,11.659256613159087,1.9104749306713742,-0.014165486492873894,3,False,11.659256613159087,0.0,True,0
8,ElasticNet,100000.0,0.1,11.659256613159087,1.9104749306713742,-0.014165486492873894,3,False,11.659256613159087,0.0,True,0
8,ElasticNet,1000000.0,0.1,11.659256613159087,1.9104749306713742,-0.014165486492873894,3,False,11.659256613159087,0.0,True,0
8,ElasticNet,10.0,0.3,11.659256613159087,1.9104749306713742,-0.014165486492873894,3,False,11.659256613159087,0.0,True,0
8,ElasticNet,100.0,0.3,11.659256613159087,1.9104749306713742,-0.014165486492873894,3,False,11.659256613159087,0.0,True,0
8,ElasticNet,1000.0,0.3,11.659256613159087,1.9104749306713742,-0.014165486492873894,3,False,11.659256613159087,0.0,True,0
8,ElasticNet,10000.0,0.3,11.659256613159087,1.9104749306713742,-0.014165486492873894,3,False,11.659256613159087,0.0,True,0
8,ElasticNet,100000.0,0.3,11.659256613159087,1.9104749306713742,-0.014165486492873894,3,False,11.659256613159087,0.0,True,0
8,ElasticNet,1000000.0,0.3,11.659256613159087,1.9104749306713742,-0.014165486492873894,3,False,11.659256613159087,0.0,True,0
8,ElasticNet,10.0,0.5,11.659256613159087,1.9104749306713742,-0.014165486492873894,3,False,11.659256613159087,0.0,True,0
8,ElasticNet,100.0,0.5,11.659256613159087,1.9104749306713742,-0.014165486492873894,3,False,11.659256613159087,0.0,True,0
8,ElasticNet,1000.0,0.5,11.659256613159087,1.9104749306713742,-0.014165486492873894,3,False,11.659256613159087,0.0,True,0
8,ElasticNet,10000.0,0.5,11.659256613159087,1.9104749306713742,-0.014165486492873894,3,False,11.659256613159087,0.0,True,0
8,ElasticNet,100000.0,0.5,11.659256613159087,1.9104749306713742,-0.014165486492873894,3,False,11.659256613159087,0.0,True,0
8,ElasticNet,1000000.0,0.5,11.659256613159087,1.9104749306713742,-0.014165486492873894,3,False,11.659256613159087,0.0,True,0
8,ElasticNet,10.0,0.7,11.659256613159087,1.9104749306713742,-0.014165486492873894,3,False,11.659256613159087,0.0,True,0
8,ElasticNet,100.0,0.7,11.659256613159087,1.9104749306713742,-0.014165486492873894,3,False,11.659256613159087,0.0,True,0
8,ElasticNet,1000.0,0.7,11.659256613159087,1.9104749306713742,-0.014165486492873894,3,False,11.659256613159087,0.0,True,0
8,ElasticNet,10000.0,0.7,11.659256613159087,1.9104749306713742,-0.014165486492873894,3,False,11.659256613159087,0.0,True,0
8,ElasticNet,100000.0,0.7,11.659256613159087,1.9104749306713742,-0.014165486492873894,3,False,11.659256613159087,0.0,True,0
8,ElasticNet,1000000.0,0.7,11.659256613159087,1.9104749306713742,-0.014165486492873894,3,False,11.659256613159087,0.0,True,0
8,ElasticNet,10.0,0.9,11.659256613159087,1.9104749306713742,-0.014165486492873894,3,False,11.659256613159087,0.0,True,0
8,ElasticNet,100.0,0.9,11.659256613159087,1.9104749306713742,-0.014165486492873894,3,False,11.659256613159087,0.0,True,0
8,ElasticNet,1000.0,0.9,11.659256613159087,1.9104749306713742,-0.014165486492873894,3,False,11.659256613159087,0.0,True,0
8,ElasticNet,10000.0,0.9,11.659256613159087,1.9104749306713742,-0.014165486492873894,3,False,11.659256613159087,0.0,True,0
8,ElasticNet,100000.0,0.9,11.659256613159087,1.9104749306713742,-0.014165486492873894,3,False,11.659256613159087,0.0,True,0
8,ElasticNet,1000000.0,0.9,11.659256613159087,1.9104749306713742,-0.014165486492873894,3,False,11.659256613159087,0.0,True,0
8,ElasticNet,10.0,0.95,11.659256613159087,1.9104749306713742,-0.014165486492873894,3,False,11.659256613159087,0.0,True,0
8,ElasticNet,100.0,0.95,11.659256613159087,1.9104749306713742,-0.014165486492873894,3,False,11.659256613159087,0.0,True,0
8,ElasticNet,1000.0,0.95,11.659256613159087,1.9104749306713742,-0.014165486492873894,3,False,11.659256613159087,0.0,True,0
8,ElasticNet,10000.0,0.95,11.659256613159087,1.9104749306713742,-0.014165486492873894,3,False,11.659256613159087,0.0,True,0
8,ElasticNet,100000.0,0.95,11.659256613159087,1.9104749306713742,-0.014165486492873894,3,False,11.659256613159087,0.0,True,0
8,ElasticNet,1000000.0,0.95,11.659256613159087,1.9104749306713742,-0.014165486492873894,3,False,11.659256613159087,0.0,True,0
9,LASSO,10.0,1.0,11.659256613159087,1.9104749306713742,-0.014165486492873894,3,False,11.659256613159087,0.0,True,0
9,LASSO,100.0,1.0,11.659256613159087,1.9104749306713742,-0.014165486492873894,3,False,11.659256613159087,0.0,True,0
9,LASSO,1000.0,1.0,11.659256613159087,1.9104749306713742,-0.014165486492873894,3,False,11.659256613159087,0.0,True,0
9,LASSO,10000.0,1.0,11.659256613159087,1.9104749306713742,-0.014165486492873894,3,False,11.659256613159087,0.0,True,0
9,LASSO,100000.0,1.0,11.659256613159087,1.9104749306713742,-0.014165486492873894,3,False,11.659256613159087,0.0,True,0
9,LASSO,1000000.0,1.0,11.659256613159087,1.9104749306713742,-0.014165486492873894,3,False,11.659256613159087,0.0,True,0
9,ElasticNet,100.0,0.1,11.659256613159087,1.9104749306713742,-0.014165486492873894,3,False,11.659256613159087,0.0,True,0
9,ElasticNet,1000.0,0.1,11.659256613159087,1.9104749306713742,-0.014165486492873894,3,False,11.659256613159087,0.0,True,0
9,ElasticNet,10000.0,0.1,11.659256613159087,1.9104749306713742,-0.014165486492873894,3,False,11.659256613159087,0.0,True,0
9,ElasticNet,100000.0,0.1,11.659256613159087,1.9104749306713742,-0.014165486492873894,3,False,11.659256613159087,0.0,True,0
9,ElasticNet,1000000.0,0.1,11.659256613159087,1.9104749306713742,-0.014165486492873894,3,False,11.659256613159087,0.0,True,0
9,ElasticNet,10.0,0.3,11.659256613159087,1.9104749306713742,-0.014165486492873894,3,False,11.659256613159087,0.0,True,0
9,ElasticNet,100.0,0.3,11.659256613159087,1.9104749306713742,-0.014165486492873894,3,False,11.659256613159087,0.0,True,0
9,ElasticNet,1000.0,0.3,11.659256613159087,1.9104749306713742,-0.014165486492873894,3,False,11.659256613159087,0.0,True,0
9,ElasticNet,10000.0,0.3,11.659256613159087,1.9104749306713742,-0.014165486492873894,3,False,11.659256613159087,0.0,True,0
9,ElasticNet,100000.0,0.3,11.659256613159087,1.9104749306713742,-0.014165486492873894,3,False,11.659256613159087,0.0,True,0
9,ElasticNet,1000000.0,0.3,11.659256613159087,1.9104749306713742,-0.014165486492873894,3,False,11.659256613159087,0.0,True,0
9,ElasticNet,10.0,0.5,11.659256613159087,1.9104749306713742,-0.014165486492873894,3,False,11.659256613159087,0.0,True,0
9,ElasticNet,100.0,0.5,11.659256613159087,1.9104749306713742,-0.014165486492873894,3,False,11.659256613159087,0.0,True,0
9,ElasticNet,1000.0,0.5,11.659256613159087,1.9104749306713742,-0.014165486492873894,3,False,11.659256613159087,0.0,True,0
9,ElasticNet,10000.0,0.5,11.659256613159087,1.9104749306713742,-0.014165486492873894,3,False,11.659256613159087,0.0,True,0
9,ElasticNet,100000.0,0.5,11.659256613159087,1.9104749306713742,-0.014165486492873894,3,False,11.659256613159087,0.0,True,0
9,ElasticNet,1000000.0,0.5,11.659256613159087,1.9104749306713742,-0.014165486492873894,3,False,11.659256613159087,0.0,True,0
9,ElasticNet,10.0,0.7,11.659256613159087,1.9104749306713742,-0.014165486492873894,3,False,11.659256613159087,0.0,True,0
9,ElasticNet,100.0,0.7,11.659256613159087,1.9104749306713742,-0.014165486492873894,3,False,11.659256613159087,0.0,True,0
9,ElasticNet,1000.0,0.7,11.659256613159087,1.9104749306713742,-0.014165486492873894,3,False,11.659256613159087,0.0,True,0
9,ElasticNet,10000.0,0.7,11.659256613159087,1.9104749306713742,-0.014165486492873894,3,False,11.659256613159087,0.0,True,0
9,ElasticNet,100000.0,0.7,11.659256613159087,1.9104749306713742,-0.014165486492873894,3,False,11.659256613159087,0.0,True,0
9,ElasticNet,1000000.0,0.7,11.659256613159087,1.9104749306713742,-0.014165486492873894,3,False,11.659256613159087,0.0,True,0
9,ElasticNet,10.0,0.9,11.659256613159087,1.9104749306713742,-0.014165486492873894,3,False,11.659256613159087,0.0,True,0
9,ElasticNet,100.0,0.9,11.659256613159087,1.9104749306713742,-0.014165486492873894,3,False,11.659256613159087,0.0,True,0
9,ElasticNet,1000.0,0.9,11.659256613159087,1.9104749306713742,-0.014165486492873894,3,False,11.659256613159087,0.0,True,0
9,ElasticNet,10000.0,0.9,11.659256613159087,1.9104749306713742,-0.014165486492873894,3,False,11.659256613159087,0.0,True,0
9,ElasticNet,100000.0,0.9,11.659256613159087,1.9104749306713742,-0.014165486492873894,3,False,11.659256613159087,0.0,True,0
9,ElasticNet,1000000.0,0.9,11.659256613159087,1.9104749306713742,-0.014165486492873894,3,False,11.659256613159087,0.0,True,0
9,ElasticNet,10.0,0.95,11.659256613159087,1.9104749306713742,-0.014165486492873894,3,False,11.659256613159087,0.0,True,0
9,ElasticNet,100.0,0.95,11.659256613159087,1.9104749306713742,-0.014165486492873894,3,False,11.659256613159087,0.0,True,0
9,ElasticNet,1000.0,0.95,11.659256613159087,1.9104749306713742,-0.014165486492873894,3,False,11.659256613159087,0.0,True,0
9,ElasticNet,10000.0,0.95,11.659256613159087,1.9104749306713742,-0.014165486492873894,3,False,11.659256613159087,0.0,True,0
9,ElasticNet,100000.0,0.95,11.659256613159087,1.9104749306713742,-0.014165486492873894,3,False,11.659256613159087,0.0,True,0
9,ElasticNet,1000000.0,0.95,11.659256613159087,1.9104749306713742,-0.014165486492873894,3,False,11.659256613159087,0.0,True,0
10,LASSO,10.0,1.0,11.659256613159087,1.9104749306713742,-0.014165486492873894,3,False,11.659256613159087,0.0,True,0
10,LASSO,100.0,1.0,11.659256613159087,1.9104749306713742,-0.014165486492873894,3,False,11.659256613159087,0.0,True,0
10,LASSO,1000.0,1.0,11.659256613159087,1.9104749306713742,-0.014165486492873894,3,False,11.659256613159087,0.0,True,0
10,LASSO,10000.0,1.0,11.659256613159087,1.9104749306713742,-0.014165486492873894,3,False,11.659256613159087,0.0,True,0
10,LASSO,100000.0,1.0,11.659256613159087,1.9104749306713742,-0.014165486492873894,3,False,11.659256613159087,0.0,True,0
10,LASSO,1000000.0,1.0,11.659256613159087,1.9104749306713742,-0.014165486492873894,3,False,11.659256613159087,0.0,True,0
10,ElasticNet,100.0,0.1,11.659256613159087,1.9104749306713742,-0.014165486492873894,3,False,11.659256613159087,0.0,True,0
10,ElasticNet,1000.0,0.1,11.659256613159087,1.9104749306713742,-0.014165486492873894,3,False,11.659256613159087,0.0,True,0
10,ElasticNet,10000.0,0.1,11.659256613159087,1.9104749306713742,-0.014165486492873894,3,False,11.659256613159087,0.0,True,0
10,ElasticNet,100000.0,0.1,11.659256613159087,1.9104749306713742,-0.014165486492873894,3,False,11.659256613159087,0.0,True,0
10,ElasticNet,1000000.0,0.1,11.659256613159087,1.9104749306713742,-0.014165486492873894,3,False,11.659256613159087,0.0,True,0
10,ElasticNet,10.0,0.3,11.659256613159087,1.9104749306713742,-0.014165486492873894,3,False,11.659256613159087,0.0,True,0
10,ElasticNet,100.0,0.3,11.659256613159087,1.9104749306713742,-0.014165486492873894,3,False,11.659256613159087,0.0,True,0
10,ElasticNet,1000.0,0.3,11.659256613159087,1.9104749306713742,-0.014165486492873894,3,False,11.659256613159087,0.0,True,0
10,ElasticNet,10000.0,0.3,11.659256613159087,1.9104749306713742,-0.014165486492873894,3,False,11.659256613159087,0.0,True,0
10,ElasticNet,100000.0,0.3,11.659256613159087,1.9104749306713742,-0.014165486492873894,3,False,11.659256613159087,0.0,True,0
10,ElasticNet,1000000.0,0.3,11.659256613159087,1.9104749306713742,-0.014165486492873894,3,False,11.659256613159087,0.0,True,0
10,ElasticNet,10.0,0.5,11.659256613159087,1.9104749306713742,-0.014165486492873894,3,False,11.659256613159087,0.0,True,0
10,ElasticNet,100.0,0.5,11.659256613159087,1.9104749306713742,-0.014165486492873894,3,False,11.659256613159087,0.0,True,0
10,ElasticNet,1000.0,0.5,11.659256613159087,1.9104749306713742,-0.014165486492873894,3,False,11.659256613159087,0.0,True,0
10,ElasticNet,10000.0,0.5,11.659256613159087,1.9104749306713742,-0.014165486492873894,3,False,11.659256613159087,0.0,True,0
10,ElasticNet,100000.0,0.5,11.659256613159087,1.9104749306713742,-0.014165486492873894,3,False,11.659256613159087,0.0,True,0
10,ElasticNet,1000000.0,0.5,11.659256613159087,1.9104749306713742,-0.014165486492873894,3,False,11.659256613159087,0.0,True,0
10,ElasticNet,10.0,0.7,11.659256613159087,1.9104749306713742,-0.014165486492873894,3,False,11.659256613159087,0.0,True,0
10,ElasticNet,100.0,0.7,11.659256613159087,1.9104749306713742,-0.014165486492873894,3,False,11.659256613159087,0.0,True,0
10,ElasticNet,1000.0,0.7,11.659256613159087,1.9104749306713742,-0.014165486492873894,3,False,11.659256613159087,0.0,True,0
10,ElasticNet,10000.0,0.7,11.659256613159087,1.9104749306713742,-0.014165486492873894,3,False,11.659256613159087,0.0,True,0
10,ElasticNet,100000.0,0.7,11.659256613159087,1.9104749306713742,-0.014165486492873894,3,False,11.659256613159087,0.0,True,0
10,ElasticNet,1000000.0,0.7,11.659256613159087,1.9104749306713742,-0.014165486492873894,3,False,11.659256613159087,0.0,True,0
10,ElasticNet,10.0,0.9,11.659256613159087,1.9104749306713742,-0.014165486492873894,3,False,11.659256613159087,0.0,True,0
10,ElasticNet,100.0,0.9,11.659256613159087,1.9104749306713742,-0.014165486492873894,3,False,11.659256613159087,0.0,True,0
10,ElasticNet,1000.0,0.9,11.659256613159087,1.9104749306713742,-0.014165486492873894,3,False,11.659256613159087,0.0,True,0
10,ElasticNet,10000.0,0.9,11.659256613159087,1.9104749306713742,-0.014165486492873894,3,False,11.659256613159087,0.0,True,0
10,ElasticNet,100000.0,0.9,11.659256613159087,1.9104749306713742,-0.014165486492873894,3,False,11.659256613159087,0.0,True,0
10,ElasticNet,1000000.0,0.9,11.659256613159087,1.9104749306713742,-0.014165486492873894,3,False,11.659256613159087,0.0,True,0
10,ElasticNet,10.0,0.95,11.659256613159087,1.9104749306713742,-0.014165486492873894,3,False,11.659256613159087,0.0,True,0
10,ElasticNet,100.0,0.95,11.659256613159087,1.9104749306713742,-0.014165486492873894,3,False,11.659256613159087,0.0,True,0
10,ElasticNet,1000.0,0.95,11.659256613159087,1.9104749306713742,-0.014165486492873894,3,False,11.659256613159087,0.0,True,0
10,ElasticNet,10000.0,0.95,11.659256613159087,1.9104749306713742,-0.014165486492873894,3,False,11.659256613159087,0.0,True,0
10,ElasticNet,100000.0,0.95,11.659256613159087,1.9104749306713742,-0.014165486492873894,3,False,11.659256613159087,0.0,True,0
10,ElasticNet,1000000.0,0.95,11.659256613159087,1.9104749306713742,-0.014165486492873894,3,False,11.659256613159087,0.0,True,0
5,ElasticNet,1e-06,0.1,14.799545476610325,6.641403854692704,-0.37443515077751227,3,False,14.799545476610325,9.937002972237631e-06,True,0
5,ElasticNet,1e-06,0.7,14.820436273940638,6.630820645320311,-0.375923273140167,3,False,14.820436273940638,9.966201475687673e-06,True,0
5,ElasticNet,1e-06,0.9,14.820568003714364,6.637632291373829,-0.3760215635102189,3,False,14.820568003714364,9.997618872631452e-06,True,0
5,ElasticNet,1e-06,0.5,14.921865028972789,6.696774275450145,-0.3852973071144643,3,False,14.921865028972789,9.933039305787886e-06,True,0
5,ElasticNet,1e-06,0.3,14.948297161362447,6.710252839772418,-0.3878254653982684,3,False,14.948297161362447,9.227778044268503e-06,True,0
5,ElasticNet,1e-06,0.95,14.97569114584392,6.741571232832915,-0.3904634744495749,3,False,14.97569114584392,9.966904356909604e-06,True,0
5,LASSO,1e-06,1.0,14.985059795128933,6.74485154800848,-0.39130785639016913,3,False,14.985059795128933,9.296183927958739e-06,True,0
5,LASSO,0.01,1.0,0.4008316171602026,0.04959716977428391,0.964968774938023,3,False,0.40083161716020266,0.0005478177491426359,False,0
5,ElasticNet,0.01,0.95,0.40364510831393297,0.050666746354983416,0.9647312510539515,3,False,0.40364510831393297,0.0002097831535068876,False,0
6,LASSO,0.01,1.0,0.43640983211679446,0.05317000553233392,0.9618274777040265,3,False,0.43640983211679446,0.0031314770334018634,False,0
6,ElasticNet,0.01,0.95,0.4390089938416842,0.05615360640234563,0.9616240847510307,3,False,0.4390089938416842,0.0010079985538980919,False,0
7,LASSO,0.01,1.0,0.45892009948638357,0.03706448679978038,0.9597167645546759,3,False,0.45892009948638357,0.0031184308416706084,False,0
7,ElasticNet,0.01,0.95,0.46952439022277304,0.03554319029440261,0.9587470284748439,3,False,0.46952439022277304,0.0025397323326149055,False,0
9,LASSO,0.01,1.0,0.4763203361113945,0.029995855337374186,0.9580971252934184,3,False,0.4763203361113945,0.0001495638793313145,False,0
10,LASSO,0.01,1.0,0.48156879741996333,0.030526515328488966,0.9576420482719441,3,False,0.48156879741996333,0.0005524007252718666,False,0
8,LASSO,0.01,1.0,0.48434927290108903,0.0345282533025643,0.95741090015269,3,False,0.48434927290108903,0.008522524819622483,False,0
10,ElasticNet,0.01,0.95,0.48591689781812414,0.02880120601583486,0.9572326881154963,3,False,0.48591689781812414,0.00017628088096777704,False,0
10,ElasticNet,0.01,0.9,0.49031169152327675,0.029619146531979265,0.9568456076078987,3,False,0.49031169152327675,0.00010504220769371776,False,0
8,ElasticNet,0.01,0.95,0.4908599859992895,0.022760304397951958,0.9567355613519352,3,False,0.4908599859992895,0.0092587278060255,False,0
9,ElasticNet,0.01,0.7,0.511535648249392,0.036439336160115646,0.9549353135474146,3,False,0.5115356482493921,7.314221591588326e-05,False,0
9,ElasticNet,0.01,0.95,0.5119521438147523,0.03988278669813767,0.9547595831807986,3,False,0.5119521438147523,0.013389750119676044,False,0
10,ElasticNet,0.01,0.7,0.5203968157314268,0.03072778531431315,0.9541331595449193,3,False,0.5203968157314267,0.014590504897240654,False,0
10,ElasticNet,0.01,0.5,0.5711735975498823,0.023046583691324375,0.9495514043750295,3,False,0.5711735975498824,7.794672605013903e-05,False,0
9,ElasticNet,0.01,0.3,0.6321811154475111,0.004458876786361122,0.9439888387689992,3,False,0.6321811154475111,5.440556853863066e-05,False,0
10,ElasticNet,0.01,0.3,0.6704848138161333,0.030043347121219335,0.9404276914573669,3,False,0.6704848138161333,7.895432762274404e-05,False,0
9,ElasticNet,0.1,0.7,0.866482337121442,0.15791517038186234,0.9247775077273136,3,False,0.866482337121442,0.00012747604454807493,False,0
10,ElasticNet,0.1,0.7,0.8717464966959256,0.16373150236377543,0.9243671289206613,3,False,0.8717464966959256,0.0019595680647635366,False,0
9,ElasticNet,0.01,0.1,0.8978341371123272,0.03796605807458645,0.9204924864569176,3,False,0.8978341371123272,5.309645834357911e-05,False,0
7,ElasticNet,0.1,0.9,0.9424754944782093,0.17428207906877613,0.9181733504716174,3,False,0.9424754944782093,5.946073613818936e-05,False,0
9,ElasticNet,0.1,0.9,0.9542029311260508,0.17383232114392203,0.917135739488892,3,False,0.9542029311260508,0.0006120671708330777,False,0
10,ElasticNet,0.1,0.9,0.9568932740524635,0.1759744123225066,0.9169207635684403,3,False,0.9568932740524635,0.0008948044720633458,False,0
7,ElasticNet,0.1,0.95,0.959379228338462,0.1790941477408818,0.9167070443196718,3,False,0.959379228338462,0.00016171939340244024,False,0
8,ElasticNet,0.1,0.95,0.9681438478075867,0.17907786936446957,0.9159424830080908,3,False,0.9681438478075867,0.00022866274839747347,False,0
9,ElasticNet,0.1,0.95,0.969468319886571,0.17764788357055752,0.9158107631865903,3,False,0.9694683198865711,0.00140322561027878,False,0
10,ElasticNet,0.1,0.95,0.9713324177248728,0.1795912396047932,0.9156668129405506,3,False,0.9713324177248728,0.0008181840503887067,False,0
7,LASSO,0.1,1.0,0.9799148394071947,0.18754396521429592,0.9149560928629872,3,False,0.9799148394071947,0.0001272916457317197,False,0
10,ElasticNet,0.01,0.1,0.981048375889842,0.10322314800387009,0.9125291784961692,3,False,0.981048375889842,5.725734543882729e-05,False,0
6,ElasticNet,0.1,0.95,0.985615038006684,0.20085960060485483,0.9146197640893513,3,False,0.985615038006684,5.419131830794455e-05,False,0
8,LASSO,0.1,1.0,0.98734857374501,0.18537619767181793,0.9142877915522089,3,False,0.98734857374501,0.00041822902503398096,False,0
10,LASSO,0.1,1.0,0.990786295513777,0.18719732654973353,0.9139930027619183,3,False,0.990786295513777,0.0021269841222390506,False,0
9,LASSO,0.1,1.0,0.9915546821424598,0.18324827727690535,0.9138950882412377,3,False,0.99155468214246,0.00035889861529576905,False,0
9,ElasticNet,0.001,0.95,1.0375603838883543,0.12132114688469625,0.9088966209431383,3,False,1.0375603838883543,0.00013938500810212553,False,0
7,ElasticNet,0.001,0.95,1.0380553423253203,0.17518643785116117,0.9087476107161766,3,False,1.0380553423253203,5.8080849186470667e-05,False,0
9,LASSO,0.001,1.0,1.0488048747164582,0.0291603791929993,0.9073743810647975,3,False,1.0488048747164582,0.0018774010512900372,False,0
10,ElasticNet,0.001,0.9,1.0873469550141532,0.10952983575766938,0.9037632719540362,3,False,1.0873469550141532,5.169991874717371e-05,False,0
8,LASSO,0.001,1.0,1.0930772345373905,0.14003222394056697,0.9037123428701097,3,False,1.0930772345373905,9.382982901057798e-05,False,0
10,LASSO,0.001,1.0,1.1083811528606267,0.13894601694015865,0.9011906996981383,3,False,1.1083811528606264,0.001964585928219816,False,0
10,ElasticNet,0.001,0.7,1.1720924641463337,0.14723080332944835,0.8961841393806308,3,False,1.1720924641463337,7.384197283778803e-05,False,0
10,LASSO,0.0001,1.0,2.0297423334221008,0.027728021010680913,0.8201155528900751,3,False,2.0297423334221008,0.0001008078812883642,False,0
9,LASSO,0.0001,1.0,2.1253151375538266,0.35147265688415996,0.812662936069822,3,False,2.1253151375538266,0.00018577205847375005,False,0
10,ElasticNet,0.0001,0.7,2.1683329394447206,0.09435187630068528,0.8079480928331177,3,False,2.1683329394447206,0.00012554421724639782,False,0
8,LASSO,0.0001,1.0,2.6479388504778805,0.3362760723384167,0.765641781881345,3,False,2.6479388504778805,0.0001881765823008388,False,0
8,ElasticNet,0.0001,0.95,2.6629497598700413,0.23175872655873417,0.7645526294996271,3,False,2.6629497598700413,0.00011927332634893198,False,0
8,ElasticNet,0.0001,0.5,2.7408434645145867,0.18656730844255262,0.7580468138487829,3,False,2.7408434645145867,7.428433978083721e-05,False,0
8,ElasticNet,0.0001,0.7,2.7882189003437965,0.2742959344796581,0.7541019500051137,3,False,2.7882189003437965,0.00011877004224984924,False,0
2,Ridge,1000.0,0.0,,,,2,True,4.777017551240818,0.0,False,0
2,Ridge,10000.0,0.0,,,,1,True,4.200832433463497,0.0,False,0
2,Ridge,100000.0,0.0,,,,1,True,4.561082513468596,0.0,False,0
2,Ridge,1000000.0,0.0,,,,1,True,4.602690808841339,0.0,False,0
2,LASSO,1.0,1.0,,,,1,True,3.6722568162992424,1.9426883475226475e-06,False,0
2,LASSO,10.0,1.0,,,,1,True,4.607387631561687,0.0,False,0
2,LASSO,100.0,1.0,,,,1,True,4.607387631561687,0.0,False,0
2,LASSO,1000.0,1.0,,,,1,True,4.607387631561687,0.0,False,0
2,LASSO,10000.0,1.0,,,,1,True,4.607387631561687,0.0,False,0
2,LASSO,100000.0,1.0,,,,1,True,4.607387631561687,0.0,False,0
2,LASSO,1000000.0,1.0,,,,1,True,4.607387631561687,0.0,False,0
2,ElasticNet,1.0,0.1,,,,2,True,4.11714209016101,1.1251663351030672e-09,False,0
2,ElasticNet,10.0,0.1,,,,1,True,4.499049295352184,2.2920879430010643e-06,False,0
2,ElasticNet,100.0,0.1,,,,1,True,4.607387631561687,0.0,False,0
2,ElasticNet,1000.0,0.1,,,,1,True,4.607387631561687,0.0,False,0
2,ElasticNet,10000.0,0.1,,,,1,True,4.607387631561687,0.0,False,0
2,ElasticNet,100000.0,0.1,,,,1,True,4.607387631561687,0.0,False,0
2,ElasticNet,1000000.0,0.1,,,,1,True,4.607387631561687,0.0,False,0
2,ElasticNet,1.0,0.3,,,,2,True,4.6238944428604745,2.588017022908673e-10,False,0
2,ElasticNet,10.0,0.3,,,,1,True,4.607387631561687,0.0,False,0
2,ElasticNet,100.0,0.3,,,,1,True,4.607387631561687,0.0,False,0
2,ElasticNet,1000.0,0.3,,,,1,True,4.607387631561687,0.0,False,0
2,ElasticNet,10000.0,0.3,,,,1,True,4.607387631561687,0.0,False,0
2,ElasticNet,100000.0,0.3,,,,1,True,4.607387631561687,0.0,False,0
2,ElasticNet,1000000.0,0.3,,,,1,True,4.607387631561687,0.0,False,0
2,ElasticNet,1.0,0.5,,,,2,True,5.164836503311574,4.60236302735062e-07,False,0
2,ElasticNet,10.0,0.5,,,,1,True,4.607387631561687,0.0,False,0
2,ElasticNet,100.0,0.5,,,,1,True,4.607387631561687,0.0,False,0
2,ElasticNet,1000.0,0.5,,,,1,True,4.607387631561687,0.0,False,0
2,ElasticNet,10000.0,0.5,,,,1,True,4.607387631561687,0.0,False,0
2,ElasticNet,100000.0,0.5,,,,1,True,4.607387631561687,0.0,False,0
2,ElasticNet,1000000.0,0.5,,,,1,True,4.607387631561687,0.0,False,0
2,ElasticNet,1.0,0.7,,,,2,True,5.7558618008337,1.1627332430208526e-10,False,0
2,ElasticNet,10.0,0.7,,,,1,True,4.607387631561687,0.0,False,0
2,ElasticNet,100.0,0.7,,,,1,True,4.607387631561687,0.0,False,0
2,ElasticNet,1000.0,0.7,,,,1,True,4.607387631561687,0.0,False,0
2,ElasticNet,10000.0,0.7,,,,1,True,4.607387631561687,0.0,False,0
2,ElasticNet,100000.0,0.7,,,,1,True,4.607387631561687,0.0,False,0
2,ElasticNet,1000000.0,0.7,,,,1,True,4.607387631561687,0.0,False,0
2,ElasticNet,1.0,0.9,,,,1,True,3.5479109282229495,1.9373330334415684e-06,False,0
2,ElasticNet,10.0,0.9,,,,1,True,4.607387631561687,0.0,False,0
2,ElasticNet,100.0,0.9,,,,1,True,4.607387631561687,0.0,False,0
2,ElasticNet,1000.0,0.9,,,,1,True,4.607387631561687,0.0,False,0
2,ElasticNet,10000.0,0.9,,,,1,True,4.607387631561687,0.0,False,0
2,ElasticNet,100000.0,0.9,,,,1,True,4.607387631561687,0.0,False,0
2,ElasticNet,1000000.0,0.9,,,,1,True,4.607387631561687,0.0,False,0
2,ElasticNet,1.0,0.95,,,,1,True,3.6060478814725165,1.951400390942659e-06,False,0
2,ElasticNet,10.0,0.95,,,,1,True,4.607387631561687,0.0,False,0
2,ElasticNet,100.0,0.95,,,,1,True,4.607387631561687,0.0,False,0
2,ElasticNet,1000.0,0.95,,,,1,True,4.607387631561687,0.0,False,0
2,ElasticNet,10000.0,0.95,,,,1,True,4.607387631561687,0.0,False,0
2,ElasticNet,100000.0,0.95,,,,1,True,4.607387631561687,0.0,False,0
2,ElasticNet,1000000.0,0.95,,,,1,True,4.607387631561687,0.0,False,0
3,Ridge,1000.0,0.0,,,,1,True,1.8032214947430611,0.0,False,0
3,Ridge,10000.0,0.0,,,,1,True,3.6858293106765334,0.0,False,0
3,Ridge,100000.0,0.0,,,,1,True,4.478289894027934,0.0,False,0
3,Ridge,1000000.0,0.0,,,,1,True,4.593896953812243,0.0,False,0
3,LASSO,1.0,1.0,,,,1,True,3.445532107108749,6.454188650195647e-08,False,0
3,LASSO,10.0,1.0,,,,1,True,4.607387631561687,0.0,False,0
3,LASSO,100.0,1.0,,,,1,True,4.607387631561687,0.0,False,0
3,LASSO,1000.0,1.0,,,,1,True,4.607387631561687,0.0,False,0
3,LASSO,10000.0,1.0,,,,1,True,4.607387631561687,0.0,False,0
3,LASSO,100000.0,1.0,,,,1,True,4.607387631561687,0.0,False,0
3,LASSO,1000000.0,1.0,,,,1,True,4.607387631561687,0.0,False,0
3,ElasticNet,1.0,0.1,,,,1,True,1.4779515111670236,1.3426579850567277e-06,False,0
3,ElasticNet,10.0,0.1,,,,1,True,4.467396510703609,1.928726875544129e-06,False,0
3,ElasticNet,100.0,0.1,,,,1,True,4.607387631561687,0.0,False,0
3,ElasticNet,1000.0,0.1,,,,1,True,4.607387631561687,0.0,False,0
3,ElasticNet,10000.0,0.1,,,,1,True,4.607387631561687,0.0,False,0
3,ElasticNet,100000.0,0.1,,,,1,True,4.607387631561687,0.0,False,0
3,ElasticNet,1000000.0,0.1,,,,1,True,4.607387631561687,0.0,False,0
3,ElasticNet,1.0,0.3,,,,1,True,1.8694492198457915,1.4032605306635304e-06,False,0
3,ElasticNet,10.0,0.3,,,,1,True,4.607387631561687,0.0,False,0
3,ElasticNet,100.0,0.3,,,,1,True,4.607387631561687,0.0,False,0
3,ElasticNet,1000.0,0.3,,,,1,True,4.607387631561687,0.0,False,0
3,ElasticNet,10000.0,0.3,,,,1,True,4.607387631561687,0.0,False,0
3,ElasticNet,100000.0,0.3,,,,1,True,4.607387631561687,0.0,False,0
3,ElasticNet,1000000.0,0.3,,,,1,True,4.607387631561687,0.0,False,0
3,ElasticNet,1.0,0.5,,,,1,True,2.2910217348817485,7.421063763501934e-12,False,0
3,ElasticNet,10.0,0.5,,,,1,True,4.607387631561687,0.0,False,0
3,ElasticNet,100.0,0.5,,,,1,True,4.607387631561687,0.0,False,0
3,ElasticNet,1000.0,0.5,,,,1,True,4.607387631561687,0.0,False,0
3,ElasticNet,10000.0,0.5,,,,1,True,4.607387631561687,0.0,False,0
3,ElasticNet,100000.0,0.5,,,,1,True,4.607387631561687,0.0,False,0
3,ElasticNet,1000000.0,0.5,,,,1,True,4.607387631561687,0.0,False,0
3,ElasticNet,1.0,0.7,,,,1,True,2.7523762998641748,4.875940776694065e-07,False,0
3,ElasticNet,10.0,0.7,,,,1,True,4.607387631561687,0.0,False,0
3,ElasticNet,100.0,0.7,,,,1,True,4.607387631561687,0.0,False,0
3,ElasticNet,1000.0,0.7,,,,1,True,4.607387631561687,0.0,False,0
3,ElasticNet,10000.0,0.7,,,,1,True,4.607387631561687,0.0,False,0
3,ElasticNet,100000.0,0.7,,,,1,True,4.607387631561687,0.0,False,0
3,ElasticNet,1000000.0,0.7,,,,1,True,4.607387631561687,0.0,False,0
3,ElasticNet,1.0,0.9,,,,1,True,3.2299185401253525,4.440892098500626e-16,False,0
3,ElasticNet,10.0,0.9,,,,1,True,4.607387631561687,0.0,False,0
3,ElasticNet,100.0,0.9,,,,1,True,4.607387631561687,0.0,False,0
3,ElasticNet,1000.0,0.9,,,,1,True,4.607387631561687,0.0,False,0
3,ElasticNet,10000.0,0.9,,,,1,True,4.607387631561687,0.0,False,0
3,ElasticNet,100000.0,0.9,,,,1,True,4.607387631561687,0.0,False,0
3,ElasticNet,1000000.0,0.9,,,,1,True,4.607387631561687,0.0,False,0
3,ElasticNet,1.0,0.95,,,,1,True,3.3376333986416236,6.922369155670793e-08,False,0
3,ElasticNet,10.0,0.95,,,,1,True,4.607387631561687,0.0,False,0
3,ElasticNet,100.0,0.95,,,,1,True,4.607387631561687,0.0,False,0
3,ElasticNet,1000.0,0.95,,,,1,True,4.607387631561687,0.0,False,0
3,ElasticNet,10000.0,0.95,,,,1,True,4.607387631561687,0.0,False,0
3,ElasticNet,100000.0,0.95,,,,1,True,4.607387631561687,0.0,False,0
3,ElasticNet,1000000.0,0.95,,,,1,True,4.607387631561687,0.0,False,0
4,Ridge,1000.0,0.0,,,,1,True,1.0259354232687703,0.0,False,0
4,Ridge,10000.0,0.0,,,,1,True,2.8666530400469807,0.0,False,0
4,Ridge,100000.0,0.0,,,,1,True,4.296694021114566,0.0,False,0
4,Ridge,1000000.0,0.0,,,,1,True,4.573410972091363,0.0,False,0
4,LASSO,1e-06,1.0,,,,2,True,0.9109589527516525,9.946122036881593e-06,False,0
4,LASSO,1e-05,1.0,,,,2,True,0.9088553720922872,8.749573580716511e-06,False,0
4,LASSO,0.0001,1.0,,,,2,True,0.8842866720082162,9.230741787808429e-06,False,0
4,LASSO,0.1,1.0,,,,2,True,0.941606932344079,2.2077289121430477e-06,False,0
4,LASSO,1.0,1.0,,,,1,True,3.391497148071027,3.9745984281580604e-14,False,0
4,LASSO,10.0,1.0,,,,1,True,4.607387631561687,0.0,False,0
4,LASSO,100.0,1.0,,,,1,True,4.607387631561687,0.0,False,0
4,LASSO,1000.0,1.0,,,,1,True,4.607387631561687,0.0,False,0
4,LASSO,10000.0,1.0,,,,1,True,4.607387631561687,0.0,False,0
4,LASSO,100000.0,1.0,,,,1,True,4.607387631561687,0.0,False,0
4,LASSO,1000000.0,1.0,,,,1,True,4.607387631561687,0.0,False,0
4,ElasticNet,1e-06,0.1,,,,2,True,0.9109402412438348,9.425903280390413e-06,False,0
4,ElasticNet,1e-05,0.1,,,,2,True,0.9103630237954845,8.162385848786218e-06,False,0
4,ElasticNet,0.0001,0.1,,,,2,True,0.9009692319607522,8.028735012074479e-06,False,0
4,ElasticNet,0.001,0.1,,,,2,True,0.8321084052678064,8.240230607658568e-06,False,0
4,ElasticNet,1.0,0.1,,,,1,True,0.9791585673183619,3.0885185785672897e-06,False,0
4,ElasticNet,10.0,0.1,,,,1,True,4.290475699823464,2.3408916169920246e-06,False,0
4,ElasticNet,100.0,0.1,,,,1,True,4.607387631561687,0.0,False,0
4,ElasticNet,1000.0,0.1,,,,1,True,4.607387631561687,0.0,False,0
4,ElasticNet,10000.0,0.1,,,,1,True,4.607387631561687,0.0,False,0
4,ElasticNet,100000.0,0.1,,,,1,True,4.607387631561687,0.0,False,0
4,ElasticNet,1000000.0,0.1,,,,1,True,4.607387631561687,0.0,False,0
4,ElasticNet,1e-06,0.3,,,,2,True,0.9110642764447049,8.070455420520962e-06,False,0
4,ElasticNet,1e-05,0.3,,,,2,True,0.9101427717344263,8.614123980565907e-06,False,0
4,ElasticNet,0.0001,0.3,,,,2,True,0.8971466886979208,8.738729970745508e-06,False,0
4,ElasticNet,0.001,0.3,,,,2,True,0.8040767021267451,9.293751321700066e-06,False,0
4,ElasticNet,1.0,0.3,,,,1,True,1.4924472088366094,4.0762878517064394e-08,False,0
4,ElasticNet,10.0,0.3,,,,1,True,4.607387631561687,0.0,False,0
4,ElasticNet,100.0,0.3,,,,1,True,4.607387631561687,0.0,False,0
4,ElasticNet,1000.0,0.3,,,,1,True,4.607387631561687,0.0,False,0
4,ElasticNet,10000.0,0.3,,,,1,True,4.607387631561687,0.0,False,0
4,ElasticNet,100000.0,0.3,,,,1,True,4.607387631561687,0.0,False,0
4,ElasticNet,1000000.0,0.3,,,,1,True,4.607387631561687,0.0,False,0
4,ElasticNet,1e-06,0.5,,,,2,True,0.9109481919752419,9.434488816146233e-06,False,0
4,ElasticNet,1e-05,0.5,,,,2,True,0.9097470586176805,8.210695809260816e-06,False,0
4,ElasticNet,0.0001,0.5,,,,2,True,0.8937018035186268,8.389265472708727e-06,False,0
4,ElasticNet,0.001,0.5,,,,2,True,0.7787685286379059,8.591921818169282e-06,False,0
4,ElasticNet,0.1,0.5,,,,2,True,0.7853807281469282,6.388610144320017e-06,False,0
4,ElasticNet,1.0,0.5,,,,1,True,2.078107680430151,6.332603408321091e-08,False,0
4,ElasticNet,10.0,0.5,,,,1,True,4.607387631561687,0.0,False,0
4,ElasticNet,100.0,0.5,,,,1,True,4.607387631561687,0.0,False,0
4,ElasticNet,1000.0,0.5,,,,1,True,4.607387631561687,0.0,False,0
4,ElasticNet,10000.0,0.5,,,,1,True,4.607387631561687,0.0,False,0
4,ElasticNet,100000.0,0.5,,,,1,True,4.607387631561687,0.0,False,0
4,ElasticNet,1000000.0,0.5,,,,1,True,4.607387631561687,0.0,False,0
4,ElasticNet,1e-06,0.7,,,,2,True,0.9110270702927616,9.932106919700938e-06,False,0
4,ElasticNet,1e-05,0.7,,,,2,True,0.9093901645796238,8.092931620376336e-06,False,0
4,ElasticNet,0.0001,0.7,,,,2,True,0.8897998942634257,6.225766413007388e-06,False,0
4,ElasticNet,0.1,0.7,,,,2,True,0.8442896423285818,4.6820972292999086e-06,False,0
4,ElasticNet,1.0,0.7,,,,1,True,2.642646110085065,5.755270544693936e-06,False,0
4,ElasticNet,10.0,0.7,,,,1,True,4.607387631561687,0.0,False,0
4,ElasticNet,100.0,0.7,,,,1,True,4.607387631561687,0.0,False,0
4,ElasticNet,1000.0,0.7,,,,1,True,4.607387631561687,0.0,False,0
4,ElasticNet,10000.0,0.7,,,,1,True,4.607387631561687,0.0,False,0
4,ElasticNet,100000.0,0.7,,,,1,True,4.607387631561687,0.0,False,0
4,ElasticNet,1000000.0,0.7,,,,1,True,4.607387631561687,0.0,False,0
4,ElasticNet,1e-06,0.9,,,,2,True,0.9109693355898006,9.027365383520839e-06,False,0
4,ElasticNet,1e-05,0.9,,,,2,True,0.9090664085041368,9.83224242030567e-06,False,0
4,ElasticNet,0.0001,0.9,,,,2,True,0.886083525123035,7.684348655118885e-06,False,0
4,ElasticNet,0.1,0.9,,,,2,True,0.9072449529119487,1.942774966970373e-06,False,0
4,ElasticNet,1.0,0.9,,,,1,True,3.190793555388373,1.0462049671033924e-08,False,0
4,ElasticNet,10.0,0.9,,,,1,True,4.607387631561687,0.0,False,0
4,ElasticNet,100.0,0.9,,,,1,True,4.607387631561687,0.0,False,0
4,ElasticNet,1000.0,0.9,,,,1,True,4.607387631561687,0.0,False,0
4,ElasticNet,10000.0,0.9,,,,1,True,4.607387631561687,0.0,False,0
4,ElasticNet,100000.0,0.9,,,,1,True,4.607387631561687,0.0,False,0
4,ElasticNet,1000000.0,0.9,,,,1,True,4.607387631561687,0.0,False,0
4,ElasticNet,1e-06,0.95,,,,2,True,0.9108821345083856,9.77068008003657e-06,False,0
4,ElasticNet,1e-05,0.95,,,,2,True,0.9089779041386491,9.901771724491618e-06,False,0
4,ElasticNet,0.0001,0.95,,,,2,True,0.8851131787112384,8.210940947853221e-06,False,0
4,ElasticNet,0.1,0.95,,,,2,True,0.9240005948029277,6.636037349405655e-06,False,0
4,ElasticNet,1.0,0.95,,,,1,True,3.286458514500211,6.661338147750939e-16,False,0
4,ElasticNet,10.0,0.95,,,,1,True,4.607387631561687,0.0,False,0
4,ElasticNet,100.0,0.95,,,,1,True,4.607387631561687,0.0,False,0
4,ElasticNet,1000.0,0.95,,,,1,True,4.607387631561687,0.0,False,0
4,ElasticNet,10000.0,0.95,,,,1,True,4.607387631561687,0.0,False,0
4,ElasticNet,100000.0,0.95,,,,1,True,4.607387631561687,0.0,False,0
4,ElasticNet,1000000.0,0.95,,,,1,True,4.607387631561687,0.0,False,0
5,Ridge,1e-06,0.0,,,,1,True,2.495039728403157,0.0,False,0
5,Ridge,1e-05,0.0,,,,1,True,2.4943477232562166,0.0,False,0
5,Ridge,0.0001,0.0,,,,1,True,2.4874816293735216,0.0,False,0
5,Ridge,0.001,0.0,,,,1,True,2.423760048851447,0.0,False,0
5,Ridge,0.01,0.0,,,,1,True,2.0462131633616107,0.0,False,0
5,Ridge,0.1,0.0,,,,1,True,1.2311337643996454,0.0,False,0
5,Ridge,1.0,0.0,,,,2,True,0.8996298400788335,0.0,False,0
5,Ridge,1000.0,0.0,,,,1,True,0.7887294249817886,0.0,False,0
5,Ridge,10000.0,0.0,,,,1,True,2.296656479881871,0.0,False,0
5,Ridge,100000.0,0.0,,,,1,True,3.9891421164465872,0.0,False,0
5,Ridge,1000000.0,0.0,,,,1,True,4.531085171253672,0.0,False,0
6,Ridge,1e-06,0.0,,,,1,True,3.362083507376939,0.0,False,0
6,Ridge,1e-05,0.0,,,,1,True,3.361670264308225,0.0,False,0
6,Ridge,0.0001,0.0,,,,1,True,3.3575526901690105,0.0,False,0
6,Ridge,0.001,0.0,,,,1,True,3.3177820443501544,0.0,False,0
6,Ridge,0.01,0.0,,,,1,True,3.0119927186907898,0.0,False,0
6,Ridge,0.1,0.0,,,,1,True,1.8958161681779233,0.0,False,0
6,Ridge,1.0,0.0,,,,2,True,1.325804949776461,0.0,False,0
6,Ridge,1000.0,0.0,,,,2,True,1.2178810847995287,0.0,False,0
6,Ridge,10000.0,0.0,,,,1,True,1.7288675108019642,0.0,False,0
6,Ridge,100000.0,0.0,,,,1,True,3.6184153303688933,0.0,False,0
6,Ridge,1000000.0,0.0,,,,1,True,4.4686813487206125,0.0,False,0
7,Ridge,1e-06,0.0,,,,1,True,1.1565362603751148,0.0,False,0
7,Ridge,1e-05,0.0,,,,1,True,1.1564998451714235,0.0,False,0
7,Ridge,0.0001,0.0,,,,1,True,1.1561360231747768,0.0,False,0
7,Ridge,0.001,0.0,,,,1,True,1.1525304693042682,0.0,False,0
7,Ridge,0.01,0.0,,,,1,True,1.1194362241378877,0.0,False,0
7,Ridge,0.1,0.0,,,,1,True,0.9362572491643778,0.0,False,0
7,Ridge,1.0,0.0,,,,2,True,1.2445994598895123,0.0,False,0
7,Ridge,1000.0,0.0,,,,2,True,1.0520078178796999,0.0,False,0
7,Ridge,10000.0,0.0,,,,1,True,1.5589098945316673,0.0,False,0
7,Ridge,100000.0,0.0,,,,1,True,3.1963045759941586,0.0,False,0
7,Ridge,1000000.0,0.0,,,,1,True,4.34754607595414,0.0,False,0
8,Ridge,1e-06,0.0,,,,1,True,1.2688599030881653,0.0,False,0
8,Ridge,1e-05,0.0,,,,1,True,1.2688435731866095,0.0,False,0
8,Ridge,0.0001,0.0,,,,1,True,1.2686803537091385,0.0,False,0
8,Ridge,0.001,0.0,,,,1,True,1.2670560654984868,0.0,False,0
8,Ridge,0.01,0.0,,,,1,True,1.251559305433331,0.0,False,0
8,Ridge,0.1,0.0,,,,1,True,1.1435305794544812,0.0,False,0
8,Ridge,1.0,0.0,,,,2,True,1.5488511053255287,0.0,False,0
8,Ridge,10000.0,0.0,,,,1,True,1.275381537169973,0.0,False,0
8,Ridge,100000.0,0.0,,,,1,True,2.83470716512457,0.0,False,0
8,Ridge,1000000.0,0.0,,,,1,True,4.215452040241906,0.0,False,0
9,Ridge,1e-06,0.0,,,,2,True,2.1136571868296277,0.0,False,0
9,Ridge,1e-05,0.0,,,,2,True,2.1136359996805054,0.0,False,0
9,Ridge,0.0001,0.0,,,,2,True,2.113424233964938,0.0,False,0
9,Ridge,0.001,0.0,,,,2,True,2.111317084883084,0.0,False,0
9,Ridge,0.01,0.0,,,,2,True,2.0912316173795538,0.0,False,0
9,Ridge,0.1,0.0,,,,2,True,1.9509604598184576,0.0,False,0
9,Ridge,1.0,0.0,,,,2,True,1.5236430830031207,0.0,False,0
9,Ridge,10000.0,0.0,,,,1,True,1.212140330443249,0.0,False,0
9,Ridge,100000.0,0.0,,,,1,True,2.6098270358082587,0.0,False,0
9,Ridge,1000000.0,0.0,,,,1,True,3.9958108433166566,0.0,False,0
10,Ridge,1e-06,0.0,,,,2,True,2.3258564487406175,0.0,False,0
10,Ridge,1e-05,0.0,,,,2,True,2.3258374577116285,0.0,False,0
10,Ridge,0.0001,0.0,,,,2,True,2.325647641453429,0.0,False,0
10,Ridge,0.001,0.0,,,,2,True,2.3237588283765014,0.0,False,0
10,Ridge,0.01,0.0,,,,2,True,2.3057549758783717,0.0,False,0
10,Ridge,0.1,0.0,,,,2,True,2.182126374294103,0.0,False,0
10,Ridge,1.0,0.0,,,,2,True,1.8255982226230063,0.0,False,0
10,Ridge,10000.0,0.0,,,,2,True,2.111512235416516,0.0,False,0
10,Ridge,100000.0,0.0,,,,1,True,2.350988614860939,0.0,False,0
10,Ridge,1000000.0,0.0,,,,1,True,3.8134932663080057,0.0,False,0
5,Ridge,1.0,0.0,,,,2,True,0.8996298400788335,0.0,False,0
5,Ridge,1.7782794100389228,0.0,,,,2,True,0.7128660950228888,0.0,False,0
5,LASSO,0.001,1.0,,,,2,True,0.5226944707817359,9.919476254490649e-06,False,0
5,LASSO,0.05623413251903491,1.0,,,,2,True,0.45104926751693936,9.715748715069528e-06,False,0
5,LASSO,0.1,1.0,,,,1,True,0.40672641475110183,3.0251847810275345e-06,False,0
5,ElasticNet,0.001,0.1,,,,1,True,0.5670718671756855,9.805158296075228e-06,False,0
5,ElasticNet,0.0017782794100389228,0.1,,,,1,True,0.4225589332299093,9.225845790082523e-06,False,0
5,ElasticNet,0.0031622776601683794,0.1,,,,2,True,0.6018031835387232,9.904881734848579e-06,False,0
5,ElasticNet,0.005623413251903491,0.1,,,,2,True,0.47930862265604146,9.017711256925046e-06,False,0
5,ElasticNet,0.01,0.1,,,,2,True,0.4244325933383521,9.763900468209635e-06,False,0
5,ElasticNet,0.03162277660168379,0.1,,,,2,True,0.40718030271928596,9.625748380500017e-06,False,0
5,ElasticNet,0.05623413251903491,0.1,,,,2,True,0.4310060665646221,8.287888478659619e-06,False,0
5,ElasticNet,0.1,0.1,,,,2,True,0.48026051778607887,8.545168370399647e-06,False,0
5,ElasticNet,0.001,0.3,,,,1,True,0.464983654173404,9.999657915723051e-06,False,0
5,ElasticNet,0.0017782794100389228,0.3,,,,2,True,0.6041881905999408,9.698610643263752e-06,False,0
5,ElasticNet,0.0031622776601683794,0.3,,,,2,True,0.4631755303342063,9.900561560965233e-06,False,0
5,ElasticNet,0.1,0.3,,,,2,True,0.4810496436479054,8.123927576660084e-06,False,0
5,ElasticNet,0.001,0.5,,,,2,True,0.7082396793673706,9.677497835155514e-06,False,0
5,ElasticNet,0.0017782794100389228,0.5,,,,2,True,0.5068108968853826,9.573940718827839e-06,False,0
5,ElasticNet,0.1,0.5,,,,2,True,0.5314914941407393,9.697217566037586e-06,False,0
5,ElasticNet,0.001,0.7,,,,2,True,0.6094059409590505,9.820397183450853e-06,False,0
5,ElasticNet,0.0017782794100389228,0.7,,,,2,True,0.45509981877340716,9.854508438055225e-06,False,0
5,ElasticNet,0.05623413251903491,0.7,,,,2,True,0.4113829047660742,3.1655716442938187e-06,False,0
5,ElasticNet,0.1,0.7,,,,2,True,0.6019312429115741,2.5936243027713246e-06,False,0
5,ElasticNet,0.001,0.9,,,,2,True,0.5442492843818676,9.608754815060424e-06,False,0
5,ElasticNet,0.0017782794100389228,0.9,,,,2,True,0.4129512782172517,7.906608513484192e-06,False,0
5,ElasticNet,0.05623413251903491,0.9,,,,2,True,0.4344821415272213,5.328190175159231e-06,False,0
5,ElasticNet,0.1,0.9,,,,2,True,0.66853575265708,7.172276830461066e-06,False,0
5,ElasticNet,0.001,0.95,,,,2,True,0.5333179848220534,9.916085874429209e-06,False,0
5,ElasticNet,0.0017782794100389228,0.95,,,,2,True,0.4056335168094811,9.688395992104443e-06,False,0
5,ElasticNet,0.05623413251903491,0.95,,,,2,True,0.4421965797409047,5.980978413998306e-06,False,0
5,ElasticNet,0.1,0.95,,,,2,True,0.6864713033427874,2.9800204191660074e-06,False,0
