degree,model,alpha,l1_ratio,mean_mse,std_mse,mean_r2,evaluated_folds,pruned,mse_lower_bound,max_kkt,converged,warning_count
5,LASSO,0.01,1.0,0.3689315872131685,0.02470182158921095,0.9648963862934138,3,False,0.3689315872131685,5.984886416503243e-06,True,0
5,LASSO,0.01,1.0,0.36893497895141253,0.02470410599612566,0.9648960617643502,3,False,0.36893497895141253,7.664446464187777e-06,True,0
5,ElasticNet,0.01,0.95,0.37055261113824334,0.023557094839763305,0.9647375668371615,3,False,0.3705526111382433,5.0691745454179565e-06,True,0
5,ElasticNet,0.01,0.95,0.37055440913639653,0.023558342180849515,0.9647373948006966,3,False,0.37055440913639653,6.636713733115113e-06,True,0
5,ElasticNet,0.01,0.9,0.37227999572987663,0.02265526504942213,0.9645689819462144,3,False,0.37227999572987663,2.573091290812221e-06,True,0
5,ElasticNet,0.01,0.9,0.37228193069739896,0.022653331232819176,0.9645687940131937,3,False,0.37228193069739896,6.457652564698102e-06,True,0
5,ElasticNet,0.01778279410038923,0.7,0.37768286956671976,0.03593606240590159,0.9640938974891302,3,False,0.37768286956671976,7.335483747818519e-06,True,0
5,ElasticNet,0.01778279410038923,0.9,0.3785869981436674,0.04260784508953646,0.9640372424033256,3,False,0.3785869981436674,8.548000609131384e-06,True,0
5,ElasticNet,0.01778279410038923,0.95,0.38026553341527886,0.04329303174598107,0.9638807184193084,3,False,0.38026553341527886,5.550951914391061e-06,True,0
5,LASSO,0.01778279410038923,1.0,0.3824367066561655,0.044241192372131165,0.9636785366645718,3,False,0.3824367066561655,9.386834749242068e-06,True,0
5,ElasticNet,0.01,0.7,0.38579912607725547,0.017218184866760647,0.9632592462370907,3,False,0.38579912607725547,9.22742076703547e-06,True,0
5,ElasticNet,0.01,0.7,0.3858006511507743,0.017188679370851435,0.9632589521120862,3,False,0.3858006511507743,8.521093947115761e-06,True,0
5,ElasticNet,0.01778279410038923,0.5,0.3905984171189442,0.025656679142658425,0.9628166245278035,3,False,0.3905984171189442,6.657093772949665e-06,True,0
6,LASSO,0.01,1.0,0.3906181921647414,0.013806884936582647,0.962781613606468,3,False,0.3906181921647414,4.2179926916813965e-06,True,0
5,LASSO,0.005623413251903491,1.0,0.3921561453564924,0.018273097088920536,0.9626666645992404,3,False,0.3921561453564924,3.693537146524234e-06,True,0
6,ElasticNet,0.01,0.9,0.39516403067033096,0.01382005270241865,0.9623455773392773,3,False,0.39516403067033096,9.98873741537426e-06,True,0
5,ElasticNet,0.005623413251903491,0.95,0.3960593479653318,0.018010587411268316,0.9622935860887051,3,False,0.39605934796533177,7.352096390874849e-06,True,0
5,ElasticNet,0.005623413251903491,0.9,0.400027254949243,0.01729110918539557,0.9619126461855595,3,False,0.400027254949243,7.323985447546533e-06,True,0
5,ElasticNet,0.01,0.5,0.4055546976318225,0.014302993053232061,0.9613660466823494,3,False,0.4055546976318225,3.4834135082349033e-06,True,0
5,ElasticNet,0.01,0.5,0.4055563344862378,0.014304296642048247,0.9613658755382914,3,False,0.40555633448623785,9.399148518532754e-06,True,0
7,LASSO,0.01,1.0,0.40555905820130606,0.02161904729487094,0.9613691548478204,3,False,0.40555905820130606,9.304283253795329e-06,True,0
5,ElasticNet,0.03162277660168379,0.5,0.4082912911129321,0.05539703244628703,0.9612335619846039,3,False,0.4082912911129321,5.7167453673297175e-06,True,0
7,ElasticNet,0.01,0.9,0.4128776604391007,0.0210996430115519,0.9606639019456988,3,False,0.4128776604391007,9.129034246520631e-06,True,0
6,ElasticNet,0.01,0.7,0.41348075401404677,0.016377317749157554,0.9606207521559358,3,False,0.41348075401404677,8.093926109536097e-06,True,0
5,ElasticNet,0.01778279410038923,0.3,0.41524417264339325,0.020287811746726822,0.9604520319690399,3,False,0.41524417264339325,4.409377208252838e-06,True,0
5,ElasticNet,0.03162277660168379,0.7,0.417094291803447,0.06353694078669803,0.9604390144022591,3,False,0.417094291803447,2.846839260561146e-06,True,0
5,ElasticNet,0.005623413251903491,0.7,0.42119880982054553,0.018997294539652338,0.9598995128865887,3,False,0.42119880982054553,9.607774090065503e-06,True,0
5,ElasticNet,0.03162277660168379,0.3,0.4237047849651232,0.040285009502832536,0.9597051935583946,3,False,0.4237047849651232,9.637721385973366e-06,True,0
8,ElasticNet,0.01,0.9,0.424718632074412,0.020520787907904257,0.959537129489786,3,False,0.4247186320744121,4.975020248641944e-05,True,0
7,ElasticNet,0.01,0.7,0.43291545535321846,0.028425901042537345,0.9587774170950563,3,False,0.43291545535321846,7.682695296278193e-06,True,0
5,ElasticNet,0.03162277660168379,0.9,0.43453549375973216,0.07204514967448365,0.9588115865907375,3,False,0.43453549375973216,4.1662726419956775e-06,True,0
5,ElasticNet,0.03162277660168379,0.95,0.4385747613901918,0.07311415565091112,0.9584297241180044,3,False,0.4385747613901918,8.380619156898167e-06,True,0
5,LASSO,0.03162277660168379,1.0,0.44242408295894836,0.0736011146287313,0.9580647697889848,3,False,0.4424240829589485,8.778174135984362e-06,True,0
5,LASSO,0.0031622776601683794,1.0,0.4438774763056174,0.028756745258883425,0.9577721458325046,3,False,0.4438774763056174,4.745585656367162e-06,True,0
5,ElasticNet,0.0031622776601683794,0.95,0.4496136500440324,0.029517864685745954,0.9572278686788582,3,False,0.4496136500440324,6.33456437667667e-06,True,0
8,ElasticNet,0.01,0.7,0.45024533282445295,0.02977980532070058,0.9571316585316919,3,False,0.45024533282445295,1.7971321004553974e-05,True,0
6,ElasticNet,0.01,0.5,0.4504461245737626,0.03855042908006529,0.9571816667026304,3,False,0.4504461245737626,9.907356894494831e-06,True,0
5,ElasticNet,0.01,0.3,0.4513186672071107,0.010987548401918693,0.9569966388543749,3,False,0.4513186672071107,9.373894533351926e-06,True,0
5,ElasticNet,0.01,0.3,0.4513211296617186,0.011004568490272424,0.9569964643688457,3,False,0.4513211296617186,7.963215120767708e-06,True,0
9,ElasticNet,0.01,0.7,0.4543542555080813,0.02646138299310099,0.9567067641050624,3,False,0.4543542555080813,2.4319737885989366e-05,True,0
5,ElasticNet,0.0031622776601683794,0.9,0.456013435533878,0.03074435912845158,0.9566218863462251,3,False,0.456013435533878,9.948808676172108e-06,True,0
5,ElasticNet,0.005623413251903491,0.5,0.45637567936748535,0.022370732518775905,0.9565565587706919,3,False,0.45637567936748535,8.459566381871682e-06,True,0
5,ElasticNet,0.05623413251903491,0.3,0.4745441788850712,0.07654304297827084,0.9549827498121362,3,False,0.4745441788850713,9.41839164520647e-06,True,0
7,ElasticNet,0.01,0.5,0.47694967108076874,0.03349595313338025,0.9545852360857809,3,False,0.47694967108076874,9.23616413458627e-06,True,0
10,ElasticNet,0.01,0.7,0.4808805353539256,0.02695553308503874,0.9541718554046711,3,False,0.4808805353539256,3.701354366146027e-05,True,0
5,ElasticNet,0.0031622776601683794,0.7,0.4899875191820265,0.03834018984908194,0.9534097842455678,3,False,0.4899875191820265,9.952102505252688e-06,True,0
5,ElasticNet,0.05623413251903491,0.5,0.49120727853439333,0.08405756871384384,0.9534397414454907,3,False,0.49120727853439333,9.320144846051981e-06,True,0
5,ElasticNet,0.03162277660168379,0.1,0.49355217179391286,0.01941979331984296,0.9530011448244745,3,False,0.49355217179391286,8.928171670629596e-06,True,0
8,ElasticNet,0.01,0.5,0.4958644395841802,0.04136698321179706,0.9528334065771871,3,False,0.4958644395841802,9.819884528678921e-06,True,0
9,ElasticNet,0.01,0.5,0.5062767159776352,0.03539839166913013,0.9518085757640994,3,False,0.5062767159776352,1.0659747842273887e-05,True,0
5,ElasticNet,0.05623413251903491,0.1,0.5128856341209337,0.04660136359935384,0.9512494602243674,3,False,0.5128856341209337,9.325894157803487e-06,True,0
7,ElasticNet,0.1,0.1,0.5183509502775328,0.04982422129896687,0.9507291880111047,3,False,0.5183509502775328,6.890195578791725e-06,True,0
5,ElasticNet,0.05623413251903491,0.7,0.5205791356239376,0.10215082576456998,0.9507157021875307,3,False,0.5205791356239376,8.686867258654585e-06,True,0
5,ElasticNet,0.01778279410038923,0.1,0.5224552362785182,0.012679111755640427,0.9501635097477923,3,False,0.5224552362785182,9.708789537259772e-06,True,0
5,ElasticNet,0.005623413251903491,0.3,0.5293707209705372,0.02808375457033206,0.9496110850913947,3,False,0.5293707209705372,9.843476696078709e-06,True,0
6,ElasticNet,0.01,0.3,0.5296456587602094,0.05696319163489775,0.9496853004668407,3,False,0.5296456587602094,4.045312602847084e-06,True,0
5,LASSO,0.0017782794100389228,1.0,0.5338199376665943,0.06258135581972787,0.9493176915363296,3,False,0.5338199376665943,9.66618139840278e-06,True,0
8,ElasticNet,0.1,0.1,0.5340239956922591,0.05708786142408438,0.949250202405231,3,False,0.5340239956922591,9.395315253051678e-06,True,0
9,ElasticNet,0.1,0.1,0.5433747293720422,0.04123990957147858,0.9483066055672479,3,False,0.5433747293720422,8.150390706262653e-06,True,0
5,ElasticNet,0.0017782794100389228,0.95,0.545087113419552,0.06431593440053965,0.9482494776948522,3,False,0.5450871134195518,9.27350370408947e-06,True,0
5,ElasticNet,0.0031622776601683794,0.5,0.5497975892991378,0.04640722122396006,0.9477343259898117,3,False,0.5497975892991378,9.789532730564154e-06,True,0
7,ElasticNet,0.01,0.3,0.5514025473220093,0.050181083743126936,0.9475605235767698,3,False,0.5514025473220093,9.054552482055857e-06,True,0
5,ElasticNet,0.05623413251903491,0.9,0.5559026967851403,0.1214885244471787,0.9474203162711158,3,False,0.5559026967851403,5.67244143913348e-06,True,0
5,ElasticNet,0.0017782794100389228,0.9,0.5580953481257311,0.06598924270837925,0.9470149796954056,3,False,0.5580953481257311,9.066134458242565e-06,True,0
10,ElasticNet,0.1,0.1,0.5587262910097776,0.0441133504437769,0.9468513374075731,3,False,0.5587262910097776,4.683875810857982e-06,True,0
7,ElasticNet,0.1,0.3,0.5651555339150407,0.10571083097048646,0.9464524708859972,3,False,0.5651555339150407,8.460503789661095e-06,True,0
5,ElasticNet,0.05623413251903491,0.95,0.5657592911614905,0.12420046524040816,0.9464905021798079,3,False,0.5657592911614906,3.2240656112972332e-06,True,0
6,ElasticNet,0.1,0.1,0.5722096860569118,0.0786369434297198,0.9456959629386702,3,False,0.5722096860569118,6.816006215942458e-06,True,0
5,LASSO,0.05623413251903491,1.0,0.5766207532149149,0.12723577212432235,0.9454659104505193,3,False,0.5766207532149149,9.857078278226183e-06,True,0
8,ElasticNet,0.1,0.3,0.5772340925093072,0.1076618546211538,0.9453118437139842,3,False,0.5772340925093072,5.418313882819131e-06,True,0
5,ElasticNet,0.1,0.1,0.5790308546170674,0.07665862780483022,0.9450262838458291,3,False,0.5790308546170674,8.22839900649873e-06,True,0
5,ElasticNet,0.1,0.1,0.5790385256621805,0.07665467642596217,0.9450255264151548,3,False,0.5790385256621805,7.654340013037858e-06,True,0
9,ElasticNet,0.1,0.3,0.5847265697478299,0.1031451309292757,0.9445780794989393,3,False,0.5847265697478299,1.992182544831994e-05,True,0
6,ElasticNet,0.1,0.3,0.5921717774346908,0.12294618261240431,0.9439346342104068,3,False,0.5921717774346908,3.047044257419723e-06,True,0
10,ElasticNet,0.1,0.3,0.5925137247955878,0.10153142115430831,0.9438357419289619,3,False,0.5925137247955878,1.9019769023478905e-05,True,0
5,ElasticNet,0.1,0.3,0.5929400976936572,0.11184691824026838,0.9438280183300085,3,False,0.5929400976936573,8.260917991748107e-06,True,0
5,ElasticNet,0.1,0.3,0.5929419824434562,0.1118468610228272,0.9438278381163975,3,False,0.5929419824434562,5.189111160625037e-06,True,0
8,ElasticNet,0.01,0.3,0.5931718948951167,0.046214294797989004,0.9435797495326986,3,False,0.5931718948951167,7.960238593012533e-06,True,0
5,ElasticNet,0.01,0.1,0.5933013066737352,0.02050721083831933,0.9434135118464987,3,False,0.5933013066737352,8.762146012448275e-06,True,0
9,ElasticNet,0.01,0.3,0.6113585908814061,0.03727087308027091,0.9418254965980122,3,False,0.6113585908814061,2.8687361713145444e-05,True,0
5,Ridge,31.622776601683793,0.0,0.6314127577078069,0.020516875814024657,0.9398215854416043,3,False,0.6314127577078069,0.0,True,0
5,Ridge,17.78279410038923,0.0,0.6420937918189814,0.02777679824119956,0.9387012865197528,3,False,0.6420937918189814,0.0,True,0
5,Ridge,56.23413251903491,0.0,0.6592287068418222,0.04478202818938972,0.9372890187336743,3,False,0.6592287068418221,0.0,True,0
7,ElasticNet,0.1,0.5,0.6597570769667866,0.14234520294260236,0.9375822898101833,3,False,0.6597570769667866,9.570751952542311e-06,True,0
5,ElasticNet,0.1,0.5,0.6660530446215187,0.1375512501811449,0.9369673817719106,3,False,0.6660530446215186,9.662836513484041e-06,True,0
8,ElasticNet,0.1,0.5,0.6693090485671013,0.14606063707609943,0.9366865406649492,3,False,0.6693090485671013,1.8836776717191805e-05,True,0
9,ElasticNet,0.1,0.5,0.677969271663499,0.14064996534397514,0.9358399081332095,3,False,0.6779692716634992,2.029801781055357e-05,True,0
6,ElasticNet,0.1,0.5,0.678046153273169,0.15373987965145394,0.9358783842114972,3,False,0.678046153273169,6.222498516506025e-06,True,0
5,Ridge,10.0,0.0,0.6904306663881951,0.0437300053155877,0.9340181722031394,3,False,0.6904306663881951,0.0,True,0
5,Ridge,10.0,0.0,0.6904306663881953,0.04373000531558766,0.9340181722031394,3,False,0.6904306663881951,0.0,True,0
4,LASSO,0.01,1.0,0.7009725138430238,0.08687169941901858,0.9334389969681712,3,False,0.7009725138430238,7.139399592185486e-06,True,0
4,ElasticNet,0.01,0.95,0.7039632022715256,0.08496425008544609,0.9331522240645825,3,False,0.7039632022715256,7.916252674149138e-06,True,0
4,ElasticNet,0.01,0.9,0.7085248963154468,0.08179396118016492,0.9327109454418658,3,False,0.7085248963154468,9.324416079998371e-06,True,0
5,LASSO,0.001,1.0,0.7263065680394235,0.08156783344276708,0.9310269798895091,3,False,0.7263065680394235,9.760022144113733e-06,True,0
7,Ridge,100.0,0.0,0.7276982308239295,0.03743994947597375,0.9306705909453212,3,False,0.7276982308239295,0.0,True,0
6,ElasticNet,0.01,0.1,0.7279324279702052,0.03180202601257255,0.9305642697950239,3,False,0.7279324279702052,9.867310837926354e-06,True,0
5,Ridge,100.0,0.0,0.7329837772426729,0.07994537780923594,0.93038663194818,3,False,0.7329837772426729,0.0,True,0
5,Ridge,100.0,0.0,0.7329837772426729,0.07994537780923594,0.93038663194818,3,False,0.7329837772426729,0.0,True,0
4,ElasticNet,0.01,0.7,0.7333321956100645,0.06506643235977233,0.9302973024872595,3,False,0.7333321956100645,6.912828101354393e-06,True,0
5,ElasticNet,0.001,0.95,0.7475069060245741,0.08087577261975505,0.9290034248537111,3,False,0.7475069060245741,8.921690125779499e-06,True,0
5,ElasticNet,0.1,0.7,0.759364035259865,0.16450239241159786,0.9281731015772682,3,False,0.759364035259865,3.466031927593094e-06,True,0
4,ElasticNet,0.01,0.5,0.7603046551940636,0.05196948343871615,0.9276776495374982,3,False,0.7603046551940636,8.885064978467194e-06,True,0
6,Ridge,100.0,0.0,0.7640551229720569,0.06723299521676183,0.9273774368628058,3,False,0.7640551229720569,0.0,True,0
7,ElasticNet,0.1,0.7,0.7680831583587366,0.17440257280793708,0.9273736793802448,3,False,0.7680831583587366,5.279883720635259e-06,True,0
5,ElasticNet,0.001,0.9,0.7705430266948566,0.08217094405324965,0.9268113630272591,3,False,0.7705430266948566,9.820433976575824e-06,True,0
8,ElasticNet,0.1,0.7,0.7777734852716964,0.16543735574842666,0.9264178358286629,3,False,0.7777734852716964,2.9413628932245528e-05,True,0
6,ElasticNet,0.1,0.7,0.7788430304266013,0.17715873282923128,0.926358108943555,3,False,0.7788430304266013,4.566692668420136e-06,True,0
5,Ridge,5.623413251903491,0.0,0.7841074078826149,0.050767369881273366,0.925050742761008,3,False,0.784107407882615,0.0,True,0
9,ElasticNet,0.1,0.7,0.7878669390268187,0.1619849654923152,0.9254420485693052,3,False,0.7878669390268187,2.8285176926573508e-05,True,0
7,ElasticNet,0.01,0.1,0.7958687670978263,0.020728437982369216,0.9241324431700922,3,False,0.7958687670978263,2.3268761587042245e-05,True,0
4,ElasticNet,0.01,0.3,0.799462946450054,0.05076470617107286,0.9239037734826233,3,False,0.799462946450054,9.41532973906551e-06,True,0
4,ElasticNet,0.01,0.1,0.8513969534178161,0.054056098270176205,0.9188492110166759,3,False,0.8513969534178161,9.54896546218921e-06,True,0
6,LASSO,0.001,1.0,0.8635461653678768,0.07863870728673363,0.9177358387554654,3,False,0.8635461653678768,6.941254738504921e-06,True,0
4,Ridge,10.0,0.0,0.8638205906737078,0.03054289415555829,0.917671566712202,3,False,0.8638205906737078,0.0,True,0
5,ElasticNet,0.1,0.9,0.8709676485139992,0.18943558070093183,0.9176210624690322,3,False,0.8709676485139992,7.405764671536419e-06,True,0
4,ElasticNet,0.1,0.1,0.8817874960620945,0.1316019716435638,0.916334347867117,3,False,0.8817874960620945,7.659171674744003e-06,True,0
6,ElasticNet,0.001,0.95,0.8847360232569667,0.07677419533143756,0.9156800553973011,3,False,0.8847360232569667,9.049521347979234e-06,True,0
5,ElasticNet,0.001,0.7,0.888816988867695,0.08457612459266577,0.9155420434660638,3,False,0.888816988867695,9.864735408282501e-06,True,0
6,ElasticNet,0.1,0.9,0.8890380436315262,0.1944508430805256,0.9159105491989677,3,False,0.8890380436315262,2.343200858900829e-05,True,0
7,ElasticNet,0.1,0.9,0.8894762035596336,0.19954092586113398,0.915888214476316,3,False,0.8894762035596337,5.6656486310119325e-06,True,0
8,ElasticNet,0.01,0.1,0.8974068951758326,0.038948302850349496,0.9142907301850558,3,False,0.8974068951758326,4.092390373546797e-05,True,0
8,Ridge,100.0,0.0,0.9022852749988592,0.07307538606062669,0.9141414147972334,3,False,0.9022852749988592,0.0,True,0
5,ElasticNet,0.1,0.95,0.9023720629892478,0.19055721091329952,0.9146291411770164,3,False,0.9023720629892478,2.9718385542998327e-06,True,0
4,LASSO,0.001,1.0,0.9050889903552858,0.10651340454350607,0.9138021298334627,3,False,0.9050889903552858,8.700754129756629e-06,True,0
6,ElasticNet,0.001,0.9,0.9064875607780326,0.07385908295375644,0.9135682428637756,3,False,0.9064875607780326,6.996590877219222e-06,True,0
4,ElasticNet,0.001,0.95,0.908617563856773,0.10743923215174117,0.913460884449397,3,False,0.908617563856773,7.663695931481914e-06,True,0
4,ElasticNet,0.001,0.9,0.9123939555340908,0.10848139917359553,0.9130961157987674,3,False,0.9123939555340908,9.512493817917804e-06,True,0
6,ElasticNet,0.1,0.95,0.9192809902590051,0.19563352600120876,0.9130300121431958,3,False,0.9192809902590051,8.58988139412764e-06,True,0
4,ElasticNet,0.1,0.3,0.9256235999354704,0.1681286685003395,0.9123058580103808,3,False,0.9256235999354704,5.4361424040270945e-06,True,0
4,ElasticNet,0.001,0.7,0.9268411146627735,0.11135165193481043,0.9116921112868437,3,False,0.9268411146627735,9.741046186241531e-06,True,0
6,Ridge,10.0,0.0,0.9324821875562165,0.06415328443416073,0.9108590217487226,3,False,0.9324821875562165,0.0,True,0
5,LASSO,0.1,1.0,0.9354112597218629,0.18891354678347663,0.9114699563997419,3,False,0.9354112597218629,9.532086520644412e-06,True,0
4,ElasticNet,0.001,0.5,0.9428540276329205,0.11312931104212857,0.9101344135097982,3,False,0.9428540276329205,9.167755601949745e-06,True,0
6,LASSO,0.1,1.0,0.9540609049774242,0.19561721898304268,0.9097111756818405,3,False,0.9540609049774242,7.627867038340064e-06,True,0
7,LASSO,0.1,1.0,0.9563301302757975,0.20400259090650744,0.9095272954793749,3,False,0.9563301302757975,3.8575106002733395e-05,True,0
4,ElasticNet,0.001,0.3,0.9626704635191293,0.11675551180042532,0.9082243203912804,3,False,0.9626704635191293,8.92445322573358e-06,True,0
4,Ridge,1.0,0.0,0.9779938851737625,0.11679770697006901,0.9066901582560764,3,False,0.9779938851737625,0.0,True,0
9,Ridge,100.0,0.0,0.9783346976511323,0.12197951967474525,0.9069170642806462,3,False,0.9783346976511323,0.0,True,0
4,ElasticNet,0.001,0.1,0.9889884060519295,0.12307527346133626,0.9056855460755693,3,False,0.9889884060519295,9.848892115771533e-06,True,0
4,ElasticNet,0.1,0.5,0.9903691151378844,0.2019697964899268,0.9062775460844947,3,False,0.9903691151378844,3.9352052542546145e-06,True,0
4,LASSO,0.0001,1.0,1.0258680101166195,0.13873146933758393,0.902221618272529,3,False,1.0258680101166195,8.883567610206859e-06,True,0
4,ElasticNet,0.0001,0.95,1.026755262159596,0.13899511474795107,0.9021360667596129,3,False,1.026755262159596,8.730973086236812e-06,True,0
4,ElasticNet,0.0001,0.9,1.0277828908975206,0.13941449116961357,0.9020359291139447,3,False,1.0277828908975206,6.38926945062194e-06,True,0
4,ElasticNet,0.0001,0.7,1.0311415553578802,0.14049874065728735,0.9017132002144761,3,False,1.0311415553578802,8.492318773402775e-06,True,0
4,ElasticNet,0.0001,0.5,1.0347107599490517,0.14107301747594125,0.9013698228290289,3,False,1.0347107599490517,7.217581582194406e-06,True,0
7,LASSO,0.001,1.0,1.0363835652018623,0.14135244064716812,0.9015641020227255,3,False,1.0363835652018623,3.206740264490211e-05,True,0
4,ElasticNet,0.0001,0.3,1.0382384444041648,0.14159074012521725,0.9010297265354604,3,False,1.038238444404165,9.04955296130808e-06,True,0
4,Ridge,0.1,0.0,1.0392303633980913,0.14090251648749266,0.9009212021815686,3,False,1.0392303633980913,0.0,True,0
4,ElasticNet,0.0001,0.1,1.0420486215394953,0.14241777113844653,0.900661541468053,3,False,1.0420486215394953,9.51153060727654e-06,True,0
4,Ridge,100.0,0.0,1.045904432424285,0.13110145831495185,0.9006713338519056,3,False,1.045904432424285,0.0,True,0
4,LASSO,1e-05,1.0,1.0472277986469933,0.14446625227703078,0.9001742570874341,3,False,1.0472277986469933,8.11125479076542e-06,True,0
4,ElasticNet,1e-05,0.95,1.047288876229347,0.144454463469161,0.9001684757201921,3,False,1.047288876229347,9.370109848806987e-06,True,0
4,ElasticNet,1e-05,0.9,1.0473840479740038,0.14446273304463686,0.9001590951158231,3,False,1.0473840479740038,9.597205932327604e-06,True,0
4,ElasticNet,1e-05,0.7,1.0478608428310368,0.14457761099998725,0.9001130976889297,3,False,1.0478608428310368,9.874466796944137e-06,True,0
4,ElasticNet,1e-05,0.5,1.0481683526694539,0.14455424637694347,0.9000835900768664,3,False,1.0481683526694536,9.743419461982731e-06,True,0
4,ElasticNet,1e-05,0.3,1.0486835742809706,0.14471751652091874,0.9000333216209747,3,False,1.0486835742809706,9.173034059861253e-06,True,0
4,Ridge,0.01,0.0,1.0487154983034874,0.1446347649084404,0.900028050458422,3,False,1.0487154983034874,0.0,True,0
4,ElasticNet,1e-05,0.1,1.048999412211902,0.14471013081341116,0.9000029361995209,3,False,1.048999412211902,9.803609780894221e-06,True,0
4,ElasticNet,1e-06,0.7,1.0492664447535942,0.14488137439205614,0.8999777774101826,3,False,1.0492664447535942,9.534440688215751e-06,True,0
4,LASSO,1e-06,1.0,1.0492759791452182,0.14500219833201208,0.8999767648478126,3,False,1.0492759791452184,9.781448928809627e-06,True,0
4,ElasticNet,1e-06,0.95,1.0492886258538963,0.1449967369843488,0.899975559530815,3,False,1.049288625853896,9.375356660695775e-06,True,0
4,ElasticNet,1e-06,0.5,1.0493187731567701,0.14485001840274792,0.8999726831349065,3,False,1.0493187731567701,9.106515955851586e-06,True,0
4,ElasticNet,1e-06,0.1,1.04931886285305,0.14470650550434433,0.8999722481400695,3,False,1.04931886285305,9.949313615943662e-06,True,0
4,ElasticNet,1e-06,0.9,1.0493206740460395,0.14501425815046262,0.8999723437304752,3,False,1.0493206740460395,9.229007363520456e-06,True,0
4,ElasticNet,1e-06,0.3,1.049479974618195,0.1449964923126172,0.8999568134834002,3,False,1.049479974618195,9.750772173419108e-06,True,0
4,Ridge,0.001,0.0,1.0497193069544792,0.14503125166165862,0.8999335131173147,3,False,1.049719306954479,0.0,True,0
4,Ridge,0.0001,0.0,1.0498202769286766,0.14507114881457867,0.8999240037137272,3,False,1.0498202769286766,0.0,True,0
4,Ridge,1e-05,0.0,1.049830379855759,0.1450751410313514,0.8999230522129937,3,False,1.049830379855759,0.0,True,0
4,Ridge,1e-06,0.0,1.049831390207803,0.14507554027806033,0.899922957057313,3,False,1.049831390207803,0.0,True,0
6,ElasticNet,0.001,0.7,1.0548810316098107,0.08313059822812383,0.8992849883590494,3,False,1.0548810316098107,6.652245038805331e-06,True,0
5,ElasticNet,0.001,0.5,1.0703177011326461,0.06617318859236357,0.8981533825130076,3,False,1.0703177011326461,9.799620322499753e-06,True,0
4,ElasticNet,0.1,0.7,1.0703428995567101,0.23204633867210506,0.8987637602948699,3,False,1.0703428995567101,1.7343901001776185e-06,True,0
7,ElasticNet,0.001,0.9,1.085353555839811,0.13433482143653677,0.8968861945846709,3,False,1.085353555839811,1.308954241823054e-05,True,0
9,LASSO,0.001,1.0,1.1307690769233645,0.15581630347212028,0.8926675630660488,3,False,1.1307690769233645,4.460248282487289e-05,True,0
3,ElasticNet,0.01,0.5,1.1428183858519205,0.13501903593928366,0.8914502744301323,3,False,1.1428183858519205,7.3785995694476345e-06,True,0
3,ElasticNet,0.01,0.7,1.143282542122009,0.14046350055202092,0.8914118783260087,3,False,1.143282542122009,6.549373892246815e-06,True,0
3,ElasticNet,0.01,0.3,1.1438194457027258,0.1284295371744212,0.8913463372082656,3,False,1.1438194457027258,9.987925623864378e-06,True,0
3,ElasticNet,0.01,0.9,1.1441744893418295,0.14374165330812483,0.8913295524456029,3,False,1.1441744893418295,7.220870098552726e-06,True,0
3,ElasticNet,0.01,0.95,1.1450183594851235,0.1449167491384354,0.8912527527313531,3,False,1.1450183594851235,5.347806838383595e-06,True,0
3,LASSO,0.01,1.0,1.1460448731691661,0.14609092014109032,0.8911585646530163,3,False,1.146044873169166,7.662263436005942e-06,True,0
3,ElasticNet,0.01,0.1,1.1470025911695334,0.12291308838997445,0.8910353782188608,3,False,1.1470025911695334,5.596909585238799e-06,True,0
3,Ridge,10.0,0.0,1.1538368144804056,0.1281752111059368,0.8903977728090933,3,False,1.1538368144804056,0.0,True,0
3,LASSO,0.001,1.0,1.1565699783238468,0.11565695357362321,0.8901106504219586,3,False,1.1565699783238468,8.492928458503357e-06,True,0
3,ElasticNet,0.001,0.95,1.1567442106743506,0.11565662174543133,0.8900941281602256,3,False,1.1567442106743506,4.413405347710353e-06,True,0
3,ElasticNet,0.001,0.9,1.1569132207021289,0.11566315591662785,0.8900781222793651,3,False,1.1569132207021289,6.224546236634578e-06,True,0
3,ElasticNet,0.001,0.7,1.1576514265443176,0.1156539039806328,0.8900080527952765,3,False,1.1576514265443176,9.163803862887571e-06,True,0
3,Ridge,1.0,0.0,1.1578832656341465,0.1161141808748945,0.8899875081806656,3,False,1.1578832656341465,0.0,True,0
4,ElasticNet,0.1,0.9,1.158133919268827,0.2503193041802306,0.8904574466584135,3,False,1.158133919268827,7.916207012972909e-06,True,0
3,ElasticNet,0.001,0.5,1.1584290127470644,0.11570558526352209,0.8899344284879818,3,False,1.1584290127470644,9.377049474494788e-06,True,0
3,ElasticNet,0.001,0.3,1.1592269098011476,0.11579432007522775,0.8898589741356316,3,False,1.1592269098011476,8.889570844943786e-06,True,0
3,ElasticNet,0.001,0.1,1.160138046351329,0.11584120867045239,0.8897725909766705,3,False,1.160138046351329,9.693237995083415e-06,True,0
3,LASSO,0.0001,1.0,1.1636210672773595,0.11557875482959143,0.8894408402085533,3,False,1.1636210672773595,6.857164285752786e-06,True,0
3,ElasticNet,0.0001,0.95,1.1636376878610963,0.11559142124828334,0.8894393044757664,3,False,1.1636376878610963,9.535051862448102e-06,True,0
3,ElasticNet,0.0001,0.9,1.1636503604788844,0.11560658929499536,0.8894381506463259,3,False,1.1636503604788844,8.907834840542685e-06,True,0
3,Ridge,0.1,0.0,1.163673055839957,0.11574310210338547,0.8894364467337067,3,False,1.163673055839957,0.0,True,0
3,ElasticNet,0.0001,0.7,1.1637416283383137,0.1156260073980265,0.8894295427521871,3,False,1.1637416283383137,7.756626117195605e-06,True,0
3,ElasticNet,0.0001,0.5,1.16381141060712,0.11566481723241236,0.889423041744173,3,False,1.16381141060712,9.15830613750642e-06,True,0
3,ElasticNet,0.0001,0.3,1.1639112508881941,0.11567496265335764,0.889413582544182,3,False,1.1639112508881941,8.912995408226164e-06,True,0
3,ElasticNet,0.0001,0.1,1.1639958327369766,0.11570480813352514,0.8894056475485889,3,False,1.1639958327369764,8.417854221867245e-06,True,0
3,LASSO,1e-05,1.0,1.1643842265253346,0.11572131668843258,0.8893688038295319,3,False,1.1643842265253346,9.762972032640523e-06,True,0
3,ElasticNet,1e-05,0.95,1.1643864537650566,0.1157221394189781,0.8893685946123367,3,False,1.1643864537650563,9.452357477102373e-06,True,0
3,ElasticNet,1e-05,0.9,1.1643886903391938,0.11572268036090579,0.8893683835297157,3,False,1.1643886903391938,9.251422114111999e-06,True,0
3,ElasticNet,1e-05,0.7,1.1643905780880024,0.11573663249677162,0.8893682517790594,3,False,1.1643905780880024,9.63272570532481e-06,True,0
3,Ridge,0.01,0.0,1.1643906287026498,0.11573909765052917,0.8893682464336713,3,False,1.1643906287026498,0.0,True,0
3,ElasticNet,1e-05,0.5,1.1644048703483005,0.11574554561040454,0.8893669253262999,3,False,1.1644048703483005,8.78061367397943e-06,True,0
3,ElasticNet,1e-05,0.3,1.1644095149879898,0.11575431912160729,0.8893665167296246,3,False,1.1644095149879898,9.848406220362682e-06,True,0
3,ElasticNet,1e-05,0.1,1.164418434979689,0.11575116972043777,0.8893656550006263,3,False,1.164418434979689,8.868145220824598e-06,True,0
3,Ridge,0.001,0.0,1.1644639818854146,0.11573909855679626,0.8893612756758542,3,False,1.1644639818854146,0.0,True,0
3,LASSO,1e-06,1.0,1.1644657140817876,0.11572567837528798,0.8893610573543156,3,False,1.1644657140817876,8.438448864567251e-06,True,0
3,ElasticNet,1e-06,0.95,1.164465812769807,0.1157261068254372,0.8893610496374761,3,False,1.164465812769807,8.134261818631922e-06,True,0
3,ElasticNet,1e-06,0.9,1.1644658528125917,0.11572660758951044,0.889361047704713,3,False,1.1644658528125917,7.805513467468058e-06,True,0
3,ElasticNet,1e-06,0.5,1.164467109931522,0.11572628212285457,0.8893609254047101,3,False,1.1644671099315222,9.306671102613126e-06,True,0
3,ElasticNet,1e-06,0.7,1.1644692945044683,0.11572664074427699,0.8893607189462989,3,False,1.1644692945044683,9.69371022521587e-06,True,0
3,ElasticNet,1e-06,0.3,1.164469886768641,0.11572751218627811,0.889360669261042,3,False,1.164469886768641,5.542016446457322e-06,True,0
3,ElasticNet,1e-06,0.1,1.1644699307855475,0.1157304416977268,0.8893606761580797,3,False,1.1644699307855475,4.8023539172084594e-06,True,0
3,Ridge,0.0001,0.0,1.164471333402164,0.11573910274333993,0.8893605770702274,3,False,1.164471333402164,0.0,True,0
3,Ridge,1e-05,0.0,1.1644720687160666,0.11573910320303739,0.8893605071943435,3,False,1.1644720687160666,0.0,True,0
3,Ridge,1e-06,0.0,1.1644721422490794,0.11573910324941768,0.8893605002066018,3,False,1.1644721422490794,0.0,True,0
8,ElasticNet,0.001,0.9,1.1668858978151417,0.07092243062671749,0.8886833418432155,3,False,1.1668858978151417,2.0310550936488976e-05,True,0
10,Ridge,100.0,0.0,1.1824325151132558,0.13018681950617297,0.8874739709420147,3,False,1.1824325151132558,0.0,True,0
4,ElasticNet,0.1,0.95,1.1847915519109542,0.24961589997127354,0.8879127240420971,3,False,1.1847915519109542,2.312204616133906e-06,True,0
10,ElasticNet,0.001,0.9,1.2126873597119132,0.11931210788827769,0.8847147641495807,3,False,1.2126873597119132,4.4286570969473784e-05,True,0
9,Ridge,1000.0,0.0,1.228004856754622,0.1076547353695586,0.8832746921196545,3,False,1.228004856754622,0.0,True,0
8,ElasticNet,0.001,0.7,1.2534089759822826,0.07784297324054454,0.880467952978067,3,False,1.2534089759822826,1.666537012737885e-05,True,0
7,ElasticNet,0.001,0.7,1.2605297576325372,0.11790149798664998,0.8799896572119731,3,False,1.260529757632537,1.0543786692177233e-05,True,0
6,ElasticNet,0.001,0.5,1.2887966426712258,0.09526857496721981,0.8770129163214726,3,False,1.2887966426712258,9.711538088675318e-06,True,0
10,Ridge,1000.0,0.0,1.2969925658556865,0.185123955990475,0.8769793315608087,3,False,1.2969925658556865,0.0,True,0
10,ElasticNet,0.001,0.7,1.2980690620889326,0.11167476854247226,0.8765486048178076,3,False,1.2980690620889326,2.4005141233946858e-05,True,0
8,Ridge,1000.0,0.0,1.2993423475564905,0.17609472803287776,0.8767025513535899,3,False,1.2993423475564905,0.0,True,0
3,ElasticNet,0.1,0.1,1.3072511831699973,0.17828819572593657,0.8759133654383415,3,False,1.3072511831699973,8.727024800196659e-06,True,0
9,ElasticNet,0.001,0.7,1.314326683715132,0.08956425819803214,0.8748977711319452,3,False,1.314326683715132,2.8977326620926286e-05,True,0
5,ElasticNet,0.001,0.3,1.3349066351262502,0.08887817946493222,0.8730003327140431,3,False,1.3349066351262502,9.831988722756033e-06,True,0
3,ElasticNet,0.1,0.3,1.3664009652434876,0.2064366080098191,0.8704009918431299,3,False,1.3664009652434876,8.927140369201225e-06,True,0
8,ElasticNet,0.001,0.5,1.3975905427831243,0.11918598782659866,0.8667254609397076,3,False,1.3975905427831243,1.783574360840896e-05,True,0
3,ElasticNet,0.1,0.5,1.408582017132921,0.21192677557724807,0.8664111015499648,3,False,1.4085820171329209,2.0611781570908927e-06,True,0
10,ElasticNet,0.001,0.5,1.4589434829652463,0.08935035863525341,0.8611856469338126,3,False,1.4589434829652463,1.8403495765230687e-05,True,0
3,ElasticNet,0.1,0.7,1.4680459794157354,0.22072758933500217,0.8607857098072326,3,False,1.4680459794157354,2.249011140084689e-06,True,0
7,ElasticNet,0.001,0.5,1.5009607808213163,0.1639464569555394,0.8567817855201078,3,False,1.5009607808213163,9.170987463551867e-06,True,0
9,ElasticNet,0.001,0.5,1.5107645137421055,0.06473627967290467,0.8561031912581246,3,False,1.5107645137421055,2.1000941671089164e-05,True,0
3,Ridge,100.0,0.0,1.5354292741573528,0.18892658817173544,0.8541786348081111,3,False,1.5354292741573528,0.0,True,0
3,ElasticNet,0.1,0.9,1.536065855581952,0.2330163698523072,0.8543534748932476,3,False,1.536065855581952,8.61872179847012e-06,True,0
3,ElasticNet,0.1,0.95,1.5510620027264954,0.23338609683911488,0.8529251250859927,3,False,1.5510620027264954,2.2653017262008746e-07,True,0
3,LASSO,0.1,1.0,1.5676913630592157,0.23361348082526226,0.8513401613835119,3,False,1.5676913630592157,1.4845136077357157e-07,True,0
9,ElasticNet,1.0,0.1,1.6332613894804158,0.24879878191094476,0.8451323489206137,3,False,1.6332613894804158,7.396209157517486e-06,True,0
10,ElasticNet,1.0,0.1,1.640236982837903,0.25736689487780484,0.8445020575074352,3,False,1.640236982837903,9.803279349324123e-06,True,0
8,ElasticNet,1.0,0.1,1.655969405709245,0.26071267928379577,0.8430131273250554,3,False,1.6559694057092453,3.908725605669683e-06,True,0
6,ElasticNet,0.001,0.3,1.657638937959975,0.17282944951144033,0.8419509795349479,3,False,1.657638937959975,9.627270374421807e-06,True,0
7,ElasticNet,1.0,0.1,1.6596620949751724,0.2432990135540757,0.842586158134691,3,False,1.6596620949751724,4.944764136829982e-06,True,0
10,ElasticNet,0.001,0.3,1.6710024274484665,0.01255370942161555,0.8406531891809793,3,False,1.6710024274484665,2.3272877525441814e-05,True,0
8,ElasticNet,0.001,0.3,1.6918959759125956,0.16263083291952335,0.8382991766913772,3,False,1.6918959759125956,2.600607320019983e-05,True,0
9,ElasticNet,0.001,0.3,1.7498026435489307,0.11390017270648463,0.8329712160438278,3,False,1.7498026435489311,2.773507462176892e-05,True,0
6,ElasticNet,1.0,0.1,1.761296466073236,0.25001119290746937,0.8329289861458328,3,False,1.761296466073236,9.584736366946567e-06,True,0
5,ElasticNet,0.001,0.1,1.829292409174305,0.17536101060305506,0.8260005299323909,3,False,1.829292409174305,9.953005347740457e-06,True,0
7,ElasticNet,0.001,0.3,1.9242965601257194,0.2425506789084836,0.816327594115458,3,False,1.9242965601257198,2.487278139657001e-05,True,0
5,ElasticNet,1.0,0.1,1.9276328656616677,0.25233986642453743,0.8170590566745952,3,False,1.9276328656616677,2.862467599687446e-06,True,0
10,ElasticNet,0.001,0.1,2.2417915315258843,0.27948082334040764,0.785198735570499,3,False,2.2417915315258843,2.5170399533669025e-05,True,0
6,ElasticNet,0.001,0.1,2.2457189657484453,0.2898693033929505,0.7860185642721569,3,False,2.2457189657484453,9.8034170026726e-06,True,0
8,ElasticNet,0.001,0.1,2.32377814867325,0.3121083811339051,0.7774514373166602,3,False,2.32377814867325,2.295399739238817e-05,True,0
9,ElasticNet,0.001,0.1,2.343405175133064,0.3314990700249505,0.7755307225813054,3,False,2.3434051751330642,1.934468544957386e-05,True,0
7,ElasticNet,0.001,0.1,2.6019686492057557,0.37460137876647404,0.751833237572936,3,False,2.6019686492057557,1.4923212872065508e-05,True,0
8,ElasticNet,0.0001,0.95,2.7368115156761728,0.3553159882086827,0.7389533219642361,3,False,2.736811515676173,4.334005756004114e-05,True,0
10,ElasticNet,0.0001,0.9,2.7677707420045228,0.3905221796503245,0.7374464219864242,3,False,2.7677707420045228,3.919592757498418e-05,True,0
10,ElasticNet,0.0001,0.5,2.795122497271535,0.2686422479406984,0.7341489971757627,3,False,2.795122497271535,2.3069899042808955e-05,True,0
8,LASSO,0.0001,1.0,2.7988194119401784,0.32749907978187465,0.7327385832252395,3,False,2.7988194119401784,4.638677223755007e-05,True,0
10,ElasticNet,0.0001,0.7,2.806332363907952,0.36644537314747994,0.7332773326777883,3,False,2.806332363907952,2.2459245074268513e-05,True,0
9,ElasticNet,0.0001,0.7,2.8218415676067914,0.1830059925603091,0.7310854297281663,3,False,2.8218415676067914,2.4551962886377066e-05,True,0
9,ElasticNet,0.0001,0.95,2.8496549306316212,0.2401312890518412,0.7280479145220049,3,False,2.8496549306316212,3.0773676665617823e-05,True,0
9,ElasticNet,0.0001,0.9,2.867722308991779,0.2049197753879741,0.7261727389842836,3,False,2.867722308991779,2.9453104289096785e-05,True,0
10,ElasticNet,0.0001,0.3,2.8904798973082606,0.021724209599470683,0.7243883600983727,3,False,2.8904798973082606,1.5790715399429888e-05,True,0
8,ElasticNet,0.0001,0.7,2.9337558974611393,0.3799745335319094,0.7193988222823121,3,False,2.9337558974611393,2.6089038094268632e-05,True,0
9,ElasticNet,0.0001,0.5,2.9969061201292244,0.17602181617608542,0.7139337193509565,3,False,2.9969061201292244,2.6389770654997765e-05,True,0
8,ElasticNet,0.0001,0.5,3.0346093239440664,0.34770391519579846,0.7098308138762359,3,False,3.0346093239440664,2.837677392162624e-05,True,0
9,ElasticNet,1.0,0.3,3.0630269395071044,0.26070914397949824,0.7088298738273795,3,False,3.0630269395071044,4.352904157123305e-06,True,0
8,ElasticNet,1.0,0.3,3.079861464711907,0.24931469100927156,0.7071838904432073,3,False,3.079861464711907,3.708371871746774e-06,True,0
7,ElasticNet,1.0,0.3,3.087505978685332,0.25014594280868724,0.7064557444640499,3,False,3.087505978685332,5.319017186811159e-06,True,0
6,ElasticNet,1.0,0.3,3.1524340771325945,0.24859628854358223,0.7002600170662286,3,False,3.1524340771325945,9.690133058126715e-06,True,0
9,ElasticNet,0.0001,0.3,3.1539907865355694,0.28877186570942043,0.6983416248393727,3,False,3.1539907865355694,3.644136501155195e-05,True,0
2,LASSO,0.01,1.0,3.186449127865881,0.27079818057199656,0.697013417357985,3,False,3.186449127865881,4.925209735055086e-06,True,0
2,ElasticNet,0.01,0.95,3.1864870451000633,0.2704031855157245,0.6970093472198648,3,False,3.1864870451000633,5.202665511218341e-06,True,0
2,ElasticNet,0.01,0.9,3.186536556753367,0.2700124464521614,0.6970041800247131,3,False,3.186536556753367,1.1651745542365366e-08,True,0
2,ElasticNet,0.01,0.7,3.1870037094923354,0.2683474741804285,0.6969578185023346,3,False,3.187003709492336,7.468254110618022e-09,True,0
2,ElasticNet,0.01,0.5,3.187640488441776,0.26648371934730175,0.6968947499616385,3,False,3.187640488441776,1.2402468426396529e-08,True,0
2,ElasticNet,0.01,0.3,3.1885266754892196,0.26474999444792663,0.6968082654168924,3,False,3.1885266754892196,1.5988176193127562e-08,True,0
2,ElasticNet,0.01,0.1,3.1899358238404396,0.2636285056515969,0.6966738355402781,3,False,3.1899358238404396,1.3072926823530506e-08,True,0
2,LASSO,0.001,1.0,3.190377908522816,0.2603364733266361,0.6966144063398895,3,False,3.190377908522816,5.008289462607018e-06,True,0
2,ElasticNet,0.001,0.95,3.1904168959470174,0.2603089161040971,0.6966106915787806,3,False,3.1904168959470174,4.5880817167994825e-06,True,0
2,ElasticNet,0.001,0.9,3.190455602300046,0.2602818193684496,0.6966070059386137,3,False,3.190455602300046,6.982557334982522e-06,True,0
2,ElasticNet,0.001,0.7,3.190612927466495,0.26017255796286287,0.6965920166891779,3,False,3.190612927466495,9.396483187569223e-06,True,0
2,ElasticNet,0.001,0.5,3.1907741493452644,0.2600640542210221,0.696576659841845,3,False,3.1907741493452644,7.272704597011278e-06,True,0
2,ElasticNet,0.001,0.3,3.1909367076569155,0.2599557709154963,0.6965611760786675,3,False,3.1909367076569155,7.791651457360977e-06,True,0
2,Ridge,1.0,0.0,3.1910459936530002,0.26011058504829043,0.6965524805650091,3,False,3.1910459936530002,0.0,True,0
2,ElasticNet,0.001,0.1,3.1911017956673646,0.25984867431005587,0.6965454545470569,3,False,3.1911017956673646,7.540591823737341e-06,True,0
2,LASSO,0.0001,1.0,3.1912625188945207,0.2595225266358474,0.6965283691856358,3,False,3.1912625188945207,1.4424156212635786e-06,True,0
2,ElasticNet,0.0001,0.95,3.1912666970822947,0.2595198491833174,0.6965279713194894,3,False,3.1912666970822947,1.3805280982089383e-06,True,0
2,ElasticNet,0.0001,0.9,3.1912708757155532,0.2595171714666941,0.696527573408911,3,False,3.191270875715554,1.3186310527516697e-06,True,0
2,ElasticNet,0.0001,0.7,3.191287583843098,0.25950646264056954,0.6965259823760371,3,False,3.191287583843098,1.0786440857004563e-06,True,0
2,ElasticNet,0.0001,0.5,3.191304271661632,0.25949575977721,0.696524393273176,3,False,3.191304271661632,1.1832339397637996e-06,True,0
2,ElasticNet,0.0001,0.3,3.191320954844135,0.25948506586306685,0.6965228046433193,3,False,3.191320954844134,1.4440036500136393e-06,True,0
2,Ridge,0.1,0.0,3.1913291257962304,0.25950042760599845,0.6965221990676665,3,False,3.1913291257962304,0.0,True,0
2,ElasticNet,0.0001,0.1,3.1913376822809276,0.25947441706636326,0.6965212119710785,3,False,3.1913376822809276,1.5959398261320682e-06,True,0
2,LASSO,1e-06,1.0,3.1913550071815955,0.25944180663287747,0.6965193834942541,3,False,3.1913550071815955,9.082979056150863e-06,True,0
2,LASSO,1e-05,1.0,3.1913550071815955,0.25944180663287747,0.6965193834942541,3,False,3.1913550071815955,1.4434415738650582e-07,True,0
2,ElasticNet,1e-06,0.95,3.1913554274178573,0.2594415396418204,0.6965193434793059,3,False,3.1913554274178573,9.28523441341678e-06,True,0
2,ElasticNet,1e-05,0.95,3.1913554274178573,0.2594415396418204,0.6965193434793059,3,False,3.1913554274178573,1.381527308627497e-07,True,0
2,ElasticNet,1e-06,0.9,3.191355847551282,0.259441272611574,0.6965193034740179,3,False,3.191355847551282,9.568827959464697e-06,True,0
2,ElasticNet,1e-05,0.9,3.191355847551282,0.259441272611574,0.6965193034740179,3,False,3.191355847551282,1.3196217052419095e-07,True,0
2,ElasticNet,1e-05,0.7,3.1913575263616853,0.259440204178811,0.6965191436154828,3,False,3.1913575263616853,1.0798058068129817e-07,True,0
2,ElasticNet,1e-05,0.5,3.1913592010781486,0.25943913550957814,0.6965189841446683,3,False,3.1913592010781486,1.1968534217218515e-07,True,0
2,ElasticNet,1e-05,0.3,3.191360873468687,0.25943806732192054,0.6965188248980453,3,False,3.191360873468687,1.451641730728739e-07,True,0
2,Ridge,0.01,0.0,3.191361662654831,0.2594396023498361,0.6965187670124028,3,False,3.1913616626548316,0.0,True,0
2,ElasticNet,1e-06,0.5,3.191362061143264,0.259432581298294,0.6965186922650665,3,False,3.191362061143264,8.195278330200335e-06,True,0
2,ElasticNet,1e-05,0.1,3.191362548425685,0.25943700301664624,0.6965186654228971,3,False,3.191362548425685,1.5921351493478418e-07,True,0
2,ElasticNet,1e-06,0.7,3.191362633099802,0.2594351476914471,0.6965186435782668,3,False,3.191362633099802,7.047178896767966e-06,True,0
2,ElasticNet,1e-06,0.3,3.191363030764902,0.25943267513414053,0.696518602567113,3,False,3.191363030764902,7.577176060761188e-06,True,0
2,ElasticNet,1e-06,0.1,3.1913640011606756,0.259432770213552,0.6965185128007283,3,False,3.1913640011606756,7.616169749339504e-06,True,0
2,Ridge,0.001,0.0,3.191364958901748,0.2594335217570622,0.6965184197367694,3,False,3.191364958901748,0.0,True,0
2,Ridge,0.0001,0.0,3.1913652889523774,0.25943291371714144,0.6965183849684738,3,False,3.1913652889523774,0.0,True,0
2,Ridge,1e-05,0.0,3.1913653219616998,0.25943285291334317,0.6965183814912369,3,False,3.1913653219616998,0.0,True,0
2,Ridge,1e-06,0.0,3.191365325262675,0.2594328468329652,0.6965183811435093,3,False,3.191365325262675,0.0,True,0
2,Ridge,10.0,0.0,3.1921349532098966,0.2663764082830069,0.6964804065443925,3,False,3.1921349532098966,0.0,True,0
10,ElasticNet,1e-05,0.5,3.221587348104515,0.20357480109055953,0.6926953969789561,3,False,3.221587348104515,9.354326862878971e-06,True,0
8,ElasticNet,0.0001,0.3,3.2331416412771827,0.36192222621326764,0.6905926089565985,3,False,3.2331416412771827,2.2194508103520143e-05,True,0
10,ElasticNet,1e-05,0.3,3.236731158698499,0.13314389975060512,0.6908712654155692,3,False,3.236731158698499,9.14324777340681e-06,True,0
5,ElasticNet,1.0,0.3,3.2454453660384686,0.266662375292388,0.691452880269669,3,False,3.2454453660384677,2.1231819863354318e-07,True,0
2,ElasticNet,0.1,0.1,3.2669446649250666,0.3059862874134871,0.6894930233014168,3,False,3.266944664925067,4.6603063587336013e-07,True,0
2,ElasticNet,0.1,0.3,3.271994706635103,0.3260887776823205,0.6890510217291058,3,False,3.271994706635103,3.537948063618568e-06,True,0
10,ElasticNet,1e-06,0.3,3.278172430472251,0.16472300600613812,0.6867880221280905,3,False,3.278172430472251,9.845529693234419e-06,True,0
2,ElasticNet,0.1,0.5,3.2881227980393404,0.3482411499498389,0.6875567461198049,3,False,3.2881227980393404,9.902239670407653e-06,True,0
10,ElasticNet,1e-06,0.5,3.293739280046926,0.21249104591610665,0.6857237785555018,3,False,3.293739280046926,5.953545955592778e-06,True,0
2,ElasticNet,0.1,0.7,3.3085531754162676,0.3608212553523904,0.6856182004242307,3,False,3.3085531754162676,2.9502549625803898e-06,True,0
10,ElasticNet,0.0001,0.1,3.3184397702352673,0.6507367909779447,0.6812156471508478,3,False,3.3184397702352677,2.0415435786461245e-05,True,0
2,ElasticNet,0.1,0.9,3.3331304594991877,0.37075236059363675,0.6832617390876098,3,False,3.3331304594991877,1.7244265094334965e-06,True,0
2,ElasticNet,0.1,0.95,3.339052605689524,0.3734803415757944,0.6826961347014068,3,False,3.339052605689524,1.518576874359745e-06,True,0
10,ElasticNet,1e-05,0.9,3.3397346572140596,0.24477713818545635,0.6823709941572841,3,False,3.3397346572140596,1.1006789227904327e-05,True,0
2,LASSO,0.1,1.0,3.345194828967118,0.3763889827079717,0.6821104586290527,3,False,3.345194828967118,1.8247785207592404e-06,True,0
10,ElasticNet,1e-05,0.7,3.3546161189057777,0.2227755818542465,0.6803050683509945,3,False,3.3546161189057777,9.109328060035118e-06,True,0
10,ElasticNet,1e-05,0.95,3.376545382883575,0.2198458325397724,0.6778005193985587,3,False,3.376545382883575,7.864193150515833e-06,True,0
9,ElasticNet,1e-05,0.7,3.3980771463530157,0.10666789944741212,0.6755458021219941,3,False,3.3980771463530157,8.01043745688878e-06,True,0
9,LASSO,1e-05,1.0,3.400193903125949,0.18778144293027205,0.6750469978714314,3,False,3.4001939031259494,1.1221572775859565e-05,True,0
9,ElasticNet,1e-05,0.9,3.4054842467511164,0.20129458801523603,0.6745182440546564,3,False,3.4054842467511164,1.2299829237581081e-05,True,0
2,Ridge,100.0,0.0,3.4165751911700117,0.33177844467792883,0.6753333059942851,3,False,3.4165751911700117,0.0,True,0
9,ElasticNet,1e-05,0.5,3.418459096761904,0.1720821295038018,0.6733625638735067,3,False,3.418459096761904,9.980939917885967e-06,True,0
10,ElasticNet,1e-06,0.7,3.4324027711922334,0.2102412678979885,0.6728525628495085,3,False,3.4324027711922334,6.788035439993496e-06,True,0
10,ElasticNet,1e-06,0.9,3.4476948049420653,0.18853324821599873,0.6718694622637496,3,False,3.4476948049420653,8.552399229574264e-06,True,0
10,ElasticNet,1e-06,0.95,3.4576990904918694,0.20925962527191122,0.6699507397317523,3,False,3.45769909049187,8.36118631944651e-06,True,0
9,ElasticNet,1e-05,0.95,3.4620786827414567,0.17649594150140296,0.6692278128123759,3,False,3.4620786827414567,1.9136463554429984e-05,True,0
9,ElasticNet,1e-06,0.7,3.4788781997218563,0.13460559153910906,0.6677370310642298,3,False,3.4788781997218563,9.662267452554542e-06,True,0
10,LASSO,1e-05,1.0,3.4946979421926763,0.2846676130452151,0.6668077477371694,3,False,3.4946979421926763,2.9375058383491864e-05,True,0
9,ElasticNet,1e-06,0.9,3.4997677544265855,0.21761315507396817,0.6655060592321963,3,False,3.4997677544265855,9.990732248278283e-06,True,0
9,ElasticNet,1e-06,0.5,3.5110833584707866,0.1936931189501458,0.6644538121253841,3,False,3.5110833584707866,8.739142133035658e-06,True,0
9,LASSO,1e-06,1.0,3.5143839207223375,0.24227650405142953,0.6639774237323727,3,False,3.5143839207223375,9.596898037426892e-06,True,0
9,ElasticNet,1e-05,0.3,3.5290414443723352,0.34424844908474594,0.6622108603480263,3,False,3.5290414443723352,9.564554407466301e-06,True,0
8,ElasticNet,1e-05,0.95,3.533604439476641,0.3827796633414748,0.6618683679203815,3,False,3.533604439476641,1.2181568787672486e-05,True,0
8,ElasticNet,0.0001,0.1,3.537135395931203,0.6767411158690151,0.6603696828338074,3,False,3.537135395931203,1.3519327119547318e-05,True,0
9,ElasticNet,0.0001,0.1,3.5458426259055464,0.8020593647484802,0.659211654199509,3,False,3.5458426259055464,8.789884736534023e-06,True,0
9,ElasticNet,1e-06,0.95,3.5679738747528,0.20349064830655939,0.6589997296102537,3,False,3.5679738747528,8.883568501545498e-06,True,0
9,ElasticNet,1e-06,0.3,3.572452957620978,0.3731645371472132,0.6579541188540945,3,False,3.572452957620978,9.671816273065257e-06,True,0
8,ElasticNet,1e-05,0.9,3.5784664587524957,0.4341156153280804,0.6572041382162678,3,False,3.5784664587524957,1.2227108936095038e-05,True,0
10,ElasticNet,1e-05,0.1,3.582027095175446,0.8263170159434422,0.6554597684611313,3,False,3.582027095175445,9.988305398381456e-06,True,0
8,LASSO,1e-05,1.0,3.605122542879229,0.6050964938410933,0.6540616917012583,3,False,3.605122542879229,1.4590439545065083e-05,True,0
10,ElasticNet,1e-06,0.1,3.6146812178833048,0.8448098818207682,0.6522758044916968,3,False,3.614681217883304,9.958935286145773e-06,True,0
10,LASSO,1e-06,1.0,3.6320803592725084,0.2962408851219305,0.6534641776110712,3,False,3.6320803592725084,9.491489100332324e-06,True,0
8,ElasticNet,1e-05,0.7,3.6963852400489814,0.7244297618923138,0.6449773723362462,3,False,3.6963852400489814,1.2320034694022541e-05,True,0
8,ElasticNet,1e-05,0.5,3.6975658926653714,0.6494805193020589,0.6452403494051872,3,False,3.6975658926653714,9.970446072586357e-06,True,0
8,ElasticNet,1e-06,0.95,3.7121443349241887,0.5253430293650165,0.6442957137738208,3,False,3.7121443349241887,9.868865985268554e-06,True,0
8,ElasticNet,1e-06,0.9,3.790280750557782,0.6345952789485142,0.6363030037562459,3,False,3.790280750557781,9.94718224718031e-06,True,0
8,ElasticNet,1e-05,0.3,3.8203965910374893,0.6559911637083476,0.6333829270407246,3,False,3.8203965910374893,9.944558530000832e-06,True,0
8,LASSO,1e-06,1.0,3.8243982511372963,0.8631041038077095,0.6322847332830323,3,False,3.824398251137296,9.913682001281241e-06,True,0
9,ElasticNet,1e-05,0.1,3.8245946801198207,0.9733493343793677,0.6319984414434079,3,False,3.8245946801198207,9.965876301522775e-06,True,0
9,ElasticNet,1e-06,0.1,3.8515666905868016,0.9764889524010607,0.6294066380245775,3,False,3.8515666905868007,9.966714204493471e-06,True,0
7,LASSO,0.0001,1.0,3.8542633718036616,1.1379964628449872,0.6289610685045146,3,False,3.8542633718036616,4.1254898441385215e-05,True,0
8,ElasticNet,1e-06,0.5,3.866959522823512,0.8097762042670258,0.6285223819206754,3,False,3.866959522823512,9.939276931841217e-06,True,0
8,ElasticNet,1e-06,0.3,3.9031031653357053,0.7342125786422874,0.6252204985208525,3,False,3.9031031653357053,9.927326638160093e-06,True,0
8,ElasticNet,1e-06,0.7,3.9047066266955013,0.9313918414108863,0.6243961641918788,3,False,3.9047066266955013,9.657890329539988e-06,True,0
8,ElasticNet,1e-05,0.1,3.9404367633329147,1.0451439969213157,0.6206606434685815,3,False,3.940436763332915,9.907496408014583e-06,True,0
7,ElasticNet,0.0001,0.95,3.978642963185065,1.3204745316451645,0.6164308605960459,3,False,3.9786429631850653,4.1905780943520225e-05,True,0
8,ElasticNet,1e-06,0.1,4.027229145430002,1.1421775142347137,0.6120658653543775,3,False,4.027229145430002,9.819615237538678e-06,True,0
7,ElasticNet,0.0001,0.7,4.115372895333156,1.0791332091883545,0.60417923134058,3,False,4.115372895333156,3.5448713951577996e-05,True,0
7,ElasticNet,0.0001,0.5,4.179509777533502,1.1026615798505703,0.5980621437610049,3,False,4.179509777533502,2.3205442000280613e-05,True,0
7,ElasticNet,0.0001,0.3,4.235122573460501,0.8766440526356835,0.5937642357771553,3,False,4.235122573460501,2.2716877809496106e-05,True,0
7,ElasticNet,0.0001,0.1,4.446367803605592,0.6516115754078787,0.5747935299222391,3,False,4.446367803605592,2.097899281180806e-05,True,0
9,ElasticNet,1.0,0.5,4.466690477789471,0.26706146449834134,0.5749495718001806,3,False,4.466690477789471,6.153042002410292e-06,True,0
10,ElasticNet,1.0,0.5,4.467425626338554,0.27296620854265813,0.5748953635247709,3,False,4.467425626338554,8.463194014152187e-06,True,0
8,ElasticNet,1.0,0.5,4.4828319481397925,0.2449616391885304,0.5733137236846733,3,False,4.4828319481397925,9.111717044318901e-06,True,0
7,ElasticNet,1.0,0.5,4.487328107961635,0.24197651900521397,0.5728906912498157,3,False,4.487328107961636,3.0366046438468075e-06,True,0
6,ElasticNet,1.0,0.5,4.550150368637774,0.2684270885266151,0.5669716587021997,3,False,4.550150368637774,2.109210370915271e-06,True,0
5,ElasticNet,1.0,0.5,4.603258922212799,0.2662733217407791,0.5619256453585512,3,False,4.603258922212798,5.9882246465914335e-06,True,0
6,ElasticNet,0.0001,0.5,4.723959337414537,0.9611688982035412,0.5468847009433367,3,False,4.723959337414537,2.5846666494777042e-05,True,0
7,ElasticNet,1e-05,0.3,4.985883851429706,1.1364644968798499,0.5209895761761761,3,False,4.985883851429706,9.921313922133275e-06,True,0
7,ElasticNet,1e-05,0.1,5.036924398649486,0.8961956653196504,0.5172274378311724,3,False,5.036924398649486,9.970892140651518e-06,True,0
7,ElasticNet,1e-05,0.5,5.055127710641607,1.3667443509430621,0.513202358806046,3,False,5.055127710641607,9.993357844301819e-06,True,0
7,ElasticNet,1e-05,0.7,5.120940847573308,1.4947603820355915,0.5064491485213979,3,False,5.120940847573308,1.6803350347774983e-05,True,0
7,LASSO,1e-05,1.0,5.1249651355495205,1.7388562156224812,0.5054101066958981,3,False,5.1249651355495205,1.4139901970282234e-05,True,0
7,ElasticNet,1e-05,0.95,5.169154995061372,1.6788641449336534,0.501355539653375,3,False,5.169154995061372,1.2672860969934666e-05,True,0
7,ElasticNet,1e-06,0.1,5.172432646790842,1.0143403490470813,0.5038665438300106,3,False,5.172432646790843,9.983097621800747e-06,True,0
7,ElasticNet,1e-05,0.9,5.192941666740816,1.468525187855258,0.49987129241224,3,False,5.192941666740816,1.0479860162360302e-05,True,0
5,LASSO,0.0001,1.0,5.193544426290056,1.3053222377894582,0.5049355686610582,3,False,5.193544426290056,9.991205810533146e-06,True,0
7,ElasticNet,1e-06,0.3,5.198335047397973,1.3509926984062808,0.5000045827390376,3,False,5.198335047397973,9.895206122519553e-06,True,0
7,ElasticNet,1e-06,0.5,5.276035819148309,1.5553006758290417,0.49150335312751636,3,False,5.2760358191483085,9.98213829061123e-06,True,0
6,ElasticNet,0.0001,0.3,5.280716518668203,0.772736216172128,0.49443157449546044,3,False,5.280716518668203,2.926834979202863e-05,True,0
5,ElasticNet,0.0001,0.95,5.322690739043793,1.3567926448663419,0.4925725843170469,3,False,5.322690739043794,9.899225502242565e-06,True,0
7,ElasticNet,1e-06,0.7,5.381914999522358,1.6601847052494967,0.48094892406394396,3,False,5.381914999522358,9.937666081793205e-06,True,0
7,ElasticNet,1e-06,0.9,5.437091386688118,1.6119379571649741,0.47597420766069587,3,False,5.437091386688118,9.874752702073073e-06,True,0
7,LASSO,1e-06,1.0,5.4408694877265615,1.9687430238295929,0.47440504924940036,3,False,5.4408694877265615,9.952504543478778e-06,True,0
7,ElasticNet,1e-06,0.95,5.4616966745194695,1.8769113294013162,0.4726619469148184,3,False,5.4616966745194695,9.96911167223282e-06,True,0
5,ElasticNet,0.0001,0.9,5.472338378659479,1.391377985295597,0.4782755466140105,3,False,5.472338378659479,9.83264914048805e-06,True,0
6,ElasticNet,0.0001,0.1,5.638233574815214,0.046443130487981064,0.46236750104583885,3,False,5.638233574815214,2.167348964573821e-05,True,0
9,ElasticNet,1.0,0.7,5.900298843778479,0.334616080388214,0.43832097326066827,3,False,5.900298843778479,5.650859785322204e-06,True,0
10,ElasticNet,1.0,0.7,5.902622482857674,0.3395924017170343,0.43811447979153834,3,False,5.902622482857673,1.7320095418993375e-06,True,0
7,ElasticNet,1.0,0.7,5.906226658531289,0.3299616495607782,0.4377607704335939,3,False,5.906226658531288,6.7064932766092156e-06,True,0
8,ElasticNet,1.0,0.7,5.908109343333808,0.33905964850788833,0.43760457695026567,3,False,5.908109343333808,4.4629507428561865e-06,True,0
6,ElasticNet,1.0,0.7,5.918227242484671,0.3544676028993672,0.43672353024051763,3,False,5.918227242484671,4.3875682990135445e-06,True,0
5,ElasticNet,1.0,0.7,5.944431950157113,0.3513984210782074,0.4342288225467177,3,False,5.944431950157113,3.944092955565637e-06,True,0
5,ElasticNet,0.0001,0.7,6.150396767529087,1.7440281023946074,0.41261895357910944,3,False,6.150396767529087,9.978312613386463e-06,True,0
5,ElasticNet,0.0001,0.5,6.948071945891115,2.182384141431392,0.335806301757746,3,False,6.948071945891115,9.99782664001043e-06,True,0
6,LASSO,1e-05,1.0,7.133887344007735,0.9502737381032339,0.31620404324099444,3,False,7.133887344007735,1.7142537790437467e-05,True,0
10,ElasticNet,1.0,0.9,7.18260445221194,0.5913752083814758,0.31705416027867894,3,False,7.18260445221194,2.6684877973970345e-07,True,0
9,ElasticNet,1.0,0.9,7.183521707329614,0.5929416464619497,0.31697181653379275,3,False,7.183521707329614,7.939703475789983e-07,True,0
8,ElasticNet,1.0,0.9,7.184015658107551,0.5956694707243915,0.31693228311389077,3,False,7.184015658107551,9.831643854041339e-06,True,0
6,ElasticNet,1.0,0.9,7.184273163047024,0.6122968871972023,0.31697415241914856,3,False,7.184273163047024,2.039544820808814e-07,True,0
7,ElasticNet,1.0,0.9,7.185412745319545,0.5980593330167118,0.31680687459555856,3,False,7.185412745319546,8.085718472550241e-07,True,0
5,ElasticNet,1.0,0.9,7.197435076421178,0.6090933423288005,0.3157192771730975,3,False,7.197435076421178,3.6718875129349016e-07,True,0
6,ElasticNet,1e-05,0.9,7.21053295512309,1.1627791858212846,0.30812091622805077,3,False,7.210532955123089,1.7220065061881217e-05,True,0
6,ElasticNet,1e-05,0.95,7.259715880514153,1.030918720001017,0.3039119713709509,3,False,7.259715880514153,1.7839625913038877e-05,True,0
6,ElasticNet,1e-05,0.7,7.275620137360963,1.078011028648554,0.30222959959445606,3,False,7.275620137360963,1.4033143635577149e-05,True,0
8,ElasticNet,1.0,0.95,7.523773897240008,0.6771455101980136,0.28481054363315744,3,False,7.523773897240008,5.606662664137119e-06,True,0
7,ElasticNet,1.0,0.95,7.523777661215814,0.6771413832384262,0.2848101648102244,3,False,7.523777661215814,5.437519539852609e-06,True,0
9,ElasticNet,1.0,0.95,7.5241129221120415,0.6769381955265618,0.2847781047287599,3,False,7.5241129221120415,3.2940028714678604e-06,True,0
10,ElasticNet,1.0,0.95,7.524114493850656,0.6769408816779247,0.284777963632638,3,False,7.524114493850656,3.2940028714678604e-06,True,0
6,ElasticNet,1.0,0.95,7.525214067367173,0.686816283148167,0.28470965958907246,3,False,7.525214067367172,1.472137852731592e-07,True,0
5,ElasticNet,1.0,0.95,7.532551498473765,0.682504225264716,0.28400583152141895,3,False,7.532551498473765,2.191901926629214e-08,True,0
6,ElasticNet,1e-05,0.5,7.548689411495317,1.2108765888323558,0.2757177473555288,3,False,7.548689411495317,1.031514069969111e-05,True,0
6,ElasticNet,1e-05,0.3,7.732575506144118,1.0386510568227052,0.25879156923079477,3,False,7.732575506144118,9.989372389735146e-06,True,0
5,ElasticNet,0.0001,0.3,7.744656124952711,2.5357053662645743,0.259144153565889,3,False,7.744656124952711,9.823821759808069e-06,True,0
6,ElasticNet,1e-05,0.1,7.830481986877966,0.6551914894855272,0.2518386421198497,3,False,7.830481986877964,9.767567269064777e-06,True,0
10,LASSO,1.0,1.0,7.855667144685641,0.7238127919173014,0.2533197611666645,3,False,7.855667144685641,8.926803398701111e-07,True,0
9,LASSO,1.0,1.0,7.8556674828474025,0.7238133699002631,0.2533197308095823,3,False,7.8556674828474025,8.498335368756216e-11,True,0
8,LASSO,1.0,1.0,7.855667483015033,0.7238133697390545,0.2533197307929415,3,False,7.855667483015033,9.269629508423805e-11,True,0
7,LASSO,1.0,1.0,7.85567705320607,0.7238296458239217,0.25331887135268855,3,False,7.85567705320607,9.413668524471674e-06,True,0
6,LASSO,1.0,1.0,7.874697787264317,0.756359226031984,0.2516113651672363,3,False,7.874697787264317,4.184352372593736e-06,True,0
5,LASSO,1.0,1.0,7.875438420320013,0.7564801757908773,0.2515465701219363,3,False,7.875438420320013,3.870312870857262e-06,True,0
6,ElasticNet,1e-06,0.7,7.962318877354523,1.3346738378756242,0.23580502940829606,3,False,7.962318877354523,9.992935004424364e-06,True,0
6,ElasticNet,1e-06,0.9,7.988533706945937,1.3789445161244727,0.23318242081060567,3,False,7.988533706945938,9.987252798597498e-06,True,0
6,LASSO,1e-06,1.0,7.9998990513939745,1.2269604745521618,0.23263360793400947,3,False,7.999899051393975,9.889368323479866e-06,True,0
6,ElasticNet,1e-06,0.5,8.074646324870551,1.4518153822409967,0.22469364822814875,3,False,8.074646324870551,9.835534007856965e-06,True,0
6,ElasticNet,1e-06,0.95,8.123296679711187,1.3860345831466094,0.22027798037402468,3,False,8.123296679711187,9.88674602578241e-06,True,0
6,ElasticNet,1e-06,0.3,8.32597118669358,1.3557053973885589,0.20104754550716364,3,False,8.32597118669358,9.999178195154454e-06,True,0
6,ElasticNet,1e-06,0.1,8.446700259770674,0.947702071723015,0.19145937727717863,3,False,8.446700259770674,9.97333446571366e-06,True,0
5,ElasticNet,0.0001,0.1,8.44912242720054,2.7309227973205363,0.19188680850865428,3,False,8.44912242720054,9.942547888918136e-06,True,0
10,ElasticNet,10.0,0.1,9.168706091848943,0.642592936386156,0.12786448138273263,3,False,9.168706091848945,5.89216711643914e-06,True,0
9,ElasticNet,10.0,0.1,9.185078941859,0.6420472481732908,0.12630798685199673,3,False,9.185078941859002,6.536563843084764e-06,True,0
8,ElasticNet,10.0,0.1,9.23218389702838,0.6793113203672433,0.12194076990224993,3,False,9.23218389702838,3.0658284799756075e-08,True,0
7,ElasticNet,10.0,0.1,9.27631427256963,0.6842902229666189,0.11776286541410175,3,False,9.27631427256963,1.6557905047065447e-08,True,0
1,Ridge,100.0,0.0,9.368293470763845,0.5816372219268869,0.10835295298326371,3,False,9.368293470763843,0.0,True,0
1,ElasticNet,0.1,0.1,9.368445163100423,0.5895153847098618,0.10832007670763566,3,False,9.368445163100423,3.0190857967793416e-07,True,0
1,Ridge,10.0,0.0,9.374129134505287,0.6097056818314408,0.1078192249887719,3,False,9.374129134505287,0.0,True,0
1,ElasticNet,0.1,0.3,9.375350257333766,0.5848436259096698,0.10764385901414575,3,False,9.375350257333766,2.73028966480543e-07,True,0
1,ElasticNet,0.01,0.1,9.376728361420637,0.6114651295687697,0.10757257406907965,3,False,9.376728361420637,1.1578672031104312e-07,True,0
1,ElasticNet,0.01,0.3,9.377321237597194,0.6105867868267103,0.10751080000875197,3,False,9.377321237597194,3.1718124817630214e-07,True,0
1,ElasticNet,0.01,0.5,9.377580202260946,0.6099277019302325,0.1074827060783951,3,False,9.377580202260946,1.1152571096576663e-07,True,0
1,ElasticNet,0.01,0.7,9.377675129855744,0.609376641625801,0.10747119544729593,3,False,9.377675129855744,1.1558830073296611e-07,True,0
1,ElasticNet,0.01,0.9,9.377787134870976,0.6088166702486753,0.10745803992768029,3,False,9.377787134870976,1.2453745355973933e-07,True,0
1,ElasticNet,0.01,0.95,9.377817844927682,0.6086752589961574,0.1074544901503871,3,False,9.377817844927682,1.276134523556932e-07,True,0
1,LASSO,0.01,1.0,9.37784964711559,0.6085332758272746,0.10745083518695149,3,False,9.37784964711559,1.3360072928514377e-07,True,0
1,Ridge,1.0,0.0,9.378860289778927,0.6140337844197485,0.10737577331587227,3,False,9.37886028977893,0.0,True,0
1,ElasticNet,0.001,0.1,9.37916284228467,0.6142244293740489,0.10734709786004497,3,False,9.37916284228467,2.705022747309172e-08,True,0
1,ElasticNet,0.001,0.3,9.379217028849615,0.6141376597756153,0.10734140533023113,3,False,9.379217028849617,1.959079045198934e-06,True,0
1,ElasticNet,0.001,0.5,9.379270515808896,0.6140490118241001,0.10733577296932777,3,False,9.379270515808896,4.3674835052231846e-08,True,0
1,ElasticNet,0.001,0.7,9.37932480992557,0.6139610697123867,0.10733006551559994,3,False,9.37932480992557,5.172000271385247e-08,True,0
1,ElasticNet,0.001,0.9,9.379379409416847,0.613872971878016,0.10732432801042395,3,False,9.379379409416847,5.946205314916707e-08,True,0
1,ElasticNet,0.001,0.95,9.379393107072358,0.6138509230555538,0.10732288893189464,3,False,9.379393107072358,6.134966428936964e-08,True,0
1,Ridge,0.1,0.0,9.379395419133457,0.6144877258906231,0.10732559858691348,3,False,9.379395419133456,0.0,True,0
1,LASSO,0.001,1.0,9.379408442479106,0.6138290081497468,0.1073212905348262,3,False,9.379408442479106,8.73588021330085e-06,True,0
1,ElasticNet,0.0001,0.1,9.379426125341382,0.614506944362052,0.10732268862147594,3,False,9.379426125341382,2.756946746771026e-09,True,0
1,ElasticNet,0.0001,0.3,9.379431434794553,0.6144981847159643,0.10732212947030591,3,False,9.379431434794553,3.92127986770161e-08,True,0
1,ElasticNet,0.0001,0.5,9.37943675242019,0.6144894214661439,0.10732156950921323,3,False,9.37943675242019,4.410210972275125e-09,True,0
1,ElasticNet,0.0001,0.7,9.379442070557367,0.6144806576815314,0.10732100950057966,3,False,9.379442070557367,5.201820671107385e-09,True,0
1,ElasticNet,0.0001,0.9,9.37944739174903,0.6144718923410537,0.10732044919133255,3,False,9.37944739174903,5.957569391778312e-09,True,0
1,ElasticNet,0.0001,0.95,9.379448722523568,0.6144697007627372,0.10732030906711236,3,False,9.379448722523568,6.140842022871965e-09,True,0
1,Ridge,0.01,0.0,9.379449581405694,0.614533339574448,0.10732052007637209,3,False,9.379449581405694,0.0,True,0
1,LASSO,0.0001,1.0,9.37945005854355,0.6144675073995048,0.10732016842264831,3,False,9.379450058543553,6.954140915714632e-08,True,0
1,ElasticNet,1e-06,0.1,9.379452656573589,0.6145352629560665,0.10732022865208406,3,False,9.379452656573589,7.758769478622763e-06,True,0
1,ElasticNet,1e-05,0.1,9.379452656573589,0.6145352629560665,0.10732022865208406,3,False,9.379452656573589,1.832420737390886e-09,True,0
1,ElasticNet,1e-06,0.3,9.379453187200026,0.6145343869249271,0.10732017276589145,3,False,9.379453187200026,8.034585158550758e-06,True,0
1,ElasticNet,1e-05,0.3,9.379453187200026,0.6145343869249271,0.10732017276589145,3,False,9.379453187200026,3.595954322452519e-10,True,0
1,ElasticNet,1e-06,0.5,9.379453717871831,0.6145335108651764,0.10732011687526573,3,False,9.37945371787183,8.310407314953741e-06,True,0
1,ElasticNet,1e-05,0.5,9.379453717871831,0.6145335108651764,0.10732011687526573,3,False,9.37945371787183,4.41451140181139e-10,True,0
1,ElasticNet,1e-06,0.7,9.379454248576291,0.6145326347897039,0.1073200609814257,3,False,9.379454248576293,8.586237180870258e-06,True,0
1,ElasticNet,1e-05,0.7,9.379454248576291,0.6145326347897039,0.1073200609814257,3,False,9.379454248576293,5.204814251278531e-10,True,0
1,ElasticNet,1e-06,0.9,9.379454779312576,0.6145317586986235,0.10732000508445412,3,False,9.379454779312576,8.862075381853228e-06,True,0
1,ElasticNet,1e-05,0.9,9.379454779312576,0.6145317586986235,0.10732000508445412,3,False,9.379454779312576,5.958701415960551e-10,True,0
1,ElasticNet,1e-06,0.95,9.379454912001547,0.6145315396734086,0.10731999110972897,3,False,9.379454912001547,8.931036251707162e-06,True,0
1,ElasticNet,1e-05,0.95,9.379454912001547,0.6145315396734086,0.10731999110972897,3,False,9.379454912001547,6.141425706845244e-10,True,0
1,Ridge,0.001,0.0,9.379455004156698,0.6145379031467479,0.10732001161208538,3,False,9.379455004156698,0.0,True,0
1,LASSO,1e-06,1.0,9.379455044692463,0.6145313206471945,0.10731997713481219,3,False,9.379455044692465,9.000632247254896e-06,True,0
1,LASSO,1e-05,1.0,9.379455044692463,0.6145313206471945,0.10731997713481219,3,False,9.379455044692465,6.32247254896167e-10,True,0
1,Ridge,0.0001,0.0,9.379455546497068,0.6145383595260259,0.10731996075952155,3,False,9.379455546497068,0.0,True,0
1,Ridge,1e-05,0.0,9.379455600731758,0.6145384051641747,0.10731995567420376,3,False,9.379455600731758,0.0,True,0
1,Ridge,1e-06,0.0,9.379455606155233,0.6145384097279906,0.10731995516567143,3,False,9.379455606155233,0.0,True,0
1,ElasticNet,0.1,0.5,9.38412738021136,0.5791593589093396,0.10678722260882012,3,False,9.38412738021136,3.8631371540587267e-07,True,0
1,ElasticNet,0.1,0.7,9.394476741675396,0.5729043122173597,0.1057786106981465,3,False,9.394476741675394,6.046249924063218e-07,True,0
1,ElasticNet,0.1,0.9,9.406056183783118,0.5665912390384521,0.10465053556611088,3,False,9.40605618378312,7.696856780814443e-07,True,0
1,ElasticNet,0.1,0.95,9.408902900290817,0.565279888033717,0.10437281716358633,3,False,9.408902900290817,8.265334814627767e-07,True,0
6,ElasticNet,10.0,0.1,9.410135145856515,0.7206463575383416,0.10511998997383232,3,False,9.410135145856515,2.822738393470914e-06,True,0
1,LASSO,0.1,1.0,9.411857479714643,0.5639484813535599,0.10408464693224388,3,False,9.411857479714643,8.857483842078517e-07,True,0
5,ElasticNet,10.0,0.1,9.583227054461585,0.7323228818555311,0.08869078324210507,3,False,9.583227054461585,7.470688753619115e-06,True,0
1,ElasticNet,1.0,0.1,9.670324464286075,0.5594793856215967,0.07967739915836436,3,False,9.670324464286075,1.5962647870182423e-12,True,0
1,Ridge,1000.0,0.0,9.76036936955507,0.5757831844396761,0.07120014193258457,3,False,9.76036936955507,0.0,True,0
1,ElasticNet,1.0,0.3,9.913303145447093,0.5765462013558711,0.05660416454233989,3,False,9.913303145447093,1.3933298959045715e-14,True,0
1,ElasticNet,1.0,0.5,10.115012734278935,0.5892725814198144,0.037484396613734296,3,False,10.115012734278935,7.838729665365918e-13,True,0
1,ElasticNet,1.0,0.7,10.36832469465046,0.6501698415876465,0.013548218495223141,3,False,10.368324694650457,2.0319301796689615e-12,True,0
1,Ridge,10000.0,0.0,10.371585364028563,0.6050888581278374,0.013070809849317558,3,False,10.371585364028563,0.0,True,0
1,ElasticNet,1.0,0.9,10.492725714455895,0.6438733270471185,0.0016636133076207333,3,False,10.492725714455895,4.440892098500626e-16,True,0
1,Ridge,100000.0,0.0,10.501589483780618,0.6079907466486931,0.0006856909704990866,3,False,10.501589483780618,0.0,True,0
1,ElasticNet,1.0,0.95,10.50901200250357,0.6204405930243425,2.436061291936446e-05,3,False,10.509012002503571,1.1102230246251565e-16,True,0
1,Ridge,1000000.0,0.0,10.515972208790961,0.6082384639734921,-0.0006848551465733488,3,False,10.515972208790961,0.0,True,0
1,LASSO,1.0,1.0,10.517587323793345,0.6082653863404502,-0.0008387653793905011,3,False,10.517587323793347,0.0,True,0
1,LASSO,10.0,1.0,10.517587323793345,0.6082653863404502,-0.0008387653793905011,3,False,10.517587323793347,0.0,True,0
1,LASSO,100.0,1.0,10.517587323793345,0.6082653863404502,-0.0008387653793905011,3,False,10.517587323793347,0.0,True,0
1,LASSO,1000.0,1.0,10.517587323793345,0.6082653863404502,-0.0008387653793905011,3,False,10.517587323793347,0.0,True,0
1,LASSO,10000.0,1.0,10.517587323793345,0.6082653863404502,-0.0008387653793905011,3,False,10.517587323793347,0.0,True,0
1,LASSO,100000.0,1.0,10.517587323793345,0.6082653863404502,-0.0008387653793905011,3,False,10.517587323793347,0.0,True,0
1,LASSO,1000000.0,1.0,10.517587323793345,0.6082653863404502,-0.0008387653793905011,3,False,10.517587323793347,0.0,True,0
1,ElasticNet,10.0,0.1,10.517587323793345,0.6082653863404502,-0.0008387653793905011,3,False,10.517587323793347,0.0,True,0
1,ElasticNet,100.0,0.1,10.517587323793345,0.6082653863404502,-0.0008387653793905011,3,False,10.517587323793347,0.0,True,0
1,ElasticNet,1000.0,0.1,10.517587323793345,0.6082653863404502,-0.0008387653793905011,3,False,10.517587323793347,0.0,True,0
1,ElasticNet,10000.0,0.1,10.517587323793345,0.6082653863404502,-0.0008387653793905011,3,False,10.517587323793347,0.0,True,0
1,ElasticNet,100000.0,0.1,10.517587323793345,0.6082653863404502,-0.0008387653793905011,3,False,10.517587323793347,0.0,True,0
1,ElasticNet,1000000.0,0.1,10.517587323793345,0.6082653863404502,-0.0008387653793905011,3,False,10.517587323793347,0.0,True,0
1,ElasticNet,10.0,0.3,10.517587323793345,0.6082653863404502,-0.0008387653793905011,3,False,10.517587323793347,0.0,True,0
1,ElasticNet,100.0,0.3,10.517587323793345,0.6082653863404502,-0.0008387653793905011,3,False,10.517587323793347,0.0,True,0
1,ElasticNet,1000.0,0.3,10.517587323793345,0.6082653863404502,-0.0008387653793905011,3,False,10.517587323793347,0.0,True,0
1,ElasticNet,10000.0,0.3,10.517587323793345,0.6082653863404502,-0.0008387653793905011,3,False,10.517587323793347,0.0,True,0
1,ElasticNet,100000.0,0.3,10.517587323793345,0.6082653863404502,-0.0008387653793905011,3,False,10.517587323793347,0.0,True,0
1,ElasticNet,1000000.0,0.3,10.517587323793345,0.6082653863404502,-0.0008387653793905011,3,False,10.517587323793347,0.0,True,0
1,ElasticNet,10.0,0.5,10.517587323793345,0.6082653863404502,-0.0008387653793905011,3,False,10.517587323793347,0.0,True,0
1,ElasticNet,100.0,0.5,10.517587323793345,0.6082653863404502,-0.0008387653793905011,3,False,10.517587323793347,0.0,True,0
1,ElasticNet,1000.0,0.5,10.517587323793345,0.6082653863404502,-0.0008387653793905011,3,False,10.517587323793347,0.0,True,0
1,ElasticNet,10000.0,0.5,10.517587323793345,0.6082653863404502,-0.0008387653793905011,3,False,10.517587323793347,0.0,True,0
1,ElasticNet,100000.0,0.5,10.517587323793345,0.6082653863404502,-0.0008387653793905011,3,False,10.517587323793347,0.0,True,0
1,ElasticNet,1000000.0,0.5,10.517587323793345,0.6082653863404502,-0.0008387653793905011,3,False,10.517587323793347,0.0,True,0
1,ElasticNet,10.0,0.7,10.517587323793345,0.6082653863404502,-0.0008387653793905011,3,False,10.517587323793347,0.0,True,0
1,ElasticNet,100.0,0.7,10.517587323793345,0.6082653863404502,-0.0008387653793905011,3,False,10.517587323793347,0.0,True,0
1,ElasticNet,1000.0,0.7,10.517587323793345,0.6082653863404502,-0.0008387653793905011,3,False,10.517587323793347,0.0,True,0
1,ElasticNet,10000.0,0.7,10.517587323793345,0.6082653863404502,-0.0008387653793905011,3,False,10.517587323793347,0.0,True,0
1,ElasticNet,100000.0,0.7,10.517587323793345,0.6082653863404502,-0.0008387653793905011,3,False,10.517587323793347,0.0,True,0
1,ElasticNet,1000000.0,0.7,10.517587323793345,0.6082653863404502,-0.0008387653793905011,3,False,10.517587323793347,0.0,True,0
1,ElasticNet,10.0,0.9,10.517587323793345,0.6082653863404502,-0.0008387653793905011,3,False,10.517587323793347,0.0,True,0
1,ElasticNet,100.0,0.9,10.517587323793345,0.6082653863404502,-0.0008387653793905011,3,False,10.517587323793347,0.0,True,0
1,ElasticNet,1000.0,0.9,10.517587323793345,0.6082653863404502,-0.0008387653793905011,3,False,10.517587323793347,0.0,True,0
1,ElasticNet,10000.0,0.9,10.517587323793345,0.6082653863404502,-0.0008387653793905011,3,False,10.517587323793347,0.0,True,0
1,ElasticNet,100000.0,0.9,10.517587323793345,0.6082653863404502,-0.0008387653793905011,3,False,10.517587323793347,0.0,True,0
1,ElasticNet,1000000.0,0.9,10.517587323793345,0.6082653863404502,-0.0008387653793905011,3,False,10.517587323793347,0.0,True,0
1,ElasticNet,10.0,0.95,10.517587323793345,0.6082653863404502,-0.0008387653793905011,3,False,10.517587323793347,0.0,True,0
1,ElasticNet,100.0,0.95,10.517587323793345,0.6082653863404502,-0.0008387653793905011,3,False,10.517587323793347,0.0,True,0
1,ElasticNet,1000.0,0.95,10.517587323793345,0.6082653863404502,-0.0008387653793905011,3,False,10.517587323793347,0.0,True,0
1,ElasticNet,10000.0,0.95,10.517587323793345,0.6082653863404502,-0.0008387653793905011,3,False,10.517587323793347,0.0,True,0
1,ElasticNet,100000.0,0.95,10.517587323793345,0.6082653863404502,-0.0008387653793905011,3,False,10.517587323793347,0.0,True,0
1,ElasticNet,1000000.0,0.95,10.517587323793345,0.6082653863404502,-0.0008387653793905011,3,False,10.517587323793347,0.0,True,0
5,LASSO,10.0,1.0,10.517587323793345,0.6082653863404502,-0.0008387653793905011,3,False,10.517587323793347,0.0,True,0
5,LASSO,100.0,1.0,10.517587323793345,0.6082653863404502,-0.0008387653793905011,3,False,10.517587323793347,0.0,True,0
5,LASSO,1000.0,1.0,10.517587323793345,0.6082653863404502,-0.0008387653793905011,3,False,10.517587323793347,0.0,True,0
5,LASSO,10000.0,1.0,10.517587323793345,0.6082653863404502,-0.0008387653793905011,3,False,10.517587323793347,0.0,True,0
5,LASSO,100000.0,1.0,10.517587323793345,0.6082653863404502,-0.0008387653793905011,3,False,10.517587323793347,0.0,True,0
5,LASSO,1000000.0,1.0,10.517587323793345,0.6082653863404502,-0.0008387653793905011,3,False,10.517587323793347,0.0,True,0
5,ElasticNet,100.0,0.1,10.517587323793345,0.6082653863404502,-0.0008387653793905011,3,False,10.517587323793347,0.0,True,0
5,ElasticNet,1000.0,0.1,10.517587323793345,0.6082653863404502,-0.0008387653793905011,3,False,10.517587323793347,0.0,True,0
5,ElasticNet,10000.0,0.1,10.517587323793345,0.6082653863404502,-0.0008387653793905011,3,False,10.517587323793347,0.0,True,0
5,ElasticNet,100000.0,0.1,10.517587323793345,0.6082653863404502,-0.0008387653793905011,3,False,10.517587323793347,0.0,True,0
5,ElasticNet,1000000.0,0.1,10.517587323793345,0.6082653863404502,-0.0008387653793905011,3,False,10.517587323793347,0.0,True,0
5,ElasticNet,10.0,0.3,10.517587323793345,0.6082653863404502,-0.0008387653793905011,3,False,10.517587323793347,0.0,True,0
5,ElasticNet,100.0,0.3,10.517587323793345,0.6082653863404502,-0.0008387653793905011,3,False,10.517587323793347,0.0,True,0
5,ElasticNet,1000.0,0.3,10.517587323793345,0.6082653863404502,-0.0008387653793905011,3,False,10.517587323793347,0.0,True,0
5,ElasticNet,10000.0,0.3,10.517587323793345,0.6082653863404502,-0.0008387653793905011,3,False,10.517587323793347,0.0,True,0
5,ElasticNet,100000.0,0.3,10.517587323793345,0.6082653863404502,-0.0008387653793905011,3,False,10.517587323793347,0.0,True,0
5,ElasticNet,1000000.0,0.3,10.517587323793345,0.6082653863404502,-0.0008387653793905011,3,False,10.517587323793347,0.0,True,0
5,ElasticNet,10.0,0.5,10.517587323793345,0.6082653863404502,-0.0008387653793905011,3,False,10.517587323793347,0.0,True,0
5,ElasticNet,100.0,0.5,10.517587323793345,0.6082653863404502,-0.0008387653793905011,3,False,10.517587323793347,0.0,True,0
5,ElasticNet,1000.0,0.5,10.517587323793345,0.6082653863404502,-0.0008387653793905011,3,False,10.517587323793347,0.0,True,0
5,ElasticNet,10000.0,0.5,10.517587323793345,0.6082653863404502,-0.0008387653793905011,3,False,10.517587323793347,0.0,True,0
5,ElasticNet,100000.0,0.5,10.517587323793345,0.6082653863404502,-0.0008387653793905011,3,False,10.517587323793347,0.0,True,0
5,ElasticNet,1000000.0,0.5,10.517587323793345,0.6082653863404502,-0.0008387653793905011,3,False,10.517587323793347,0.0,True,0
5,ElasticNet,10.0,0.7,10.517587323793345,0.6082653863404502,-0.0008387653793905011,3,False,10.517587323793347,0.0,True,0
5,ElasticNet,100.0,0.7,10.517587323793345,0.6082653863404502,-0.0008387653793905011,3,False,10.517587323793347,0.0,True,0
5,ElasticNet,1000.0,0.7,10.517587323793345,0.6082653863404502,-0.0008387653793905011,3,False,10.517587323793347,0.0,True,0
5,ElasticNet,10000.0,0.7,10.517587323793345,0.6082653863404502,-0.0008387653793905011,3,False,10.517587323793347,0.0,True,0
5,ElasticNet,100000.0,0.7,10.517587323793345,0.6082653863404502,-0.0008387653793905011,3,False,10.517587323793347,0.0,True,0
5,ElasticNet,1000000.0,0.7,10.517587323793345,0.6082653863404502,-0.0008387653793905011,3,False,10.517587323793347,0.0,True,0
5,ElasticNet,10.0,0.9,10.517587323793345,0.6082653863404502,-0.0008387653793905011,3,False,10.517587323793347,0.0,True,0
5,ElasticNet,100.0,0.9,10.517587323793345,0.6082653863404502,-0.0008387653793905011,3,False,10.517587323793347,0.0,True,0
5,ElasticNet,1000.0,0.9,10.517587323793345,0.6082653863404502,-0.0008387653793905011,3,False,10.517587323793347,0.0,True,0
5,ElasticNet,10000.0,0.9,10.517587323793345,0.6082653863404502,-0.0008387653793905011,3,False,10.517587323793347,0.0,True,0
5,ElasticNet,100000.0,0.9,10.517587323793345,0.6082653863404502,-0.0008387653793905011,3,False,10.517587323793347,0.0,True,0
5,ElasticNet,1000000.0,0.9,10.517587323793345,0.6082653863404502,-0.0008387653793905011,3,False,10.517587323793347,0.0,True,0
5,ElasticNet,10.0,0.95,10.517587323793345,0.6082653863404502,-0.0008387653793905011,3,False,10.517587323793347,0.0,True,0
5,ElasticNet,100.0,0.95,10.517587323793345,0.6082653863404502,-0.0008387653793905011,3,False,10.517587323793347,0.0,True,0
5,ElasticNet,1000.0,0.95,10.517587323793345,0.6082653863404502,-0.0008387653793905011,3,False,10.517587323793347,0.0,True,0
5,ElasticNet,10000.0,0.95,10.517587323793345,0.6082653863404502,-0.0008387653793905011,3,False,10.517587323793347,0.0,True,0
5,ElasticNet,100000.0,0.95,10.517587323793345,0.6082653863404502,-0.0008387653793905011,3,False,10.517587323793347,0.0,True,0
5,ElasticNet,1000000.0,0.95,10.517587323793345,0.6082653863404502,-0.0008387653793905011,3,False,10.517587323793347,0.0,True,0
6,LASSO,10.0,1.0,10.517587323793345,0.6082653863404502,-0.0008387653793905011,3,False,10.517587323793347,0.0,True,0
6,LASSO,100.0,1.0,10.517587323793345,0.6082653863404502,-0.0008387653793905011,3,False,10.517587323793347,0.0,True,0
6,LASSO,1000.0,1.0,10.517587323793345,0.6082653863404502,-0.0008387653793905011,3,False,10.517587323793347,0.0,True,0
6,LASSO,10000.0,1.0,10.517587323793345,0.6082653863404502,-0.0008387653793905011,3,False,10.517587323793347,0.0,True,0
6,LASSO,100000.0,1.0,10.517587323793345,0.6082653863404502,-0.0008387653793905011,3,False,10.517587323793347,0.0,True,0
6,LASSO,1000000.0,1.0,10.517587323793345,0.6082653863404502,-0.0008387653793905011,3,False,10.517587323793347,0.0,True,0
6,ElasticNet,100.0,0.1,10.517587323793345,0.6082653863404502,-0.0008387653793905011,3,False,10.517587323793347,0.0,True,0
6,ElasticNet,1000.0,0.1,10.517587323793345,0.6082653863404502,-0.0008387653793905011,3,False,10.517587323793347,0.0,True,0
6,ElasticNet,10000.0,0.1,10.517587323793345,0.6082653863404502,-0.0008387653793905011,3,False,10.517587323793347,0.0,True,0
6,ElasticNet,100000.0,0.1,10.517587323793345,0.6082653863404502,-0.0008387653793905011,3,False,10.517587323793347,0.0,True,0
6,ElasticNet,1000000.0,0.1,10.517587323793345,0.6082653863404502,-0.0008387653793905011,3,False,10.517587323793347,0.0,True,0
6,ElasticNet,10.0,0.3,10.517587323793345,0.6082653863404502,-0.0008387653793905011,3,False,10.517587323793347,0.0,True,0
6,ElasticNet,100.0,0.3,10.517587323793345,0.6082653863404502,-0.0008387653793905011,3,False,10.517587323793347,0.0,True,0
6,ElasticNet,1000.0,0.3,10.517587323793345,0.6082653863404502,-0.0008387653793905011,3,False,10.517587323793347,0.0,True,0
6,ElasticNet,10000.0,0.3,10.517587323793345,0.6082653863404502,-0.0008387653793905011,3,False,10.517587323793347,0.0,True,0
6,ElasticNet,100000.0,0.3,10.517587323793345,0.6082653863404502,-0.0008387653793905011,3,False,10.517587323793347,0.0,True,0
6,ElasticNet,1000000.0,0.3,10.517587323793345,0.6082653863404502,-0.0008387653793905011,3,False,10.517587323793347,0.0,True,0
6,ElasticNet,10.0,0.5,10.517587323793345,0.6082653863404502,-0.0008387653793905011,3,False,10.517587323793347,0.0,True,0
6,ElasticNet,100.0,0.5,10.517587323793345,0.6082653863404502,-0.0008387653793905011,3,False,10.517587323793347,0.0,True,0
6,ElasticNet,1000.0,0.5,10.517587323793345,0.6082653863404502,-0.0008387653793905011,3,False,10.517587323793347,0.0,True,0
6,ElasticNet,10000.0,0.5,10.517587323793345,0.6082653863404502,-0.0008387653793905011,3,False,10.517587323793347,0.0,True,0
6,ElasticNet,100000.0,0.5,10.517587323793345,0.6082653863404502,-0.0008387653793905011,3,False,10.517587323793347,0.0,True,0
6,ElasticNet,1000000.0,0.5,10.517587323793345,0.6082653863404502,-0.0008387653793905011,3,False,10.517587323793347,0.0,True,0
6,ElasticNet,10.0,0.7,10.517587323793345,0.6082653863404502,-0.0008387653793905011,3,False,10.517587323793347,0.0,True,0
6,ElasticNet,100.0,0.7,10.517587323793345,0.6082653863404502,-0.0008387653793905011,3,False,10.517587323793347,0.0,True,0
6,ElasticNet,1000.0,0.7,10.517587323793345,0.6082653863404502,-0.0008387653793905011,3,False,10.517587323793347,0.0,True,0
6,ElasticNet,10000.0,0.7,10.517587323793345,0.6082653863404502,-0.0008387653793905011,3,False,10.517587323793347,0.0,True,0
6,ElasticNet,100000.0,0.7,10.517587323793345,0.6082653863404502,-0.0008387653793905011,3,False,10.517587323793347,0.0,True,0
6,ElasticNet,1000000.0,0.7,10.517587323793345,0.6082653863404502,-0.0008387653793905011,3,False,10.517587323793347,0.0,True,0
6,ElasticNet,10.0,0.9,10.517587323793345,0.6082653863404502,-0.0008387653793905011,3,False,10.517587323793347,0.0,True,0
6,ElasticNet,100.0,0.9,10.517587323793345,0.6082653863404502,-0.0008387653793905011,3,False,10.517587323793347,0.0,True,0
6,ElasticNet,1000.0,0.9,10.517587323793345,0.6082653863404502,-0.0008387653793905011,3,False,10.517587323793347,0.0,True,0
6,ElasticNet,10000.0,0.9,10.517587323793345,0.6082653863404502,-0.0008387653793905011,3,False,10.517587323793347,0.0,True,0
6,ElasticNet,100000.0,0.9,10.517587323793345,0.6082653863404502,-0.0008387653793905011,3,False,10.517587323793347,0.0,True,0
6,ElasticNet,1000000.0,0.9,10.517587323793345,0.6082653863404502,-0.0008387653793905011,3,False,10.517587323793347,0.0,True,0
6,ElasticNet,10.0,0.95,10.517587323793345,0.6082653863404502,-0.0008387653793905011,3,False,10.517587323793347,0.0,True,0
6,ElasticNet,100.0,0.95,10.517587323793345,0.6082653863404502,-0.0008387653793905011,3,False,10.517587323793347,0.0,True,0
6,ElasticNet,1000.0,0.95,10.517587323793345,0.6082653863404502,-0.0008387653793905011,3,False,10.517587323793347,0.0,True,0
6,ElasticNet,10000.0,0.95,10.517587323793345,0.6082653863404502,-0.0008387653793905011,3,False,10.517587323793347,0.0,True,0
6,ElasticNet,100000.0,0.95,10.517587323793345,0.6082653863404502,-0.0008387653793905011,3,False,10.517587323793347,0.0,True,0
6,ElasticNet,1000000.0,0.95,10.517587323793345,0.6082653863404502,-0.0008387653793905011,3,False,10.517587323793347,0.0,True,0
7,LASSO,10.0,1.0,10.517587323793345,0.6082653863404502,-0.0008387653793905011,3,False,10.517587323793347,0.0,True,0
7,LASSO,100.0,1.0,10.517587323793345,0.6082653863404502,-0.0008387653793905011,3,False,10.517587323793347,0.0,True,0
7,LASSO,1000.0,1.0,10.517587323793345,0.6082653863404502,-0.0008387653793905011,3,False,10.517587323793347,0.0,True,0
7,LASSO,10000.0,1.0,10.517587323793345,0.6082653863404502,-0.0008387653793905011,3,False,10.517587323793347,0.0,True,0
7,LASSO,100000.0,1.0,10.517587323793345,0.6082653863404502,-0.0008387653793905011,3,False,10.517587323793347,0.0,True,0
7,LASSO,1000000.0,1.0,10.517587323793345,0.6082653863404502,-0.0008387653793905011,3,False,10.517587323793347,0.0,True,0
7,ElasticNet,100.0,0.1,10.517587323793345,0.6082653863404502,-0.0008387653793905011,3,False,10.517587323793347,0.0,True,0
7,ElasticNet,1000.0,0.1,10.517587323793345,0.6082653863404502,-0.0008387653793905011,3,False,10.517587323793347,0.0,True,0
7,ElasticNet,10000.0,0.1,10.517587323793345,0.6082653863404502,-0.0008387653793905011,3,False,10.517587323793347,0.0,True,0
7,ElasticNet,100000.0,0.1,10.517587323793345,0.6082653863404502,-0.0008387653793905011,3,False,10.517587323793347,0.0,True,0
7,ElasticNet,1000000.0,0.1,10.517587323793345,0.6082653863404502,-0.0008387653793905011,3,False,10.517587323793347,0.0,True,0
7,ElasticNet,10.0,0.3,10.517587323793345,0.6082653863404502,-0.0008387653793905011,3,False,10.517587323793347,0.0,True,0
7,ElasticNet,100.0,0.3,10.517587323793345,0.6082653863404502,-0.0008387653793905011,3,False,10.517587323793347,0.0,True,0
7,ElasticNet,1000.0,0.3,10.517587323793345,0.6082653863404502,-0.0008387653793905011,3,False,10.517587323793347,0.0,True,0
7,ElasticNet,10000.0,0.3,10.517587323793345,0.6082653863404502,-0.0008387653793905011,3,False,10.517587323793347,0.0,True,0
7,ElasticNet,100000.0,0.3,10.517587323793345,0.6082653863404502,-0.0008387653793905011,3,False,10.517587323793347,0.0,True,0
7,ElasticNet,1000000.0,0.3,10.517587323793345,0.6082653863404502,-0.0008387653793905011,3,False,10.517587323793347,0.0,True,0
7,ElasticNet,10.0,0.5,10.517587323793345,0.6082653863404502,-0.0008387653793905011,3,False,10.517587323793347,0.0,True,0
7,ElasticNet,100.0,0.5,10.517587323793345,0.6082653863404502,-0.0008387653793905011,3,False,10.517587323793347,0.0,True,0
7,ElasticNet,1000.0,0.5,10.517587323793345,0.6082653863404502,-0.0008387653793905011,3,False,10.517587323793347,0.0,True,0
7,ElasticNet,10000.0,0.5,10.517587323793345,0.6082653863404502,-0.0008387653793905011,3,False,10.517587323793347,0.0,True,0
7,ElasticNet,100000.0,0.5,10.517587323793345,0.6082653863404502,-0.0008387653793905011,3,False,10.517587323793347,0.0,True,0
7,ElasticNet,1000000.0,0.5,10.517587323793345,0.6082653863404502,-0.0008387653793905011,3,False,10.517587323793347,0.0,True,0
7,ElasticNet,10.0,0.7,10.517587323793345,0.6082653863404502,-0.0008387653793905011,3,False,10.517587323793347,0.0,True,0
7,ElasticNet,100.0,0.7,10.517587323793345,0.6082653863404502,-0.0008387653793905011,3,False,10.517587323793347,0.0,True,0
7,ElasticNet,1000.0,0.7,10.517587323793345,0.6082653863404502,-0.0008387653793905011,3,False,10.517587323793347,0.0,True,0
7,ElasticNet,10000.0,0.7,10.517587323793345,0.6082653863404502,-0.0008387653793905011,3,False,10.517587323793347,0.0,True,0
7,ElasticNet,100000.0,0.7,10.517587323793345,0.6082653863404502,-0.0008387653793905011,3,False,10.517587323793347,0.0,True,0
7,ElasticNet,1000000.0,0.7,10.517587323793345,0.6082653863404502,-0.0008387653793905011,3,False,10.517587323793347,0.0,True,0
7,ElasticNet,10.0,0.9,10.517587323793345,0.6082653863404502,-0.0008387653793905011,3,False,10.517587323793347,0.0,True,0
7,ElasticNet,100.0,0.9,10.517587323793345,0.6082653863404502,-0.0008387653793905011,3,False,10.517587323793347,0.0,True,0
7,ElasticNet,1000.0,0.9,10.517587323793345,0.6082653863404502,-0.0008387653793905011,3,False,10.517587323793347,0.0,True,0
7,ElasticNet,10000.0,0.9,10.517587323793345,0.6082653863404502,-0.0008387653793905011,3,False,10.517587323793347,0.0,True,0
7,ElasticNet,100000.0,0.9,10.517587323793345,0.6082653863404502,-0.0008387653793905011,3,False,10.517587323793347,0.0,True,0
7,ElasticNet,1000000.0,0.9,10.517587323793345,0.6082653863404502,-0.0008387653793905011,3,False,10.517587323793347,0.0,True,0
7,ElasticNet,10.0,0.95,10.517587323793345,0.6082653863404502,-0.0008387653793905011,3,False,10.517587323793347,0.0,True,0
7,ElasticNet,100.0,0.95,10.517587323793345,0.6082653863404502,-0.0008387653793905011,3,False,10.517587323793347,0.0,True,0
7,ElasticNet,1000.0,0.95,10.517587323793345,0.6082653863404502,-0.0008387653793905011,3,False,10.517587323793347,0.0,True,0
7,ElasticNet,10000.0,0.95,10.517587323793345,0.6082653863404502,-0.0008387653793905011,3,False,10.517587323793347,0.0,True,0
7,ElasticNet,100000.0,0.95,10.517587323793345,0.6082653863404502,-0.0008387653793905011,3,False,10.517587323793347,0.0,True,0
7,ElasticNet,1000000.0,0.95,10.517587323793345,0.6082653863404502,-0.0008387653793905011,3,False,10.517587323793347,0.0,True,0
8,LASSO,10.0,1.0,10.517587323793345,0.6082653863404502,-0.0008387653793905011,3,False,10.517587323793347,0.0,True,0
8,LASSO,100.0,1.0,10.517587323793345,0.6082653863404502,-0.0008387653793905011,3,False,10.517587323793347,0.0,True,0
8,LASSO,1000.0,1.0,10.517587323793345,0.6082653863404502,-0.0008387653793905011,3,False,10.517587323793347,0.0,True,0
8,LASSO,10000.0,1.0,10.517587323793345,0.6082653863404502,-0.0008387653793905011,3,False,10.517587323793347,0.0,True,0
8,LASSO,100000.0,1.0,10.517587323793345,0.6082653863404502,-0.0008387653793905011,3,False,10.517587323793347,0.0,True,0
8,LASSO,1000000.0,1.0,10.517587323793345,0.6082653863404502,-0.0008387653793905011,3,False,10.517587323793347,0.0,True,0
8,ElasticNet,100.0,0.1,10.517587323793345,0.6082653863404502,-0.0008387653793905011,3,False,10.517587323793347,0.0,True,0
8,ElasticNet,1000.0,0.1,10.517587323793345,0.6082653863404502,-0.0008387653793905011,3,False,10.517587323793347,0.0,True,0
8,ElasticNet,10000.0,0.1,10.517587323793345,0.6082653863404502,-0.0008387653793905011,3,False,10.517587323793347,0.0,True,0
8,ElasticNet,100000.0,0.1,10.517587323793345,0.6082653863404502,-0.0008387653793905011,3,False,10.517587323793347,0.0,True,0
8,ElasticNet,1000000.0,0.1,10.517587323793345,0.6082653863404502,-0.0008387653793905011,3,False,10.517587323793347,0.0,True,0
8,ElasticNet,10.0,0.3,10.517587323793345,0.6082653863404502,-0.0008387653793905011,3,False,10.517587323793347,0.0,True,0
8,ElasticNet,100.0,0.3,10.517587323793345,0.6082653863404502,-0.0008387653793905011,3,False,10.517587323793347,0.0,True,0
8,ElasticNet,1000.0,0.3,10.517587323793345,0.6082653863404502,-0.0008387653793905011,3,False,10.517587323793347,0.0,True,0
8,ElasticNet,10000.0,0.3,10.517587323793345,0.6082653863404502,-0.0008387653793905011,3,False,10.517587323793347,0.0,True,0
8,ElasticNet,100000.0,0.3,10.517587323793345,0.6082653863404502,-0.0008387653793905011,3,False,10.517587323793347,0.0,True,0
8,ElasticNet,1000000.0,0.3,10.517587323793345,0.6082653863404502,-0.0008387653793905011,3,False,10.517587323793347,0.0,True,0
8,ElasticNet,10.0,0.5,10.517587323793345,0.6082653863404502,-0.0008387653793905011,3,False,10.517587323793347,0.0,True,0
8,ElasticNet,100.0,0.5,10.517587323793345,0.6082653863404502,-0.0008387653793905011,3,False,10.517587323793347,0.0,True,0
8,ElasticNet,1000.0,0.5,10.517587323793345,0.6082653863404502,-0.0008387653793905011,3,False,10.517587323793347,0.0,True,0
8,ElasticNet,10000.0,0.5,10.517587323793345,0.6082653863404502,-0.0008387653793905011,3,False,10.517587323793347,0.0,True,0
8,ElasticNet,100000.0,0.5,10.517587323793345,0.6082653863404502,-0.0008387653793905011,3,False,10.517587323793347,0.0,True,0
8,ElasticNet,1000000.0,0.5,10.517587323793345,0.6082653863404502,-0.0008387653793905011,3,False,10.517587323793347,0.0,True,0
8,ElasticNet,10.0,0.7,10.517587323793345,0.6082653863404502,-0.0008387653793905011,3,False,10.517587323793347,0.0,True,0
8,ElasticNet,100.0,0.7,10.517587323793345,0.6082653863404502,-0.0008387653793905011,3,False,10.517587323793347,0.0,True,0
8,ElasticNet,1000.0,0.7,10.517587323793345,0.6082653863404502,-0.0008387653793905011,3,False,10.517587323793347,0.0,True,0
8,ElasticNet,10000.0,0.7,10.517587323793345,0.6082653863404502,-0.0008387653793905011,3,False,10.517587323793347,0.0,True,0
8,ElasticNet,100000.0,0.7,10.517587323793345,0.6082653863404502,-0.0008387653793905011,3,False,10.517587323793347,0.0,True,0
8,ElasticNet,1000000.0,0.7,10.517587323793345,0.6082653863404502,-0.0008387653793905011,3,False,10.517587323793347,0.0,True,0
8,ElasticNet,10.0,0.9,10.517587323793345,0.6082653863404502,-0.0008387653793905011,3,False,10.517587323793347,0.0,True,0
8,ElasticNet,100.0,0.9,10.517587323793345,0.6082653863404502,-0.0008387653793905011,3,False,10.517587323793347,0.0,True,0
8,ElasticNet,1000.0,0.9,10.517587323793345,0.6082653863404502,-0.0008387653793905011,3,False,10.517587323793347,0.0,True,0
8,ElasticNet,10000.0,0.9,10.517587323793345,0.6082653863404502,-0.0008387653793905011,3,False,10.517587323793347,0.0,True,0
8,ElasticNet,100000.0,0.9,10.517587323793345,0.6082653863404502,-0.0008387653793905011,3,False,10.517587323793347,0.0,True,0
8,ElasticNet,1000000.0,0.9,10.517587323793345,0.6082653863404502,-0.0008387653793905011,3,False,10.517587323793347,0.0,True,0
8,ElasticNet,10.0,0.95,10.517587323793345,0.6082653863404502,-0.0008387653793905011,3,False,10.517587323793347,0.0,True,0
8,ElasticNet,100.0,0.95,10.517587323793345,0.6082653863404502,-0.0008387653793905011,3,False,10.517587323793347,0.0,True,0
8,ElasticNet,1000.0,0.95,10.517587323793345,0.6082653863404502,-0.0008387653793905011,3,False,10.517587323793347,0.0,True,0
8,ElasticNet,10000.0,0.95,10.517587323793345,0.6082653863404502,-0.0008387653793905011,3,False,10.517587323793347,0.0,True,0
8,ElasticNet,100000.0,0.95,10.517587323793345,0.6082653863404502,-0.0008387653793905011,3,False,10.517587323793347,0.0,True,0
8,ElasticNet,1000000.0,0.95,10.517587323793345,0.6082653863404502,-0.0008387653793905011,3,False,10.517587323793347,0.0,True,0
9,LASSO,10.0,1.0,10.517587323793345,0.6082653863404502,-0.0008387653793905011,3,False,10.517587323793347,0.0,True,0
9,LASSO,100.0,1.0,10.517587323793345,0.6082653863404502,-0.0008387653793905011,3,False,10.517587323793347,0.0,True,0
9,LASSO,1000.0,1.0,10.517587323793345,0.6082653863404502,-0.0008387653793905011,3,False,10.517587323793347,0.0,True,0
9,LASSO,10000.0,1.0,10.517587323793345,0.6082653863404502,-0.0008387653793905011,3,False,10.517587323793347,0.0,True,0
9,LASSO,100000.0,1.0,10.517587323793345,0.6082653863404502,-0.0008387653793905011,3,False,10.517587323793347,0.0,True,0
9,LASSO,1000000.0,1.0,10.517587323793345,0.6082653863404502,-0.0008387653793905011,3,False,10.517587323793347,0.0,True,0
9,ElasticNet,100.0,0.1,10.517587323793345,0.6082653863404502,-0.0008387653793905011,3,False,10.517587323793347,0.0,True,0
9,ElasticNet,1000.0,0.1,10.517587323793345,0.6082653863404502,-0.0008387653793905011,3,False,10.517587323793347,0.0,True,0
9,ElasticNet,10000.0,0.1,10.517587323793345,0.6082653863404502,-0.0008387653793905011,3,False,10.517587323793347,0.0,True,0
9,ElasticNet,100000.0,0.1,10.517587323793345,0.6082653863404502,-0.0008387653793905011,3,False,10.517587323793347,0.0,True,0
9,ElasticNet,1000000.0,0.1,10.517587323793345,0.6082653863404502,-0.0008387653793905011,3,False,10.517587323793347,0.0,True,0
9,ElasticNet,10.0,0.3,10.517587323793345,0.6082653863404502,-0.0008387653793905011,3,False,10.517587323793347,0.0,True,0
9,ElasticNet,100.0,0.3,10.517587323793345,0.6082653863404502,-0.0008387653793905011,3,False,10.517587323793347,0.0,True,0
9,ElasticNet,1000.0,0.3,10.517587323793345,0.6082653863404502,-0.0008387653793905011,3,False,10.517587323793347,0.0,True,0
9,ElasticNet,10000.0,0.3,10.517587323793345,0.6082653863404502,-0.0008387653793905011,3,False,10.517587323793347,0.0,True,0
9,ElasticNet,100000.0,0.3,10.517587323793345,0.6082653863404502,-0.0008387653793905011,3,False,10.517587323793347,0.0,True,0
9,ElasticNet,1000000.0,0.3,10.517587323793345,0.6082653863404502,-0.0008387653793905011,3,False,10.517587323793347,0.0,True,0
9,ElasticNet,10.0,0.5,10.517587323793345,0.6082653863404502,-0.0008387653793905011,3,False,10.517587323793347,0.0,True,0
9,ElasticNet,100.0,0.5,10.517587323793345,0.6082653863404502,-0.0008387653793905011,3,False,10.517587323793347,0.0,True,0
9,ElasticNet,1000.0,0.5,10.517587323793345,0.6082653863404502,-0.0008387653793905011,3,False,10.517587323793347,0.0,True,0
9,ElasticNet,10000.0,0.5,10.517587323793345,0.6082653863404502,-0.0008387653793905011,3,False,10.517587323793347,0.0,True,0
9,ElasticNet,100000.0,0.5,10.517587323793345,0.6082653863404502,-0.0008387653793905011,3,False,10.517587323793347,0.0,True,0
9,ElasticNet,1000000.0,0.5,10.517587323793345,0.6082653863404502,-0.0008387653793905011,3,False,10.517587323793347,0.0,True,0
9,ElasticNet,10.0,0.7,10.517587323793345,0.6082653863404502,-0.0008387653793905011,3,False,10.517587323793347,0.0,True,0
9,ElasticNet,100.0,0.7,10.517587323793345,0.6082653863404502,-0.0008387653793905011,3,False,10.517587323793347,0.0,True,0
9,ElasticNet,1000.0,0.7,10.517587323793345,0.6082653863404502,-0.0008387653793905011,3,False,10.517587323793347,0.0,True,0
9,ElasticNet,10000.0,0.7,10.517587323793345,0.6082653863404502,-0.0008387653793905011,3,False,10.517587323793347,0.0,True,0
9,ElasticNet,100000.0,0.7,10.517587323793345,0.6082653863404502,-0.0008387653793905011,3,False,10.517587323793347,0.0,True,0
9,ElasticNet,1000000.0,0.7,10.517587323793345,0.6082653863404502,-0.0008387653793905011,3,False,10.517587323793347,0.0,True,0
9,ElasticNet,10.0,0.9,10.517587323793345,0.6082653863404502,-0.0008387653793905011,3,False,10.517587323793347,0.0,True,0
9,ElasticNet,100.0,0.9,10.517587323793345,0.6082653863404502,-0.0008387653793905011,3,False,10.517587323793347,0.0,True,0
9,ElasticNet,1000.0,0.9,10.517587323793345,0.6082653863404502,-0.0008387653793905011,3,False,10.517587323793347,0.0,True,0
9,ElasticNet,10000.0,0.9,10.517587323793345,0.6082653863404502,-0.0008387653793905011,3,False,10.517587323793347,0.0,True,0
9,ElasticNet,100000.0,0.9,10.517587323793345,0.6082653863404502,-0.0008387653793905011,3,False,10.517587323793347,0.0,True,0
9,ElasticNet,1000000.0,0.9,10.517587323793345,0.6082653863404502,-0.0008387653793905011,3,False,10.517587323793347,0.0,True,0
9,ElasticNet,10.0,0.95,10.517587323793345,0.6082653863404502,-0.0008387653793905011,3,False,10.517587323793347,0.0,True,0
9,ElasticNet,100.0,0.95,10.517587323793345,0.6082653863404502,-0.0008387653793905011,3,False,10.517587323793347,0.0,True,0
9,ElasticNet,1000.0,0.95,10.517587323793345,0.6082653863404502,-0.0008387653793905011,3,False,10.517587323793347,0.0,True,0
9,ElasticNet,10000.0,0.95,10.517587323793345,0.6082653863404502,-0.0008387653793905011,3,False,10.517587323793347,0.0,True,0
9,ElasticNet,100000.0,0.95,10.517587323793345,0.6082653863404502,-0.0008387653793905011,3,False,10.517587323793347,0.0,True,0
9,ElasticNet,1000000.0,0.95,10.517587323793345,0.6082653863404502,-0.0008387653793905011,3,False,10.517587323793347,0.0,True,0
10,LASSO,10.0,1.0,10.517587323793345,0.6082653863404502,-0.0008387653793905011,3,False,10.517587323793347,0.0,True,0
10,LASSO,100.0,1.0,10.517587323793345,0.6082653863404502,-0.0008387653793905011,3,False,10.517587323793347,0.0,True,0
10,LASSO,1000.0,1.0,10.517587323793345,0.6082653863404502,-0.0008387653793905011,3,False,10.517587323793347,0.0,True,0
10,LASSO,10000.0,1.0,10.517587323793345,0.6082653863404502,-0.0008387653793905011,3,False,10.517587323793347,0.0,True,0
10,LASSO,100000.0,1.0,10.517587323793345,0.6082653863404502,-0.0008387653793905011,3,False,10.517587323793347,0.0,True,0
10,LASSO,1000000.0,1.0,10.517587323793345,0.6082653863404502,-0.0008387653793905011,3,False,10.517587323793347,0.0,True,0
10,ElasticNet,100.0,0.1,10.517587323793345,0.6082653863404502,-0.0008387653793905011,3,False,10.517587323793347,0.0,True,0
10,ElasticNet,1000.0,0.1,10.517587323793345,0.6082653863404502,-0.0008387653793905011,3,False,10.517587323793347,0.0,True,0
10,ElasticNet,10000.0,0.1,10.517587323793345,0.6082653863404502,-0.0008387653793905011,3,False,10.517587323793347,0.0,True,0
10,ElasticNet,100000.0,0.1,10.517587323793345,0.6082653863404502,-0.0008387653793905011,3,False,10.517587323793347,0.0,True,0
10,ElasticNet,1000000.0,0.1,10.517587323793345,0.6082653863404502,-0.0008387653793905011,3,False,10.517587323793347,0.0,True,0
10,ElasticNet,10.0,0.3,10.517587323793345,0.6082653863404502,-0.0008387653793905011,3,False,10.517587323793347,0.0,True,0
10,ElasticNet,100.0,0.3,10.517587323793345,0.6082653863404502,-0.0008387653793905011,3,False,10.517587323793347,0.0,True,0
10,ElasticNet,1000.0,0.3,10.517587323793345,0.6082653863404502,-0.0008387653793905011,3,False,10.517587323793347,0.0,True,0
10,ElasticNet,10000.0,0.3,10.517587323793345,0.6082653863404502,-0.0008387653793905011,3,False,10.517587323793347,0.0,True,0
10,ElasticNet,100000.0,0.3,10.517587323793345,0.6082653863404502,-0.0008387653793905011,3,False,10.517587323793347,0.0,True,0
10,ElasticNet,1000000.0,0.3,10.517587323793345,0.6082653863404502,-0.0008387653793905011,3,False,10.517587323793347,0.0,True,0
10,ElasticNet,10.0,0.5,10.517587323793345,0.6082653863404502,-0.0008387653793905011,3,False,10.517587323793347,0.0,True,0
10,ElasticNet,100.0,0.5,10.517587323793345,0.6082653863404502,-0.0008387653793905011,3,False,10.517587323793347,0.0,True,0
10,ElasticNet,1000.0,0.5,10.517587323793345,0.6082653863404502,-0.0008387653793905011,3,False,10.517587323793347,0.0,True,0
10,ElasticNet,10000.0,0.5,10.517587323793345,0.6082653863404502,-0.0008387653793905011,3,False,10.517587323793347,0.0,True,0
10,ElasticNet,100000.0,0.5,10.517587323793345,0.6082653863404502,-0.0008387653793905011,3,False,10.517587323793347,0.0,True,0
10,ElasticNet,1000000.0,0.5,10.517587323793345,0.6082653863404502,-0.0008387653793905011,3,False,10.517587323793347,0.0,True,0
10,ElasticNet,10.0,0.7,10.517587323793345,0.6082653863404502,-0.0008387653793905011,3,False,10.517587323793347,0.0,True,0
10,ElasticNet,100.0,0.7,10.517587323793345,0.6082653863404502,-0.0008387653793905011,3,False,10.517587323793347,0.0,True,0
10,ElasticNet,1000.0,0.7,10.517587323793345,0.6082653863404502,-0.0008387653793905011,3,False,10.517587323793347,0.0,True,0
10,ElasticNet,10000.0,0.7,10.517587323793345,0.6082653863404502,-0.0008387653793905011,3,False,10.517587323793347,0.0,True,0
10,ElasticNet,100000.0,0.7,10.517587323793345,0.6082653863404502,-0.0008387653793905011,3,False,10.517587323793347,0.0,True,0
10,ElasticNet,1000000.0,0.7,10.517587323793345,0.6082653863404502,-0.0008387653793905011,3,False,10.517587323793347,0.0,True,0
10,ElasticNet,10.0,0.9,10.517587323793345,0.6082653863404502,-0.0008387653793905011,3,False,10.517587323793347,0.0,True,0
10,ElasticNet,100.0,0.9,10.517587323793345,0.6082653863404502,-0.0008387653793905011,3,False,10.517587323793347,0.0,True,0
10,ElasticNet,1000.0,0.9,10.517587323793345,0.6082653863404502,-0.0008387653793905011,3,False,10.517587323793347,0.0,True,0
10,ElasticNet,10000.0,0.9,10.517587323793345,0.6082653863404502,-0.0008387653793905011,3,False,10.517587323793347,0.0,True,0
10,ElasticNet,100000.0,0.9,10.517587323793345,0.6082653863404502,-0.0008387653793905011,3,False,10.517587323793347,0.0,True,0
10,ElasticNet,1000000.0,0.9,10.517587323793345,0.6082653863404502,-0.0008387653793905011,3,False,10.517587323793347,0.0,True,0
10,ElasticNet,10.0,0.95,10.517587323793345,0.6082653863404502,-0.0008387653793905011,3,False,10.517587323793347,0.0,True,0
10,ElasticNet,100.0,0.95,10.517587323793345,0.6082653863404502,-0.0008387653793905011,3,False,10.517587323793347,0.0,True,0
10,ElasticNet,1000.0,0.95,10.517587323793345,0.6082653863404502,-0.0008387653793905011,3,False,10.517587323793347,0.0,True,0
10,ElasticNet,10000.0,0.95,10.517587323793345,0.6082653863404502,-0.0008387653793905011,3,False,10.517587323793347,0.0,True,0
10,ElasticNet,100000.0,0.95,10.517587323793345,0.6082653863404502,-0.0008387653793905011,3,False,10.517587323793347,0.0,True,0
10,ElasticNet,1000000.0,0.95,10.517587323793345,0.6082653863404502,-0.0008387653793905011,3,False,10.517587323793347,0.0,True,0
5,ElasticNet,1e-05,0.95,19.16812896446839,9.13894900316796,-0.8477179406902563,3,False,19.16812896446839,1.1284235483363873e-05,True,0
5,ElasticNet,1e-05,0.3,19.19643466509469,9.06290071797857,-0.8501841405505774,3,False,19.19643466509469,1.0235775308845724e-05,True,0
5,ElasticNet,1e-05,0.5,19.19916189660908,9.197100336404763,-0.8508067377368187,3,False,19.19916189660908,1.3740872157794651e-05,True,0
5,ElasticNet,1e-05,0.9,19.20593516227471,9.126803483164265,-0.8513188359805338,3,False,19.20593516227471,1.0132535613160609e-05,True,0
5,ElasticNet,1e-05,0.1,19.210628634795924,8.987976041996168,-0.851151918229274,3,False,19.210628634795924,9.98985303638417e-06,True,0
5,ElasticNet,1e-05,0.7,19.23653268428743,9.169003630574231,-0.8544169060774486,3,False,19.23653268428743,9.943698120188648e-06,True,0
5,LASSO,1e-05,1.0,19.26871506413571,9.29440118385609,-0.8578479502602949,3,False,19.26871506413571,9.803942909238995e-06,True,0
5,ElasticNet,1e-06,0.1,23.305046766293827,12.183355391461426,-1.2518822317800102,3,False,23.305046766293827,9.97622277327142e-06,True,0
5,ElasticNet,1e-06,0.3,23.339365251792596,12.23888098700382,-1.2553059460888905,3,False,23.339365251792596,9.978553147884576e-06,True,0
5,ElasticNet,1e-06,0.5,23.387663441646364,12.288862132273376,-1.26004787201876,3,False,23.387663441646357,9.996268602401049e-06,True,0
5,ElasticNet,1e-06,0.7,23.41631847684283,12.352459307698494,-1.26298267220262,3,False,23.41631847684283,9.961711238539321e-06,True,0
5,ElasticNet,1e-06,0.95,23.441619851500665,12.378925860643033,-1.2654922769277592,3,False,23.441619851500665,9.982114623998478e-06,True,0
5,ElasticNet,1e-06,0.9,23.44229110150634,12.351340460088334,-1.2655235003935483,3,False,23.44229110150634,9.950189070381245e-06,True,0
5,LASSO,1e-06,1.0,23.452221220416998,12.381152281034106,-1.2665457121175485,3,False,23.452221220416998,9.994888440370165e-06,True,0
5,LASSO,0.01,1.0,0.3690610576667108,0.02459342339080543,0.9648838027571126,3,False,0.3690610576667108,0.00028030720739358195,False,0
5,ElasticNet,0.01,0.95,0.370690268020625,0.023286273287154647,0.9647235742802057,3,False,0.37069026802062494,0.0002750961337290511,False,0
6,LASSO,0.01,1.0,0.39115034858394365,0.014084126158652401,0.9627340737196901,3,False,0.39115034858394365,0.0007957800768236163,False,0
6,ElasticNet,0.01,0.95,0.39317289807683586,0.013791151294508827,0.9625381433502304,3,False,0.39317289807683586,0.0015568032444397053,False,0
7,LASSO,0.01,1.0,0.4081673472712448,0.019224792921232057,0.9611169974401502,3,False,0.4081673472712448,0.004074029841728978,False,0
7,ElasticNet,0.01,0.95,0.41207562961905464,0.017852008988924438,0.9607370921972039,3,False,0.41207562961905464,0.0030466366029245646,False,0
8,LASSO,0.01,1.0,0.4152105093204666,0.035194933669743994,0.9605152816788007,3,False,0.4152105093204666,0.005357482886392106,False,0
9,ElasticNet,0.01,0.95,0.42287183815090024,0.033530224567072914,0.9595603173264249,3,False,0.42287183815090024,0.016336974822658785,False,0
9,LASSO,0.01,1.0,0.4273376167350455,0.006616917919808502,0.9592497734783044,3,False,0.4273376167350455,0.018004788523502332,False,0
9,ElasticNet,0.01,0.9,0.4273448079765356,0.018087615535133328,0.9592569759589887,3,False,0.4273448079765356,6.29209901953278e-05,False,0
8,ElasticNet,0.01,0.95,0.4308211649804461,0.010881355572394807,0.9589441329555807,3,False,0.4308211649804461,0.0070503759535396355,False,0
10,LASSO,0.01,1.0,0.4368788598276847,0.018012679858643656,0.9583684221184282,3,False,0.4368788598276847,0.0001658631623742534,False,0
10,ElasticNet,0.01,0.9,0.44769787275018874,0.021036333896002905,0.9573190224462836,3,False,0.44769787275018874,0.0002675374782436877,False,0
10,ElasticNet,0.01,0.95,0.4748079651109318,0.01968146231810068,0.9546609566700089,3,False,0.4748079651109318,0.014476810019577136,False,0
10,ElasticNet,0.01,0.5,0.5334884078659686,0.04048868758054246,0.9492204881978333,3,False,0.5334884078659686,5.303143820237482e-05,False,0
10,ElasticNet,0.01,0.3,0.6480428432101292,0.046404536257758595,0.9383270009775835,3,False,0.6480428432101292,6.31261438369282e-05,False,0
10,ElasticNet,0.1,0.5,0.680503658598742,0.14222107960800295,0.9356070962382629,3,False,0.680503658598742,5.38553621819704e-05,False,0
10,ElasticNet,0.1,0.7,0.7907230620661986,0.16051716652053916,0.9251654004643383,3,False,0.7907230620661986,0.0003709026338420407,False,0
8,ElasticNet,0.1,0.9,0.891311603137391,0.1818305604506325,0.9156464651777753,3,False,0.891311603137391,0.0001827482356825394,False,0
9,ElasticNet,0.1,0.9,0.8936560707056929,0.18709561144249529,0.9154434969349855,3,False,0.8936560707056929,0.00013179840798743792,False,0
10,ElasticNet,0.1,0.9,0.9012374143542502,0.1867673764035415,0.9147184062121166,3,False,0.9012374143542502,0.0019520698886723031,False,0
8,ElasticNet,0.1,0.95,0.9223965619524296,0.18284898915319772,0.9126857631255482,3,False,0.9223965619524296,0.00010963769984290161,False,0
7,ElasticNet,0.1,0.95,0.9224112275443601,0.20305396482083674,0.9127598229238201,3,False,0.9224112275443601,5.5896929395490846e-05,False,0
9,ElasticNet,0.1,0.95,0.9244105011076506,0.19111435543702485,0.9125254918554084,3,False,0.9244105011076506,0.0002743413860162025,False,0
10,ElasticNet,0.1,0.95,0.9322665878826522,0.1899769168062284,0.9117710764147668,3,False,0.9322665878826522,0.0015974651425796488,False,0
9,ElasticNet,0.01,0.1,0.9406336362508213,0.04222180143890191,0.9102782147620913,3,False,0.9406336362508213,5.903838949531054e-05,False,0
8,LASSO,0.1,1.0,0.9549470932056816,0.18240601347111893,0.9095803003026149,3,False,0.9549470932056816,0.0005825329451861067,False,0
9,LASSO,0.1,1.0,0.9717018699550146,0.17745439769759472,0.9079712120986286,3,False,0.9717018699550146,0.012597280381571915,False,0
10,LASSO,0.1,1.0,0.9759489430964443,0.18606639640878164,0.9075957370641627,3,False,0.9759489430964443,0.010080331596534223,False,0
10,ElasticNet,0.01,0.1,0.9805789667222181,0.05218885324860281,0.906299426128745,3,False,0.9805789667222181,5.4769555488984865e-05,False,0
7,ElasticNet,0.001,0.95,1.058323448356455,0.13781276733732004,0.8994667539587035,3,False,1.058323448356455,8.097258015343637e-05,False,0
8,LASSO,0.001,1.0,1.0948502266054434,0.062239960375764763,0.8954689141222869,3,False,1.0948502266054432,0.00015165862036775472,False,0
8,ElasticNet,0.001,0.95,1.1276002200074655,0.05834414660816525,0.8924124304650647,3,False,1.1276002200074655,9.53863919773587e-05,False,0
10,LASSO,0.001,1.0,1.1714526512669228,0.1631177633571242,0.8887899641950602,3,False,1.1714526512669228,5.497714019369357e-05,False,0
9,ElasticNet,0.001,0.95,1.1796924866759957,0.14897059131766702,0.8879326194719784,3,False,1.1796924866759957,9.8284792058047e-05,False,0
9,ElasticNet,0.001,0.9,1.1864082664745201,0.12999307984850117,0.8872551063133042,3,False,1.1864082664745204,5.429283601016924e-05,False,0
10,ElasticNet,0.001,0.95,1.1926429301674648,0.14585400347227145,0.8867372411746516,3,False,1.1926429301674648,0.00015725860396221235,False,0
10,LASSO,0.0001,1.0,2.168878636745393,0.36796082737746294,0.7922363871041966,3,False,2.1688786367453927,0.0013958690018990643,False,0
9,LASSO,0.0001,1.0,2.763349067534888,0.21209559258991253,0.7364487155563268,3,False,2.763349067534888,8.792817477757473e-05,False,0
10,ElasticNet,0.0001,0.95,2.7786255333201932,0.3210083425941809,0.7357386162033719,3,False,2.7786255333201932,0.00016877871169481936,False,0
8,ElasticNet,0.0001,0.9,2.8186820525324805,0.33926426896264267,0.7308924743789372,3,False,2.8186820525324805,0.0001317930108464451,False,0
10,ElasticNet,1.0,0.3,3.066089940821683,0.2638150485972951,0.7085498593542429,3,False,3.066089940821683,0.0001661350442298537,False,0
6,LASSO,0.0001,1.0,3.9511382392223227,0.9743897106447558,0.6213644116066772,3,False,3.9511382392223227,5.373533119146062e-05,False,0
7,ElasticNet,0.0001,0.9,4.01786714965622,1.1693587291239238,0.6132918698929828,3,False,4.01786714965622,0.00013766212573045248,False,0
6,ElasticNet,0.0001,0.95,4.028519397521691,0.9014223998473627,0.6141122431515794,3,False,4.028519397521691,5.5745170394407435e-05,False,0
6,ElasticNet,0.0001,0.9,4.077626873400192,0.9844348889224218,0.6088703482337647,3,False,4.077626873400192,0.00012434458621107076,False,0
6,ElasticNet,0.0001,0.7,4.332412431805548,0.9461672470114073,0.5845998422242644,3,False,4.332412431805548,7.160459842217813e-05,False,0
2,Ridge,1000.0,0.0,,,,2,True,3.8575582858035324,0.0,False,0
2,Ridge,10000.0,0.0,,,,2,True,6.1708134123188145,0.0,False,0
2,Ridge,100000.0,0.0,,,,1,True,3.4469496814457545,0.0,False,0
2,Ridge,1000000.0,0.0,,,,1,True,3.4803022383047053,0.0,False,0
2,LASSO,1.0,1.0,,,,2,True,5.582965834916365,4.1448690968337587e-07,False,0
2,LASSO,10.0,1.0,,,,1,True,3.4840658086031415,0.0,False,0
2,LASSO,100.0,1.0,,,,1,True,3.4840658086031415,0.0,False,0
2,LASSO,1000.0,1.0,,,,1,True,3.4840658086031415,0.0,False,0
2,LASSO,10000.0,1.0,,,,1,True,3.4840658086031415,0.0,False,0
2,LASSO,100000.0,1.0,,,,1,True,3.4840658086031415,0.0,False,0
2,LASSO,1000000.0,1.0,,,,1,True,3.4840658086031415,0.0,False,0
2,ElasticNet,1.0,0.1,,,,2,True,3.317414238849891,1.2543053234947976e-08,False,0
2,ElasticNet,10.0,0.1,,,,1,True,3.404523675489307,1.2609377875172356e-08,False,0
2,ElasticNet,100.0,0.1,,,,1,True,3.4840658086031415,0.0,False,0
2,ElasticNet,1000.0,0.1,,,,1,True,3.4840658086031415,0.0,False,0
2,ElasticNet,10000.0,0.1,,,,1,True,3.4840658086031415,0.0,False,0
2,ElasticNet,100000.0,0.1,,,,1,True,3.4840658086031415,0.0,False,0
2,ElasticNet,1000000.0,0.1,,,,1,True,3.4840658086031415,0.0,False,0
2,ElasticNet,1.0,0.3,,,,2,True,3.7791548688311667,2.8645030791807358e-11,False,0
2,ElasticNet,10.0,0.3,,,,1,True,3.4840658086031415,0.0,False,0
2,ElasticNet,100.0,0.3,,,,1,True,3.4840658086031415,0.0,False,0
2,ElasticNet,1000.0,0.3,,,,1,True,3.4840658086031415,0.0,False,0
2,ElasticNet,10000.0,0.3,,,,1,True,3.4840658086031415,0.0,False,0
2,ElasticNet,100000.0,0.3,,,,1,True,3.4840658086031415,0.0,False,0
2,ElasticNet,1000000.0,0.3,,,,1,True,3.4840658086031415,0.0,False,0
2,ElasticNet,1.0,0.5,,,,2,True,4.229259381213956,1.432605750917304e-06,False,0
2,ElasticNet,10.0,0.5,,,,1,True,3.4840658086031415,0.0,False,0
2,ElasticNet,100.0,0.5,,,,1,True,3.4840658086031415,0.0,False,0
2,ElasticNet,1000.0,0.5,,,,1,True,3.4840658086031415,0.0,False,0
2,ElasticNet,10000.0,0.5,,,,1,True,3.4840658086031415,0.0,False,0
2,ElasticNet,100000.0,0.5,,,,1,True,3.4840658086031415,0.0,False,0
2,ElasticNet,1000000.0,0.5,,,,1,True,3.4840658086031415,0.0,False,0
2,ElasticNet,1.0,0.7,,,,2,True,4.760998132720725,1.7172896894512846e-06,False,0
2,ElasticNet,10.0,0.7,,,,1,True,3.4840658086031415,0.0,False,0
2,ElasticNet,100.0,0.7,,,,1,True,3.4840658086031415,0.0,False,0
2,ElasticNet,1000.0,0.7,,,,1,True,3.4840658086031415,0.0,False,0
2,ElasticNet,10000.0,0.7,,,,1,True,3.4840658086031415,0.0,False,0
2,ElasticNet,100000.0,0.7,,,,1,True,3.4840658086031415,0.0,False,0
2,ElasticNet,1000000.0,0.7,,,,1,True,3.4840658086031415,0.0,False,0
2,ElasticNet,1.0,0.9,,,,2,True,5.294069536956638,3.402165973387383e-07,False,0
2,ElasticNet,10.0,0.9,,,,1,True,3.4840658086031415,0.0,False,0
2,ElasticNet,100.0,0.9,,,,1,True,3.4840658086031415,0.0,False,0
2,ElasticNet,1000.0,0.9,,,,1,True,3.4840658086031415,0.0,False,0
2,ElasticNet,10000.0,0.9,,,,1,True,3.4840658086031415,0.0,False,0
2,ElasticNet,100000.0,0.9,,,,1,True,3.4840658086031415,0.0,False,0
2,ElasticNet,1000000.0,0.9,,,,1,True,3.4840658086031415,0.0,False,0
2,ElasticNet,1.0,0.95,,,,2,True,5.436694740279265,6.352656710673088e-07,False,0
2,ElasticNet,10.0,0.95,,,,1,True,3.4840658086031415,0.0,False,0
2,ElasticNet,100.0,0.95,,,,1,True,3.4840658086031415,0.0,False,0
2,ElasticNet,1000.0,0.95,,,,1,True,3.4840658086031415,0.0,False,0
2,ElasticNet,10000.0,0.95,,,,1,True,3.4840658086031415,0.0,False,0
2,ElasticNet,100000.0,0.95,,,,1,True,3.4840658086031415,0.0,False,0
2,ElasticNet,1000000.0,0.95,,,,1,True,3.4840658086031415,0.0,False,0
3,Ridge,1000.0,0.0,,,,1,True,1.4244354355099809,0.0,False,0
3,Ridge,10000.0,0.0,,,,1,True,2.7709364201510955,0.0,False,0
3,Ridge,100000.0,0.0,,,,1,True,3.3791891788316106,0.0,False,0
3,Ridge,1000000.0,0.0,,,,1,True,3.4730225122250062,0.0,False,0
3,LASSO,1.0,1.0,,,,1,True,2.6004309435718738,1.7446266653564635e-11,False,0
3,LASSO,10.0,1.0,,,,1,True,3.4840658086031415,0.0,False,0
3,LASSO,100.0,1.0,,,,1,True,3.4840658086031415,0.0,False,0
3,LASSO,1000.0,1.0,,,,1,True,3.4840658086031415,0.0,False,0
3,LASSO,10000.0,1.0,,,,1,True,3.4840658086031415,0.0,False,0
3,LASSO,100000.0,1.0,,,,1,True,3.4840658086031415,0.0,False,0
3,LASSO,1000000.0,1.0,,,,1,True,3.4840658086031415,0.0,False,0
3,ElasticNet,1.0,0.1,,,,1,True,1.182013883985288,2.346293289684498e-06,False,0
3,ElasticNet,10.0,0.1,,,,1,True,3.3579698958676865,1.3501722240238934e-07,False,0
3,ElasticNet,100.0,0.1,,,,1,True,3.4840658086031415,0.0,False,0
3,ElasticNet,1000.0,0.1,,,,1,True,3.4840658086031415,0.0,False,0
3,ElasticNet,10000.0,0.1,,,,1,True,3.4840658086031415,0.0,False,0
3,ElasticNet,100000.0,0.1,,,,1,True,3.4840658086031415,0.0,False,0
3,ElasticNet,1000000.0,0.1,,,,1,True,3.4840658086031415,0.0,False,0
3,ElasticNet,1.0,0.3,,,,1,True,1.4598498196845624,7.747998242990661e-09,False,0
3,ElasticNet,10.0,0.3,,,,1,True,3.4840658086031415,0.0,False,0
3,ElasticNet,100.0,0.3,,,,1,True,3.4840658086031415,0.0,False,0
3,ElasticNet,1000.0,0.3,,,,1,True,3.4840658086031415,0.0,False,0
3,ElasticNet,10000.0,0.3,,,,1,True,3.4840658086031415,0.0,False,0
3,ElasticNet,100000.0,0.3,,,,1,True,3.4840658086031415,0.0,False,0
3,ElasticNet,1000000.0,0.3,,,,1,True,3.4840658086031415,0.0,False,0
3,ElasticNet,1.0,0.5,,,,1,True,1.77679661850203,1.1876500893848174e-09,False,0
3,ElasticNet,10.0,0.5,,,,1,True,3.4840658086031415,0.0,False,0
3,ElasticNet,100.0,0.5,,,,1,True,3.4840658086031415,0.0,False,0
3,ElasticNet,1000.0,0.5,,,,1,True,3.4840658086031415,0.0,False,0
3,ElasticNet,10000.0,0.5,,,,1,True,3.4840658086031415,0.0,False,0
3,ElasticNet,100000.0,0.5,,,,1,True,3.4840658086031415,0.0,False,0
3,ElasticNet,1000000.0,0.5,,,,1,True,3.4840658086031415,0.0,False,0
3,ElasticNet,1.0,0.7,,,,1,True,2.0759263872443,2.4451978415385156e-06,False,0
3,ElasticNet,10.0,0.7,,,,1,True,3.4840658086031415,0.0,False,0
3,ElasticNet,100.0,0.7,,,,1,True,3.4840658086031415,0.0,False,0
3,ElasticNet,1000.0,0.7,,,,1,True,3.4840658086031415,0.0,False,0
3,ElasticNet,10000.0,0.7,,,,1,True,3.4840658086031415,0.0,False,0
3,ElasticNet,100000.0,0.7,,,,1,True,3.4840658086031415,0.0,False,0
3,ElasticNet,1000000.0,0.7,,,,1,True,3.4840658086031415,0.0,False,0
3,ElasticNet,1.0,0.9,,,,1,True,2.3968878754666942,5.45018474795711e-11,False,0
3,ElasticNet,10.0,0.9,,,,1,True,3.4840658086031415,0.0,False,0
3,ElasticNet,100.0,0.9,,,,1,True,3.4840658086031415,0.0,False,0
3,ElasticNet,1000.0,0.9,,,,1,True,3.4840658086031415,0.0,False,0
3,ElasticNet,10000.0,0.9,,,,1,True,3.4840658086031415,0.0,False,0
3,ElasticNet,100000.0,0.9,,,,1,True,3.4840658086031415,0.0,False,0
3,ElasticNet,1000000.0,0.9,,,,1,True,3.4840658086031415,0.0,False,0
3,ElasticNet,1.0,0.95,,,,1,True,2.4926718518361937,4.508982076600887e-11,False,0
3,ElasticNet,10.0,0.95,,,,1,True,3.4840658086031415,0.0,False,0
3,ElasticNet,100.0,0.95,,,,1,True,3.4840658086031415,0.0,False,0
3,ElasticNet,1000.0,0.95,,,,1,True,3.4840658086031415,0.0,False,0
3,ElasticNet,10000.0,0.95,,,,1,True,3.4840658086031415,0.0,False,0
3,ElasticNet,100000.0,0.95,,,,1,True,3.4840658086031415,0.0,False,0
3,ElasticNet,1000000.0,0.95,,,,1,True,3.4840658086031415,0.0,False,0
4,Ridge,1000.0,0.0,,,,2,True,1.6001962725861683,0.0,False,0
4,Ridge,10000.0,0.0,,,,1,True,2.164843809292029,0.0,False,0
4,Ridge,100000.0,0.0,,,,1,True,3.243418733839937,0.0,False,0
4,Ridge,1000000.0,0.0,,,,1,True,3.457629282572125,0.0,False,0
4,LASSO,0.1,1.0,,,,2,True,0.727074901032322,4.510991189601854e-06,False,0
4,LASSO,1.0,1.0,,,,1,True,2.555011263662942,2.5875276132847347e-06,False,0
4,LASSO,10.0,1.0,,,,1,True,3.4840658086031415,0.0,False,0
4,LASSO,100.0,1.0,,,,1,True,3.4840658086031415,0.0,False,0
4,LASSO,1000.0,1.0,,,,1,True,3.4840658086031415,0.0,False,0
4,LASSO,10000.0,1.0,,,,1,True,3.4840658086031415,0.0,False,0
4,LASSO,100000.0,1.0,,,,1,True,3.4840658086031415,0.0,False,0
4,LASSO,1000000.0,1.0,,,,1,True,3.4840658086031415,0.0,False,0
4,ElasticNet,1.0,0.1,,,,1,True,0.7794267765279939,1.3676283508456955e-08,False,0
4,ElasticNet,10.0,0.1,,,,1,True,3.2153834880456986,2.2781399082738574e-06,False,0
4,ElasticNet,100.0,0.1,,,,1,True,3.4840658086031415,0.0,False,0
4,ElasticNet,1000.0,0.1,,,,1,True,3.4840658086031415,0.0,False,0
4,ElasticNet,10000.0,0.1,,,,1,True,3.4840658086031415,0.0,False,0
4,ElasticNet,100000.0,0.1,,,,1,True,3.4840658086031415,0.0,False,0
4,ElasticNet,1000000.0,0.1,,,,1,True,3.4840658086031415,0.0,False,0
4,ElasticNet,1.0,0.3,,,,1,True,1.1658611158235912,4.840162098895817e-08,False,0
4,ElasticNet,10.0,0.3,,,,1,True,3.4840658086031415,0.0,False,0
4,ElasticNet,100.0,0.3,,,,1,True,3.4840658086031415,0.0,False,0
4,ElasticNet,1000.0,0.3,,,,1,True,3.4840658086031415,0.0,False,0
4,ElasticNet,10000.0,0.3,,,,1,True,3.4840658086031415,0.0,False,0
4,ElasticNet,100000.0,0.3,,,,1,True,3.4840658086031415,0.0,False,0
4,ElasticNet,1000000.0,0.3,,,,1,True,3.4840658086031415,0.0,False,0
4,ElasticNet,1.0,0.5,,,,1,True,1.5822987044652337,9.070520057274933e-09,False,0
4,ElasticNet,10.0,0.5,,,,1,True,3.4840658086031415,0.0,False,0
4,ElasticNet,100.0,0.5,,,,1,True,3.4840658086031415,0.0,False,0
4,ElasticNet,1000.0,0.5,,,,1,True,3.4840658086031415,0.0,False,0
4,ElasticNet,10000.0,0.5,,,,1,True,3.4840658086031415,0.0,False,0
4,ElasticNet,100000.0,0.5,,,,1,True,3.4840658086031415,0.0,False,0
4,ElasticNet,1000000.0,0.5,,,,1,True,3.4840658086031415,0.0,False,0
4,ElasticNet,1.0,0.7,,,,1,True,1.9630607985923136,3.8393083834353803e-07,False,0
4,ElasticNet,10.0,0.7,,,,1,True,3.4840658086031415,0.0,False,0
4,ElasticNet,100.0,0.7,,,,1,True,3.4840658086031415,0.0,False,0
4,ElasticNet,1000.0,0.7,,,,1,True,3.4840658086031415,0.0,False,0
4,ElasticNet,10000.0,0.7,,,,1,True,3.4840658086031415,0.0,False,0
4,ElasticNet,100000.0,0.7,,,,1,True,3.4840658086031415,0.0,False,0
4,ElasticNet,1000000.0,0.7,,,,1,True,3.4840658086031415,0.0,False,0
4,ElasticNet,1.0,0.9,,,,1,True,2.3484256652043545,3.446680146845793e-07,False,0
4,ElasticNet,10.0,0.9,,,,1,True,3.4840658086031415,0.0,False,0
4,ElasticNet,100.0,0.9,,,,1,True,3.4840658086031415,0.0,False,0
4,ElasticNet,1000.0,0.9,,,,1,True,3.4840658086031415,0.0,False,0
4,ElasticNet,10000.0,0.9,,,,1,True,3.4840658086031415,0.0,False,0
4,ElasticNet,100000.0,0.9,,,,1,True,3.4840658086031415,0.0,False,0
4,ElasticNet,1000000.0,0.9,,,,1,True,3.4840658086031415,0.0,False,0
4,ElasticNet,1.0,0.95,,,,1,True,2.450079269065133,6.699529819798045e-12,False,0
4,ElasticNet,10.0,0.95,,,,1,True,3.4840658086031415,0.0,False,0
4,ElasticNet,100.0,0.95,,,,1,True,3.4840658086031415,0.0,False,0
4,ElasticNet,1000.0,0.95,,,,1,True,3.4840658086031415,0.0,False,0
4,ElasticNet,10000.0,0.95,,,,1,True,3.4840658086031415,0.0,False,0
4,ElasticNet,100000.0,0.95,,,,1,True,3.4840658086031415,0.0,False,0
4,ElasticNet,1000000.0,0.95,,,,1,True,3.4840658086031415,0.0,False,0
5,Ridge,1e-06,0.0,,,,1,True,4.655197430129967,0.0,False,0
5,Ridge,1e-05,0.0,,,,1,True,4.652852204428036,0.0,False,0
5,Ridge,0.0001,0.0,,,,1,True,4.629634191773763,0.0,False,0
5,Ridge,0.001,0.0,,,,1,True,4.418491931751909,0.0,False,0
5,Ridge,0.01,0.0,,,,1,True,3.297441453809163,0.0,False,0
5,Ridge,0.1,0.0,,,,1,True,1.4097297552995807,0.0,False,0
5,Ridge,1.0,0.0,,,,2,True,1.0271524711190698,0.0,False,0
5,Ridge,1000.0,0.0,,,,2,True,1.2305751060464418,0.0,False,0
5,Ridge,10000.0,0.0,,,,1,True,1.8476618560484994,0.0,False,0
5,Ridge,100000.0,0.0,,,,1,True,3.0196468523883166,0.0,False,0
5,Ridge,1000000.0,0.0,,,,1,True,3.424717390507597,0.0,False,0
6,Ridge,1e-06,0.0,,,,1,True,3.346575108151772,0.0,False,0
6,Ridge,1e-05,0.0,,,,1,True,3.345856829714292,0.0,False,0
6,Ridge,0.0001,0.0,,,,1,True,3.338717357720039,0.0,False,0
6,Ridge,0.001,0.0,,,,1,True,3.2713410278600628,0.0,False,0
6,Ridge,0.01,0.0,,,,1,True,2.825686491201951,0.0,False,0
6,Ridge,0.1,0.0,,,,1,True,1.601206440689693,0.0,False,0
6,Ridge,1.0,0.0,,,,2,True,1.290961429960423,0.0,False,0
6,Ridge,1000.0,0.0,,,,2,True,0.9929933186999585,0.0,False,0
6,Ridge,10000.0,0.0,,,,1,True,1.4225811325655133,0.0,False,0
6,Ridge,100000.0,0.0,,,,1,True,2.753885251727425,0.0,False,0
6,Ridge,1000000.0,0.0,,,,1,True,3.37862588208198,0.0,False,0
7,Ridge,1e-06,0.0,,,,1,True,1.6674089737780922,0.0,False,0
7,Ridge,1e-05,0.0,,,,1,True,1.6673511577593951,0.0,False,0
7,Ridge,0.0001,0.0,,,,1,True,1.6667734911733767,0.0,False,0
7,Ridge,0.001,0.0,,,,1,True,1.661045722596415,0.0,False,0
7,Ridge,0.01,0.0,,,,1,True,1.6082349424545361,0.0,False,0
7,Ridge,0.1,0.0,,,,1,True,1.3101123246199537,0.0,False,0
7,Ridge,1.0,0.0,,,,1,True,0.7464150743287078,0.0,False,0
7,Ridge,10.0,0.0,,,,2,True,0.7333382296354486,0.0,False,0
7,Ridge,1000.0,0.0,,,,2,True,0.8479470605192806,0.0,False,0
7,Ridge,10000.0,0.0,,,,1,True,1.3291998684931923,0.0,False,0
7,Ridge,100000.0,0.0,,,,1,True,2.5026758263343827,0.0,False,0
7,Ridge,1000000.0,0.0,,,,1,True,3.2908954046918186,0.0,False,0
8,Ridge,1e-06,0.0,,,,1,True,1.364184068778134,0.0,False,0
8,Ridge,1e-05,0.0,,,,1,True,1.364166847742748,0.0,False,0
8,Ridge,0.0001,0.0,,,,1,True,1.3639947122006821,0.0,False,0
8,Ridge,0.001,0.0,,,,1,True,1.362280797421571,0.0,False,0
8,Ridge,0.01,0.0,,,,1,True,1.3458473244897604,0.0,False,0
8,Ridge,0.1,0.0,,,,1,True,1.2274750940943584,0.0,False,0
8,Ridge,1.0,0.0,,,,2,True,1.9054594560279066,0.0,False,0
8,Ridge,10.0,0.0,,,,2,True,0.9763186105228735,0.0,False,0
8,Ridge,10000.0,0.0,,,,1,True,1.1313986807375476,0.0,False,0
8,Ridge,100000.0,0.0,,,,1,True,2.2447585581671365,0.0,False,0
8,Ridge,1000000.0,0.0,,,,1,True,3.1977469032579706,0.0,False,0
9,Ridge,1e-06,0.0,,,,1,True,1.3974859647367734,0.0,False,0
9,Ridge,1e-05,0.0,,,,1,True,1.3974724946142676,0.0,False,0
9,Ridge,0.0001,0.0,,,,1,True,1.3973378465495647,0.0,False,0
9,Ridge,0.001,0.0,,,,1,True,1.395996655011147,0.0,False,0
9,Ridge,0.01,0.0,,,,1,True,1.3830880451935927,0.0,False,0
9,Ridge,0.1,0.0,,,,1,True,1.2874772189307315,0.0,False,0
9,Ridge,1.0,0.0,,,,2,True,2.214376476948942,0.0,False,0
9,Ridge,10.0,0.0,,,,2,True,1.1296457051963642,0.0,False,0
9,Ridge,10000.0,0.0,,,,1,True,1.0675840122463518,0.0,False,0
9,Ridge,100000.0,0.0,,,,1,True,2.1360113539086165,0.0,False,0
9,Ridge,1000000.0,0.0,,,,1,True,3.055317564851548,0.0,False,0
10,Ridge,1e-06,0.0,,,,1,True,1.446360165427458,0.0,False,0
10,Ridge,1e-05,0.0,,,,1,True,1.4463485636224032,0.0,False,0
10,Ridge,0.0001,0.0,,,,1,True,1.4462325914085383,0.0,False,0
10,Ridge,0.001,0.0,,,,1,True,1.445077430850577,0.0,False,0
10,Ridge,0.01,0.0,,,,1,True,1.4339609038272194,0.0,False,0
10,Ridge,0.1,0.0,,,,1,True,1.3520875664614176,0.0,False,0
10,Ridge,1.0,0.0,,,,2,True,2.4805034998184725,0.0,False,0
10,Ridge,10.0,0.0,,,,2,True,1.4224859052505794,0.0,False,0
10,Ridge,10000.0,0.0,,,,2,True,1.8711515947288362,0.0,False,0
10,Ridge,100000.0,0.0,,,,1,True,1.9325091904374512,0.0,False,0
10,Ridge,1000000.0,0.0,,,,1,True,2.9353187169424646,0.0,False,0
5,Ridge,1.0,0.0,,,,2,True,1.0271524711190698,0.0,False,0
5,Ridge,1.7782794100389228,0.0,,,,2,True,0.7943848236445801,0.0,False,0
5,Ridge,3.1622776601683795,0.0,,,,2,True,0.6385362548812215,0.0,False,0
5,LASSO,0.001,1.0,,,,2,True,0.45812624241306654,9.253381997756643e-06,False,0
5,LASSO,0.1,1.0,,,,2,True,0.5644632182653715,7.3012255659560266e-06,False,0
5,ElasticNet,0.001,0.1,,,,1,True,0.5597868010903565,9.922514083160838e-06,False,0
5,ElasticNet,0.0017782794100389228,0.1,,,,1,True,0.4064881659536414,9.515767443835348e-06,False,0
5,ElasticNet,0.0031622776601683794,0.1,,,,2,True,0.6154207158243405,9.489086674365605e-06,False,0
5,ElasticNet,0.005623413251903491,0.1,,,,2,True,0.4820549245080709,9.73073616755693e-06,False,0
5,ElasticNet,0.01,0.1,,,,2,True,0.39232732125342834,9.758380057831029e-06,False,0
5,ElasticNet,0.001,0.3,,,,1,True,0.4329211625732931,9.998449048155425e-06,False,0
5,ElasticNet,0.0017782794100389228,0.3,,,,2,True,0.5881050172082124,9.748333145417898e-06,False,0
5,ElasticNet,0.0031622776601683794,0.3,,,,2,True,0.437497569288081,9.871827998600836e-06,False,0
5,ElasticNet,0.001,0.5,,,,2,True,0.688352850378387,9.9678517613477e-06,False,0
5,ElasticNet,0.0017782794100389228,0.5,,,,2,True,0.4681365760151997,9.880333756956189e-06,False,0
5,ElasticNet,0.1,0.5,,,,2,True,0.40323156060088144,4.275782983620413e-06,False,0
5,ElasticNet,0.001,0.7,,,,2,True,0.5634531257502234,9.8444522147168e-06,False,0
5,ElasticNet,0.0017782794100389228,0.7,,,,2,True,0.39705711675991767,9.683738475407908e-06,False,0
5,ElasticNet,0.1,0.7,,,,2,True,0.45408806865960094,7.315258433601701e-06,False,0
5,ElasticNet,0.001,0.9,,,,2,True,0.4873057865655304,9.249529294690236e-06,False,0
5,ElasticNet,0.1,0.9,,,,2,True,0.519774425658608,2.084838428687008e-06,False,0
5,ElasticNet,0.001,0.95,,,,2,True,0.4719098397389998,9.39489069150235e-06,False,0
5,ElasticNet,0.1,0.95,,,,2,True,0.5408472432531796,5.703055028796755e-06,False,0
