degree,model,alpha,l1_ratio,mean_mse,std_mse,mean_r2,evaluated_folds,pruned,mse_lower_bound,max_kkt,converged,warning_count
10,LASSO,0.0017782794100389228,1.0,0.2826638246904483,0.04664518142661738,0.9938716426641371,3,False,0.28266382469044826,9.836525256519532e-06,True,0
10,ElasticNet,0.0017782794100389228,0.95,0.2826929188572387,0.04761364590414866,0.9938732369334176,3,False,0.2826929188572387,9.929663065163206e-06,True,0
10,ElasticNet,0.0017782794100389228,0.9,0.28295562663407153,0.0478306613905513,0.9938679508199045,3,False,0.28295562663407153,8.000415685022405e-06,True,0
10,ElasticNet,0.0017782794100389228,0.7,0.2846742341721609,0.04966122990258794,0.9938366905696743,3,False,0.2846742341721609,9.712760597296562e-06,True,0
10,LASSO,0.001,1.0,0.2871298241888025,0.05115880112256123,0.993796843182697,3,False,0.2871298241888025,8.623818039424098e-06,True,0
10,LASSO,0.001,1.0,0.2872301832920755,0.05153868728729804,0.9937949775548907,3,False,0.2872301832920755,9.990932899018971e-06,True,0
10,ElasticNet,0.001,0.95,0.28735748476253553,0.051998585657228036,0.9937940126403187,3,False,0.28735748476253553,5.912040166238669e-06,True,0
10,ElasticNet,0.001,0.95,0.2874537432803412,0.052027647935210725,0.993792085419608,3,False,0.2874537432803412,9.880359162216658e-06,True,0
10,ElasticNet,0.001,0.9,0.28906977048705795,0.054618067926627836,0.9937609108184664,3,False,0.28906977048705795,6.477125897898944e-06,True,0
10,ElasticNet,0.001,0.9,0.28909202262213346,0.05462625901280354,0.993760451944827,3,False,0.28909202262213346,9.11104212515299e-06,True,0
10,ElasticNet,0.0031622776601683794,0.7,0.28962083143122763,0.05469295830752656,0.9937193248752109,3,False,0.2896208314312277,9.709893764741576e-06,True,0
10,ElasticNet,0.0031622776601683794,0.9,0.2898022209879254,0.048964098219823504,0.9937078244071468,3,False,0.28980222098792535,6.6496596161855215e-06,True,0
10,ElasticNet,0.0031622776601683794,0.95,0.289855266426038,0.04722197118786995,0.9937041501782876,3,False,0.289855266426038,4.514063386707942e-06,True,0
10,LASSO,0.0031622776601683794,1.0,0.2900784862758403,0.04490418526311661,0.9936958631926793,3,False,0.29007848627584026,8.248244817423908e-06,True,0
10,ElasticNet,0.0017782794100389228,0.5,0.2916419039687532,0.060756821510943235,0.9937035485841941,3,False,0.2916419039687532,9.95241605666994e-06,True,0
10,ElasticNet,0.0031622776601683794,0.5,0.29169499119807857,0.058731946012346374,0.9936819470614501,3,False,0.29169499119807857,9.938632729549228e-06,True,0
10,ElasticNet,0.0031622776601683794,0.3,0.2940568665087527,0.06215841001511836,0.9936409273289167,3,False,0.29405686650875273,9.85316527166559e-06,True,0
10,Ridge,1.0,0.0,0.2951024240380427,0.06268330578085902,0.9936385036124663,3,False,0.2951024240380427,0.0,True,0
10,Ridge,1.0,0.0,0.2951024240380427,0.06268330578085896,0.9936385036124663,3,False,0.2951024240380427,0.0,True,0
10,ElasticNet,0.001,0.7,0.2963148739365108,0.06548104080791475,0.9936192041567887,3,False,0.2963148739365108,9.92293179631089e-06,True,0
10,ElasticNet,0.001,0.7,0.29642650365473017,0.06567139281984527,0.993617036139126,3,False,0.29642650365473017,9.97248172761951e-06,True,0
10,ElasticNet,0.0017782794100389228,0.3,0.29697745884476373,0.06946012978054457,0.993602914468957,3,False,0.29697745884476373,9.96750609293562e-06,True,0
10,ElasticNet,0.0017782794100389228,0.1,0.29702392478752054,0.06682831282940507,0.9936015548594508,3,False,0.29702392478752054,9.983042361850765e-06,True,0
11,Ridge,1.0,0.0,0.2972243338476293,0.0674996527036545,0.9935978281259586,3,False,0.2972243338476293,0.0,True,0
10,Ridge,1.7782794100389228,0.0,0.2972345967816548,0.06020481319123263,0.9935826764790789,3,False,0.2972345967816548,0.0,True,0
10,ElasticNet,0.0031622776601683794,0.1,0.2976152753509256,0.06398899540239834,0.9935748766139286,3,False,0.2976152753509256,9.789971562900238e-06,True,0
10,Ridge,0.5623413251903491,0.0,0.2995072471526166,0.07089152771270764,0.9935558442003517,3,False,0.2995072471526166,0.0,True,0
9,ElasticNet,0.001,0.3,0.2996087626772707,0.049290550053928975,0.993521102488644,3,False,0.2996087626772707,9.929444282211653e-06,True,0
9,ElasticNet,0.001,0.9,0.29973123878155206,0.039487179170825906,0.9935059934912823,3,False,0.29973123878155206,9.827826287037286e-06,True,0
9,ElasticNet,0.001,0.1,0.2999277317773102,0.05352801697887767,0.9935210565122401,3,False,0.2999277317773102,2.3371096155214084e-05,True,0
9,ElasticNet,0.001,0.5,0.30005650641264914,0.04519078444543371,0.9935069584618946,3,False,0.30005650641264914,9.875084100396687e-06,True,0
9,ElasticNet,0.001,0.95,0.3001235709577782,0.03972246870550394,0.9934978089279859,3,False,0.30012357095777814,9.841677762196751e-06,True,0
9,LASSO,0.001,1.0,0.30020293959570554,0.03907757924229941,0.9934945843925279,3,False,0.30020293959570554,9.908825837556638e-06,True,0
11,LASSO,0.001,1.0,0.3003135419638891,0.07291571655146617,0.9935375478704337,3,False,0.3003135419638891,9.949974840732208e-06,True,0
9,ElasticNet,0.001,0.7,0.30040514884367847,0.042035197335736005,0.9934956182571234,3,False,0.30040514884367847,9.926026736849767e-06,True,0
10,ElasticNet,0.001,0.5,0.30114622187066603,0.07302401794785951,0.9935251380539247,3,False,0.30114622187066603,9.780516295062724e-06,True,0
10,ElasticNet,0.001,0.5,0.30122788789927196,0.0731590331167961,0.9935234916406159,3,False,0.3012278878992719,1.0001443151881986e-05,True,0
10,ElasticNet,0.001,0.1,0.30131888304983845,0.07363835770191819,0.9935212693028982,3,False,0.3013188830498384,9.939766676440542e-06,True,0
11,ElasticNet,0.001,0.95,0.30140069990559737,0.07408231752342169,0.9935158253281612,3,False,0.30140069990559737,9.970922297272288e-06,True,0
10,ElasticNet,0.001,0.1,0.30152438322701547,0.0739842556714079,0.9935172096134165,3,False,0.30152438322701547,1.3852917765026128e-05,True,0
11,ElasticNet,0.001,0.9,0.30275884112794205,0.07597465110949377,0.9934893648998867,3,False,0.30275884112794205,8.512779672945796e-06,True,0
10,ElasticNet,0.001,0.3,0.30363334743666986,0.07688012021623815,0.9934766405221044,3,False,0.30363334743666986,9.707110100114701e-06,True,0
10,ElasticNet,0.001,0.3,0.3036867337991764,0.07692754362164472,0.9934756058173938,3,False,0.3036867337991764,9.84608594946807e-06,True,0
10,ElasticNet,0.005623413251903491,0.1,0.3048685298468305,0.062422811826585115,0.9934014023206704,3,False,0.3048685298468305,9.977974953489892e-06,True,0
10,LASSO,0.0005623413251903491,1.0,0.3053262231611762,0.07449978990898684,0.9934389489343948,3,False,0.3053262231611762,9.920597162422769e-06,True,0
9,Ridge,1.0,0.0,0.3053399962251023,0.055486695334925264,0.99340072215151,3,False,0.3053399962251023,0.0,True,0
10,ElasticNet,0.005623413251903491,0.3,0.3061302365396501,0.06311345018735971,0.9933616244875854,3,False,0.3061302365396501,9.859672829137757e-06,True,0
11,ElasticNet,0.001,0.5,0.30660320541115116,0.08122067942799142,0.9934140394069483,3,False,0.30660320541115116,1.0008908850492196e-05,True,0
10,ElasticNet,0.0005623413251903491,0.95,0.3066830489246124,0.07646096788773026,0.9934121681347822,3,False,0.3066830489246124,9.972437492905529e-06,True,0
11,ElasticNet,0.001,0.1,0.3067181414840132,0.0812925247275042,0.9934107901587651,3,False,0.3067181414840132,1.7467359359346344e-05,True,0
11,ElasticNet,0.001,0.7,0.30678671127849827,0.08131059482638582,0.9934098385932345,3,False,0.30678671127849827,7.098564607874755e-06,True,0
10,ElasticNet,0.0005623413251903491,0.9,0.3077664038059945,0.07830491028294294,0.9933911872452753,3,False,0.3077664038059945,9.958438145043808e-06,True,0
10,Ridge,3.1622776601683795,0.0,0.3081291638151855,0.06339791674147807,0.9933394373933938,3,False,0.3081291638151855,0.0,True,0
11,ElasticNet,0.001,0.3,0.3082038892665442,0.08471259394148861,0.9933834099956478,3,False,0.3082038892665442,2.903199811514132e-05,True,0
10,Ridge,0.31622776601683794,0.0,0.30907755183616703,0.08424395239836935,0.9933648236687693,3,False,0.3090775518361671,0.0,True,0
10,ElasticNet,0.005623413251903491,0.5,0.3092617905762737,0.06106669646889066,0.9932834850592899,3,False,0.3092617905762737,9.2702755857192e-06,True,0
8,Ridge,0.1,0.0,0.30993478616596104,0.05894854783809668,0.9933166696114375,3,False,0.30993478616596104,0.0,True,0
8,ElasticNet,0.0001,0.1,0.3104922212992452,0.06148440958157439,0.9933103955970441,3,False,0.3104922212992452,2.374923806178596e-05,True,0
12,Ridge,1.0,0.0,0.3113392134528166,0.09282035967339024,0.9933237223440176,3,False,0.3113392134528166,0.0,True,0
8,ElasticNet,0.0001,0.3,0.31134662370983657,0.06157504388925493,0.9932930651136175,3,False,0.3113466237098365,9.983523409613922e-06,True,0
10,ElasticNet,0.0005623413251903491,0.1,0.31147572785816124,0.08806096595884016,0.9933190242648068,3,False,0.31147572785816124,9.927353829945915e-06,True,0
9,Ridge,0.1,0.0,0.3119834389461466,0.06906717313857756,0.9932816593718417,3,False,0.3119834389461466,0.0,True,0
10,ElasticNet,0.0005623413251903491,0.7,0.3122699077714635,0.08548268093141631,0.993303449110834,3,False,0.3122699077714635,9.95617406918635e-06,True,0
8,ElasticNet,0.0001,0.5,0.31286489420683433,0.06178814435869639,0.9932614304748753,3,False,0.31286489420683433,1.800248458229603e-05,True,0
10,ElasticNet,0.0005623413251903491,0.3,0.31308417879033573,0.08986405456816715,0.993288852266223,3,False,0.31308417879033573,9.983935324671178e-06,True,0
10,ElasticNet,0.0005623413251903491,0.5,0.31403060687125156,0.08943036799656275,0.9932695369166549,3,False,0.31403060687125156,9.957082745436858e-06,True,0
8,ElasticNet,0.0001,0.7,0.3151397473408261,0.06335168491143195,0.9932162221579417,3,False,0.3151397473408261,9.98920348375147e-06,True,0
10,ElasticNet,0.005623413251903491,0.7,0.3162381704346599,0.061387145595693034,0.9931293963404108,3,False,0.3162381704346599,9.833427958218233e-06,True,0
8,ElasticNet,0.0001,0.9,0.31727502185294404,0.06355812400171698,0.9931721692928566,3,False,0.3172750218529441,1.0168392897872685e-05,True,0
8,ElasticNet,0.001,0.1,0.3202511617815148,0.059679913999716026,0.9930790171225574,3,False,0.32025116178151475,1.725244665200217e-05,True,0
11,ElasticNet,0.01,0.1,0.32044364459951935,0.057012669608895374,0.9930437496014989,3,False,0.32044364459951935,9.805211132655946e-06,True,0
8,ElasticNet,0.001,0.3,0.32211735753125187,0.0599314924379296,0.9930362782260543,3,False,0.32211735753125187,9.83900949146283e-06,True,0
8,Ridge,0.01,0.0,0.322438084461224,0.07271899326564803,0.9930653912946178,3,False,0.322438084461224,0.0,True,0
10,Ridge,0.1778279410038923,0.0,0.32275942543790653,0.10117956177698129,0.9930878289907392,3,False,0.3227594254379066,0.0,True,0
10,ElasticNet,0.005623413251903491,0.9,0.3228446227187723,0.0539947256349687,0.9929750047524925,3,False,0.3228446227187723,8.348272633576341e-06,True,0
10,ElasticNet,0.005623413251903491,0.95,0.3234634290854287,0.05054589344327105,0.9929572672970384,3,False,0.3234634290854287,9.450774745614274e-06,True,0
9,ElasticNet,0.0001,0.3,0.32352562726680506,0.08170198572592824,0.993047260657779,3,False,0.3235256272668051,2.6928993189164815e-05,True,0
10,LASSO,0.00031622776601683794,1.0,0.32385568347974103,0.0970488723090984,0.9930653320323759,3,False,0.32385568347974103,9.887667826751184e-06,True,0
8,ElasticNet,0.001,0.5,0.3239688759301953,0.061866478392347844,0.9929981406773111,3,False,0.3239688759301953,9.99193385131051e-06,True,0
10,LASSO,0.005623413251903491,1.0,0.32399508413118044,0.045702971443711785,0.9929395004521545,3,False,0.32399508413118044,9.021055474111965e-06,True,0
13,Ridge,1.0,0.0,0.32404468286890603,0.10400429914797517,0.9930640200255261,3,False,0.32404468286890603,0.0,True,0
8,ElasticNet,0.001,0.7,0.3241563700627447,0.06140653748616768,0.9929920136418314,3,False,0.3241563700627447,9.5581879263687e-06,True,0
10,ElasticNet,0.00031622776601683794,0.1,0.3242571333488295,0.10322242700921873,0.9930587751161845,3,False,0.3242571333488295,9.997891710467617e-06,True,0
12,ElasticNet,0.001,0.1,0.32471416912955525,0.11261760689927204,0.9930602726332806,3,False,0.32471416912955525,3.478856463141101e-05,True,0
10,ElasticNet,0.00031622776601683794,0.95,0.32481591097952484,0.09878832486915488,0.993046040007615,3,False,0.32481591097952484,9.979219764299878e-06,True,0
13,ElasticNet,0.01,0.1,0.32524409058890646,0.07240221232326785,0.9929581251988484,3,False,0.32524409058890646,2.714788507939144e-05,True,0
9,ElasticNet,0.0001,0.5,0.3252782186268613,0.08423634421818815,0.9930128794553772,3,False,0.3252782186268613,2.840798191095178e-05,True,0
10,ElasticNet,0.00031622776601683794,0.5,0.32554634453387854,0.10376314623616552,0.9930345728557843,3,False,0.32554634453387854,9.992178193061145e-06,True,0
8,ElasticNet,0.001,0.9,0.3256379577485858,0.060549923880702544,0.9929560722259785,3,False,0.3256379577485858,9.975477692607108e-06,True,0
10,ElasticNet,0.00031622776601683794,0.9,0.32578476892883085,0.10069770670458957,0.9930271310635147,3,False,0.32578476892883085,9.996103065775495e-06,True,0
12,ElasticNet,0.01,0.3,0.32595846961828046,0.06270940592868864,0.9929122435324498,3,False,0.3259584696182804,9.414564440191758e-06,True,0
8,ElasticNet,0.001,0.95,0.3262741462015896,0.06002673239109894,0.9929409376474347,3,False,0.3262741462015896,9.906161425167026e-06,True,0
10,ElasticNet,0.00031622776601683794,0.3,0.3265610898711678,0.10711475071522888,0.9930153908591123,3,False,0.3265610898711678,9.924368557023396e-06,True,0
12,ElasticNet,0.001,0.3,0.32683744223133865,0.11592098938887363,0.9930188691461831,3,False,0.32683744223133865,1.4739787386127106e-05,True,0
8,LASSO,0.001,1.0,0.32685575220553625,0.05953655033139532,0.99292676309679,3,False,0.32685575220553625,9.872566780820373e-06,True,0
11,ElasticNet,0.01,0.3,0.3269149009094379,0.053539004267102196,0.9928821730838456,3,False,0.3269149009094379,9.549970360679585e-06,True,0
13,ElasticNet,0.01,0.3,0.32692399724302557,0.057098911081567276,0.9928856299314764,3,False,0.32692399724302557,9.846844841213034e-06,True,0
10,ElasticNet,0.00031622776601683794,0.7,0.32728929493824616,0.10431316840271007,0.9929979821495284,3,False,0.32728929493824616,9.978140404705445e-06,True,0
8,ElasticNet,1e-05,0.1,0.3286718184195457,0.07592584409568601,0.9929354729323814,3,False,0.3286718184195457,1.9191691595692434e-05,True,0
10,ElasticNet,0.01,0.1,0.32905039569175537,0.06856886403612741,0.992864331208112,3,False,0.32905039569175537,9.91162703956462e-06,True,0
10,ElasticNet,0.01,0.1,0.32906563060409294,0.06856859321412122,0.9928640073937051,3,False,0.3290656306040929,9.952713591354764e-06,True,0
12,ElasticNet,0.001,0.5,0.32923909936017487,0.11792583121992434,0.9929686434793936,3,False,0.32923909936017487,1.1613630362595725e-05,True,0
14,ElasticNet,0.01,0.3,0.32996654011735865,0.06177523578213655,0.9928274798026279,3,False,0.32996654011735865,9.657021950681445e-06,True,0
15,ElasticNet,0.01,0.3,0.3307103438371107,0.055736316574283795,0.9928031318011614,3,False,0.3307103438371107,1.762111898592116e-05,True,0
10,Ridge,5.623413251903491,0.0,0.3310511825221119,0.07114652072474177,0.9928360167458105,3,False,0.3310511825221119,0.0,True,0
8,ElasticNet,1e-05,0.3,0.3311784025798164,0.07623236795253448,0.9928799659886144,3,False,0.3311784025798164,2.3786550514880812e-05,True,0
12,ElasticNet,0.001,0.7,0.3327602673472368,0.12405460955720024,0.9928986997625402,3,False,0.3327602673472368,7.818539240829329e-06,True,0
14,ElasticNet,0.01,0.1,0.3328693577543112,0.08330254907311677,0.9928099070285402,3,False,0.3328693577543112,9.856134809414427e-06,True,0
9,ElasticNet,0.0001,0.9,0.33356349998925355,0.0960702145936486,0.9928509789522412,3,False,0.33356349998925355,2.1539497650457394e-05,True,0
17,ElasticNet,0.01,0.3,0.33431708393466414,0.05309508365189911,0.9927235680970264,3,False,0.33431708393466414,4.65051984624462e-05,True,0
8,ElasticNet,1e-05,0.5,0.3343614013944188,0.08092284825342357,0.9928172241130465,3,False,0.3343614013944188,3.192231573113878e-05,True,0
8,Ridge,1.0,0.0,0.3343831754058795,0.06703131525816075,0.9927753737260115,3,False,0.3343831754058795,0.0,True,0
18,ElasticNet,0.01,0.3,0.334703117940613,0.05023902161745218,0.9927126388487606,3,False,0.334703117940613,3.9125704667663293e-05,True,0
13,ElasticNet,0.001,0.7,0.33483544874603366,0.12111855772213924,0.9928459426781041,3,False,0.33483544874603366,2.2500816965199217e-05,True,0
9,ElasticNet,0.0001,0.95,0.33541666547518173,0.09950079711693016,0.9928152535861402,3,False,0.33541666547518173,3.0166821521102728e-05,True,0
12,ElasticNet,0.001,0.95,0.33689963979788784,0.13252021045140555,0.9928199904978628,3,False,0.33689963979788784,2.814885387393822e-05,True,0
12,ElasticNet,0.001,0.9,0.3376943259448471,0.1336349223216568,0.9928037274559669,3,False,0.3376943259448471,1.3356541522709553e-05,True,0
8,Ridge,0.001,0.0,0.33806017832204716,0.08331509684757055,0.9927408325347743,3,False,0.33806017832204716,0.0,True,0
14,Ridge,1.0,0.0,0.3381840438850979,0.12280803730221454,0.9927826272244692,3,False,0.3381840438850979,0.0,True,0
13,ElasticNet,0.001,0.5,0.33828273214546867,0.1260542642047265,0.9927817779716532,3,False,0.3382827321454686,2.3945419520380066e-05,True,0
13,ElasticNet,0.001,0.3,0.3384351137424293,0.12554778342327666,0.9927798391843113,3,False,0.3384351137424293,4.149224025625664e-05,True,0
8,ElasticNet,1e-05,0.7,0.3388952748461967,0.08444772311629473,0.9927220989831068,3,False,0.3388952748461967,3.899175097909011e-05,True,0
10,Ridge,0.1,0.0,0.339119098734377,0.11892657596113808,0.9927538467206616,3,False,0.339119098734377,0.0,True,0
10,Ridge,0.1,0.0,0.339119098734377,0.11892657596113808,0.9927538467206616,3,False,0.339119098734377,0.0,True,0
12,ElasticNet,0.01,0.5,0.33958725063360534,0.059502430144366986,0.9925986644135426,3,False,0.33958725063360534,7.593084602493597e-06,True,0
13,ElasticNet,0.001,0.1,0.3396954743444213,0.1255643518844908,0.9927524659067699,3,False,0.3396954743444213,4.002746773165186e-05,True,0
10,ElasticNet,0.01,0.3,0.3397860075451318,0.06995625024882764,0.9926133184543612,3,False,0.33978600754513183,9.648163478708123e-06,True,0
10,ElasticNet,0.01,0.3,0.33980883039860893,0.06998156302500161,0.9926128806726036,3,False,0.33980883039860893,9.9788217786498e-06,True,0
8,ElasticNet,1e-05,0.95,0.34014412982800973,0.08601171925776273,0.9926962449054343,3,False,0.34014412982800984,3.47463460682779e-05,True,0
8,ElasticNet,1e-05,0.9,0.34025644439633745,0.08644896415802908,0.9926944560515459,3,False,0.34025644439633745,3.814360192397032e-05,True,0
8,LASSO,1e-05,1.0,0.3404915615113359,0.08653735492446328,0.9926890447573316,3,False,0.34049156151133597,3.3079695559611365e-05,True,0
8,ElasticNet,1e-06,0.1,0.3405572625659263,0.08444019270194035,0.9926876837421714,3,False,0.3405572625659263,9.990283672912725e-06,True,0
8,ElasticNet,1e-06,0.7,0.34057411655755904,0.08349169157224248,0.9926863341453291,3,False,0.34057411655755904,9.96274745433531e-06,True,0
19,ElasticNet,0.01,0.3,0.3407290666465988,0.05609902560965776,0.9925896237610452,3,False,0.3407290666465988,3.7655546230822446e-05,True,0
10,ElasticNet,0.00017782794100389227,0.1,0.3408011511800086,0.1211735445877568,0.992720226902497,3,False,0.3408011511800086,9.99882999817896e-06,True,0
8,ElasticNet,1e-06,0.3,0.3408284790828899,0.08436946657376435,0.992681552786562,3,False,0.3408284790828899,9.985429817295569e-06,True,0
8,ElasticNet,1e-06,0.5,0.3409155520389194,0.08450148110916919,0.9926803754772281,3,False,0.3409155520389194,1.0009146301456422e-05,True,0
8,ElasticNet,1e-06,0.9,0.34107691968671716,0.0837634322386941,0.9926767020535291,3,False,0.34107691968671716,9.956458969823743e-06,True,0
8,LASSO,1e-06,1.0,0.34115405862218723,0.0834632825240849,0.9926746198282513,3,False,0.34115405862218723,9.910380173431818e-06,True,0
8,ElasticNet,1e-06,0.95,0.34118894074112155,0.08395176407867673,0.9926743453393448,3,False,0.34118894074112155,9.925685146439123e-06,True,0
8,Ridge,0.0001,0.0,0.3415175469037289,0.08539243749720904,0.9926688454519604,3,False,0.3415175469037289,0.0,True,0
13,ElasticNet,0.01,0.5,0.3418963203801013,0.055243235723589565,0.9925454199023612,3,False,0.3418963203801013,8.236719034181161e-06,True,0
8,Ridge,1e-05,0.0,0.34191598264021844,0.08562889853731916,0.9926605499459898,3,False,0.3419159826402185,0.0,True,0
8,Ridge,1e-06,0.0,0.34195646130348495,0.08565289964048046,0.9926597071900765,3,False,0.34195646130348495,0.0,True,0
10,ElasticNet,0.00017782794100389227,0.3,0.3421974145811764,0.12296164412868395,0.9926935186243514,3,False,0.3421974145811764,9.738853251672686e-06,True,0
10,ElasticNet,0.00017782794100389227,0.5,0.34301708532845404,0.12400872498414316,0.9926774453212315,3,False,0.34301708532845404,9.99169867307429e-06,True,0
11,ElasticNet,0.01,0.5,0.34333533171089076,0.055327600810418744,0.9925162457887189,3,False,0.34333533171089076,9.393398268697437e-06,True,0
14,ElasticNet,0.01,0.5,0.34432959802586893,0.057399943553519954,0.9924955276350257,3,False,0.34432959802586893,5.863869791212194e-06,True,0
13,ElasticNet,0.001,0.9,0.3449255058052018,0.14196428666864214,0.992653682996679,3,False,0.3449255058052018,2.610043509294229e-05,True,0
10,ElasticNet,0.00017782794100389227,0.7,0.34592368537167556,0.12744174987779866,0.992618461538498,3,False,0.34592368537167556,9.993088855768931e-06,True,0
15,ElasticNet,0.01,0.5,0.34769160794935655,0.05573722464796978,0.9924220905196949,3,False,0.34769160794935644,2.3800816860277373e-05,True,0
14,ElasticNet,0.001,0.7,0.3489080614796985,0.14222430421714186,0.9925708726251332,3,False,0.3489080614796985,1.7405431017208863e-05,True,0
10,ElasticNet,0.00017782794100389227,0.9,0.34891916845795884,0.12853766161622465,0.9925555833929386,3,False,0.34891916845795884,9.954551570802737e-06,True,0
16,ElasticNet,0.01,0.5,0.34895221621644695,0.055106188729542815,0.992394760527915,3,False,0.34895221621644695,2.8181769898683387e-05,True,0
12,Ridge,10.0,0.0,0.3492733017298224,0.07569825398710714,0.9924328799955138,3,False,0.34927330172982235,0.0,True,0
10,ElasticNet,0.00017782794100389227,0.95,0.3500331125916896,0.1295112563268621,0.9925325156200676,3,False,0.3500331125916896,9.960710111328158e-06,True,0
10,LASSO,0.00017782794100389227,1.0,0.35013163264411834,0.12928398894625734,0.9925300246141807,3,False,0.35013163264411834,9.840905437013913e-06,True,0
13,Ridge,10.0,0.0,0.35146674201274514,0.07501493651943943,0.9923840255689106,3,False,0.35146674201274514,0.0,True,0
11,Ridge,10.0,0.0,0.3523607694076751,0.06311771542196187,0.9923514437137703,3,False,0.3523607694076751,0.0,True,0
14,ElasticNet,0.001,0.3,0.3524667741861398,0.14511076073498871,0.9925035931230455,3,False,0.3524667741861398,3.845904107657413e-05,True,0
14,ElasticNet,0.001,0.5,0.3534782167674484,0.14773807899539207,0.9924831948665469,3,False,0.3534782167674484,2.613296320081235e-05,True,0
18,ElasticNet,0.01,0.5,0.3537879038051428,0.055408077397591224,0.9922920617873424,3,False,0.3537879038051428,4.1109821375345454e-05,True,0
14,Ridge,10.0,0.0,0.3547322291387803,0.08369959512899186,0.9923272773462561,3,False,0.3547322291387804,0.0,True,0
20,ElasticNet,0.001,0.9,0.3554593004666388,0.12950243321364505,0.9924146042250593,3,False,0.3554593004666389,4.093951279728655e-05,True,0
10,ElasticNet,0.0001,0.1,0.3558919907226987,0.1317436345453102,0.9924050036499564,3,False,0.3558919907226988,3.3575158871170034e-05,True,0
14,ElasticNet,0.001,0.1,0.3560731841759699,0.14541366856043011,0.9924256814964428,3,False,0.3560731841759699,3.8395370060045406e-05,True,0
14,ElasticNet,0.001,0.9,0.35637986245540093,0.15885975312847128,0.9924283503901776,3,False,0.35637986245540093,3.6050963358510405e-05,True,0
15,ElasticNet,0.001,0.7,0.3568449443738287,0.14659155048626774,0.9924046700662909,3,False,0.3568449443738287,3.2734161461356304e-05,True,0
19,ElasticNet,0.01,0.5,0.3575727183932537,0.056975155861229816,0.9922137290129882,3,False,0.3575727183932537,4.782298946285832e-05,True,0
10,ElasticNet,0.0001,0.1,0.3580601816761879,0.1363216042668918,0.9923648214042112,3,False,0.35806018167618786,9.964054757845358e-06,True,0
10,ElasticNet,0.0001,0.3,0.3582423566737522,0.13611170678953052,0.9923612326904364,3,False,0.35824235667375226,9.966923406553372e-06,True,0
10,ElasticNet,0.0001,0.5,0.3585966671964027,0.1346196286710915,0.9923534114677208,3,False,0.3585966671964027,1.0006527082607512e-05,True,0
10,ElasticNet,0.0001,0.5,0.35864625324769417,0.13454795218604454,0.9923523126750761,3,False,0.35864625324769417,3.0424252713555213e-05,True,0
15,ElasticNet,0.001,0.5,0.3597447316763409,0.14691426974505328,0.9923474919096004,3,False,0.3597447316763409,3.4768894713320376e-05,True,0
10,ElasticNet,0.01,0.5,0.36026080573723895,0.07724712486082357,0.9921635685426015,3,False,0.36026080573723895,9.787471041683773e-06,True,0
10,ElasticNet,0.01,0.5,0.3602701832412966,0.077272149667101,0.9921633497354176,3,False,0.3602701832412966,9.533969099597382e-06,True,0
11,Ridge,0.1,0.0,0.3606060949950338,0.13469631330744328,0.9923114866298294,3,False,0.3606060949950338,0.0,True,0
15,ElasticNet,0.001,0.9,0.36066507474794446,0.15937495555859724,0.992335957498964,3,False,0.36066507474794446,3.785591831888106e-05,True,0
15,Ridge,1.0,0.0,0.3611623942420312,0.14148640732172726,0.9923131594417361,3,False,0.3611623942420312,0.0,True,0
11,ElasticNet,0.01,0.7,0.36268361454705755,0.05650789005656796,0.9920852610891324,3,False,0.36268361454705755,6.623470980952027e-06,True,0
16,Ridge,10.0,0.0,0.3630105060952335,0.09367849281101522,0.9921619452748368,3,False,0.3630105060952335,0.0,True,0
10,ElasticNet,0.0001,0.7,0.3636316173897574,0.14049247965555384,0.9922521338285896,3,False,0.3636316173897574,1.0008841586863312e-05,True,0
10,ElasticNet,0.0001,0.7,0.3636435743342535,0.1404410813216771,0.9922518292384543,3,False,0.3636435743342535,2.593416840475369e-05,True,0
18,ElasticNet,0.001,0.7,0.36405958288485984,0.14613830385789045,0.9922529129457406,3,False,0.36405958288485984,3.8391723382595285e-05,True,0
12,ElasticNet,0.01,0.7,0.3642339977562894,0.06420726361467267,0.9920580730146454,3,False,0.3642339977562894,9.319672206556731e-06,True,0
15,Ridge,10.0,0.0,0.3643466448483515,0.0948223481825033,0.9921299355946761,3,False,0.3643466448483515,0.0,True,0
16,Ridge,1.0,0.0,0.3647117596502434,0.1346033737929713,0.992232006073908,3,False,0.36471175965024333,0.0,True,0
15,ElasticNet,0.001,0.95,0.3647758968145162,0.16839868631933222,0.9922579457081357,3,False,0.3647758968145161,4.027820130731222e-05,True,0
13,ElasticNet,0.01,0.7,0.3657852450570837,0.06069358251699948,0.992024495343399,3,False,0.3657852450570837,9.047592070193095e-06,True,0
10,ElasticNet,0.0001,0.9,0.3658688792514988,0.14124977556022966,0.9922056915064306,3,False,0.3658688792514988,4.191560482012025e-05,True,0
16,ElasticNet,0.001,0.7,0.36594003960039806,0.15839293406372026,0.9922255539613619,3,False,0.365940039600398,4.42381041451627e-05,True,0
9,ElasticNet,0.01,0.1,0.3666869939499408,0.06647218097162032,0.9920576711024033,3,False,0.3666869939499408,9.887185107687949e-06,True,0
17,ElasticNet,0.001,0.9,0.36695652118721994,0.15593743659509957,0.9921981818399485,3,False,0.36695652118721994,4.8557364448393735e-05,True,0
15,ElasticNet,0.001,0.3,0.3677115756457809,0.15873358994042452,0.9921914849759355,3,False,0.3677115756457809,4.6184557470009774e-05,True,0
7,LASSO,0.0001,1.0,0.3692708608597178,0.07418598492743676,0.9920277519757409,3,False,0.3692708608597178,4.7342046069712324e-05,True,0
16,ElasticNet,0.001,0.5,0.36957240145725806,0.16350381997771443,0.9921554089444431,3,False,0.36957240145725806,3.1000863810162825e-05,True,0
7,ElasticNet,0.0001,0.95,0.36959969117022545,0.07422623643224968,0.9920201486571788,3,False,0.36959969117022545,9.902085602991656e-06,True,0
14,ElasticNet,0.01,0.7,0.36963206595577347,0.06462219159217238,0.9919433052257238,3,False,0.36963206595577347,4.506457010160746e-05,True,0
7,ElasticNet,0.0001,0.9,0.3696597247464061,0.07430589111218555,0.9920188477045948,3,False,0.3696597247464061,9.937364246401375e-06,True,0
18,Ridge,10.0,0.0,0.370281646132305,0.09916600837222238,0.9920170882662526,3,False,0.370281646132305,0.0,True,0
7,ElasticNet,0.0001,0.7,0.37044432880787775,0.07570461253165303,0.9920038923666992,3,False,0.3704443288078778,9.92349904103455e-06,True,0
20,ElasticNet,0.001,0.7,0.37070059973781255,0.1512679700378403,0.9921152311650908,3,False,0.3707005997378126,4.207689882411577e-05,True,0
10,Ridge,10.0,0.0,0.37097543389840953,0.08154547650576015,0.9919595500084831,3,False,0.37097543389840953,0.0,True,0
10,Ridge,10.0,0.0,0.37097543389840953,0.08154547650576015,0.9919595500084831,3,False,0.37097543389840953,0.0,True,0
7,ElasticNet,0.0001,0.5,0.3710198099841655,0.07638887179959347,0.9919920454198028,3,False,0.3710198099841655,9.951180923731793e-06,True,0
10,ElasticNet,0.0001,0.9,0.3710967906767266,0.1491813275824533,0.9921021097363191,3,False,0.3710967906767266,9.984471637747321e-06,True,0
9,Ridge,0.01,0.0,0.3714692064569964,0.13408364828592548,0.9920730839672616,3,False,0.3714692064569964,0.0,True,0
7,ElasticNet,0.0001,0.3,0.37156846837277085,0.07647366306152191,0.9919804044950015,3,False,0.37156846837277085,9.836024591938229e-06,True,0
15,ElasticNet,0.01,0.7,0.37215338221240035,0.064508486950532,0.9918874158902434,3,False,0.3721533822124004,1.3329201511403342e-05,True,0
17,ElasticNet,0.001,0.7,0.37237121508031956,0.16148823282615565,0.992090266360004,3,False,0.37237121508031956,3.115246924764313e-05,True,0
7,ElasticNet,0.0001,0.1,0.3724037650196396,0.07716704847412158,0.991963208817355,3,False,0.3724037650196396,9.677188946152924e-06,True,0
16,ElasticNet,0.001,0.3,0.37263658066394356,0.16430361565002016,0.9920932458649429,3,False,0.37263658066394356,4.81802534049306e-05,True,0
10,ElasticNet,0.0001,0.95,0.3731503454365372,0.15184592643761963,0.9920611660202737,3,False,0.3731503454365372,9.701512202048767e-06,True,0
16,ElasticNet,0.01,0.7,0.3734494415624399,0.06438959626931655,0.99186133842702,3,False,0.3734494415624399,1.1239476556364376e-05,True,0
7,Ridge,0.1,0.0,0.37448585038851445,0.07802537496081646,0.9919180403469641,3,False,0.37448585038851445,0.0,True,0
7,Ridge,0.01,0.0,0.37571186645473836,0.07843435271929006,0.9918927698121175,3,False,0.37571186645473836,0.0,True,0
18,ElasticNet,0.001,0.5,0.37583418972972843,0.16477575378238543,0.992022329381722,3,False,0.37583418972972843,2.4014857373968524e-05,True,0
7,ElasticNet,1e-05,0.1,0.3767019231369044,0.0782372913167667,0.9918705120941986,3,False,0.3767019231369044,9.905075445994828e-06,True,0
7,ElasticNet,1e-05,0.3,0.376882194576537,0.07821586639468317,0.9918663680462988,3,False,0.376882194576537,9.779007576076975e-06,True,0
20,Ridge,10.0,0.0,0.3770876918532304,0.09829016622134587,0.9918803057877034,3,False,0.3770876918532304,0.0,True,0
7,ElasticNet,1e-05,0.5,0.3771328751481646,0.07813629368053909,0.9918606195732126,3,False,0.3771328751481646,9.984487862862831e-06,True,0
7,ElasticNet,1e-05,0.7,0.3774200207105924,0.07796443296022039,0.9918539237534949,3,False,0.3774200207105924,9.98263996382193e-06,True,0
7,ElasticNet,1e-05,0.9,0.3778632895003424,0.07848201326316054,0.9918449392592725,3,False,0.3778632895003424,9.98924967699988e-06,True,0
7,ElasticNet,1e-05,0.95,0.377872469403628,0.07827543356764591,0.9918442105888797,3,False,0.3778724694036281,9.941137614380044e-06,True,0
9,ElasticNet,0.01,0.3,0.3779745593494932,0.06651845511606504,0.9917987883616873,3,False,0.3779745593494932,9.659899287265718e-06,True,0
7,LASSO,1e-05,1.0,0.3780360278561348,0.0785583325362468,0.9918411947682322,3,False,0.3780360278561348,9.955087041330995e-06,True,0
17,ElasticNet,0.001,0.5,0.3783453028939528,0.16927725799301194,0.9919718878589698,3,False,0.3783453028939528,3.497120908440123e-05,True,0
7,Ridge,0.001,0.0,0.37886934816049483,0.07871180520641657,0.9918231290766419,3,False,0.37886934816049483,0.0,True,0
7,ElasticNet,1e-06,0.1,0.37921936806734524,0.07833083638857273,0.9918148636187798,3,False,0.3792193680673453,9.92176432375268e-06,True,0
17,Ridge,10.0,0.0,0.37930814409764935,0.11323271884611695,0.9918329183320029,3,False,0.37930814409764935,0.0,True,0
7,ElasticNet,1e-06,0.95,0.37931716558270434,0.07921338546766529,0.9918142688709627,3,False,0.3793171655827044,9.963299828656597e-06,True,0
7,Ridge,0.0001,0.0,0.37936297454772255,0.07873433053933988,0.991812187611049,3,False,0.37936297454772255,0.0,True,0
7,ElasticNet,1e-06,0.3,0.3793994768364257,0.07864614608975334,0.9918112944169258,3,False,0.3793994768364257,9.922456556695172e-06,True,0
7,Ridge,1e-05,0.0,0.37941507454844975,0.07873643864652731,0.9918110322291068,3,False,0.37941507454844975,0.0,True,0
7,Ridge,1e-06,0.0,0.3794203133878695,0.07873664785711972,0.9918109160457735,3,False,0.3794203133878695,0.0,True,0
7,ElasticNet,1e-06,0.5,0.3795179596440019,0.07873905435134579,0.9918088983067465,3,False,0.3795179596440019,9.895936544214796e-06,True,0
7,ElasticNet,1e-06,0.7,0.3796024537312599,0.07903414402569314,0.9918074463431384,3,False,0.3796024537312599,9.963945897765431e-06,True,0
7,LASSO,1e-06,1.0,0.3796369625035631,0.07923373874316358,0.9918068750595644,3,False,0.3796369625035631,9.974663151625779e-06,True,0
7,ElasticNet,1e-06,0.9,0.3797341086234229,0.07920615841789859,0.9918050110316857,3,False,0.3797341086234229,9.991239848283361e-06,True,0
10,ElasticNet,0.01,0.7,0.37993110558745596,0.0770386156765093,0.9917226105310007,3,False,0.3799311055874561,4.901527659013569e-06,True,0
10,ElasticNet,0.01,0.7,0.37994210217264435,0.07705218825598996,0.9917224082239428,3,False,0.37994210217264435,9.620542828953776e-06,True,0
11,ElasticNet,0.0001,0.3,0.38408824797340024,0.15335935900318115,0.9918256285540831,3,False,0.3840882479734002,3.665307570190388e-05,True,0
12,ElasticNet,0.01,0.9,0.3845298719463863,0.06317134809742024,0.9916019673109012,3,False,0.3845298719463863,4.4027878093252926e-06,True,0
15,ElasticNet,0.001,0.1,0.3852221025622784,0.17423057259658611,0.991832288089692,3,False,0.3852221025622784,3.3395553437973985e-05,True,0
12,Ridge,0.1,0.0,0.3878529495975045,0.1587497883964077,0.9917534726633312,3,False,0.3878529495975045,0.0,True,0
11,ElasticNet,0.01,0.9,0.38791122954485086,0.06148437967092241,0.9915289512193483,3,False,0.38791122954485086,9.93974371059185e-06,True,0
17,ElasticNet,0.001,0.3,0.3885560216290918,0.1792039088433081,0.9917674020178753,3,False,0.3885560216290918,4.056496077865492e-05,True,0
20,ElasticNet,0.001,0.5,0.3887746164429389,0.1741796312969159,0.9917536852710538,3,False,0.3887746164429389,4.992981942325851e-05,True,0
11,ElasticNet,0.0001,0.1,0.38885612411199827,0.15785142948764286,0.9917271216044311,3,False,0.38885612411199827,4.085742114397915e-05,True,0
12,ElasticNet,0.01,0.95,0.3904587306270338,0.062303881777869385,0.991466991111081,3,False,0.3904587306270338,1.694069158520231e-05,True,0
13,ElasticNet,0.01,0.9,0.3917927507670071,0.0721541479390208,0.9914572656400811,3,False,0.3917927507670071,7.688495624422198e-06,True,0
19,Ridge,10.0,0.0,0.39265890264915093,0.12438195116615389,0.9915673997099895,3,False,0.39265890264915093,0.0,True,0
18,ElasticNet,0.001,0.3,0.3935112286588915,0.18049404117627849,0.9916653650633535,3,False,0.3935112286588915,3.1667925907849016e-05,True,0
16,ElasticNet,0.001,0.1,0.3938903304424535,0.17448582033586602,0.9916506163154688,3,False,0.3938903304424535,2.6616234500417813e-05,True,0
11,ElasticNet,0.01,0.95,0.3939220712610365,0.060833638322715634,0.9913894838198978,3,False,0.3939220712610365,1.865784637258318e-05,True,0
14,ElasticNet,0.01,0.9,0.3953691292884504,0.07553125358403545,0.9913860725928477,3,False,0.3953691292884504,1.3786589761729043e-05,True,0
9,ElasticNet,0.01,0.5,0.39661329062827866,0.07558718145195756,0.9913870166234174,3,False,0.3966132906282786,8.90192367005143e-06,True,0
7,LASSO,0.001,1.0,0.3968738476184475,0.09056936198581983,0.9914419164305803,3,False,0.3968738476184475,9.826551619270549e-06,True,0
7,ElasticNet,0.001,0.95,0.39802336734171123,0.09060768471580442,0.9914171275135568,3,False,0.39802336734171123,9.689772231423455e-06,True,0
7,ElasticNet,0.001,0.9,0.3989875400142318,0.09064774437001774,0.9913967346268645,3,False,0.3989875400142318,9.446142914269263e-06,True,0
15,ElasticNet,0.01,0.9,0.3993850237730821,0.07500149383993546,0.9913003087187345,3,False,0.3993850237730821,1.827954537391742e-05,True,0
10,ElasticNet,0.01,0.9,0.401299076160129,0.07107277996422333,0.9912379880408818,3,False,0.401299076160129,9.987442248629574e-06,True,0
10,ElasticNet,0.01,0.9,0.401326628591028,0.07109344189465071,0.9912373972432453,3,False,0.401326628591028,6.5872096276162195e-06,True,0
13,ElasticNet,0.01,0.95,0.40138139663802413,0.07619773595111447,0.9912510040405058,3,False,0.40138139663802413,1.761178246927758e-05,True,0
7,ElasticNet,0.001,0.7,0.40317515145689536,0.09099374474856878,0.9913074306359261,3,False,0.40317515145689536,9.835865751521718e-06,True,0
17,ElasticNet,0.01,0.9,0.40418327032877777,0.07702193605852212,0.9912009495677189,3,False,0.40418327032877777,4.740021193620249e-05,True,0
14,ElasticNet,0.01,0.95,0.40494924001011495,0.07675307754764703,0.9911771805849092,3,False,0.40494924001011495,2.3079394272875267e-05,True,0
7,ElasticNet,0.001,0.5,0.40605453230145,0.08989423097269184,0.9912441457248901,3,False,0.40605453230145,9.308088158761947e-06,True,0
10,ElasticNet,0.01,0.95,0.4071038215139337,0.06805097445193196,0.9911041371160129,3,False,0.40710382151393376,1.0001394643526992e-05,True,0
10,ElasticNet,0.01,0.95,0.407107508130688,0.06802478060789127,0.9911040360138935,3,False,0.407107508130688,8.282376604143785e-06,True,0
7,ElasticNet,0.001,0.3,0.4089630833496669,0.09043161064232373,0.991182882715825,3,False,0.4089630833496669,9.942401184650314e-06,True,0
18,Ridge,1.0,0.0,0.4111676873486572,0.15817532915584406,0.9912614020235754,3,False,0.4111676873486572,0.0,True,0
12,ElasticNet,0.0001,0.3,0.4118173234891549,0.16555778176330585,0.9912469861053693,3,False,0.4118173234891549,4.020304495346576e-05,True,0
7,ElasticNet,0.001,0.1,0.41202735254005246,0.09232496755292721,0.9911197873636782,3,False,0.41202735254005246,9.996502159066584e-06,True,0
17,Ridge,1.0,0.0,0.41248319647668935,0.18321351907990455,0.9912596225994688,3,False,0.41248319647668935,0.0,True,0
10,LASSO,0.01,1.0,0.41314183236919694,0.06463627917919969,0.9909663398323724,3,False,0.41314183236919694,2.7499107119861865e-05,True,0
9,ElasticNet,0.01,0.7,0.41331871492120414,0.07814764552814137,0.9910105558261172,3,False,0.41331871492120414,9.729631764474056e-06,True,0
10,LASSO,0.01,1.0,0.41349884690393157,0.06514877113199932,0.9909592492185872,3,False,0.4134988469039315,9.968248472406668e-06,True,0
9,Ridge,10.0,0.0,0.41989427010694885,0.08532773788278865,0.9909175197671779,3,False,0.41989427010694896,0.0,True,0
12,ElasticNet,0.0001,0.1,0.4213720408937747,0.17589504159496724,0.9910518616022582,3,False,0.42137204089377467,3.259806462727539e-05,True,0
9,ElasticNet,0.01,0.9,0.43333787799156925,0.07492782195413135,0.9905591293732637,3,False,0.43333787799156925,9.891673040522339e-06,True,0
17,ElasticNet,0.001,0.1,0.43470132117981414,0.216146459329367,0.9908157839528965,3,False,0.43470132117981425,4.7944406038903564e-05,True,0
9,ElasticNet,0.01,0.95,0.43849713730561896,0.07140839289644808,0.9904421914094722,3,False,0.43849713730561896,8.569451187561208e-06,True,0
9,LASSO,0.01,1.0,0.442397829656149,0.06818356599199644,0.9903537145563748,3,False,0.442397829656149,8.673869454262767e-06,True,0
10,ElasticNet,1e-05,0.3,0.4488794643598118,0.1738030849701707,0.9904593681500674,3,False,0.4488794643598119,4.9624315611075995e-05,True,0
8,ElasticNet,0.01,0.1,0.4490936847834636,0.11638260037798029,0.9903126354967217,3,False,0.4490936847834637,9.51371192378452e-06,True,0
10,ElasticNet,1e-05,0.1,0.44982237812333786,0.1718075489052615,0.9904329011064986,3,False,0.44982237812333786,3.720442998991391e-05,True,0
7,Ridge,1.0,0.0,0.4514262833748118,0.10904665441058993,0.9902877760999712,3,False,0.4514262833748118,0.0,True,0
14,ElasticNet,0.0001,0.1,0.5336699347861757,0.21929935282797688,0.9886645776283677,3,False,0.5336699347861757,4.8033765745918266e-05,True,0
11,ElasticNet,1e-05,0.1,0.552295970582405,0.2278129166192874,0.9882526457672021,3,False,0.552295970582405,3.1765953205743956e-05,True,0
11,ElasticNet,1e-05,0.3,0.5533534161922853,0.2216655933728139,0.9882125248617398,3,False,0.5533534161922853,3.5331919909138235e-05,True,0
10,ElasticNet,1e-06,0.5,0.5703240539044995,0.23945851506331123,0.987918659396107,3,False,0.5703240539044995,3.746404851751656e-05,True,0
10,LASSO,1e-06,1.0,0.5731046968793346,0.2426107719948099,0.9878745410374172,3,False,0.5731046968793346,4.6098930815325294e-05,True,0
10,ElasticNet,1e-06,0.1,0.5743120859477796,0.2472741148749984,0.9878422116036658,3,False,0.5743120859477796,3.3023066586744316e-05,True,0
6,ElasticNet,1e-06,0.9,0.5820129838046519,0.06851826599459779,0.9873345273662967,3,False,0.5820129838046519,9.62735932796912e-06,True,0
6,ElasticNet,1e-06,0.95,0.5820268385409796,0.06851094983964175,0.9873342099200659,3,False,0.5820268385409796,9.845946219998723e-06,True,0
6,ElasticNet,1e-06,0.7,0.5820489658036311,0.06851670246213401,0.9873336820678338,3,False,0.5820489658036311,9.754905032405188e-06,True,0
6,ElasticNet,1e-06,0.1,0.5820590317129921,0.06850228369452219,0.9873334933465606,3,False,0.5820590317129922,9.705502213673676e-06,True,0
6,LASSO,1e-06,1.0,0.5820592668015098,0.06854099556673415,0.9873335251832053,3,False,0.5820592668015098,9.005785267975275e-06,True,0
6,ElasticNet,1e-05,0.5,0.5820660533718928,0.06888621068439106,0.9873349908156769,3,False,0.5820660533718929,9.031827224470857e-06,True,0
6,ElasticNet,1e-06,0.5,0.582078105742492,0.06854547787876916,0.9873331057668769,3,False,0.582078105742492,9.471270931760164e-06,True,0
6,ElasticNet,1e-06,0.3,0.5820787150782257,0.06854821753043594,0.9873331014056314,3,False,0.5820787150782257,9.709866798259127e-06,True,0
6,ElasticNet,1e-05,0.3,0.582087726089077,0.06897511237492707,0.9873347781854488,3,False,0.582087726089077,9.856784025278324e-06,True,0
6,ElasticNet,1e-05,0.1,0.5821101137859819,0.06907846522624687,0.9873345709927998,3,False,0.5821101137859819,9.847783696442256e-06,True,0
6,Ridge,0.01,0.0,0.5821128954236992,0.06981978640728433,0.9873366599182344,3,False,0.5821128954236992,0.0,True,0
6,Ridge,0.001,0.0,0.5821246672782143,0.06858395784742236,0.9873323948589886,3,False,0.5821246672782143,0.0,True,0
6,Ridge,0.0001,0.0,0.5821333917146655,0.06846209193610847,0.9873317939156138,3,False,0.5821333917146655,0.0,True,0
6,ElasticNet,1e-05,0.95,0.5821338048184762,0.06884131548368584,0.9873331093911637,3,False,0.5821338048184763,9.150261051431505e-06,True,0
6,Ridge,1e-05,0.0,0.5821343435228244,0.06844992462313057,0.9873317319878687,3,False,0.5821343435228244,0.0,True,0
6,Ridge,1e-06,0.0,0.5821344395013689,0.06844870808686762,0.9873317257766668,3,False,0.5821344395013689,0.0,True,0
6,ElasticNet,1e-05,0.9,0.5821396909626818,0.06884255288388282,0.9873330445373663,3,False,0.5821396909626818,9.936138639894994e-06,True,0
6,ElasticNet,1e-05,0.7,0.5821428494953027,0.06895394753638075,0.987333251179393,3,False,0.5821428494953027,8.54514673371935e-06,True,0
6,LASSO,1e-05,1.0,0.5821472472269057,0.06883402403796432,0.9873327859306853,3,False,0.5821472472269056,9.968352096659624e-06,True,0
6,LASSO,0.0001,1.0,0.5822736471277484,0.07303661404913324,0.9873417439446001,3,False,0.5822736471277484,9.51141852286789e-06,True,0
6,ElasticNet,0.0001,0.95,0.5823023757565355,0.07313885880643295,0.9873415540435642,3,False,0.5823023757565355,9.919295537636028e-06,True,0
6,ElasticNet,0.0001,0.9,0.5823874522316674,0.07328487175772588,0.9873401641492721,3,False,0.5823874522316674,9.919375347680465e-06,True,0
6,ElasticNet,0.0001,0.7,0.5826508894746416,0.07390014146032413,0.9873364090438385,3,False,0.5826508894746416,9.857947879400903e-06,True,0
6,ElasticNet,0.0001,0.5,0.5828766644348667,0.07450588794555321,0.9873332225192648,3,False,0.5828766644348667,9.725026792404855e-06,True,0
6,ElasticNet,0.0001,0.3,0.5831144070802917,0.07512432843824039,0.9873297168584966,3,False,0.5831144070802917,9.665411135138419e-06,True,0
6,ElasticNet,0.0001,0.1,0.5834132300261744,0.07575110773905747,0.9873248309638486,3,False,0.5834132300261744,9.317711912482996e-06,True,0
6,Ridge,0.1,0.0,0.5869313458902167,0.08267877237452094,0.9872646529271761,3,False,0.5869313458902168,0.0,True,0
10,ElasticNet,1e-06,0.3,0.5893839413674835,0.25959637142801,0.9875405696089024,3,False,0.5893839413674835,3.63847267508126e-05,True,0
10,ElasticNet,1e-06,0.95,0.592603671902868,0.24174130564863958,0.9874442996029682,3,False,0.5926036719028681,3.7919872001351444e-05,True,0
10,ElasticNet,1e-06,0.7,0.5970392825317071,0.273092491081987,0.9873890182893662,3,False,0.5970392825317071,3.970570640350083e-05,True,0
10,ElasticNet,1e-06,0.9,0.5992077590253798,0.258540405037373,0.9873275654642937,3,False,0.5992077590253798,3.746286174666653e-05,True,0
6,LASSO,0.001,1.0,0.6146841323485033,0.1271088129078612,0.9867403838349705,3,False,0.6146841323485033,9.931192779956844e-06,True,0
6,ElasticNet,0.001,0.95,0.6164515326063644,0.12814123720904147,0.9867039987206594,3,False,0.6164515326063644,9.776615623675378e-06,True,0
6,ElasticNet,0.001,0.9,0.6179282062640535,0.1287082300144521,0.9866730997208032,3,False,0.6179282062640535,9.402541388565965e-06,True,0
6,ElasticNet,0.001,0.7,0.6233439450490661,0.13045751749082854,0.9865593491592669,3,False,0.623343945049066,8.566049851923695e-06,True,0
6,ElasticNet,0.001,0.5,0.6278863830916167,0.13069457984208782,0.9864617763128609,3,False,0.6278863830916168,9.929413800109947e-06,True,0
6,ElasticNet,0.001,0.3,0.6320608956400054,0.1307509527864715,0.9863718022655955,3,False,0.6320608956400054,8.886264375847816e-06,True,0
6,ElasticNet,0.001,0.1,0.6360319597142065,0.13098761696300495,0.9862861843597992,3,False,0.6360319597142065,9.888573015670677e-06,True,0
12,ElasticNet,1e-05,0.1,0.6375923555879545,0.23192818061316467,0.9864499605023594,3,False,0.6375923555879545,4.1364899566861674e-05,True,0
13,ElasticNet,0.1,0.1,0.6656069631746249,0.11652769919865094,0.9853667475659647,3,False,0.6656069631746248,8.340548207485393e-06,True,0
15,ElasticNet,0.1,0.1,0.6735510082580377,0.12467448819805446,0.9851970592394972,3,False,0.6735510082580377,9.632117162537354e-06,True,0
14,ElasticNet,0.1,0.1,0.6749801501468448,0.13404992224752324,0.9851546574776582,3,False,0.6749801501468448,9.943001404831217e-06,True,0
16,ElasticNet,0.1,0.1,0.6819945811448829,0.1346312119048553,0.9850143757859543,3,False,0.6819945811448829,9.770806894555603e-06,True,0
17,ElasticNet,0.1,0.1,0.6916706619784793,0.13515831353740798,0.9848229226450377,3,False,0.6916706619784794,9.412969643532443e-06,True,0
6,Ridge,1.0,0.0,0.6922406777122725,0.16439018109410783,0.9851183876420064,3,False,0.6922406777122725,0.0,True,0
12,ElasticNet,0.1,0.1,0.6962011095010391,0.13993376203680705,0.9847073588204301,3,False,0.6962011095010391,9.901965601459561e-06,True,0
18,ElasticNet,0.1,0.1,0.6968762735818469,0.14006206529816118,0.9847146657557578,3,False,0.6968762735818469,7.315724624578149e-06,True,0
11,ElasticNet,0.1,0.1,0.7065244747033348,0.11972405691525359,0.9845209640874227,3,False,0.7065244747033348,9.61454431883113e-06,True,0
20,ElasticNet,0.1,0.1,0.7116107683251426,0.14652302373321777,0.9844136333433333,3,False,0.7116107683251426,1.5397069182283493e-05,True,0
15,ElasticNet,0.0001,0.1,0.7587355651757307,0.46963014233535877,0.984044049142959,3,False,0.7587355651757308,4.0282966445410867e-05,True,0
10,ElasticNet,0.1,0.1,0.8139731798620611,0.1650043829143906,0.9822050717676545,3,False,0.8139731798620611,8.198788125343692e-06,True,0
11,ElasticNet,1e-06,0.5,0.8323472505861508,0.388378377008131,0.9823333541254532,3,False,0.8323472505861508,4.33769785814739e-05,True,0
16,ElasticNet,0.0001,0.1,0.8544603445360647,0.5672704013375164,0.9820841044363852,3,False,0.8544603445360647,4.4276855158171266e-05,True,0
11,ElasticNet,1e-06,0.3,0.871040571212769,0.43898900364947,0.9815459354647119,3,False,0.871040571212769,3.997058094004001e-05,True,0
11,ElasticNet,1e-06,0.7,0.8796235444389345,0.47965167991095314,0.9814280937424421,3,False,0.8796235444389345,4.6612736730185186e-05,True,0
15,ElasticNet,0.1,0.3,0.8934199815019107,0.1823389869049054,0.9803581588716518,3,False,0.8934199815019107,9.729765452860806e-06,True,0
17,ElasticNet,0.1,0.3,0.8943759192359977,0.1894624109956377,0.9803357984173866,3,False,0.8943759192359977,9.283050274234983e-06,True,0
18,ElasticNet,0.1,0.3,0.8972855338201419,0.19542566765808983,0.9802702504083682,3,False,0.8972855338201419,5.5082534841689734e-06,True,0
16,ElasticNet,0.1,0.3,0.897316581780167,0.19166939457373153,0.980265755580357,3,False,0.897316581780167,5.797489097094516e-06,True,0
19,ElasticNet,0.1,0.3,0.9001556553359981,0.1946777900956875,0.9802214011126598,3,False,0.9001556553359981,9.179687290382377e-06,True,0
20,ElasticNet,0.1,0.3,0.9030239144455111,0.1979771309230303,0.9801621240715138,3,False,0.9030239144455111,7.125158184684288e-06,True,0
13,ElasticNet,0.1,0.3,0.9030698595204333,0.17432390587617735,0.9801669525049331,3,False,0.9030698595204333,3.197068996367569e-06,True,0
14,ElasticNet,0.1,0.3,0.9069173804268393,0.18840975813811947,0.9800663775106062,3,False,0.9069173804268394,9.631421496989617e-06,True,0
11,ElasticNet,1e-06,0.1,0.9220281683938323,0.4927306812654852,0.980562402656756,3,False,0.9220281683938324,4.140511906410234e-05,True,0
12,ElasticNet,0.1,0.3,0.9435611594482443,0.1927986672206238,0.979307384022647,3,False,0.9435611594482443,8.018766278997114e-06,True,0
11,ElasticNet,0.1,0.3,0.9544023253832483,0.1818574674223193,0.979118292694035,3,False,0.9544023253832483,9.950007504127417e-06,True,0
13,ElasticNet,1e-05,0.3,0.971165153437199,0.5322256983128684,0.9795029068875459,3,False,0.9711651534371989,4.9839793154087623e-05,True,0
18,ElasticNet,0.0001,0.5,0.9927159465987786,0.8016573338078827,0.9793676117903081,3,False,0.9927159465987786,4.947533772674071e-05,True,0
13,ElasticNet,1e-05,0.1,1.010247063020682,0.5989092139554207,0.9787423404422707,3,False,1.010247063020682,3.588714436028015e-05,True,0
10,ElasticNet,0.1,0.3,1.0567474204596319,0.2117968872962586,0.9769335735484038,3,False,1.0567474204596319,9.062968922342318e-06,True,0
17,ElasticNet,0.1,0.5,1.0591876410972392,0.22082787135255322,0.9767603430863936,3,False,1.0591876410972392,7.898999334718382e-06,True,0
15,ElasticNet,0.1,0.5,1.0593905320570354,0.2186726974448229,0.9767600881293351,3,False,1.0593905320570354,8.214145205416579e-06,True,0
16,ElasticNet,0.1,0.5,1.06073723728241,0.2233934517616329,0.9767287063445586,3,False,1.06073723728241,7.270100289585857e-06,True,0
18,ElasticNet,0.1,0.5,1.0617764218980137,0.22326728342036126,0.9767075163890717,3,False,1.0617764218980137,1.3832283417856972e-05,True,0
19,ElasticNet,0.1,0.5,1.0647244252271815,0.22292117599429928,0.9766475116748762,3,False,1.0647244252271815,7.461090504042034e-06,True,0
20,ElasticNet,0.1,0.5,1.0674037396545895,0.22499258054941565,0.9765940500384255,3,False,1.0674037396545897,4.740125652616389e-06,True,0
14,ElasticNet,0.1,0.5,1.0703025901582066,0.22314213764124458,0.9765315731314542,3,False,1.0703025901582066,6.554776437045495e-06,True,0
13,ElasticNet,0.1,0.5,1.0714955186100952,0.21812781155763294,0.9765271787423829,3,False,1.0714955186100952,6.736701366895359e-06,True,0
12,ElasticNet,0.1,0.5,1.100977621677201,0.22824643667381006,0.9759083351906569,3,False,1.100977621677201,8.049875022661523e-06,True,0
11,ElasticNet,0.1,0.5,1.1176118298086637,0.23521736425104042,0.9756030188396533,3,False,1.117611829808664,7.625767632614411e-06,True,0
10,ElasticNet,0.1,0.5,1.2074607491583091,0.2631416421475945,0.9736955425681121,3,False,1.2074607491583091,9.761325877002958e-06,True,0
15,ElasticNet,0.1,0.7,1.2430519065887349,0.2849654142808865,0.9727982081613534,3,False,1.2430519065887349,1.1557940642184517e-05,True,0
16,ElasticNet,0.1,0.7,1.2438276200223966,0.2871234429413206,0.9727793850349221,3,False,1.2438276200223966,1.9774155254101422e-05,True,0
17,ElasticNet,0.1,0.7,1.2456518205469889,0.2826819250279505,0.9727301920260638,3,False,1.2456518205469889,1.5885246764699157e-05,True,0
18,ElasticNet,0.1,0.7,1.2472982079098724,0.28407123311990146,0.9726966094153752,3,False,1.2472982079098724,1.2240391088255698e-05,True,0
19,ElasticNet,0.1,0.7,1.2504285585941506,0.28195198021496204,0.9726229689312923,3,False,1.2504285585941506,2.4044399846628872e-05,True,0
14,ElasticNet,0.1,0.7,1.251330472633266,0.29386328762129105,0.9726394978960601,3,False,1.251330472633266,4.4681808129554135e-06,True,0
20,ElasticNet,0.1,0.7,1.2527310065327473,0.2833533837258521,0.9725766187382895,3,False,1.2527310065327473,3.919431733678813e-05,True,0
13,ElasticNet,0.1,0.7,1.2551609786479716,0.2925712714604312,0.9725748255757537,3,False,1.2551609786479714,4.509968081989335e-06,True,0
12,ElasticNet,0.1,0.7,1.283109694731786,0.30615110962983266,0.971995023440973,3,False,1.283109694731786,5.660295753454059e-06,True,0
11,ElasticNet,0.1,0.7,1.30082572197931,0.3146815477300872,0.9716600979754988,3,False,1.30082572197931,3.3755322065426308e-06,True,0
10,ElasticNet,0.1,0.7,1.3664753027197925,0.3307962703969302,0.9702689431506882,3,False,1.3664753027197925,4.78679296429807e-06,True,0
5,Ridge,0.1,0.0,1.4108990097298564,0.32554006954655423,0.9697310474535662,3,False,1.410899009729856,0.0,True,0
5,ElasticNet,0.0001,0.1,1.4115742246773035,0.3249883070838169,0.9697158788947456,3,False,1.411574224677304,7.839942089876127e-06,True,0
5,ElasticNet,0.0001,0.3,1.4117962291732644,0.32500843409228225,0.9697111692918087,3,False,1.4117962291732642,8.976271116981079e-06,True,0
5,ElasticNet,0.0001,0.5,1.412037273594655,0.3250870038465009,0.9697061547801181,3,False,1.412037273594655,9.884123425662224e-06,True,0
5,ElasticNet,0.0001,0.7,1.4122248510733142,0.3251532211888245,0.9697022182424391,3,False,1.4122248510733142,9.43122473961697e-06,True,0
5,Ridge,0.01,0.0,1.412374249335621,0.32447142144614655,0.9696979033044854,3,False,1.412374249335621,0.0,True,0
5,ElasticNet,0.0001,0.9,1.4124287705977956,0.3252275483921199,0.9696979057941548,3,False,1.4124287705977956,9.84422799511035e-06,True,0
5,ElasticNet,0.0001,0.95,1.412485721037137,0.3252550321714952,0.9696967229365328,3,False,1.412485721037137,9.925437561801093e-06,True,0
5,ElasticNet,1e-05,0.1,1.412506474760099,0.3244296499770763,0.9696949822981312,3,False,1.412506474760099,5.979601649342046e-06,True,0
5,ElasticNet,1e-05,0.3,1.4125092588403163,0.3243908002179122,0.9696948827538714,3,False,1.4125092588403163,9.219231924656239e-06,True,0
5,ElasticNet,1e-05,0.5,1.4125386215336704,0.3244255419295716,0.9696942883046104,3,False,1.4125386215336704,9.192994795339704e-06,True,0
5,LASSO,0.0001,1.0,1.4125544628426658,0.3253189496455415,0.9696953428796959,3,False,1.4125544628426658,8.029555207693717e-06,True,0
5,ElasticNet,1e-05,0.7,1.4125655315407588,0.324429022997023,0.9696937144508043,3,False,1.4125655315407588,8.510127971937912e-06,True,0
5,LASSO,1e-05,1.0,1.4125975676495814,0.32446422053203505,0.9696930978282935,3,False,1.4125975676495814,9.278897842728953e-06,True,0
5,ElasticNet,1e-05,0.9,1.412599098327445,0.32443514288130465,0.9696930043701734,3,False,1.412599098327445,8.957847167047822e-06,True,0
5,ElasticNet,1e-05,0.95,1.4126109371568312,0.3244430794879972,0.9696927555837066,3,False,1.4126109371568312,8.241141003890456e-06,True,0
5,ElasticNet,1e-06,0.1,1.4126124411772965,0.324337194418553,0.9696925767728626,3,False,1.412612441177296,7.723523665106683e-06,True,0
5,ElasticNet,1e-06,0.95,1.4126149488854693,0.32435967572202556,0.9696925826685024,3,False,1.4126149488854691,8.67562692831033e-06,True,0
5,ElasticNet,1e-06,0.3,1.412619204240124,0.3243278996692534,0.9696924155090644,3,False,1.412619204240124,9.66783922372999e-06,True,0
5,Ridge,0.001,0.0,1.412620025441531,0.32439032277239094,0.9696924971726874,3,False,1.412620025441531,0.0,True,0
5,ElasticNet,1e-06,0.5,1.412622626050469,0.3243336086445037,0.9696923535184309,3,False,1.412622626050469,9.802933996485879e-06,True,0
5,ElasticNet,1e-06,0.9,1.4126229290573118,0.32436821767834945,0.9696924232549499,3,False,1.4126229290573118,8.863572508917765e-06,True,0
5,LASSO,1e-06,1.0,1.4126242863196186,0.32435800384493446,0.969692373303471,3,False,1.4126242863196186,9.75378840771019e-06,True,0
5,ElasticNet,1e-06,0.7,1.4126297552389653,0.32433913232862843,0.9696922084293522,3,False,1.4126297552389653,9.556032111049096e-06,True,0
5,Ridge,0.0001,0.0,1.4126457567399833,0.32438254335653255,0.969691932039113,3,False,1.4126457567399833,0.0,True,0
5,Ridge,1e-05,0.0,1.4126483416064086,0.3243817688064216,0.96969187527635,3,False,1.4126483416064086,0.0,True,0
5,Ridge,1e-06,0.0,1.41264860021062,0.32438169138541323,0.9696918695975754,3,False,1.41264860021062,0.0,True,0
5,ElasticNet,0.001,0.5,1.4159371962579943,0.3317859974986662,0.9696293899089223,3,False,1.4159371962579943,6.999752674624387e-06,True,0
5,ElasticNet,0.001,0.7,1.4159664800733534,0.33163117009860404,0.969628942474554,3,False,1.4159664800733534,8.821902495615135e-06,True,0
5,ElasticNet,0.001,0.3,1.4161048638119862,0.3319897423928191,0.9696257105756473,3,False,1.4161048638119862,9.055570037164336e-06,True,0
5,ElasticNet,0.001,0.1,1.4163138751140834,0.33238507221079916,0.9696216036773057,3,False,1.4163138751140834,8.933432982161617e-06,True,0
5,ElasticNet,0.001,0.9,1.4164409987799413,0.3317670032929655,0.96961938372769,3,False,1.4164409987799413,7.760568325860758e-06,True,0
5,ElasticNet,0.001,0.95,1.4166472817807965,0.33188100985992625,0.969615249361815,3,False,1.4166472817807965,9.914814017355448e-06,True,0
5,LASSO,0.001,1.0,1.4168979892122209,0.3320483001015699,0.9696102117497767,3,False,1.4168979892122209,9.471876678015384e-06,True,0
5,Ridge,1.0,0.0,1.4319831735602315,0.33921898951846996,0.969289390652666,3,False,1.4319831735602315,0.0,True,0
15,ElasticNet,0.1,0.9,1.4661337959444534,0.36941589932623864,0.9680191700220421,3,False,1.4661337959444534,3.235193346938503e-05,True,0
13,ElasticNet,0.1,0.9,1.4712260512300819,0.3776256724299882,0.9679612546742042,3,False,1.4712260512300819,1.2228151171106427e-05,True,0
12,ElasticNet,0.1,0.9,1.489100599785367,0.3918790488309018,0.9676121937534874,3,False,1.4891005997853675,7.213144303838681e-06,True,0
16,ElasticNet,0.1,0.95,1.5112948414459335,0.3874085094380491,0.9670436073978003,3,False,1.511294841445933,4.446439888095011e-05,True,0
11,ElasticNet,0.1,0.9,1.5121094822262284,0.4068584286368555,0.9671627008783658,3,False,1.5121094822262282,6.521855374280738e-06,True,0
18,ElasticNet,0.1,0.95,1.5122154499349332,0.38009753091422804,0.9670037968250349,3,False,1.512215449934933,4.153842123033602e-05,True,0
14,ElasticNet,1e-05,0.1,1.5130334625641135,1.3045087963301758,0.9687767799714674,3,False,1.5130334625641135,4.381512092618927e-05,True,0
14,ElasticNet,0.1,0.95,1.5133002910563926,0.40040348005662024,0.9670400833759452,3,False,1.5133002910563926,3.0054514893754214e-05,True,0
13,ElasticNet,0.1,0.95,1.5198724971378692,0.3991654989708487,0.9669237996522752,3,False,1.5198724971378692,4.091158105205828e-05,True,0
12,ElasticNet,0.1,0.95,1.5340432681603502,0.42029690503464345,0.9666744141295346,3,False,1.5340432681603502,3.3757512654067345e-05,True,0
11,ElasticNet,0.1,0.95,1.5573867733994782,0.43261593828273737,0.9662178788707417,3,False,1.5573867733994786,1.0715930997939882e-05,True,0
10,ElasticNet,0.1,0.9,1.5670600226819655,0.42576100761793245,0.9660032181615081,3,False,1.5670600226819655,7.44495774408771e-06,True,0
5,LASSO,0.01,1.0,1.5726894548529184,0.37103537242765056,0.9662717301245212,3,False,1.5726894548529184,5.996590106664354e-06,True,0
5,ElasticNet,0.01,0.95,1.5757735396792658,0.37103292524838755,0.9662026418805955,3,False,1.5757735396792656,8.703827436553832e-06,True,0
18,ElasticNet,0.0001,0.1,1.5770335254454222,1.57811356161791,0.9676027331365739,3,False,1.5770335254454224,4.520434022311117e-05,True,0
5,ElasticNet,0.01,0.9,1.5788381344968074,0.3709911942371359,0.9661343269697285,3,False,1.5788381344968074,4.9179816891901235e-06,True,0
5,ElasticNet,0.01,0.7,1.591123864340496,0.3717927444632001,0.9658641597150068,3,False,1.591123864340496,8.636517200247273e-06,True,0
5,ElasticNet,0.01,0.5,1.6053875611960546,0.3707342495226076,0.9655456008872237,3,False,1.6053875611960546,9.947749751456833e-06,True,0
10,ElasticNet,0.1,0.95,1.6164358977246094,0.4475572268742224,0.9649691845345628,3,False,1.6164358977246094,8.907248922288002e-06,True,0
5,ElasticNet,0.01,0.3,1.6220054542828952,0.36514246786903903,0.9651694729013625,3,False,1.6220054542828952,9.836145544351357e-06,True,0
5,ElasticNet,0.01,0.1,1.6381513074946543,0.3581643067735088,0.9648035069704579,3,False,1.6381513074946543,6.6819179507186105e-06,True,0
10,LASSO,0.1,1.0,1.6489335911340792,0.47734202006158805,0.9642783121778207,3,False,1.6489335911340792,2.9059051108129563e-05,True,0
9,LASSO,0.1,1.0,1.7226449188253827,0.5226892319456586,0.9627777616358517,3,False,1.7226449188253827,2.4984067457586856e-05,True,0
13,ElasticNet,1e-06,0.3,1.891421772181239,1.309057582710174,0.9605482210573615,3,False,1.8914217721812385,3.9883158013520905e-05,True,0
5,Ridge,10.0,0.0,1.89240553696198,0.3577919365445982,0.9592288529037032,3,False,1.89240553696198,0.0,True,0
13,ElasticNet,1e-06,0.5,1.9866661440158502,1.4436543839875327,0.9586554622752858,3,False,1.9866661440158502,4.0017404259540956e-05,True,0
13,ElasticNet,1e-06,0.1,2.036401152627033,1.7046269007156025,0.9578699888739184,3,False,2.036401152627033,4.2397142581262546e-05,True,0
15,ElasticNet,1e-05,0.1,2.421956830201279,2.4684828074732827,0.9503368960469917,3,False,2.421956830201279,3.365233136754793e-05,True,0
20,ElasticNet,0.0001,0.1,2.6929414796284576,3.149203775438796,0.9452800010416827,3,False,2.6929414796284576,4.890144566125183e-05,True,0
20,ElasticNet,1.0,0.1,2.8213520591390004,0.5480311591317453,0.9382102840561094,3,False,2.8213520591390004,9.665365520314384e-06,True,0
19,ElasticNet,1.0,0.1,2.838550441648651,0.5655748943795965,0.937871503291257,3,False,2.838550441648651,7.0360840965510985e-06,True,0
18,ElasticNet,1.0,0.1,2.856275221195206,0.5598671887531772,0.9374727160614159,3,False,2.856275221195206,4.3788314503523385e-06,True,0
17,ElasticNet,1.0,0.1,2.8922739534385116,0.5900455649659175,0.9367407501427495,3,False,2.8922739534385116,5.911341785083679e-06,True,0
16,ElasticNet,1.0,0.1,2.9371076670809475,0.5780569868941478,0.9357559659844993,3,False,2.9371076670809475,9.605490129571681e-06,True,0
15,ElasticNet,1.0,0.1,3.0055776310988804,0.6198869723713827,0.9343156531875336,3,False,3.0055776310988804,7.476972187503428e-06,True,0
14,ElasticNet,1e-06,0.3,3.0837519230870236,3.204982863256246,0.9372493650924167,3,False,3.0837519230870236,4.8384406973138853e-05,True,0
14,ElasticNet,1.0,0.1,3.0961755277194025,0.5845227854595028,0.9323225222779046,3,False,3.0961755277194025,9.408203259037018e-06,True,0
13,ElasticNet,1.0,0.1,3.2312918069034495,0.635420168522398,0.9294174224442256,3,False,3.2312918069034495,9.319217198974772e-06,True,0
12,ElasticNet,1.0,0.1,3.418906786320259,0.5725727009737488,0.9253415717665958,3,False,3.41890678632026,8.53610592399523e-06,True,0
16,ElasticNet,1e-05,0.1,3.4922824880839882,4.195706635479051,0.9294647193046793,3,False,3.4922824880839882,4.2896070066318284e-05,True,0
4,Ridge,1e-06,0.0,3.6043411197941313,0.5158143255168881,0.9221968477633179,3,False,3.6043411197941313,0.0,True,0
4,Ridge,1e-05,0.0,3.604341165561094,0.5158145918180655,0.9221968473590794,3,False,3.604341165561094,0.0,True,0
4,Ridge,0.0001,0.0,3.604341623305299,0.5158172548064978,0.9221968433150068,3,False,3.604341623305299,0.0,True,0
4,ElasticNet,1e-06,0.1,3.6043442013812736,0.5158286070263429,0.9221968127037702,3,False,3.6043442013812736,4.6417426259362796e-07,True,0
4,ElasticNet,1e-06,0.3,3.604344635886484,0.5158266753503471,0.9221967987301646,3,False,3.6043446358864846,4.4032297835010303e-07,True,0
4,ElasticNet,1e-06,0.5,3.604345100745519,0.515824764575931,0.922196784104513,3,False,3.604345100745519,3.9921452061201886e-07,True,0
4,Ridge,0.001,0.0,3.604346208204047,0.5158438823564173,0.9221968027057273,3,False,3.604346208204047,0.0,True,0
4,ElasticNet,1e-06,0.9,3.6043464345311667,0.5158217301313618,0.9221967493921551,3,False,3.604346434531166,9.34700187753336e-06,True,0
4,ElasticNet,1e-06,0.95,3.6043469751413113,0.5158214670295551,0.9221967370539766,3,False,3.6043469751413113,8.98959235559745e-06,True,0
4,ElasticNet,1e-06,0.7,3.604349628997087,0.5158307625888148,0.9221966931921625,3,False,3.604349628997087,2.2674272516356046e-06,True,0
4,LASSO,1e-06,1.0,3.604352150346353,0.5158278467611938,0.922196633311822,3,False,3.604352150346353,7.906841845669035e-06,True,0
4,ElasticNet,1e-05,0.1,3.6043719198412965,0.5159579784385142,0.9221964989717385,3,False,3.6043719198412965,4.654064289211839e-06,True,0
4,ElasticNet,1e-05,0.3,3.6043763578772907,0.5159383880523766,0.9221963566608937,3,False,3.604376357877291,4.329926260249049e-06,True,0
4,ElasticNet,1e-05,0.5,3.6043811193403408,0.5159191357128204,0.9221962076314739,3,False,3.6043811193403408,3.8643002585112304e-06,True,0
4,ElasticNet,1e-05,0.7,3.6043849584264827,0.5159004672242384,0.9221960802147272,3,False,3.6043849584264827,3.967527697293607e-06,True,0
4,ElasticNet,1e-05,0.9,3.604388123646533,0.5158829979091037,0.9221959699989487,3,False,3.604388123646533,3.903679164975389e-06,True,0
4,ElasticNet,1e-05,0.95,3.6043889210801914,0.5158788083274001,0.9221959426334875,3,False,3.6043889210801914,3.9160784676862225e-06,True,0
4,LASSO,1e-05,1.0,3.604389588564264,0.5158744992917298,0.9221959179636922,3,False,3.604389588564264,3.971180804357992e-06,True,0
4,Ridge,0.01,0.0,3.604392801757586,0.5161099246527264,0.9221963797822174,3,False,3.604392801757586,0.0,True,0
4,ElasticNet,0.0001,0.1,3.6046395692929187,0.517287525295765,0.9221936196866743,3,False,3.6046395692929187,6.115455402931745e-06,True,0
4,ElasticNet,0.0001,0.3,3.6046776600492154,0.5170993880588742,0.9221923493631539,3,False,3.6046776600492154,7.473529514504717e-06,True,0
4,ElasticNet,0.0001,0.5,3.6047159117650676,0.5169134396811681,0.9221910796364927,3,False,3.6047159117650676,6.976160355065098e-06,True,0
4,ElasticNet,0.0001,0.7,3.6047575017847016,0.5167309455995872,0.922189741790891,3,False,3.6047575017847016,6.529528706220722e-06,True,0
4,ElasticNet,0.0001,0.9,3.604799815909816,0.516550007535234,0.9221883907637857,3,False,3.604799815909816,5.2397029676645425e-06,True,0
4,ElasticNet,0.0001,0.95,3.6048107951338113,0.5165046154036445,0.9221880437843165,3,False,3.6048107951338113,4.808223236753219e-06,True,0
4,LASSO,0.0001,1.0,3.604822303911671,0.5164586990740412,0.9221876840221791,3,False,3.604822303911671,4.607531681755011e-06,True,0
4,Ridge,0.1,0.0,3.604932105221034,0.5187472624839156,0.9221904919593872,3,False,3.604932105221034,0.0,True,0
4,ElasticNet,0.001,0.1,3.6092235850125625,0.530047311597504,0.922121802966207,3,False,3.6092235850125616,3.131513493015911e-06,True,0
4,ElasticNet,0.001,0.3,3.6092526524938946,0.528374636593814,0.922117223618721,3,False,3.6092526524938946,2.7824033281961466e-06,True,0
4,ElasticNet,0.001,0.5,3.6093339312250214,0.526660815563828,0.922111425848389,3,False,3.6093339312250214,8.503854938189562e-06,True,0
4,ElasticNet,0.001,0.7,3.609478649630937,0.5249279098839571,0.9221042009649011,3,False,3.609478649630937,8.195808583926498e-06,True,0
4,ElasticNet,0.001,0.9,3.609680813477688,0.5231638070198753,0.9220956622576901,3,False,3.609680813477688,8.670387745612755e-06,True,0
4,ElasticNet,0.001,0.95,3.609741597147972,0.5227187564880834,0.9220932951315722,3,False,3.609741597147972,8.598035892276958e-06,True,0
4,LASSO,0.001,1.0,3.609807282178583,0.5222731411769617,0.9220908198693517,3,False,3.609807282178583,7.622477479743558e-06,True,0
4,Ridge,1.0,0.0,3.6167032294522,0.5430301394245441,0.9219873183829321,3,False,3.6167032294521992,0.0,True,0
14,ElasticNet,1e-06,0.1,3.6428991139936855,4.072068820762599,0.9262422053725392,3,False,3.6428991139936855,3.523831979562066e-05,True,0
11,ElasticNet,1.0,0.1,3.696391355411533,0.6341658109039456,0.9192966256848535,3,False,3.696391355411533,9.009093568740356e-06,True,0
4,LASSO,0.01,1.0,3.713563811135181,0.5777559088673928,0.9199236041569098,3,False,3.713563811135181,7.314213957906532e-06,True,0
4,ElasticNet,0.01,0.95,3.7143698305527373,0.5812229868334162,0.9199151281589099,3,False,3.7143698305527373,5.76775475365221e-06,True,0
4,ElasticNet,0.01,0.9,3.7153908457127756,0.5845690827405372,0.9199017211526727,3,False,3.7153908457127756,8.185759817112837e-06,True,0
4,ElasticNet,0.01,0.7,3.7211144927200057,0.597133321282932,0.9198102055942147,3,False,3.7211144927200066,7.5724467278074845e-06,True,0
4,ElasticNet,0.01,0.5,3.728803406834107,0.609044568256,0.919673430042132,3,False,3.728803406834107,2.5935642120498634e-06,True,0
4,ElasticNet,0.01,0.3,3.7406318790925805,0.6165929310006425,0.9194360167245014,3,False,3.7406318790925805,7.569830394945319e-06,True,0
4,ElasticNet,0.01,0.1,3.753730353483648,0.6230911219670072,0.9191679118468973,3,False,3.753730353483648,2.9164272163052438e-06,True,0
4,Ridge,10.0,0.0,3.9725215788759907,0.6872248117186982,0.9145261984940682,3,False,3.9725215788759907,0.0,True,0
10,ElasticNet,1.0,0.1,4.08153373329844,0.5285779950556173,0.9109707521153411,3,False,4.08153373329844,9.702404419081878e-06,True,0
15,ElasticNet,1e-06,0.7,5.08077211755884,6.171270268916223,0.8974470194401521,3,False,5.08077211755884,4.5106665872996056e-05,True,0
17,ElasticNet,1e-05,0.1,5.801337200241363,7.600389625332934,0.8833767753233684,3,False,5.801337200241363,3.9777593185589904e-05,True,0
15,ElasticNet,1e-06,0.5,6.388350445088552,8.470663920247304,0.8718077039508771,3,False,6.388350445088552,4.574948755997057e-05,True,0
13,ElasticNet,1.0,0.3,6.431102101020513,0.8433542172662997,0.8593135595786997,3,False,6.431102101020513,1.3511088425011142e-05,True,0
12,ElasticNet,1.0,0.3,6.54147804744816,0.8198527770048527,0.8568800854370157,3,False,6.541478047448159,3.142307943365674e-05,True,0
15,ElasticNet,1e-06,0.1,6.648693082559081,8.697406985452542,0.8665102854733974,3,False,6.648693082559081,3.562596955904219e-05,True,0
11,ElasticNet,1.0,0.3,6.732918455106687,0.8649570981485074,0.8526191998779625,3,False,6.732918455106687,8.188945143816628e-06,True,0
10,ElasticNet,1.0,0.3,7.005908771500379,0.7965856494977954,0.8467363573589181,3,False,7.00590877150038,4.681352927804472e-06,True,0
18,ElasticNet,1e-05,0.1,7.008544430340982,9.492989942971784,0.8598918427943837,3,False,7.008544430340982,4.46076313547625e-05,True,0
17,ElasticNet,1e-06,0.3,8.798703494701662,11.124638561456202,0.8229963150201333,3,False,8.798703494701662,4.739860791678179e-05,True,0
19,ElasticNet,1e-05,0.1,9.27422479959362,12.893011122028984,0.8145521553972328,3,False,9.27422479959362,4.919100283816443e-05,True,0
11,ElasticNet,1.0,0.5,9.42441314133094,0.7262088876095506,0.7934947647761416,3,False,9.424413141330941,1.3737698586702152e-05,True,0
10,ElasticNet,1.0,0.5,9.61802938344979,0.6289335200096774,0.7893158306120087,3,False,9.618029383449787,9.573480077462726e-06,True,0
17,ElasticNet,1e-06,0.1,9.798869228321935,12.566808861847717,0.8029281897189694,3,False,9.798869228321935,4.251751420980408e-05,True,0
3,ElasticNet,1e-06,0.3,10.822289632205385,0.8325998745032164,0.7645467778882441,3,False,10.822289632205385,7.486178678122872e-06,True,0
3,Ridge,1e-06,0.0,10.822294764122391,0.8325924786857363,0.7645466426651165,3,False,10.822294764122391,0.0,True,0
3,Ridge,1e-05,0.0,10.822294786506943,0.832592534397203,0.7645466423212111,3,False,10.822294786506943,0.0,True,0
3,Ridge,0.0001,0.0,10.82229501038247,0.832593091503666,0.7645466388814898,3,False,10.82229501038247,0.0,True,0
3,LASSO,1e-06,1.0,10.82229593177651,0.8325933209849207,0.7645466177521166,3,False,10.822295931776509,5.78948205019592e-07,True,0
3,ElasticNet,1e-06,0.5,10.822296476582027,0.8325982230532702,0.7645466142316185,3,False,10.822296476582027,1.7387093218880147e-06,True,0
3,ElasticNet,1e-06,0.7,10.822296504260558,0.8325969179069157,0.7645466113789151,3,False,10.822296504260558,1.3409257430537701e-06,True,0
3,ElasticNet,1e-06,0.9,10.822296526341916,0.8325955875107564,0.7645466085942593,3,False,10.822296526341916,1.132301664057534e-06,True,0
3,ElasticNet,1e-06,0.95,10.822296560044762,0.8325953002390665,0.7645466073396271,3,False,10.822296560044762,1.033439942221718e-06,True,0
3,ElasticNet,1e-06,0.1,10.82229673298456,0.8326006956800807,0.764546613439654,3,False,10.82229673298456,2.5074456224524422e-06,True,0
3,Ridge,0.001,0.0,10.822297252138364,0.8325986617480637,0.7645466044175414,3,False,10.822297252138364,0.0,True,0
3,ElasticNet,1e-05,0.5,10.822298881598835,0.8326220921676676,0.7645466098367709,3,False,10.822298881598835,7.90446922868529e-06,True,0
3,ElasticNet,1e-05,0.3,10.82230062233139,0.832625891994156,0.7645465706141815,3,False,10.82230062233139,9.633423083768875e-06,True,0
3,ElasticNet,1e-05,0.7,10.822302082152087,0.8326145492638392,0.7645465246432716,3,False,10.822302082152087,6.032170557208241e-06,True,0
3,ElasticNet,1e-05,0.1,10.8223027947925,0.8326266636939745,0.764546563875101,3,False,10.8223027947925,7.946710792315622e-06,True,0
3,ElasticNet,1e-05,0.9,10.822314393282207,0.832622561863174,0.7645462611725454,3,False,10.822314393282207,9.633832895685702e-06,True,0
3,ElasticNet,1e-05,0.95,10.822314536584619,0.832619511634348,0.7645462525886857,3,False,10.822314536584619,8.772367141354082e-06,True,0
3,LASSO,1e-05,1.0,10.822314695979893,0.8326165048839491,0.7645462436845113,3,False,10.822314695979893,7.958096623472872e-06,True,0
3,Ridge,0.01,0.0,10.822319969541233,0.8326542822267807,0.764546253109228,3,False,10.822319969541233,0.0,True,0
3,ElasticNet,0.0001,0.1,10.822438786791158,0.8328930755725623,0.7645442787130189,3,False,10.822438786791158,1.4798492416109132e-07,True,0
3,ElasticNet,0.0001,0.3,10.822444415523966,0.8328410276447589,0.7645440105560101,3,False,10.822444415523966,1.1812089689764758e-07,True,0
3,ElasticNet,0.0001,0.5,10.822450353093515,0.8327888123590897,0.7645437353320146,3,False,10.822450353093515,1.2436163503042784e-07,True,0
3,ElasticNet,0.0001,0.7,10.822456674908025,0.8327364722381924,0.764543451518832,3,False,10.822456674908025,1.192938538156329e-07,True,0
3,ElasticNet,0.0001,0.9,10.82246331115619,0.8326841017034567,0.7645431605856047,3,False,10.82246331115619,1.1724550586082489e-07,True,0
3,ElasticNet,0.0001,0.95,10.822465046209969,0.8326709866552444,0.7645430861820258,3,False,10.822465046209969,1.039690730295133e-07,True,0
3,LASSO,0.0001,1.0,10.822466799977077,0.8326578753346726,0.7645430113551234,3,False,10.822466799977077,8.217443967656075e-08,True,0
3,Ridge,0.1,0.0,10.822576912158127,0.8332023478250142,0.7645420779361167,3,False,10.822576912158127,0.0,True,0
3,LASSO,0.001,1.0,10.824136568650749,0.8332362358464431,0.7645077142546933,3,False,10.824136568650749,8.555596323965402e-07,True,0
3,ElasticNet,0.001,0.95,10.824137621418226,0.8333626473411642,0.7645080512954777,3,False,10.824137621418226,1.016816748119066e-06,True,0
3,ElasticNet,0.001,0.9,10.824140268899049,0.8334876926277088,0.7645083509308198,3,False,10.824140268899049,1.1350622395955119e-06,True,0
3,ElasticNet,0.001,0.7,10.824172244805341,0.8339813268101591,0.7645090685023309,3,False,10.824172244805341,1.1340501182782e-06,True,0
3,ElasticNet,0.001,0.5,10.824236232570298,0.8344655681023082,0.7645090632178598,3,False,10.824236232570298,1.176451597261841e-06,True,0
3,ElasticNet,0.001,0.3,10.824332185234782,0.8349396806203353,0.7645083371180451,3,False,10.824332185234786,1.1689760539207515e-06,True,0
3,ElasticNet,0.001,0.1,10.824458868874132,0.8354037125949607,0.7645069168170785,3,False,10.824458868874132,1.3183478058565742e-06,True,0
3,Ridge,1.0,0.0,10.827919170149856,0.8379231722967916,0.7644386481960485,3,False,10.827919170149856,0.0,True,0
3,LASSO,0.01,1.0,10.852909216564003,0.8381343215993438,0.7638948201367125,3,False,10.852909216564,5.25918368337458e-06,True,0
3,ElasticNet,0.01,0.95,10.854507824503052,0.8388991280157779,0.7638628698461595,3,False,10.854507824503052,9.575108873855626e-06,True,0
3,ElasticNet,0.01,0.9,10.8562279352382,0.8395933451063918,0.7638281043980898,3,False,10.8562279352382,4.7409646323666454e-06,True,0
3,ElasticNet,0.01,0.7,10.864346713092905,0.8420220492186405,0.7636609227224813,3,False,10.864346713092905,1.9217477025788854e-06,True,0
3,ElasticNet,0.01,0.5,10.874047145503184,0.8438878729026931,0.7634576085837566,3,False,10.874047145503184,6.531121367835645e-06,True,0
3,ElasticNet,0.01,0.3,10.884967302386576,0.8453012656846461,0.763226342687215,3,False,10.884967302386576,9.153738143626543e-06,True,0
3,ElasticNet,0.01,0.1,10.896816106034445,0.8463347328403318,0.7629736978804095,3,False,10.896816106034445,4.423576674613371e-06,True,0
3,Ridge,10.0,0.0,11.03159481642478,0.8424434869012286,0.7600573225932683,3,False,11.03159481642478,0.0,True,0
18,ElasticNet,1e-06,0.3,11.193224850557598,12.95616882229796,0.7722225066672591,3,False,11.193224850557598,4.761092153689383e-05,True,0
12,ElasticNet,1.0,0.7,11.79805794778112,0.8357802482633421,0.7407250443703318,3,False,11.79805794778112,2.778226262711847e-05,True,0
11,ElasticNet,1.0,0.7,11.978391379057255,0.7860510555652517,0.7369367561614096,3,False,11.978391379057255,1.786058240871302e-05,True,0
10,ElasticNet,1.0,0.7,12.032859407855156,0.6711321186632946,0.7358651039535195,3,False,12.032859407855156,4.713618942053799e-06,True,0
3,LASSO,0.1,1.0,12.125139739491717,1.0038631817375254,0.7366208740744927,3,False,12.125139739491717,1.0777239105308478e-06,True,0
3,ElasticNet,0.1,0.95,12.1493177135091,0.9791396340262407,0.7360551381582999,3,False,12.1493177135091,6.012747025080367e-06,True,0
3,ElasticNet,0.1,0.9,12.164271831379217,0.9453698343740327,0.7356774815017461,3,False,12.164271831379217,8.364667405225124e-06,True,0
20,ElasticNet,1e-05,0.1,12.183281814914878,17.32640701763931,0.7577141495264433,3,False,12.183281814914878,4.154808394573057e-05,True,0
3,ElasticNet,0.1,0.7,12.211679002511119,0.8457653447537706,0.7344880456492184,3,False,12.211679002511119,4.056802314647556e-06,True,0
3,ElasticNet,0.1,0.5,12.243760991470465,0.7924679160119513,0.7337150401316185,3,False,12.243760991470465,2.935045957178084e-06,True,0
3,ElasticNet,0.1,0.3,12.275114373877512,0.7559896521572407,0.7329814688561066,3,False,12.275114373877514,2.239285600939833e-06,True,0
3,ElasticNet,0.1,0.1,12.303113620493333,0.7309586657771734,0.7323241606596133,3,False,12.303113620493333,2.1163430910728365e-06,True,0
18,ElasticNet,1e-06,0.1,12.943722750023895,16.547843606731806,0.7396220696026002,3,False,12.943722750023893,3.1893488176357385e-05,True,0
3,Ridge,100.0,0.0,13.434322231542572,0.6397871658047565,0.7075807094726665,3,False,13.434322231542572,0.0,True,0
19,ElasticNet,1e-06,0.3,14.170508241321116,18.303960551327815,0.7142434685307534,3,False,14.170508241321116,4.2857258554186416e-05,True,0
11,ElasticNet,1.0,0.9,14.63032050324506,1.1793538795483047,0.6781623582924289,3,False,14.63032050324506,3.069427781932088e-05,True,0
19,ElasticNet,1e-06,0.1,14.855968655993776,19.761869883644298,0.7018989495530912,3,False,14.855968655993776,4.388827220420214e-05,True,0
10,ElasticNet,1.0,0.95,15.19593758776022,1.227281288123728,0.6656826605170438,3,False,15.19593758776022,2.1540426483390718e-05,True,0
12,LASSO,1.0,1.0,15.639182434205155,1.4482835811963415,0.6555904661388844,3,False,15.639182434205155,1.6863270773659345e-05,True,0
10,LASSO,1.0,1.0,15.785007761770212,1.3097400885137376,0.6526597264400508,3,False,15.78500776177021,1.5745547693013506e-05,True,0
9,LASSO,1.0,1.0,16.03157224895665,1.1429205155204383,0.6475992101303983,3,False,16.03157224895665,6.674077137391876e-06,True,0
20,ElasticNet,1e-06,0.5,17.88840413265737,22.913619518475436,0.6396421195637068,3,False,17.888404132657374,4.373457738820198e-05,True,0
20,ElasticNet,10.0,0.1,19.94615902103342,2.160818294620903,0.5601258069398429,3,False,19.94615902103342,2.2435929383224362e-06,True,0
18,ElasticNet,10.0,0.1,20.25341484715689,2.068792322026664,0.5536144008694728,3,False,20.253414847156893,5.2923211493194344e-06,True,0
17,ElasticNet,10.0,0.1,20.49967043136199,2.047674141781543,0.5482670888940234,3,False,20.49967043136199,1.6111553798880962e-06,True,0
16,ElasticNet,10.0,0.1,20.713246083143336,1.924631277600324,0.5438935180707273,3,False,20.713246083143336,8.876944463942493e-06,True,0
15,ElasticNet,10.0,0.1,21.06750520705984,1.8926569942111173,0.5361920304445505,3,False,21.06750520705984,1.4953222478020223e-06,True,0
14,ElasticNet,10.0,0.1,21.415207338676566,1.684037585505634,0.5291166008678575,3,False,21.415207338676566,6.222930862831433e-07,True,0
2,ElasticNet,0.01,0.1,21.636118000439556,3.0195242524414523,0.5329380334987189,3,False,21.636118000439552,2.103399919517468e-13,True,0
2,Ridge,1.0,0.0,21.636311595918812,2.9942339409245555,0.5328931522297641,3,False,21.636311595918812,0.0,True,0
2,ElasticNet,0.01,0.3,21.636378038255895,3.0138159749565125,0.5329214781440726,3,False,21.636378038255895,1.5579291329226308e-13,True,0
2,ElasticNet,0.001,0.1,21.63659917316434,2.9908817756656783,0.5328813169693738,3,False,21.63659917316434,2.5411530518715253e-14,True,0
2,ElasticNet,0.001,0.3,21.636673033405543,2.9902984534020085,0.5328785959705448,3,False,21.636673033405543,8.140894642433283e-15,True,0
2,ElasticNet,0.01,0.5,21.636730018131328,3.0080756859315008,0.5329028542848553,3,False,21.63673001813133,5.693622656677277e-14,True,0
2,ElasticNet,0.001,0.5,21.636747863493415,2.9897148026311045,0.53287585317221,3,False,21.636747863493415,1.6147998736781854e-14,True,0
2,ElasticNet,0.001,0.7,21.63682366463847,2.9891308230743725,0.5328730885474251,3,False,21.636823664638474,9.99038091836768e-15,True,0
2,Ridge,0.1,0.0,21.636845610828686,2.988324515839231,0.5328718306439196,3,False,21.636845610828686,0.0,True,0
2,ElasticNet,0.0001,0.1,21.636881423230083,2.987988338268701,0.5328704916646989,3,False,21.636881423230083,1.463972782518759e-15,True,0
2,ElasticNet,0.0001,0.3,21.636889305436014,2.9879298796015976,0.5328702085232387,3,False,21.636889305436014,1.6126185944324162e-15,True,0
2,ElasticNet,0.0001,0.5,21.63689719739243,2.9878714176409558,0.5328699251626342,3,False,21.63689719739243,2.3483819056036026e-15,True,0
2,ElasticNet,0.001,0.9,21.636900438052724,2.9885465144529526,0.5328703020692122,3,False,21.636900438052724,7.255264097838499e-15,True,0
2,ElasticNet,0.0001,0.7,21.63690509910055,2.987812952386489,0.532869641582858,3,False,21.63690509910055,1.4946404574070482e-15,True,0
2,Ridge,0.01,0.0,21.63690838411975,2.9877323299220877,0.5328694920355995,3,False,21.63690838411975,0.0,True,0
2,ElasticNet,1e-05,0.1,21.636912036246823,2.9876987025499564,0.5328693565756962,3,False,21.636912036246823,1.2639116471902922e-15,True,0
2,ElasticNet,1e-05,0.3,21.636912829447212,2.987692855417359,0.5328693281507396,3,False,21.636912829447212,1.0781662157033703e-15,True,0
2,ElasticNet,0.0001,0.9,21.636913010561596,2.9877544838379304,0.5328693577838831,3,False,21.636913010561596,1.8149273316864223e-15,True,0
2,ElasticNet,1e-05,0.5,21.63691362274516,2.987687008251824,0.5328692997235903,3,False,21.63691362274516,1.4334482561985558e-15,True,0
2,ElasticNet,1e-05,0.7,21.636914416140673,2.9876811610533385,0.5328692712942482,3,False,21.636914416140673,6.9148889901820415e-16,True,0
2,Ridge,0.001,0.0,21.636914755554074,2.987673098891698,0.5328692561017907,3,False,21.636914755554074,0.0,True,0
2,ElasticNet,0.0001,0.95,21.636914989950885,2.9877398661860526,0.5328692867998867,3,False,21.636914989950885,1.5396348475651966e-15,True,0
2,ElasticNet,1e-05,0.9,21.636915209633738,2.9876753138219105,0.5328692428627136,3,False,21.636915209633738,1.2031391508071643e-15,True,0
2,Ridge,0.0001,0.0,21.636915393638944,2.9876671756642685,0.5328692324876715,3,False,21.636915393638944,0.0,True,0
2,ElasticNet,1e-05,0.95,21.636915408022247,2.9876738520089092,0.5328692357544874,3,False,21.636915408022247,9.848062442570013e-16,True,0
2,Ridge,1e-05,0.0,21.636915457456848,2.9876665833402822,0.5328692301260521,3,False,21.636915457456848,0.0,True,0
2,Ridge,1e-06,0.0,21.636915463838733,2.9876665241078695,0.5328692298898883,3,False,21.636915463838733,0.0,True,0
2,LASSO,1e-05,1.0,21.63691560641686,2.987672390193849,0.5328692286461242,3,False,21.636915606416853,1.0887880088619392e-15,True,0
2,ElasticNet,1e-06,0.95,21.636915786470553,2.9876675334918703,0.532869223595929,3,False,21.636915786470553,1.564113967106594e-06,True,0
2,ElasticNet,1e-06,0.9,21.636916176208107,2.987667412874274,0.532869214967342,3,False,21.636916176208107,1.6133155241147258e-06,True,0
2,ElasticNet,1e-06,0.7,21.636916215910944,2.9876680340777266,0.5328692152942314,3,False,21.636916215910944,1.8101210834033827e-06,True,0
2,ElasticNet,1e-06,0.5,21.63691625561488,2.987668655280253,0.5328692156210947,3,False,21.63691625561488,2.007398547282024e-06,True,0
2,ElasticNet,1e-06,0.3,21.636916295319917,2.9876692764818533,0.5328692159479324,3,False,21.636916295319917,2.2246421123346823e-06,True,0
2,ElasticNet,1e-06,0.1,21.636916335026058,2.9876698976825327,0.5328692162747438,3,False,21.636916335026058,2.4418845999863428e-06,True,0
2,LASSO,0.0001,1.0,21.63691696994984,2.9877252483282724,0.5328692158021878,3,False,21.63691696994984,3.1354449201922985e-15,True,0
2,ElasticNet,0.001,0.95,21.636919783465533,2.9884003858485237,0.5328696020318962,3,False,21.63691978346553,5.517504855778732e-15,True,0
2,LASSO,1e-06,1.0,21.63692244040271,2.9876731073882343,0.5328690840187575,3,False,21.63692244040271,9.000000000436143e-06,True,0
2,LASSO,0.001,1.0,21.63693918973998,2.9882542366557465,0.5328689006266302,3,False,21.63693918973998,1.492382606382847e-14,True,0
2,ElasticNet,0.01,0.7,21.63717509554472,3.002303113862317,0.5328821361889039,3,False,21.637175095544723,2.5191394109613796e-13,True,0
2,ElasticNet,0.01,0.9,21.6377144407916,2.9964979842433213,0.5328592977952241,3,False,21.6377144407916,3.342846832676827e-13,True,0
2,ElasticNet,0.01,0.95,21.637864145024263,2.995041582263793,0.5328532538145714,3,False,21.637864145024263,3.602656367673873e-13,True,0
2,LASSO,0.01,1.0,21.638019833673905,2.993583123739033,0.5328470752515977,3,False,21.638019833673905,3.883005028626485e-13,True,0
2,Ridge,10.0,0.0,21.63996791749568,3.052090941543605,0.5329081384067529,3,False,21.63996791749568,0.0,True,0
2,LASSO,0.1,1.0,21.695439785113148,3.065119436541684,0.5316303774011212,3,False,21.695439785113148,7.499556531342932e-13,True,0
2,ElasticNet,0.1,0.95,21.70003488978003,3.07811024096442,0.5315572609544771,3,False,21.70003488978003,5.601769048624305e-13,True,0
2,ElasticNet,0.1,0.9,21.705078316104565,3.0909807897998367,0.5314740792310314,3,False,21.705078316104565,4.019284904899223e-13,True,0
2,ElasticNet,0.1,0.7,21.729448445204497,3.1412907140684365,0.5310470346446308,3,False,21.729448445204497,1.2169432128672497e-13,True,0
2,ElasticNet,0.1,0.5,21.75989736415721,3.189794532418419,0.5304831262406339,3,False,21.75989736415721,2.9791308309157216e-12,True,0
2,ElasticNet,0.1,0.3,21.79269395831695,3.2341861111017374,0.5298572115369219,3,False,21.79269395831695,2.152097944296827e-13,True,0
2,ElasticNet,0.1,0.1,21.82498733987919,3.2776666993769235,0.5292375169797262,3,False,21.82498733987919,3.907082990473043e-13,True,0
20,ElasticNet,1e-06,0.1,21.931038198456942,29.700328711179523,0.5611216702576756,3,False,21.931038198456942,4.2119604495444194e-05,True,0
13,ElasticNet,10.0,0.1,21.953181217896063,1.641606556023362,0.5173901036521437,3,False,21.953181217896063,9.171506132332752e-08,True,0
2,Ridge,100.0,0.0,22.293079279365134,3.520539039919137,0.5194404340217325,3,False,22.293079279365134,0.0,True,0
12,ElasticNet,10.0,0.1,22.48621511901455,1.3395432897162742,0.5066254518433781,3,False,22.48621511901455,3.589436261108858e-06,True,0
11,ElasticNet,10.0,0.1,23.33207018996443,1.2617819796834997,0.4881758357581534,3,False,23.33207018996443,3.193859288153078e-07,True,0
10,ElasticNet,10.0,0.1,24.177310643933183,1.071737046330617,0.47107344323469746,3,False,24.177310643933183,2.9815945294942026e-06,True,0
2,LASSO,1.0,1.0,27.50306532453689,2.860699482484795,0.40362579400939635,3,False,27.50306532453689,1.3322676295501878e-15,True,0
2,ElasticNet,1.0,0.95,27.53734983411054,3.0009973510405663,0.4032283455262767,3,False,27.53734983411054,1.4432899320127035e-15,True,0
2,ElasticNet,1.0,0.9,27.578664629253936,3.1286797621754032,0.40263726748548057,3,False,27.578664629253936,1.1102230246251565e-15,True,0
2,ElasticNet,1.0,0.7,27.77875570252527,3.5350833583357533,0.39921755016428434,3,False,27.77875570252527,1.3322676295501878e-15,True,0
2,ElasticNet,1.0,0.5,27.890932572745765,3.9148684173471473,0.39768175415540963,3,False,27.890932572745765,1.2212453270876722e-15,True,0
2,ElasticNet,1.0,0.3,27.94750174218315,4.187356050410271,0.39709615716627794,3,False,27.94750174218315,1.3322676295501878e-15,True,0
2,ElasticNet,1.0,0.1,28.094873358608794,4.369199023446263,0.39433239045130364,3,False,28.094873358608794,1.2490009027033011e-15,True,0
1,LASSO,0.1,1.0,34.51321132269888,0.2185838627853803,0.24640874814023306,3,False,34.51321132269888,2.220446049250313e-15,True,0
1,ElasticNet,0.1,0.95,34.518351198074065,0.2484274335926403,0.24635492740407527,3,False,34.518351198074065,1.6930901125533637e-15,True,0
1,ElasticNet,0.1,0.9,34.52371444272595,0.2782652931175593,0.24629552933580198,3,False,34.52371444272595,1.457167719820518e-15,True,0
1,ElasticNet,0.1,0.7,34.547255421582406,0.3958956877407836,0.2460055678595349,3,False,34.547255421582406,1.3183898417423734e-15,True,0
1,ElasticNet,0.1,0.5,34.57381368869226,0.5093060767740657,0.24563938862816923,3,False,34.57381368869226,1.124100812432971e-15,True,0
1,ElasticNet,0.1,0.3,34.602999125882974,0.6179833967972702,0.24520614651341188,3,False,34.60299912588297,1.4988010832439613e-15,True,0
1,Ridge,10.0,0.0,34.63169565470325,0.23309396430763174,0.24383927754717302,3,False,34.63169565470324,0.0,True,0
1,LASSO,0.01,1.0,34.633281325511625,0.13545793878686097,0.24356211369855185,3,False,34.633281325511625,1.7121720707891086e-15,True,0
1,ElasticNet,0.01,0.95,34.63352577887896,0.13723283299852948,0.24356280195133242,3,False,34.63352577887896,2.076464000744238e-15,True,0
1,ElasticNet,0.01,0.9,34.63377302290468,0.13906000911037947,0.2435634219480983,3,False,34.63377302290468,1.2351231148954867e-15,True,0
1,ElasticNet,0.1,0.1,34.634466894651524,0.7219557512412593,0.24471395973765878,3,False,34.634466894651524,1.8388068845354155e-15,True,0
1,ElasticNet,0.01,0.7,34.634789727880815,0.14684623419835963,0.24356522349668552,3,False,34.634789727880815,1.4450246554886803e-15,True,0
1,ElasticNet,0.01,0.5,34.63585037586477,0.1552965223279325,0.24356594936036227,3,False,34.63585037586477,1.506607338885857e-15,True,0
1,ElasticNet,0.01,0.3,34.6369544082959,0.1642932192474339,0.24356561249861883,3,False,34.63695440829591,1.631507429156187e-15,True,0
1,ElasticNet,0.01,0.1,34.63810127353706,0.17373727191191668,0.24356422571355144,3,False,34.63810127353706,1.3765030781875964e-15,True,0
1,Ridge,1.0,0.0,34.647290282939,0.1384352543023182,0.24325838057765856,3,False,34.647290282939,0.0,True,0
1,LASSO,0.001,1.0,34.64788028996429,0.1321821265474823,0.24322067954051174,3,False,34.64788028996429,1.880657088393356e-15,True,0
1,ElasticNet,0.001,0.95,34.647901748791575,0.13232847569588382,0.2432208154835892,3,False,34.64790174879158,2.919648030286215e-15,True,0
1,ElasticNet,0.001,0.9,34.64792323613599,0.13247546214272107,0.2432209507304374,3,False,34.64792323613599,2.2101461286117008e-15,True,0
1,ElasticNet,0.001,0.7,34.64800947050358,0.13306973243420886,0.2432214847597407,3,False,34.64800947050358,1.5216777490834055e-15,True,0
1,ElasticNet,0.001,0.5,34.64809616042039,0.1336740058140036,0.24322200766617608,3,False,34.64809616042039,1.850299427563762e-15,True,0
1,ElasticNet,0.001,0.3,34.64818330530739,0.13428812792348346,0.24322251946316395,3,False,34.64818330530739,1.8309464187848956e-15,True,0
1,ElasticNet,0.001,0.1,34.6482709045863,0.13491194506266746,0.243223020164109,3,False,34.6482709045863,1.4765071760722281e-15,True,0
1,Ridge,0.1,0.0,34.64930262004614,0.13249463153260593,0.24318984222580034,3,False,34.64930262004614,0.0,True,0
1,LASSO,0.0001,1.0,34.649366106051275,0.13193054225748344,0.243185968417569,3,False,34.649366106051275,1.4135556874322885e-15,True,0
1,ElasticNet,0.0001,0.95,34.64936822177549,0.13194484288075825,0.24318598268951908,3,False,34.64936822177549,2.0371616719916386e-15,True,0
1,ElasticNet,0.0001,0.9,34.64937033778549,0.1319591499878555,0.24318599695449303,3,False,34.64937033778549,9.581230123525963e-16,True,0
1,ElasticNet,0.0001,0.7,34.6493788046832,0.13201644320618208,0.2431860539446322,3,False,34.6493788046832,1.3604026759261867e-15,True,0
1,ElasticNet,0.0001,0.5,34.64938727615277,0.13207383997238611,0.24318611082317076,3,False,34.64938727615277,1.54896576251215e-15,True,0
1,ElasticNet,0.0001,0.3,34.649395752193634,0.13213134013182543,0.24318616759012257,3,False,34.649395752193634,2.063043610727941e-15,True,0
1,ElasticNet,0.0001,0.1,34.64940423280521,0.132188943529872,0.24318622424550063,3,False,34.64940423280521,1.6089814349569062e-15,True,0
1,Ridge,0.01,0.0,34.64950855322697,0.1319619280563208,0.243182880050041,3,False,34.64950855322697,0.0,True,0
1,LASSO,1e-05,1.0,34.64951215483942,0.13190741117094648,0.24318255780668177,3,False,34.649512154839414,9.179514019361038e-06,True,0
1,ElasticNet,1e-05,0.5,34.64951377862195,0.13191533145755893,0.24318257464491191,3,False,34.64951377862195,9.656235037601354e-06,True,0
1,ElasticNet,1e-05,0.7,34.649513876032394,0.1319110884411325,0.24318254918082938,3,False,34.649513876032394,8.534078347075948e-06,True,0
1,ElasticNet,1e-05,0.9,34.649513973538426,0.13190684667391153,0.24318252371458723,3,False,34.649513973538426,7.411860704415067e-06,True,0
1,ElasticNet,1e-05,0.95,34.64951399792986,0.1319057864273123,0.24318251734768925,3,False,34.649513997929866,7.131296769587325e-06,True,0
1,ElasticNet,1e-05,0.3,34.64951790490411,0.13192614392069413,0.24318251169754446,3,False,34.64951790490411,1.4776879400007006e-15,True,0
1,ElasticNet,1e-05,0.1,34.6495187501635,0.1319318547382754,0.2431825174291302,3,False,34.6495187501635,1.7540531913496239e-15,True,0
1,Ridge,0.001,0.0,34.64952919371546,0.1319093041582613,0.24318218274509407,3,False,34.64952919371546,0.0,True,0
1,LASSO,1e-06,1.0,34.64952953842359,0.1319035163292408,0.24318215112090177,3,False,34.64952953842359,9.00000000054299e-06,True,0
1,ElasticNet,1e-06,0.9,34.64953048875052,0.13190365865573908,0.24318213407436576,3,False,34.64953048875052,1.2186422685382957e-06,True,0
1,ElasticNet,1e-06,0.95,34.649530550325004,0.13190352305345604,0.2431821321077631,3,False,34.64953055032501,9.79306919160757e-06,True,0
1,ElasticNet,1e-06,0.7,34.64953063986014,0.13190415426735863,0.2431821341776632,3,False,34.64953063986014,1.5886926217106373e-06,True,0
1,ElasticNet,1e-06,0.5,34.64953079097211,0.1319046499107085,0.2431821342809053,3,False,34.64953079097211,2.0358510091595983e-06,True,0
1,Ridge,0.0001,0.0,34.64953125823619,0.13190404826568766,0.2431821130037216,3,False,34.64953125823619,0.0,True,0
1,ElasticNet,1e-06,0.3,34.649531281773086,0.1319056739326482,0.24318212727369368,3,False,34.649531281773086,2.4830074552397423e-06,True,0
1,Ridge,1e-05,0.0,34.64953146469296,0.13190352274143227,0.2431821060294758,3,False,34.64953146469296,0.0,True,0
1,ElasticNet,1e-06,0.1,34.64953147071037,0.13190622846123548,0.24318212658515495,3,False,34.64953147071037,2.930161961070835e-06,True,0
1,Ridge,1e-06,0.0,34.649531485338706,0.13190347018965742,0.24318210533204998,3,False,34.649531485338706,0.0,True,0
1,Ridge,100.0,0.0,34.797176872114925,1.2647992606334486,0.24217314412997748,3,False,34.797176872114925,0.0,True,0
1,LASSO,1.0,1.0,36.18873342583626,2.0480478869300747,0.21322590090528928,3,False,36.18873342583626,1.9984014443252818e-15,True,0
1,ElasticNet,1.0,0.95,36.234266643238634,2.17611222598907,0.21248567396458665,3,False,36.234266643238634,1.4432899320127035e-15,True,0
1,ElasticNet,1.0,0.9,36.28264177279744,2.288379894114522,0.21165116291235178,3,False,36.28264177279744,1.2212453270876722e-15,True,0
1,ElasticNet,1.0,0.7,36.48453589903858,2.6231804022837637,0.20790017389951387,3,False,36.48453589903858,3.219646771412954e-15,True,0
1,ElasticNet,1.0,0.5,36.6942595777308,2.8645383513092293,0.20378561756114225,3,False,36.6942595777308,1.9984014443252818e-15,True,0
1,ElasticNet,1.0,0.3,36.963835598852555,3.1371285341147614,0.1984021381533885,3,False,36.96383559885255,2.0539125955565396e-15,True,0
1,ElasticNet,1.0,0.1,37.24325697550144,3.35858391400467,0.1927304268394103,3,False,37.243256975501446,1.8596235662471372e-15,True,0
1,Ridge,1000.0,0.0,39.48273232894257,4.271467646813063,0.14558301816279917,3,False,39.482732328942575,0.0,True,0
20,ElasticNet,10.0,0.3,44.234952157137094,6.3572600277397955,0.04575991074919109,3,False,44.23495215713709,4.545039168135645e-06,True,0
19,ElasticNet,10.0,0.3,44.235011855504354,6.357158041556946,0.045758414187949646,3,False,44.235011855504354,3.85433073724073e-06,True,0
18,ElasticNet,10.0,0.3,44.286353953618175,6.341104330390342,0.044612993386930366,3,False,44.286353953618175,3.7282711917718814e-06,True,0
17,ElasticNet,10.0,0.3,44.286353965239584,6.3411044768045794,0.044612993391377954,3,False,44.286353965239584,3.85433073724073e-06,True,0
16,ElasticNet,10.0,0.3,44.359204821399054,6.325191772702218,0.043000316523257864,3,False,44.359204821399054,4.70142802422302e-06,True,0
15,ElasticNet,10.0,0.3,44.35920482933799,6.325191759168896,0.04300031632422955,3,False,44.359204829338005,4.70142802422302e-06,True,0
13,ElasticNet,10.0,0.3,44.45685197797058,6.308687276432705,0.040846344326565275,3,False,44.45685197797058,4.70142802422302e-06,True,0
14,ElasticNet,10.0,0.3,44.456852032344294,6.308687378692549,0.04084634332042503,3,False,44.456852032344294,4.631925000886383e-06,True,0
11,ElasticNet,10.0,0.3,44.5673702895378,6.30245571109844,0.038430070742725454,3,False,44.5673702895378,7.614226028351823e-06,True,0
12,ElasticNet,10.0,0.3,44.567376462745436,6.302463961765798,0.03842995292998722,3,False,44.567376462745436,4.28937723695455e-06,True,0
10,ElasticNet,10.0,0.3,44.70356552309499,6.329254444678973,0.03551425823014528,3,False,44.70356552309499,8.657987867977113e-06,True,0
1,ElasticNet,10.0,0.1,44.965346597681425,5.57304816604932,0.028339354963401415,3,False,44.965346597681425,1.1102230246251565e-15,True,0
1,Ridge,10000.0,0.0,45.25192646160863,5.601321050659389,0.022132775029361135,3,False,45.25192646160863,0.0,True,0
1,ElasticNet,10.0,0.3,46.28540787462402,5.982719935659328,0.0002891395717667944,3,False,46.28540787462402,1.7763568394002505e-15,True,0
1,Ridge,100000.0,0.0,46.32297038356609,5.773594490034773,-0.0009325994150507869,3,False,46.32297038356609,0.0,True,0
1,Ridge,1000000.0,0.0,46.43866656037593,5.791249635357505,-0.003426046920302387,3,False,46.43866656037593,0.0,True,0
1,LASSO,10.0,1.0,46.451625031633434,5.7932160584039964,-0.0037053455528689807,3,False,46.451625031633434,0.0,True,0
1,LASSO,100.0,1.0,46.451625031633434,5.7932160584039964,-0.0037053455528689807,3,False,46.451625031633434,0.0,True,0
1,LASSO,1000.0,1.0,46.451625031633434,5.7932160584039964,-0.0037053455528689807,3,False,46.451625031633434,0.0,True,0
1,LASSO,10000.0,1.0,46.451625031633434,5.7932160584039964,-0.0037053455528689807,3,False,46.451625031633434,0.0,True,0
1,LASSO,100000.0,1.0,46.451625031633434,5.7932160584039964,-0.0037053455528689807,3,False,46.451625031633434,0.0,True,0
1,LASSO,1000000.0,1.0,46.451625031633434,5.7932160584039964,-0.0037053455528689807,3,False,46.451625031633434,0.0,True,0
1,ElasticNet,100.0,0.1,46.451625031633434,5.7932160584039964,-0.0037053455528689807,3,False,46.451625031633434,0.0,True,0
1,ElasticNet,1000.0,0.1,46.451625031633434,5.7932160584039964,-0.0037053455528689807,3,False,46.451625031633434,0.0,True,0
1,ElasticNet,10000.0,0.1,46.451625031633434,5.7932160584039964,-0.0037053455528689807,3,False,46.451625031633434,0.0,True,0
1,ElasticNet,100000.0,0.1,46.451625031633434,5.7932160584039964,-0.0037053455528689807,3,False,46.451625031633434,0.0,True,0
1,ElasticNet,1000000.0,0.1,46.451625031633434,5.7932160584039964,-0.0037053455528689807,3,False,46.451625031633434,0.0,True,0
1,ElasticNet,100.0,0.3,46.451625031633434,5.7932160584039964,-0.0037053455528689807,3,False,46.451625031633434,0.0,True,0
1,ElasticNet,1000.0,0.3,46.451625031633434,5.7932160584039964,-0.0037053455528689807,3,False,46.451625031633434,0.0,True,0
1,ElasticNet,10000.0,0.3,46.451625031633434,5.7932160584039964,-0.0037053455528689807,3,False,46.451625031633434,0.0,True,0
1,ElasticNet,100000.0,0.3,46.451625031633434,5.7932160584039964,-0.0037053455528689807,3,False,46.451625031633434,0.0,True,0
1,ElasticNet,1000000.0,0.3,46.451625031633434,5.7932160584039964,-0.0037053455528689807,3,False,46.451625031633434,0.0,True,0
1,ElasticNet,10.0,0.5,46.451625031633434,5.7932160584039964,-0.0037053455528689807,3,False,46.451625031633434,0.0,True,0
1,ElasticNet,100.0,0.5,46.451625031633434,5.7932160584039964,-0.0037053455528689807,3,False,46.451625031633434,0.0,True,0
1,ElasticNet,1000.0,0.5,46.451625031633434,5.7932160584039964,-0.0037053455528689807,3,False,46.451625031633434,0.0,True,0
1,ElasticNet,10000.0,0.5,46.451625031633434,5.7932160584039964,-0.0037053455528689807,3,False,46.451625031633434,0.0,True,0
1,ElasticNet,100000.0,0.5,46.451625031633434,5.7932160584039964,-0.0037053455528689807,3,False,46.451625031633434,0.0,True,0
1,ElasticNet,1000000.0,0.5,46.451625031633434,5.7932160584039964,-0.0037053455528689807,3,False,46.451625031633434,0.0,True,0
1,ElasticNet,10.0,0.7,46.451625031633434,5.7932160584039964,-0.0037053455528689807,3,False,46.451625031633434,0.0,True,0
1,ElasticNet,100.0,0.7,46.451625031633434,5.7932160584039964,-0.0037053455528689807,3,False,46.451625031633434,0.0,True,0
1,ElasticNet,1000.0,0.7,46.451625031633434,5.7932160584039964,-0.0037053455528689807,3,False,46.451625031633434,0.0,True,0
1,ElasticNet,10000.0,0.7,46.451625031633434,5.7932160584039964,-0.0037053455528689807,3,False,46.451625031633434,0.0,True,0
1,ElasticNet,100000.0,0.7,46.451625031633434,5.7932160584039964,-0.0037053455528689807,3,False,46.451625031633434,0.0,True,0
1,ElasticNet,1000000.0,0.7,46.451625031633434,5.7932160584039964,-0.0037053455528689807,3,False,46.451625031633434,0.0,True,0
1,ElasticNet,10.0,0.9,46.451625031633434,5.7932160584039964,-0.0037053455528689807,3,False,46.451625031633434,0.0,True,0
1,ElasticNet,100.0,0.9,46.451625031633434,5.7932160584039964,-0.0037053455528689807,3,False,46.451625031633434,0.0,True,0
1,ElasticNet,1000.0,0.9,46.451625031633434,5.7932160584039964,-0.0037053455528689807,3,False,46.451625031633434,0.0,True,0
1,ElasticNet,10000.0,0.9,46.451625031633434,5.7932160584039964,-0.0037053455528689807,3,False,46.451625031633434,0.0,True,0
1,ElasticNet,100000.0,0.9,46.451625031633434,5.7932160584039964,-0.0037053455528689807,3,False,46.451625031633434,0.0,True,0
1,ElasticNet,1000000.0,0.9,46.451625031633434,5.7932160584039964,-0.0037053455528689807,3,False,46.451625031633434,0.0,True,0
1,ElasticNet,10.0,0.95,46.451625031633434,5.7932160584039964,-0.0037053455528689807,3,False,46.451625031633434,0.0,True,0
1,ElasticNet,100.0,0.95,46.451625031633434,5.7932160584039964,-0.0037053455528689807,3,False,46.451625031633434,0.0,True,0
1,ElasticNet,1000.0,0.95,46.451625031633434,5.7932160584039964,-0.0037053455528689807,3,False,46.451625031633434,0.0,True,0
1,ElasticNet,10000.0,0.95,46.451625031633434,5.7932160584039964,-0.0037053455528689807,3,False,46.451625031633434,0.0,True,0
1,ElasticNet,100000.0,0.95,46.451625031633434,5.7932160584039964,-0.0037053455528689807,3,False,46.451625031633434,0.0,True,0
1,ElasticNet,1000000.0,0.95,46.451625031633434,5.7932160584039964,-0.0037053455528689807,3,False,46.451625031633434,0.0,True,0
9,LASSO,10.0,1.0,46.451625031633434,5.7932160584039964,-0.0037053455528689807,3,False,46.451625031633434,0.0,True,0
9,LASSO,100.0,1.0,46.451625031633434,5.7932160584039964,-0.0037053455528689807,3,False,46.451625031633434,0.0,True,0
9,LASSO,1000.0,1.0,46.451625031633434,5.7932160584039964,-0.0037053455528689807,3,False,46.451625031633434,0.0,True,0
9,LASSO,10000.0,1.0,46.451625031633434,5.7932160584039964,-0.0037053455528689807,3,False,46.451625031633434,0.0,True,0
9,LASSO,100000.0,1.0,46.451625031633434,5.7932160584039964,-0.0037053455528689807,3,False,46.451625031633434,0.0,True,0
9,LASSO,1000000.0,1.0,46.451625031633434,5.7932160584039964,-0.0037053455528689807,3,False,46.451625031633434,0.0,True,0
10,LASSO,10.0,1.0,46.451625031633434,5.7932160584039964,-0.0037053455528689807,3,False,46.451625031633434,0.0,True,0
10,LASSO,100.0,1.0,46.451625031633434,5.7932160584039964,-0.0037053455528689807,3,False,46.451625031633434,0.0,True,0
10,LASSO,1000.0,1.0,46.451625031633434,5.7932160584039964,-0.0037053455528689807,3,False,46.451625031633434,0.0,True,0
10,LASSO,10000.0,1.0,46.451625031633434,5.7932160584039964,-0.0037053455528689807,3,False,46.451625031633434,0.0,True,0
10,LASSO,100000.0,1.0,46.451625031633434,5.7932160584039964,-0.0037053455528689807,3,False,46.451625031633434,0.0,True,0
10,LASSO,1000000.0,1.0,46.451625031633434,5.7932160584039964,-0.0037053455528689807,3,False,46.451625031633434,0.0,True,0
10,ElasticNet,100.0,0.1,46.451625031633434,5.7932160584039964,-0.0037053455528689807,3,False,46.451625031633434,0.0,True,0
10,ElasticNet,1000.0,0.1,46.451625031633434,5.7932160584039964,-0.0037053455528689807,3,False,46.451625031633434,0.0,True,0
10,ElasticNet,10000.0,0.1,46.451625031633434,5.7932160584039964,-0.0037053455528689807,3,False,46.451625031633434,0.0,True,0
10,ElasticNet,100000.0,0.1,46.451625031633434,5.7932160584039964,-0.0037053455528689807,3,False,46.451625031633434,0.0,True,0
10,ElasticNet,1000000.0,0.1,46.451625031633434,5.7932160584039964,-0.0037053455528689807,3,False,46.451625031633434,0.0,True,0
10,ElasticNet,100.0,0.3,46.451625031633434,5.7932160584039964,-0.0037053455528689807,3,False,46.451625031633434,0.0,True,0
10,ElasticNet,1000.0,0.3,46.451625031633434,5.7932160584039964,-0.0037053455528689807,3,False,46.451625031633434,0.0,True,0
10,ElasticNet,10000.0,0.3,46.451625031633434,5.7932160584039964,-0.0037053455528689807,3,False,46.451625031633434,0.0,True,0
10,ElasticNet,100000.0,0.3,46.451625031633434,5.7932160584039964,-0.0037053455528689807,3,False,46.451625031633434,0.0,True,0
10,ElasticNet,1000000.0,0.3,46.451625031633434,5.7932160584039964,-0.0037053455528689807,3,False,46.451625031633434,0.0,True,0
10,ElasticNet,10.0,0.5,46.451625031633434,5.7932160584039964,-0.0037053455528689807,3,False,46.451625031633434,0.0,True,0
10,ElasticNet,100.0,0.5,46.451625031633434,5.7932160584039964,-0.0037053455528689807,3,False,46.451625031633434,0.0,True,0
10,ElasticNet,1000.0,0.5,46.451625031633434,5.7932160584039964,-0.0037053455528689807,3,False,46.451625031633434,0.0,True,0
10,ElasticNet,10000.0,0.5,46.451625031633434,5.7932160584039964,-0.0037053455528689807,3,False,46.451625031633434,0.0,True,0
10,ElasticNet,100000.0,0.5,46.451625031633434,5.7932160584039964,-0.0037053455528689807,3,False,46.451625031633434,0.0,True,0
10,ElasticNet,1000000.0,0.5,46.451625031633434,5.7932160584039964,-0.0037053455528689807,3,False,46.451625031633434,0.0,True,0
10,ElasticNet,10.0,0.7,46.451625031633434,5.7932160584039964,-0.0037053455528689807,3,False,46.451625031633434,0.0,True,0
10,ElasticNet,100.0,0.7,46.451625031633434,5.7932160584039964,-0.0037053455528689807,3,False,46.451625031633434,0.0,True,0
10,ElasticNet,1000.0,0.7,46.451625031633434,5.7932160584039964,-0.0037053455528689807,3,False,46.451625031633434,0.0,True,0
10,ElasticNet,10000.0,0.7,46.451625031633434,5.7932160584039964,-0.0037053455528689807,3,False,46.451625031633434,0.0,True,0
10,ElasticNet,100000.0,0.7,46.451625031633434,5.7932160584039964,-0.0037053455528689807,3,False,46.451625031633434,0.0,True,0
10,ElasticNet,1000000.0,0.7,46.451625031633434,5.7932160584039964,-0.0037053455528689807,3,False,46.451625031633434,0.0,True,0
10,ElasticNet,10.0,0.9,46.451625031633434,5.7932160584039964,-0.0037053455528689807,3,False,46.451625031633434,0.0,True,0
10,ElasticNet,100.0,0.9,46.451625031633434,5.7932160584039964,-0.0037053455528689807,3,False,46.451625031633434,0.0,True,0
10,ElasticNet,1000.0,0.9,46.451625031633434,5.7932160584039964,-0.0037053455528689807,3,False,46.451625031633434,0.0,True,0
10,ElasticNet,10000.0,0.9,46.451625031633434,5.7932160584039964,-0.0037053455528689807,3,False,46.451625031633434,0.0,True,0
10,ElasticNet,100000.0,0.9,46.451625031633434,5.7932160584039964,-0.0037053455528689807,3,False,46.451625031633434,0.0,True,0
10,ElasticNet,1000000.0,0.9,46.451625031633434,5.7932160584039964,-0.0037053455528689807,3,False,46.451625031633434,0.0,True,0
10,ElasticNet,10.0,0.95,46.451625031633434,5.7932160584039964,-0.0037053455528689807,3,False,46.451625031633434,0.0,True,0
10,ElasticNet,100.0,0.95,46.451625031633434,5.7932160584039964,-0.0037053455528689807,3,False,46.451625031633434,0.0,True,0
10,ElasticNet,1000.0,0.95,46.451625031633434,5.7932160584039964,-0.0037053455528689807,3,False,46.451625031633434,0.0,True,0
10,ElasticNet,10000.0,0.95,46.451625031633434,5.7932160584039964,-0.0037053455528689807,3,False,46.451625031633434,0.0,True,0
10,ElasticNet,100000.0,0.95,46.451625031633434,5.7932160584039964,-0.0037053455528689807,3,False,46.451625031633434,0.0,True,0
10,ElasticNet,1000000.0,0.95,46.451625031633434,5.7932160584039964,-0.0037053455528689807,3,False,46.451625031633434,0.0,True,0
11,LASSO,10.0,1.0,46.451625031633434,5.7932160584039964,-0.0037053455528689807,3,False,46.451625031633434,0.0,True,0
11,LASSO,100.0,1.0,46.451625031633434,5.7932160584039964,-0.0037053455528689807,3,False,46.451625031633434,0.0,True,0
11,LASSO,1000.0,1.0,46.451625031633434,5.7932160584039964,-0.0037053455528689807,3,False,46.451625031633434,0.0,True,0
11,LASSO,10000.0,1.0,46.451625031633434,5.7932160584039964,-0.0037053455528689807,3,False,46.451625031633434,0.0,True,0
11,LASSO,100000.0,1.0,46.451625031633434,5.7932160584039964,-0.0037053455528689807,3,False,46.451625031633434,0.0,True,0
11,LASSO,1000000.0,1.0,46.451625031633434,5.7932160584039964,-0.0037053455528689807,3,False,46.451625031633434,0.0,True,0
11,ElasticNet,100.0,0.1,46.451625031633434,5.7932160584039964,-0.0037053455528689807,3,False,46.451625031633434,0.0,True,0
11,ElasticNet,1000.0,0.1,46.451625031633434,5.7932160584039964,-0.0037053455528689807,3,False,46.451625031633434,0.0,True,0
11,ElasticNet,10000.0,0.1,46.451625031633434,5.7932160584039964,-0.0037053455528689807,3,False,46.451625031633434,0.0,True,0
11,ElasticNet,100000.0,0.1,46.451625031633434,5.7932160584039964,-0.0037053455528689807,3,False,46.451625031633434,0.0,True,0
11,ElasticNet,1000000.0,0.1,46.451625031633434,5.7932160584039964,-0.0037053455528689807,3,False,46.451625031633434,0.0,True,0
11,ElasticNet,100.0,0.3,46.451625031633434,5.7932160584039964,-0.0037053455528689807,3,False,46.451625031633434,0.0,True,0
11,ElasticNet,1000.0,0.3,46.451625031633434,5.7932160584039964,-0.0037053455528689807,3,False,46.451625031633434,0.0,True,0
11,ElasticNet,10000.0,0.3,46.451625031633434,5.7932160584039964,-0.0037053455528689807,3,False,46.451625031633434,0.0,True,0
11,ElasticNet,100000.0,0.3,46.451625031633434,5.7932160584039964,-0.0037053455528689807,3,False,46.451625031633434,0.0,True,0
11,ElasticNet,1000000.0,0.3,46.451625031633434,5.7932160584039964,-0.0037053455528689807,3,False,46.451625031633434,0.0,True,0
11,ElasticNet,10.0,0.5,46.451625031633434,5.7932160584039964,-0.0037053455528689807,3,False,46.451625031633434,0.0,True,0
11,ElasticNet,100.0,0.5,46.451625031633434,5.7932160584039964,-0.0037053455528689807,3,False,46.451625031633434,0.0,True,0
11,ElasticNet,1000.0,0.5,46.451625031633434,5.7932160584039964,-0.0037053455528689807,3,False,46.451625031633434,0.0,True,0
11,ElasticNet,10000.0,0.5,46.451625031633434,5.7932160584039964,-0.0037053455528689807,3,False,46.451625031633434,0.0,True,0
11,ElasticNet,100000.0,0.5,46.451625031633434,5.7932160584039964,-0.0037053455528689807,3,False,46.451625031633434,0.0,True,0
11,ElasticNet,1000000.0,0.5,46.451625031633434,5.7932160584039964,-0.0037053455528689807,3,False,46.451625031633434,0.0,True,0
11,ElasticNet,10.0,0.7,46.451625031633434,5.7932160584039964,-0.0037053455528689807,3,False,46.451625031633434,0.0,True,0
11,ElasticNet,100.0,0.7,46.451625031633434,5.7932160584039964,-0.0037053455528689807,3,False,46.451625031633434,0.0,True,0
11,ElasticNet,1000.0,0.7,46.451625031633434,5.7932160584039964,-0.0037053455528689807,3,False,46.451625031633434,0.0,True,0
11,ElasticNet,10000.0,0.7,46.451625031633434,5.7932160584039964,-0.0037053455528689807,3,False,46.451625031633434,0.0,True,0
11,ElasticNet,100000.0,0.7,46.451625031633434,5.7932160584039964,-0.0037053455528689807,3,False,46.451625031633434,0.0,True,0
11,ElasticNet,1000000.0,0.7,46.451625031633434,5.7932160584039964,-0.0037053455528689807,3,False,46.451625031633434,0.0,True,0
11,ElasticNet,10.0,0.9,46.451625031633434,5.7932160584039964,-0.0037053455528689807,3,False,46.451625031633434,0.0,True,0
11,ElasticNet,100.0,0.9,46.451625031633434,5.7932160584039964,-0.0037053455528689807,3,False,46.451625031633434,0.0,True,0
11,ElasticNet,1000.0,0.9,46.451625031633434,5.7932160584039964,-0.0037053455528689807,3,False,46.451625031633434,0.0,True,0
11,ElasticNet,10000.0,0.9,46.451625031633434,5.7932160584039964,-0.0037053455528689807,3,False,46.451625031633434,0.0,True,0
11,ElasticNet,100000.0,0.9,46.451625031633434,5.7932160584039964,-0.0037053455528689807,3,False,46.451625031633434,0.0,True,0
11,ElasticNet,1000000.0,0.9,46.451625031633434,5.7932160584039964,-0.0037053455528689807,3,False,46.451625031633434,0.0,True,0
11,ElasticNet,10.0,0.95,46.451625031633434,5.7932160584039964,-0.0037053455528689807,3,False,46.451625031633434,0.0,True,0
11,ElasticNet,100.0,0.95,46.451625031633434,5.7932160584039964,-0.0037053455528689807,3,False,46.451625031633434,0.0,True,0
11,ElasticNet,1000.0,0.95,46.451625031633434,5.7932160584039964,-0.0037053455528689807,3,False,46.451625031633434,0.0,True,0
11,ElasticNet,10000.0,0.95,46.451625031633434,5.7932160584039964,-0.0037053455528689807,3,False,46.451625031633434,0.0,True,0
11,ElasticNet,100000.0,0.95,46.451625031633434,5.7932160584039964,-0.0037053455528689807,3,False,46.451625031633434,0.0,True,0
11,ElasticNet,1000000.0,0.95,46.451625031633434,5.7932160584039964,-0.0037053455528689807,3,False,46.451625031633434,0.0,True,0
12,LASSO,10.0,1.0,46.451625031633434,5.7932160584039964,-0.0037053455528689807,3,False,46.451625031633434,0.0,True,0
12,LASSO,100.0,1.0,46.451625031633434,5.7932160584039964,-0.0037053455528689807,3,False,46.451625031633434,0.0,True,0
12,LASSO,1000.0,1.0,46.451625031633434,5.7932160584039964,-0.0037053455528689807,3,False,46.451625031633434,0.0,True,0
12,LASSO,10000.0,1.0,46.451625031633434,5.7932160584039964,-0.0037053455528689807,3,False,46.451625031633434,0.0,True,0
12,LASSO,100000.0,1.0,46.451625031633434,5.7932160584039964,-0.0037053455528689807,3,False,46.451625031633434,0.0,True,0
12,LASSO,1000000.0,1.0,46.451625031633434,5.7932160584039964,-0.0037053455528689807,3,False,46.451625031633434,0.0,True,0
12,ElasticNet,100.0,0.1,46.451625031633434,5.7932160584039964,-0.0037053455528689807,3,False,46.451625031633434,0.0,True,0
12,ElasticNet,1000.0,0.1,46.451625031633434,5.7932160584039964,-0.0037053455528689807,3,False,46.451625031633434,0.0,True,0
12,ElasticNet,10000.0,0.1,46.451625031633434,5.7932160584039964,-0.0037053455528689807,3,False,46.451625031633434,0.0,True,0
12,ElasticNet,100000.0,0.1,46.451625031633434,5.7932160584039964,-0.0037053455528689807,3,False,46.451625031633434,0.0,True,0
12,ElasticNet,1000000.0,0.1,46.451625031633434,5.7932160584039964,-0.0037053455528689807,3,False,46.451625031633434,0.0,True,0
12,ElasticNet,100.0,0.3,46.451625031633434,5.7932160584039964,-0.0037053455528689807,3,False,46.451625031633434,0.0,True,0
12,ElasticNet,1000.0,0.3,46.451625031633434,5.7932160584039964,-0.0037053455528689807,3,False,46.451625031633434,0.0,True,0
12,ElasticNet,10000.0,0.3,46.451625031633434,5.7932160584039964,-0.0037053455528689807,3,False,46.451625031633434,0.0,True,0
12,ElasticNet,100000.0,0.3,46.451625031633434,5.7932160584039964,-0.0037053455528689807,3,False,46.451625031633434,0.0,True,0
12,ElasticNet,1000000.0,0.3,46.451625031633434,5.7932160584039964,-0.0037053455528689807,3,False,46.451625031633434,0.0,True,0
12,ElasticNet,10.0,0.5,46.451625031633434,5.7932160584039964,-0.0037053455528689807,3,False,46.451625031633434,0.0,True,0
12,ElasticNet,100.0,0.5,46.451625031633434,5.7932160584039964,-0.0037053455528689807,3,False,46.451625031633434,0.0,True,0
12,ElasticNet,1000.0,0.5,46.451625031633434,5.7932160584039964,-0.0037053455528689807,3,False,46.451625031633434,0.0,True,0
12,ElasticNet,10000.0,0.5,46.451625031633434,5.7932160584039964,-0.0037053455528689807,3,False,46.451625031633434,0.0,True,0
12,ElasticNet,100000.0,0.5,46.451625031633434,5.7932160584039964,-0.0037053455528689807,3,False,46.451625031633434,0.0,True,0
12,ElasticNet,1000000.0,0.5,46.451625031633434,5.7932160584039964,-0.0037053455528689807,3,False,46.451625031633434,0.0,True,0
12,ElasticNet,10.0,0.7,46.451625031633434,5.7932160584039964,-0.0037053455528689807,3,False,46.451625031633434,0.0,True,0
12,ElasticNet,100.0,0.7,46.451625031633434,5.7932160584039964,-0.0037053455528689807,3,False,46.451625031633434,0.0,True,0
12,ElasticNet,1000.0,0.7,46.451625031633434,5.7932160584039964,-0.0037053455528689807,3,False,46.451625031633434,0.0,True,0
12,ElasticNet,10000.0,0.7,46.451625031633434,5.7932160584039964,-0.0037053455528689807,3,False,46.451625031633434,0.0,True,0
12,ElasticNet,100000.0,0.7,46.451625031633434,5.7932160584039964,-0.0037053455528689807,3,False,46.451625031633434,0.0,True,0
12,ElasticNet,1000000.0,0.7,46.451625031633434,5.7932160584039964,-0.0037053455528689807,3,False,46.451625031633434,0.0,True,0
12,ElasticNet,10.0,0.9,46.451625031633434,5.7932160584039964,-0.0037053455528689807,3,False,46.451625031633434,0.0,True,0
12,ElasticNet,100.0,0.9,46.451625031633434,5.7932160584039964,-0.0037053455528689807,3,False,46.451625031633434,0.0,True,0
12,ElasticNet,1000.0,0.9,46.451625031633434,5.7932160584039964,-0.0037053455528689807,3,False,46.451625031633434,0.0,True,0
12,ElasticNet,10000.0,0.9,46.451625031633434,5.7932160584039964,-0.0037053455528689807,3,False,46.451625031633434,0.0,True,0
12,ElasticNet,100000.0,0.9,46.451625031633434,5.7932160584039964,-0.0037053455528689807,3,False,46.451625031633434,0.0,True,0
12,ElasticNet,1000000.0,0.9,46.451625031633434,5.7932160584039964,-0.0037053455528689807,3,False,46.451625031633434,0.0,True,0
12,ElasticNet,10.0,0.95,46.451625031633434,5.7932160584039964,-0.0037053455528689807,3,False,46.451625031633434,0.0,True,0
12,ElasticNet,100.0,0.95,46.451625031633434,5.7932160584039964,-0.0037053455528689807,3,False,46.451625031633434,0.0,True,0
12,ElasticNet,1000.0,0.95,46.451625031633434,5.7932160584039964,-0.0037053455528689807,3,False,46.451625031633434,0.0,True,0
12,ElasticNet,10000.0,0.95,46.451625031633434,5.7932160584039964,-0.0037053455528689807,3,False,46.451625031633434,0.0,True,0
12,ElasticNet,100000.0,0.95,46.451625031633434,5.7932160584039964,-0.0037053455528689807,3,False,46.451625031633434,0.0,True,0
12,ElasticNet,1000000.0,0.95,46.451625031633434,5.7932160584039964,-0.0037053455528689807,3,False,46.451625031633434,0.0,True,0
13,LASSO,10.0,1.0,46.451625031633434,5.7932160584039964,-0.0037053455528689807,3,False,46.451625031633434,0.0,True,0
13,LASSO,100.0,1.0,46.451625031633434,5.7932160584039964,-0.0037053455528689807,3,False,46.451625031633434,0.0,True,0
13,LASSO,1000.0,1.0,46.451625031633434,5.7932160584039964,-0.0037053455528689807,3,False,46.451625031633434,0.0,True,0
13,LASSO,10000.0,1.0,46.451625031633434,5.7932160584039964,-0.0037053455528689807,3,False,46.451625031633434,0.0,True,0
13,LASSO,100000.0,1.0,46.451625031633434,5.7932160584039964,-0.0037053455528689807,3,False,46.451625031633434,0.0,True,0
13,LASSO,1000000.0,1.0,46.451625031633434,5.7932160584039964,-0.0037053455528689807,3,False,46.451625031633434,0.0,True,0
13,ElasticNet,100.0,0.1,46.451625031633434,5.7932160584039964,-0.0037053455528689807,3,False,46.451625031633434,0.0,True,0
13,ElasticNet,1000.0,0.1,46.451625031633434,5.7932160584039964,-0.0037053455528689807,3,False,46.451625031633434,0.0,True,0
13,ElasticNet,10000.0,0.1,46.451625031633434,5.7932160584039964,-0.0037053455528689807,3,False,46.451625031633434,0.0,True,0
13,ElasticNet,100000.0,0.1,46.451625031633434,5.7932160584039964,-0.0037053455528689807,3,False,46.451625031633434,0.0,True,0
13,ElasticNet,1000000.0,0.1,46.451625031633434,5.7932160584039964,-0.0037053455528689807,3,False,46.451625031633434,0.0,True,0
13,ElasticNet,100.0,0.3,46.451625031633434,5.7932160584039964,-0.0037053455528689807,3,False,46.451625031633434,0.0,True,0
13,ElasticNet,1000.0,0.3,46.451625031633434,5.7932160584039964,-0.0037053455528689807,3,False,46.451625031633434,0.0,True,0
13,ElasticNet,10000.0,0.3,46.451625031633434,5.7932160584039964,-0.0037053455528689807,3,False,46.451625031633434,0.0,True,0
13,ElasticNet,100000.0,0.3,46.451625031633434,5.7932160584039964,-0.0037053455528689807,3,False,46.451625031633434,0.0,True,0
13,ElasticNet,1000000.0,0.3,46.451625031633434,5.7932160584039964,-0.0037053455528689807,3,False,46.451625031633434,0.0,True,0
13,ElasticNet,10.0,0.5,46.451625031633434,5.7932160584039964,-0.0037053455528689807,3,False,46.451625031633434,0.0,True,0
13,ElasticNet,100.0,0.5,46.451625031633434,5.7932160584039964,-0.0037053455528689807,3,False,46.451625031633434,0.0,True,0
13,ElasticNet,1000.0,0.5,46.451625031633434,5.7932160584039964,-0.0037053455528689807,3,False,46.451625031633434,0.0,True,0
13,ElasticNet,10000.0,0.5,46.451625031633434,5.7932160584039964,-0.0037053455528689807,3,False,46.451625031633434,0.0,True,0
13,ElasticNet,100000.0,0.5,46.451625031633434,5.7932160584039964,-0.0037053455528689807,3,False,46.451625031633434,0.0,True,0
13,ElasticNet,1000000.0,0.5,46.451625031633434,5.7932160584039964,-0.0037053455528689807,3,False,46.451625031633434,0.0,True,0
13,ElasticNet,10.0,0.7,46.451625031633434,5.7932160584039964,-0.0037053455528689807,3,False,46.451625031633434,0.0,True,0
13,ElasticNet,100.0,0.7,46.451625031633434,5.7932160584039964,-0.0037053455528689807,3,False,46.451625031633434,0.0,True,0
13,ElasticNet,1000.0,0.7,46.451625031633434,5.7932160584039964,-0.0037053455528689807,3,False,46.451625031633434,0.0,True,0
13,ElasticNet,10000.0,0.7,46.451625031633434,5.7932160584039964,-0.0037053455528689807,3,False,46.451625031633434,0.0,True,0
13,ElasticNet,100000.0,0.7,46.451625031633434,5.7932160584039964,-0.0037053455528689807,3,False,46.451625031633434,0.0,True,0
13,ElasticNet,1000000.0,0.7,46.451625031633434,5.7932160584039964,-0.0037053455528689807,3,False,46.451625031633434,0.0,True,0
13,ElasticNet,10.0,0.9,46.451625031633434,5.7932160584039964,-0.0037053455528689807,3,False,46.451625031633434,0.0,True,0
13,ElasticNet,100.0,0.9,46.451625031633434,5.7932160584039964,-0.0037053455528689807,3,False,46.451625031633434,0.0,True,0
13,ElasticNet,1000.0,0.9,46.451625031633434,5.7932160584039964,-0.0037053455528689807,3,False,46.451625031633434,0.0,True,0
13,ElasticNet,10000.0,0.9,46.451625031633434,5.7932160584039964,-0.0037053455528689807,3,False,46.451625031633434,0.0,True,0
13,ElasticNet,100000.0,0.9,46.451625031633434,5.7932160584039964,-0.0037053455528689807,3,False,46.451625031633434,0.0,True,0
13,ElasticNet,1000000.0,0.9,46.451625031633434,5.7932160584039964,-0.0037053455528689807,3,False,46.451625031633434,0.0,True,0
13,ElasticNet,10.0,0.95,46.451625031633434,5.7932160584039964,-0.0037053455528689807,3,False,46.451625031633434,0.0,True,0
13,ElasticNet,100.0,0.95,46.451625031633434,5.7932160584039964,-0.0037053455528689807,3,False,46.451625031633434,0.0,True,0
13,ElasticNet,1000.0,0.95,46.451625031633434,5.7932160584039964,-0.0037053455528689807,3,False,46.451625031633434,0.0,True,0
13,ElasticNet,10000.0,0.95,46.451625031633434,5.7932160584039964,-0.0037053455528689807,3,False,46.451625031633434,0.0,True,0
13,ElasticNet,100000.0,0.95,46.451625031633434,5.7932160584039964,-0.0037053455528689807,3,False,46.451625031633434,0.0,True,0
13,ElasticNet,1000000.0,0.95,46.451625031633434,5.7932160584039964,-0.0037053455528689807,3,False,46.451625031633434,0.0,True,0
14,LASSO,10.0,1.0,46.451625031633434,5.7932160584039964,-0.0037053455528689807,3,False,46.451625031633434,0.0,True,0
14,LASSO,100.0,1.0,46.451625031633434,5.7932160584039964,-0.0037053455528689807,3,False,46.451625031633434,0.0,True,0
14,LASSO,1000.0,1.0,46.451625031633434,5.7932160584039964,-0.0037053455528689807,3,False,46.451625031633434,0.0,True,0
14,LASSO,10000.0,1.0,46.451625031633434,5.7932160584039964,-0.0037053455528689807,3,False,46.451625031633434,0.0,True,0
14,LASSO,100000.0,1.0,46.451625031633434,5.7932160584039964,-0.0037053455528689807,3,False,46.451625031633434,0.0,True,0
14,LASSO,1000000.0,1.0,46.451625031633434,5.7932160584039964,-0.0037053455528689807,3,False,46.451625031633434,0.0,True,0
14,ElasticNet,100.0,0.1,46.451625031633434,5.7932160584039964,-0.0037053455528689807,3,False,46.451625031633434,0.0,True,0
14,ElasticNet,1000.0,0.1,46.451625031633434,5.7932160584039964,-0.0037053455528689807,3,False,46.451625031633434,0.0,True,0
14,ElasticNet,10000.0,0.1,46.451625031633434,5.7932160584039964,-0.0037053455528689807,3,False,46.451625031633434,0.0,True,0
14,ElasticNet,100000.0,0.1,46.451625031633434,5.7932160584039964,-0.0037053455528689807,3,False,46.451625031633434,0.0,True,0
14,ElasticNet,1000000.0,0.1,46.451625031633434,5.7932160584039964,-0.0037053455528689807,3,False,46.451625031633434,0.0,True,0
14,ElasticNet,100.0,0.3,46.451625031633434,5.7932160584039964,-0.0037053455528689807,3,False,46.451625031633434,0.0,True,0
14,ElasticNet,1000.0,0.3,46.451625031633434,5.7932160584039964,-0.0037053455528689807,3,False,46.451625031633434,0.0,True,0
14,ElasticNet,10000.0,0.3,46.451625031633434,5.7932160584039964,-0.0037053455528689807,3,False,46.451625031633434,0.0,True,0
14,ElasticNet,100000.0,0.3,46.451625031633434,5.7932160584039964,-0.0037053455528689807,3,False,46.451625031633434,0.0,True,0
14,ElasticNet,1000000.0,0.3,46.451625031633434,5.7932160584039964,-0.0037053455528689807,3,False,46.451625031633434,0.0,True,0
14,ElasticNet,10.0,0.5,46.451625031633434,5.7932160584039964,-0.0037053455528689807,3,False,46.451625031633434,0.0,True,0
14,ElasticNet,100.0,0.5,46.451625031633434,5.7932160584039964,-0.0037053455528689807,3,False,46.451625031633434,0.0,True,0
14,ElasticNet,1000.0,0.5,46.451625031633434,5.7932160584039964,-0.0037053455528689807,3,False,46.451625031633434,0.0,True,0
14,ElasticNet,10000.0,0.5,46.451625031633434,5.7932160584039964,-0.0037053455528689807,3,False,46.451625031633434,0.0,True,0
14,ElasticNet,100000.0,0.5,46.451625031633434,5.7932160584039964,-0.0037053455528689807,3,False,46.451625031633434,0.0,True,0
14,ElasticNet,1000000.0,0.5,46.451625031633434,5.7932160584039964,-0.0037053455528689807,3,False,46.451625031633434,0.0,True,0
14,ElasticNet,10.0,0.7,46.451625031633434,5.7932160584039964,-0.0037053455528689807,3,False,46.451625031633434,0.0,True,0
14,ElasticNet,100.0,0.7,46.451625031633434,5.7932160584039964,-0.0037053455528689807,3,False,46.451625031633434,0.0,True,0
14,ElasticNet,1000.0,0.7,46.451625031633434,5.7932160584039964,-0.0037053455528689807,3,False,46.451625031633434,0.0,True,0
14,ElasticNet,10000.0,0.7,46.451625031633434,5.7932160584039964,-0.0037053455528689807,3,False,46.451625031633434,0.0,True,0
14,ElasticNet,100000.0,0.7,46.451625031633434,5.7932160584039964,-0.0037053455528689807,3,False,46.451625031633434,0.0,True,0
14,ElasticNet,1000000.0,0.7,46.451625031633434,5.7932160584039964,-0.0037053455528689807,3,False,46.451625031633434,0.0,True,0
14,ElasticNet,10.0,0.9,46.451625031633434,5.7932160584039964,-0.0037053455528689807,3,False,46.451625031633434,0.0,True,0
14,ElasticNet,100.0,0.9,46.451625031633434,5.7932160584039964,-0.0037053455528689807,3,False,46.451625031633434,0.0,True,0
14,ElasticNet,1000.0,0.9,46.451625031633434,5.7932160584039964,-0.0037053455528689807,3,False,46.451625031633434,0.0,True,0
14,ElasticNet,10000.0,0.9,46.451625031633434,5.7932160584039964,-0.0037053455528689807,3,False,46.451625031633434,0.0,True,0
14,ElasticNet,100000.0,0.9,46.451625031633434,5.7932160584039964,-0.0037053455528689807,3,False,46.451625031633434,0.0,True,0
14,ElasticNet,1000000.0,0.9,46.451625031633434,5.7932160584039964,-0.0037053455528689807,3,False,46.451625031633434,0.0,True,0
14,ElasticNet,10.0,0.95,46.451625031633434,5.7932160584039964,-0.0037053455528689807,3,False,46.451625031633434,0.0,True,0
14,ElasticNet,100.0,0.95,46.451625031633434,5.7932160584039964,-0.0037053455528689807,3,False,46.451625031633434,0.0,True,0
14,ElasticNet,1000.0,0.95,46.451625031633434,5.7932160584039964,-0.0037053455528689807,3,False,46.451625031633434,0.0,True,0
14,ElasticNet,10000.0,0.95,46.451625031633434,5.7932160584039964,-0.0037053455528689807,3,False,46.451625031633434,0.0,True,0
14,ElasticNet,100000.0,0.95,46.451625031633434,5.7932160584039964,-0.0037053455528689807,3,False,46.451625031633434,0.0,True,0
14,ElasticNet,1000000.0,0.95,46.451625031633434,5.7932160584039964,-0.0037053455528689807,3,False,46.451625031633434,0.0,True,0
15,LASSO,10.0,1.0,46.451625031633434,5.7932160584039964,-0.0037053455528689807,3,False,46.451625031633434,0.0,True,0
15,LASSO,100.0,1.0,46.451625031633434,5.7932160584039964,-0.0037053455528689807,3,False,46.451625031633434,0.0,True,0
15,LASSO,1000.0,1.0,46.451625031633434,5.7932160584039964,-0.0037053455528689807,3,False,46.451625031633434,0.0,True,0
15,LASSO,10000.0,1.0,46.451625031633434,5.7932160584039964,-0.0037053455528689807,3,False,46.451625031633434,0.0,True,0
15,LASSO,100000.0,1.0,46.451625031633434,5.7932160584039964,-0.0037053455528689807,3,False,46.451625031633434,0.0,True,0
15,LASSO,1000000.0,1.0,46.451625031633434,5.7932160584039964,-0.0037053455528689807,3,False,46.451625031633434,0.0,True,0
15,ElasticNet,100.0,0.1,46.451625031633434,5.7932160584039964,-0.0037053455528689807,3,False,46.451625031633434,0.0,True,0
15,ElasticNet,1000.0,0.1,46.451625031633434,5.7932160584039964,-0.0037053455528689807,3,False,46.451625031633434,0.0,True,0
15,ElasticNet,10000.0,0.1,46.451625031633434,5.7932160584039964,-0.0037053455528689807,3,False,46.451625031633434,0.0,True,0
15,ElasticNet,100000.0,0.1,46.451625031633434,5.7932160584039964,-0.0037053455528689807,3,False,46.451625031633434,0.0,True,0
15,ElasticNet,1000000.0,0.1,46.451625031633434,5.7932160584039964,-0.0037053455528689807,3,False,46.451625031633434,0.0,True,0
15,ElasticNet,100.0,0.3,46.451625031633434,5.7932160584039964,-0.0037053455528689807,3,False,46.451625031633434,0.0,True,0
15,ElasticNet,1000.0,0.3,46.451625031633434,5.7932160584039964,-0.0037053455528689807,3,False,46.451625031633434,0.0,True,0
15,ElasticNet,10000.0,0.3,46.451625031633434,5.7932160584039964,-0.0037053455528689807,3,False,46.451625031633434,0.0,True,0
15,ElasticNet,100000.0,0.3,46.451625031633434,5.7932160584039964,-0.0037053455528689807,3,False,46.451625031633434,0.0,True,0
15,ElasticNet,1000000.0,0.3,46.451625031633434,5.7932160584039964,-0.0037053455528689807,3,False,46.451625031633434,0.0,True,0
15,ElasticNet,10.0,0.5,46.451625031633434,5.7932160584039964,-0.0037053455528689807,3,False,46.451625031633434,0.0,True,0
15,ElasticNet,100.0,0.5,46.451625031633434,5.7932160584039964,-0.0037053455528689807,3,False,46.451625031633434,0.0,True,0
15,ElasticNet,1000.0,0.5,46.451625031633434,5.7932160584039964,-0.0037053455528689807,3,False,46.451625031633434,0.0,True,0
15,ElasticNet,10000.0,0.5,46.451625031633434,5.7932160584039964,-0.0037053455528689807,3,False,46.451625031633434,0.0,True,0
15,ElasticNet,100000.0,0.5,46.451625031633434,5.7932160584039964,-0.0037053455528689807,3,False,46.451625031633434,0.0,True,0
15,ElasticNet,1000000.0,0.5,46.451625031633434,5.7932160584039964,-0.0037053455528689807,3,False,46.451625031633434,0.0,True,0
15,ElasticNet,10.0,0.7,46.451625031633434,5.7932160584039964,-0.0037053455528689807,3,False,46.451625031633434,0.0,True,0
15,ElasticNet,100.0,0.7,46.451625031633434,5.7932160584039964,-0.0037053455528689807,3,False,46.451625031633434,0.0,True,0
15,ElasticNet,1000.0,0.7,46.451625031633434,5.7932160584039964,-0.0037053455528689807,3,False,46.451625031633434,0.0,True,0
15,ElasticNet,10000.0,0.7,46.451625031633434,5.7932160584039964,-0.0037053455528689807,3,False,46.451625031633434,0.0,True,0
15,ElasticNet,100000.0,0.7,46.451625031633434,5.7932160584039964,-0.0037053455528689807,3,False,46.451625031633434,0.0,True,0
15,ElasticNet,1000000.0,0.7,46.451625031633434,5.7932160584039964,-0.0037053455528689807,3,False,46.451625031633434,0.0,True,0
15,ElasticNet,10.0,0.9,46.451625031633434,5.7932160584039964,-0.0037053455528689807,3,False,46.451625031633434,0.0,True,0
15,ElasticNet,100.0,0.9,46.451625031633434,5.7932160584039964,-0.0037053455528689807,3,False,46.451625031633434,0.0,True,0
15,ElasticNet,1000.0,0.9,46.451625031633434,5.7932160584039964,-0.0037053455528689807,3,False,46.451625031633434,0.0,True,0
15,ElasticNet,10000.0,0.9,46.451625031633434,5.7932160584039964,-0.0037053455528689807,3,False,46.451625031633434,0.0,True,0
15,ElasticNet,100000.0,0.9,46.451625031633434,5.7932160584039964,-0.0037053455528689807,3,False,46.451625031633434,0.0,True,0
15,ElasticNet,1000000.0,0.9,46.451625031633434,5.7932160584039964,-0.0037053455528689807,3,False,46.451625031633434,0.0,True,0
15,ElasticNet,10.0,0.95,46.451625031633434,5.7932160584039964,-0.0037053455528689807,3,False,46.451625031633434,0.0,True,0
15,ElasticNet,100.0,0.95,46.451625031633434,5.7932160584039964,-0.0037053455528689807,3,False,46.451625031633434,0.0,True,0
15,ElasticNet,1000.0,0.95,46.451625031633434,5.7932160584039964,-0.0037053455528689807,3,False,46.451625031633434,0.0,True,0
15,ElasticNet,10000.0,0.95,46.451625031633434,5.7932160584039964,-0.0037053455528689807,3,False,46.451625031633434,0.0,True,0
15,ElasticNet,100000.0,0.95,46.451625031633434,5.7932160584039964,-0.0037053455528689807,3,False,46.451625031633434,0.0,True,0
15,ElasticNet,1000000.0,0.95,46.451625031633434,5.7932160584039964,-0.0037053455528689807,3,False,46.451625031633434,0.0,True,0
16,LASSO,10.0,1.0,46.451625031633434,5.7932160584039964,-0.0037053455528689807,3,False,46.451625031633434,0.0,True,0
16,LASSO,100.0,1.0,46.451625031633434,5.7932160584039964,-0.0037053455528689807,3,False,46.451625031633434,0.0,True,0
16,LASSO,1000.0,1.0,46.451625031633434,5.7932160584039964,-0.0037053455528689807,3,False,46.451625031633434,0.0,True,0
16,LASSO,10000.0,1.0,46.451625031633434,5.7932160584039964,-0.0037053455528689807,3,False,46.451625031633434,0.0,True,0
16,LASSO,100000.0,1.0,46.451625031633434,5.7932160584039964,-0.0037053455528689807,3,False,46.451625031633434,0.0,True,0
16,LASSO,1000000.0,1.0,46.451625031633434,5.7932160584039964,-0.0037053455528689807,3,False,46.451625031633434,0.0,True,0
16,ElasticNet,100.0,0.1,46.451625031633434,5.7932160584039964,-0.0037053455528689807,3,False,46.451625031633434,0.0,True,0
16,ElasticNet,1000.0,0.1,46.451625031633434,5.7932160584039964,-0.0037053455528689807,3,False,46.451625031633434,0.0,True,0
16,ElasticNet,10000.0,0.1,46.451625031633434,5.7932160584039964,-0.0037053455528689807,3,False,46.451625031633434,0.0,True,0
16,ElasticNet,100000.0,0.1,46.451625031633434,5.7932160584039964,-0.0037053455528689807,3,False,46.451625031633434,0.0,True,0
16,ElasticNet,1000000.0,0.1,46.451625031633434,5.7932160584039964,-0.0037053455528689807,3,False,46.451625031633434,0.0,True,0
16,ElasticNet,100.0,0.3,46.451625031633434,5.7932160584039964,-0.0037053455528689807,3,False,46.451625031633434,0.0,True,0
16,ElasticNet,1000.0,0.3,46.451625031633434,5.7932160584039964,-0.0037053455528689807,3,False,46.451625031633434,0.0,True,0
16,ElasticNet,10000.0,0.3,46.451625031633434,5.7932160584039964,-0.0037053455528689807,3,False,46.451625031633434,0.0,True,0
16,ElasticNet,100000.0,0.3,46.451625031633434,5.7932160584039964,-0.0037053455528689807,3,False,46.451625031633434,0.0,True,0
16,ElasticNet,1000000.0,0.3,46.451625031633434,5.7932160584039964,-0.0037053455528689807,3,False,46.451625031633434,0.0,True,0
16,ElasticNet,10.0,0.5,46.451625031633434,5.7932160584039964,-0.0037053455528689807,3,False,46.451625031633434,0.0,True,0
16,ElasticNet,100.0,0.5,46.451625031633434,5.7932160584039964,-0.0037053455528689807,3,False,46.451625031633434,0.0,True,0
16,ElasticNet,1000.0,0.5,46.451625031633434,5.7932160584039964,-0.0037053455528689807,3,False,46.451625031633434,0.0,True,0
16,ElasticNet,10000.0,0.5,46.451625031633434,5.7932160584039964,-0.0037053455528689807,3,False,46.451625031633434,0.0,True,0
16,ElasticNet,100000.0,0.5,46.451625031633434,5.7932160584039964,-0.0037053455528689807,3,False,46.451625031633434,0.0,True,0
16,ElasticNet,1000000.0,0.5,46.451625031633434,5.7932160584039964,-0.0037053455528689807,3,False,46.451625031633434,0.0,True,0
16,ElasticNet,10.0,0.7,46.451625031633434,5.7932160584039964,-0.0037053455528689807,3,False,46.451625031633434,0.0,True,0
16,ElasticNet,100.0,0.7,46.451625031633434,5.7932160584039964,-0.0037053455528689807,3,False,46.451625031633434,0.0,True,0
16,ElasticNet,1000.0,0.7,46.451625031633434,5.7932160584039964,-0.0037053455528689807,3,False,46.451625031633434,0.0,True,0
16,ElasticNet,10000.0,0.7,46.451625031633434,5.7932160584039964,-0.0037053455528689807,3,False,46.451625031633434,0.0,True,0
16,ElasticNet,100000.0,0.7,46.451625031633434,5.7932160584039964,-0.0037053455528689807,3,False,46.451625031633434,0.0,True,0
16,ElasticNet,1000000.0,0.7,46.451625031633434,5.7932160584039964,-0.0037053455528689807,3,False,46.451625031633434,0.0,True,0
16,ElasticNet,10.0,0.9,46.451625031633434,5.7932160584039964,-0.0037053455528689807,3,False,46.451625031633434,0.0,True,0
16,ElasticNet,100.0,0.9,46.451625031633434,5.7932160584039964,-0.0037053455528689807,3,False,46.451625031633434,0.0,True,0
16,ElasticNet,1000.0,0.9,46.451625031633434,5.7932160584039964,-0.0037053455528689807,3,False,46.451625031633434,0.0,True,0
16,ElasticNet,10000.0,0.9,46.451625031633434,5.7932160584039964,-0.0037053455528689807,3,False,46.451625031633434,0.0,True,0
16,ElasticNet,100000.0,0.9,46.451625031633434,5.7932160584039964,-0.0037053455528689807,3,False,46.451625031633434,0.0,True,0
16,ElasticNet,1000000.0,0.9,46.451625031633434,5.7932160584039964,-0.0037053455528689807,3,False,46.451625031633434,0.0,True,0
16,ElasticNet,10.0,0.95,46.451625031633434,5.7932160584039964,-0.0037053455528689807,3,False,46.451625031633434,0.0,True,0
16,ElasticNet,100.0,0.95,46.451625031633434,5.7932160584039964,-0.0037053455528689807,3,False,46.451625031633434,0.0,True,0
16,ElasticNet,1000.0,0.95,46.451625031633434,5.7932160584039964,-0.0037053455528689807,3,False,46.451625031633434,0.0,True,0
16,ElasticNet,10000.0,0.95,46.451625031633434,5.7932160584039964,-0.0037053455528689807,3,False,46.451625031633434,0.0,True,0
16,ElasticNet,100000.0,0.95,46.451625031633434,5.7932160584039964,-0.0037053455528689807,3,False,46.451625031633434,0.0,True,0
16,ElasticNet,1000000.0,0.95,46.451625031633434,5.7932160584039964,-0.0037053455528689807,3,False,46.451625031633434,0.0,True,0
17,LASSO,10.0,1.0,46.451625031633434,5.7932160584039964,-0.0037053455528689807,3,False,46.451625031633434,0.0,True,0
17,LASSO,100.0,1.0,46.451625031633434,5.7932160584039964,-0.0037053455528689807,3,False,46.451625031633434,0.0,True,0
17,LASSO,1000.0,1.0,46.451625031633434,5.7932160584039964,-0.0037053455528689807,3,False,46.451625031633434,0.0,True,0
17,LASSO,10000.0,1.0,46.451625031633434,5.7932160584039964,-0.0037053455528689807,3,False,46.451625031633434,0.0,True,0
17,LASSO,100000.0,1.0,46.451625031633434,5.7932160584039964,-0.0037053455528689807,3,False,46.451625031633434,0.0,True,0
17,LASSO,1000000.0,1.0,46.451625031633434,5.7932160584039964,-0.0037053455528689807,3,False,46.451625031633434,0.0,True,0
17,ElasticNet,100.0,0.1,46.451625031633434,5.7932160584039964,-0.0037053455528689807,3,False,46.451625031633434,0.0,True,0
17,ElasticNet,1000.0,0.1,46.451625031633434,5.7932160584039964,-0.0037053455528689807,3,False,46.451625031633434,0.0,True,0
17,ElasticNet,10000.0,0.1,46.451625031633434,5.7932160584039964,-0.0037053455528689807,3,False,46.451625031633434,0.0,True,0
17,ElasticNet,100000.0,0.1,46.451625031633434,5.7932160584039964,-0.0037053455528689807,3,False,46.451625031633434,0.0,True,0
17,ElasticNet,1000000.0,0.1,46.451625031633434,5.7932160584039964,-0.0037053455528689807,3,False,46.451625031633434,0.0,True,0
17,ElasticNet,100.0,0.3,46.451625031633434,5.7932160584039964,-0.0037053455528689807,3,False,46.451625031633434,0.0,True,0
17,ElasticNet,1000.0,0.3,46.451625031633434,5.7932160584039964,-0.0037053455528689807,3,False,46.451625031633434,0.0,True,0
17,ElasticNet,10000.0,0.3,46.451625031633434,5.7932160584039964,-0.0037053455528689807,3,False,46.451625031633434,0.0,True,0
17,ElasticNet,100000.0,0.3,46.451625031633434,5.7932160584039964,-0.0037053455528689807,3,False,46.451625031633434,0.0,True,0
17,ElasticNet,1000000.0,0.3,46.451625031633434,5.7932160584039964,-0.0037053455528689807,3,False,46.451625031633434,0.0,True,0
17,ElasticNet,10.0,0.5,46.451625031633434,5.7932160584039964,-0.0037053455528689807,3,False,46.451625031633434,0.0,True,0
17,ElasticNet,100.0,0.5,46.451625031633434,5.7932160584039964,-0.0037053455528689807,3,False,46.451625031633434,0.0,True,0
17,ElasticNet,1000.0,0.5,46.451625031633434,5.7932160584039964,-0.0037053455528689807,3,False,46.451625031633434,0.0,True,0
17,ElasticNet,10000.0,0.5,46.451625031633434,5.7932160584039964,-0.0037053455528689807,3,False,46.451625031633434,0.0,True,0
17,ElasticNet,100000.0,0.5,46.451625031633434,5.7932160584039964,-0.0037053455528689807,3,False,46.451625031633434,0.0,True,0
17,ElasticNet,1000000.0,0.5,46.451625031633434,5.7932160584039964,-0.0037053455528689807,3,False,46.451625031633434,0.0,True,0
17,ElasticNet,10.0,0.7,46.451625031633434,5.7932160584039964,-0.0037053455528689807,3,False,46.451625031633434,0.0,True,0
17,ElasticNet,100.0,0.7,46.451625031633434,5.7932160584039964,-0.0037053455528689807,3,False,46.451625031633434,0.0,True,0
17,ElasticNet,1000.0,0.7,46.451625031633434,5.7932160584039964,-0.0037053455528689807,3,False,46.451625031633434,0.0,True,0
17,ElasticNet,10000.0,0.7,46.451625031633434,5.7932160584039964,-0.0037053455528689807,3,False,46.451625031633434,0.0,True,0
17,ElasticNet,100000.0,0.7,46.451625031633434,5.7932160584039964,-0.0037053455528689807,3,False,46.451625031633434,0.0,True,0
17,ElasticNet,1000000.0,0.7,46.451625031633434,5.7932160584039964,-0.0037053455528689807,3,False,46.451625031633434,0.0,True,0
17,ElasticNet,10.0,0.9,46.451625031633434,5.7932160584039964,-0.0037053455528689807,3,False,46.451625031633434,0.0,True,0
17,ElasticNet,100.0,0.9,46.451625031633434,5.7932160584039964,-0.0037053455528689807,3,False,46.451625031633434,0.0,True,0
17,ElasticNet,1000.0,0.9,46.451625031633434,5.7932160584039964,-0.0037053455528689807,3,False,46.451625031633434,0.0,True,0
17,ElasticNet,10000.0,0.9,46.451625031633434,5.7932160584039964,-0.0037053455528689807,3,False,46.451625031633434,0.0,True,0
17,ElasticNet,100000.0,0.9,46.451625031633434,5.7932160584039964,-0.0037053455528689807,3,False,46.451625031633434,0.0,True,0
17,ElasticNet,1000000.0,0.9,46.451625031633434,5.7932160584039964,-0.0037053455528689807,3,False,46.451625031633434,0.0,True,0
17,ElasticNet,10.0,0.95,46.451625031633434,5.7932160584039964,-0.0037053455528689807,3,False,46.451625031633434,0.0,True,0
17,ElasticNet,100.0,0.95,46.451625031633434,5.7932160584039964,-0.0037053455528689807,3,False,46.451625031633434,0.0,True,0
17,ElasticNet,1000.0,0.95,46.451625031633434,5.7932160584039964,-0.0037053455528689807,3,False,46.451625031633434,0.0,True,0
17,ElasticNet,10000.0,0.95,46.451625031633434,5.7932160584039964,-0.0037053455528689807,3,False,46.451625031633434,0.0,True,0
17,ElasticNet,100000.0,0.95,46.451625031633434,5.7932160584039964,-0.0037053455528689807,3,False,46.451625031633434,0.0,True,0
17,ElasticNet,1000000.0,0.95,46.451625031633434,5.7932160584039964,-0.0037053455528689807,3,False,46.451625031633434,0.0,True,0
18,LASSO,10.0,1.0,46.451625031633434,5.7932160584039964,-0.0037053455528689807,3,False,46.451625031633434,0.0,True,0
18,LASSO,100.0,1.0,46.451625031633434,5.7932160584039964,-0.0037053455528689807,3,False,46.451625031633434,0.0,True,0
18,LASSO,1000.0,1.0,46.451625031633434,5.7932160584039964,-0.0037053455528689807,3,False,46.451625031633434,0.0,True,0
18,LASSO,10000.0,1.0,46.451625031633434,5.7932160584039964,-0.0037053455528689807,3,False,46.451625031633434,0.0,True,0
18,LASSO,100000.0,1.0,46.451625031633434,5.7932160584039964,-0.0037053455528689807,3,False,46.451625031633434,0.0,True,0
18,LASSO,1000000.0,1.0,46.451625031633434,5.7932160584039964,-0.0037053455528689807,3,False,46.451625031633434,0.0,True,0
18,ElasticNet,100.0,0.1,46.451625031633434,5.7932160584039964,-0.0037053455528689807,3,False,46.451625031633434,0.0,True,0
18,ElasticNet,1000.0,0.1,46.451625031633434,5.7932160584039964,-0.0037053455528689807,3,False,46.451625031633434,0.0,True,0
18,ElasticNet,10000.0,0.1,46.451625031633434,5.7932160584039964,-0.0037053455528689807,3,False,46.451625031633434,0.0,True,0
18,ElasticNet,100000.0,0.1,46.451625031633434,5.7932160584039964,-0.0037053455528689807,3,False,46.451625031633434,0.0,True,0
18,ElasticNet,1000000.0,0.1,46.451625031633434,5.7932160584039964,-0.0037053455528689807,3,False,46.451625031633434,0.0,True,0
18,ElasticNet,100.0,0.3,46.451625031633434,5.7932160584039964,-0.0037053455528689807,3,False,46.451625031633434,0.0,True,0
18,ElasticNet,1000.0,0.3,46.451625031633434,5.7932160584039964,-0.0037053455528689807,3,False,46.451625031633434,0.0,True,0
18,ElasticNet,10000.0,0.3,46.451625031633434,5.7932160584039964,-0.0037053455528689807,3,False,46.451625031633434,0.0,True,0
18,ElasticNet,100000.0,0.3,46.451625031633434,5.7932160584039964,-0.0037053455528689807,3,False,46.451625031633434,0.0,True,0
18,ElasticNet,1000000.0,0.3,46.451625031633434,5.7932160584039964,-0.0037053455528689807,3,False,46.451625031633434,0.0,True,0
18,ElasticNet,10.0,0.5,46.451625031633434,5.7932160584039964,-0.0037053455528689807,3,False,46.451625031633434,0.0,True,0
18,ElasticNet,100.0,0.5,46.451625031633434,5.7932160584039964,-0.0037053455528689807,3,False,46.451625031633434,0.0,True,0
18,ElasticNet,1000.0,0.5,46.451625031633434,5.7932160584039964,-0.0037053455528689807,3,False,46.451625031633434,0.0,True,0
18,ElasticNet,10000.0,0.5,46.451625031633434,5.7932160584039964,-0.0037053455528689807,3,False,46.451625031633434,0.0,True,0
18,ElasticNet,100000.0,0.5,46.451625031633434,5.7932160584039964,-0.0037053455528689807,3,False,46.451625031633434,0.0,True,0
18,ElasticNet,1000000.0,0.5,46.451625031633434,5.7932160584039964,-0.0037053455528689807,3,False,46.451625031633434,0.0,True,0
18,ElasticNet,10.0,0.7,46.451625031633434,5.7932160584039964,-0.0037053455528689807,3,False,46.451625031633434,0.0,True,0
18,ElasticNet,100.0,0.7,46.451625031633434,5.7932160584039964,-0.0037053455528689807,3,False,46.451625031633434,0.0,True,0
18,ElasticNet,1000.0,0.7,46.451625031633434,5.7932160584039964,-0.0037053455528689807,3,False,46.451625031633434,0.0,True,0
18,ElasticNet,10000.0,0.7,46.451625031633434,5.7932160584039964,-0.0037053455528689807,3,False,46.451625031633434,0.0,True,0
18,ElasticNet,100000.0,0.7,46.451625031633434,5.7932160584039964,-0.0037053455528689807,3,False,46.451625031633434,0.0,True,0
18,ElasticNet,1000000.0,0.7,46.451625031633434,5.7932160584039964,-0.0037053455528689807,3,False,46.451625031633434,0.0,True,0
18,ElasticNet,10.0,0.9,46.451625031633434,5.7932160584039964,-0.0037053455528689807,3,False,46.451625031633434,0.0,True,0
18,ElasticNet,100.0,0.9,46.451625031633434,5.7932160584039964,-0.0037053455528689807,3,False,46.451625031633434,0.0,True,0
18,ElasticNet,1000.0,0.9,46.451625031633434,5.7932160584039964,-0.0037053455528689807,3,False,46.451625031633434,0.0,True,0
18,ElasticNet,10000.0,0.9,46.451625031633434,5.7932160584039964,-0.0037053455528689807,3,False,46.451625031633434,0.0,True,0
18,ElasticNet,100000.0,0.9,46.451625031633434,5.7932160584039964,-0.0037053455528689807,3,False,46.451625031633434,0.0,True,0
18,ElasticNet,1000000.0,0.9,46.451625031633434,5.7932160584039964,-0.0037053455528689807,3,False,46.451625031633434,0.0,True,0
18,ElasticNet,10.0,0.95,46.451625031633434,5.7932160584039964,-0.0037053455528689807,3,False,46.451625031633434,0.0,True,0
18,ElasticNet,100.0,0.95,46.451625031633434,5.7932160584039964,-0.0037053455528689807,3,False,46.451625031633434,0.0,True,0
18,ElasticNet,1000.0,0.95,46.451625031633434,5.7932160584039964,-0.0037053455528689807,3,False,46.451625031633434,0.0,True,0
18,ElasticNet,10000.0,0.95,46.451625031633434,5.7932160584039964,-0.0037053455528689807,3,False,46.451625031633434,0.0,True,0
18,ElasticNet,100000.0,0.95,46.451625031633434,5.7932160584039964,-0.0037053455528689807,3,False,46.451625031633434,0.0,True,0
18,ElasticNet,1000000.0,0.95,46.451625031633434,5.7932160584039964,-0.0037053455528689807,3,False,46.451625031633434,0.0,True,0
19,LASSO,10.0,1.0,46.451625031633434,5.7932160584039964,-0.0037053455528689807,3,False,46.451625031633434,0.0,True,0
19,LASSO,100.0,1.0,46.451625031633434,5.7932160584039964,-0.0037053455528689807,3,False,46.451625031633434,0.0,True,0
19,LASSO,1000.0,1.0,46.451625031633434,5.7932160584039964,-0.0037053455528689807,3,False,46.451625031633434,0.0,True,0
19,LASSO,10000.0,1.0,46.451625031633434,5.7932160584039964,-0.0037053455528689807,3,False,46.451625031633434,0.0,True,0
19,LASSO,100000.0,1.0,46.451625031633434,5.7932160584039964,-0.0037053455528689807,3,False,46.451625031633434,0.0,True,0
19,LASSO,1000000.0,1.0,46.451625031633434,5.7932160584039964,-0.0037053455528689807,3,False,46.451625031633434,0.0,True,0
19,ElasticNet,100.0,0.1,46.451625031633434,5.7932160584039964,-0.0037053455528689807,3,False,46.451625031633434,0.0,True,0
19,ElasticNet,1000.0,0.1,46.451625031633434,5.7932160584039964,-0.0037053455528689807,3,False,46.451625031633434,0.0,True,0
19,ElasticNet,10000.0,0.1,46.451625031633434,5.7932160584039964,-0.0037053455528689807,3,False,46.451625031633434,0.0,True,0
19,ElasticNet,100000.0,0.1,46.451625031633434,5.7932160584039964,-0.0037053455528689807,3,False,46.451625031633434,0.0,True,0
19,ElasticNet,1000000.0,0.1,46.451625031633434,5.7932160584039964,-0.0037053455528689807,3,False,46.451625031633434,0.0,True,0
19,ElasticNet,100.0,0.3,46.451625031633434,5.7932160584039964,-0.0037053455528689807,3,False,46.451625031633434,0.0,True,0
19,ElasticNet,1000.0,0.3,46.451625031633434,5.7932160584039964,-0.0037053455528689807,3,False,46.451625031633434,0.0,True,0
19,ElasticNet,10000.0,0.3,46.451625031633434,5.7932160584039964,-0.0037053455528689807,3,False,46.451625031633434,0.0,True,0
19,ElasticNet,100000.0,0.3,46.451625031633434,5.7932160584039964,-0.0037053455528689807,3,False,46.451625031633434,0.0,True,0
19,ElasticNet,1000000.0,0.3,46.451625031633434,5.7932160584039964,-0.0037053455528689807,3,False,46.451625031633434,0.0,True,0
19,ElasticNet,10.0,0.5,46.451625031633434,5.7932160584039964,-0.0037053455528689807,3,False,46.451625031633434,0.0,True,0
19,ElasticNet,100.0,0.5,46.451625031633434,5.7932160584039964,-0.0037053455528689807,3,False,46.451625031633434,0.0,True,0
19,ElasticNet,1000.0,0.5,46.451625031633434,5.7932160584039964,-0.0037053455528689807,3,False,46.451625031633434,0.0,True,0
19,ElasticNet,10000.0,0.5,46.451625031633434,5.7932160584039964,-0.0037053455528689807,3,False,46.451625031633434,0.0,True,0
19,ElasticNet,100000.0,0.5,46.451625031633434,5.7932160584039964,-0.0037053455528689807,3,False,46.451625031633434,0.0,True,0
19,ElasticNet,1000000.0,0.5,46.451625031633434,5.7932160584039964,-0.0037053455528689807,3,False,46.451625031633434,0.0,True,0
19,ElasticNet,10.0,0.7,46.451625031633434,5.7932160584039964,-0.0037053455528689807,3,False,46.451625031633434,0.0,True,0
19,ElasticNet,100.0,0.7,46.451625031633434,5.7932160584039964,-0.0037053455528689807,3,False,46.451625031633434,0.0,True,0
19,ElasticNet,1000.0,0.7,46.451625031633434,5.7932160584039964,-0.0037053455528689807,3,False,46.451625031633434,0.0,True,0
19,ElasticNet,10000.0,0.7,46.451625031633434,5.7932160584039964,-0.0037053455528689807,3,False,46.451625031633434,0.0,True,0
19,ElasticNet,100000.0,0.7,46.451625031633434,5.7932160584039964,-0.0037053455528689807,3,False,46.451625031633434,0.0,True,0
19,ElasticNet,1000000.0,0.7,46.451625031633434,5.7932160584039964,-0.0037053455528689807,3,False,46.451625031633434,0.0,True,0
19,ElasticNet,10.0,0.9,46.451625031633434,5.7932160584039964,-0.0037053455528689807,3,False,46.451625031633434,0.0,True,0
19,ElasticNet,100.0,0.9,46.451625031633434,5.7932160584039964,-0.0037053455528689807,3,False,46.451625031633434,0.0,True,0
19,ElasticNet,1000.0,0.9,46.451625031633434,5.7932160584039964,-0.0037053455528689807,3,False,46.451625031633434,0.0,True,0
19,ElasticNet,10000.0,0.9,46.451625031633434,5.7932160584039964,-0.0037053455528689807,3,False,46.451625031633434,0.0,True,0
19,ElasticNet,100000.0,0.9,46.451625031633434,5.7932160584039964,-0.0037053455528689807,3,False,46.451625031633434,0.0,True,0
19,ElasticNet,1000000.0,0.9,46.451625031633434,5.7932160584039964,-0.0037053455528689807,3,False,46.451625031633434,0.0,True,0
19,ElasticNet,10.0,0.95,46.451625031633434,5.7932160584039964,-0.0037053455528689807,3,False,46.451625031633434,0.0,True,0
19,ElasticNet,100.0,0.95,46.451625031633434,5.7932160584039964,-0.0037053455528689807,3,False,46.451625031633434,0.0,True,0
19,ElasticNet,1000.0,0.95,46.451625031633434,5.7932160584039964,-0.0037053455528689807,3,False,46.451625031633434,0.0,True,0
19,ElasticNet,10000.0,0.95,46.451625031633434,5.7932160584039964,-0.0037053455528689807,3,False,46.451625031633434,0.0,True,0
19,ElasticNet,100000.0,0.95,46.451625031633434,5.7932160584039964,-0.0037053455528689807,3,False,46.451625031633434,0.0,True,0
19,ElasticNet,1000000.0,0.95,46.451625031633434,5.7932160584039964,-0.0037053455528689807,3,False,46.451625031633434,0.0,True,0
20,LASSO,10.0,1.0,46.451625031633434,5.7932160584039964,-0.0037053455528689807,3,False,46.451625031633434,0.0,True,0
20,LASSO,100.0,1.0,46.451625031633434,5.7932160584039964,-0.0037053455528689807,3,False,46.451625031633434,0.0,True,0
20,LASSO,1000.0,1.0,46.451625031633434,5.7932160584039964,-0.0037053455528689807,3,False,46.451625031633434,0.0,True,0
20,LASSO,10000.0,1.0,46.451625031633434,5.7932160584039964,-0.0037053455528689807,3,False,46.451625031633434,0.0,True,0
20,LASSO,100000.0,1.0,46.451625031633434,5.7932160584039964,-0.0037053455528689807,3,False,46.451625031633434,0.0,True,0
20,LASSO,1000000.0,1.0,46.451625031633434,5.7932160584039964,-0.0037053455528689807,3,False,46.451625031633434,0.0,True,0
20,ElasticNet,100.0,0.1,46.451625031633434,5.7932160584039964,-0.0037053455528689807,3,False,46.451625031633434,0.0,True,0
20,ElasticNet,1000.0,0.1,46.451625031633434,5.7932160584039964,-0.0037053455528689807,3,False,46.451625031633434,0.0,True,0
20,ElasticNet,10000.0,0.1,46.451625031633434,5.7932160584039964,-0.0037053455528689807,3,False,46.451625031633434,0.0,True,0
20,ElasticNet,100000.0,0.1,46.451625031633434,5.7932160584039964,-0.0037053455528689807,3,False,46.451625031633434,0.0,True,0
20,ElasticNet,1000000.0,0.1,46.451625031633434,5.7932160584039964,-0.0037053455528689807,3,False,46.451625031633434,0.0,True,0
20,ElasticNet,100.0,0.3,46.451625031633434,5.7932160584039964,-0.0037053455528689807,3,False,46.451625031633434,0.0,True,0
20,ElasticNet,1000.0,0.3,46.451625031633434,5.7932160584039964,-0.0037053455528689807,3,False,46.451625031633434,0.0,True,0
20,ElasticNet,10000.0,0.3,46.451625031633434,5.7932160584039964,-0.0037053455528689807,3,False,46.451625031633434,0.0,True,0
20,ElasticNet,100000.0,0.3,46.451625031633434,5.7932160584039964,-0.0037053455528689807,3,False,46.451625031633434,0.0,True,0
20,ElasticNet,1000000.0,0.3,46.451625031633434,5.7932160584039964,-0.0037053455528689807,3,False,46.451625031633434,0.0,True,0
20,ElasticNet,10.0,0.5,46.451625031633434,5.7932160584039964,-0.0037053455528689807,3,False,46.451625031633434,0.0,True,0
20,ElasticNet,100.0,0.5,46.451625031633434,5.7932160584039964,-0.0037053455528689807,3,False,46.451625031633434,0.0,True,0
20,ElasticNet,1000.0,0.5,46.451625031633434,5.7932160584039964,-0.0037053455528689807,3,False,46.451625031633434,0.0,True,0
20,ElasticNet,10000.0,0.5,46.451625031633434,5.7932160584039964,-0.0037053455528689807,3,False,46.451625031633434,0.0,True,0
20,ElasticNet,100000.0,0.5,46.451625031633434,5.7932160584039964,-0.0037053455528689807,3,False,46.451625031633434,0.0,True,0
20,ElasticNet,1000000.0,0.5,46.451625031633434,5.7932160584039964,-0.0037053455528689807,3,False,46.451625031633434,0.0,True,0
20,ElasticNet,10.0,0.7,46.451625031633434,5.7932160584039964,-0.0037053455528689807,3,False,46.451625031633434,0.0,True,0
20,ElasticNet,100.0,0.7,46.451625031633434,5.7932160584039964,-0.0037053455528689807,3,False,46.451625031633434,0.0,True,0
20,ElasticNet,1000.0,0.7,46.451625031633434,5.7932160584039964,-0.0037053455528689807,3,False,46.451625031633434,0.0,True,0
20,ElasticNet,10000.0,0.7,46.451625031633434,5.7932160584039964,-0.0037053455528689807,3,False,46.451625031633434,0.0,True,0
20,ElasticNet,100000.0,0.7,46.451625031633434,5.7932160584039964,-0.0037053455528689807,3,False,46.451625031633434,0.0,True,0
20,ElasticNet,1000000.0,0.7,46.451625031633434,5.7932160584039964,-0.0037053455528689807,3,False,46.451625031633434,0.0,True,0
20,ElasticNet,10.0,0.9,46.451625031633434,5.7932160584039964,-0.0037053455528689807,3,False,46.451625031633434,0.0,True,0
20,ElasticNet,100.0,0.9,46.451625031633434,5.7932160584039964,-0.0037053455528689807,3,False,46.451625031633434,0.0,True,0
20,ElasticNet,1000.0,0.9,46.451625031633434,5.7932160584039964,-0.0037053455528689807,3,False,46.451625031633434,0.0,True,0
20,ElasticNet,10000.0,0.9,46.451625031633434,5.7932160584039964,-0.0037053455528689807,3,False,46.451625031633434,0.0,True,0
20,ElasticNet,100000.0,0.9,46.451625031633434,5.7932160584039964,-0.0037053455528689807,3,False,46.451625031633434,0.0,True,0
20,ElasticNet,1000000.0,0.9,46.451625031633434,5.7932160584039964,-0.0037053455528689807,3,False,46.451625031633434,0.0,True,0
20,ElasticNet,10.0,0.95,46.451625031633434,5.7932160584039964,-0.0037053455528689807,3,False,46.451625031633434,0.0,True,0
20,ElasticNet,100.0,0.95,46.451625031633434,5.7932160584039964,-0.0037053455528689807,3,False,46.451625031633434,0.0,True,0
20,ElasticNet,1000.0,0.95,46.451625031633434,5.7932160584039964,-0.0037053455528689807,3,False,46.451625031633434,0.0,True,0
20,ElasticNet,10000.0,0.95,46.451625031633434,5.7932160584039964,-0.0037053455528689807,3,False,46.451625031633434,0.0,True,0
20,ElasticNet,100000.0,0.95,46.451625031633434,5.7932160584039964,-0.0037053455528689807,3,False,46.451625031633434,0.0,True,0
20,ElasticNet,1000000.0,0.95,46.451625031633434,5.7932160584039964,-0.0037053455528689807,3,False,46.451625031633434,0.0,True,0
10,LASSO,0.001,1.0,0.28567229894139046,0.04897708850540197,0.9938257686869946,3,False,0.28567229894139046,7.605309779960562e-05,False,0
10,ElasticNet,0.001,0.95,0.28681838473555343,0.05116758925748988,0.9938047534302511,3,False,0.2868183847355534,6.405421085294016e-05,False,0
9,LASSO,0.001,1.0,0.3003568508567505,0.03890806982996269,0.9934914172463736,3,False,0.3003568508567505,7.05649490038711e-05,False,0
11,LASSO,0.001,1.0,0.3005487329509544,0.0737032516783367,0.9935335871077706,3,False,0.3005487329509544,0.00014677066093984718,False,0
11,ElasticNet,0.001,0.95,0.3016758679484122,0.07557577358606432,0.9935125970483992,3,False,0.3016758679484122,0.00012528024589165217,False,0
8,ElasticNet,0.0001,0.95,0.3175010114442333,0.06489205925233614,0.9931683907004278,3,False,0.3175010114442333,5.326750345121974e-05,False,0
12,ElasticNet,0.01,0.1,0.3214709268118636,0.07213914724862742,0.9930414194116706,3,False,0.3214709268118636,0.00038869392636200106,False,0
9,ElasticNet,0.0001,0.1,0.3214775322295011,0.07866533579222358,0.9930877144874509,3,False,0.3214775322295011,5.714928708667247e-05,False,0
8,LASSO,0.0001,1.0,0.32290282906926543,0.06446838883231146,0.9930491985110704,3,False,0.32290282906926543,0.0001259156019668021,False,0
9,ElasticNet,0.0001,0.7,0.3285002268336807,0.08871252955408426,0.9929498239732721,3,False,0.3285002268336807,0.00010462447750073469,False,0
16,ElasticNet,0.01,0.3,0.33702657234148264,0.06128189463447595,0.9926744924888166,3,False,0.33702657234148264,0.00128111876157193,False,0
12,LASSO,0.001,1.0,0.3377962689930865,0.1311352716049701,0.9927973716662203,3,False,0.3377962689930865,0.00016772814428669437,False,0
9,LASSO,0.0001,1.0,0.33921173667943744,0.10460963096446597,0.9927392232257274,3,False,0.33921173667943744,5.803717931934388e-05,False,0
20,ElasticNet,0.01,0.3,0.3409554412648375,0.05413189873399679,0.9925845534448148,3,False,0.3409554412648375,6.045365423380973e-05,False,0
13,ElasticNet,0.001,0.95,0.3413478091987782,0.13386262548861166,0.9927181919902169,3,False,0.3413478091987782,0.0002468896110137588,False,0
13,LASSO,0.001,1.0,0.3414085725355755,0.13659199569422223,0.9927224416791004,3,False,0.3414085725355755,0.0002532737960260289,False,0
15,ElasticNet,0.01,0.1,0.34334060704279695,0.09666652796460835,0.9925980023680255,3,False,0.34334060704279695,0.0010059222054909609,False,0
16,ElasticNet,0.01,0.1,0.3501790793163235,0.10390970661476626,0.9924610417959281,3,False,0.3501790793163235,6.845909541680715e-05,False,0
20,ElasticNet,0.001,0.95,0.35025076780289033,0.11138574852258495,0.9924940979086806,3,False,0.35025076780289033,0.00211597862025075,False,0
14,ElasticNet,0.001,0.95,0.35353365852266466,0.1524654020514708,0.9924804467617189,3,False,0.35353365852266466,0.0004391890573896376,False,0
17,ElasticNet,0.01,0.5,0.35364966689711225,0.05597920984732937,0.9922945661258805,3,False,0.35364966689711225,5.229457609238434e-05,False,0
19,LASSO,0.001,1.0,0.35470723984913716,0.13045421012410005,0.9924282465628269,3,False,0.35470723984913716,0.00010254650861500961,False,0
19,ElasticNet,0.001,0.95,0.3564392453095509,0.12953556552097234,0.9923909386556931,3,False,0.3564392453095509,6.169391277236467e-05,False,0
20,ElasticNet,0.01,0.5,0.35755484640981017,0.05534705564417141,0.9922145682262036,3,False,0.35755484640981017,0.00010112723465362586,False,0
10,ElasticNet,0.0001,0.3,0.35758422720911764,0.13459329615374158,0.9923732906444842,3,False,0.35758422720911764,8.879261246952831e-05,False,0
15,LASSO,0.001,1.0,0.3579473510284195,0.15709937119348727,0.9923919244062033,3,False,0.3579473510284196,0.0015126429372456368,False,0
14,LASSO,0.001,1.0,0.3592920629763153,0.1602622776079757,0.9923644463101639,3,False,0.3592920629763153,0.0016908749304039314,False,0
18,ElasticNet,0.001,0.9,0.36081793522703015,0.14312969092680952,0.9923158979943802,3,False,0.36081793522703015,5.058322916670697e-05,False,0
19,ElasticNet,0.001,0.9,0.3612006555917451,0.13878008160306765,0.9923001977622391,3,False,0.3612006555917451,6.926980073411362e-05,False,0
16,LASSO,0.001,1.0,0.36432847357817094,0.16194424083345627,0.9922628412562776,3,False,0.36432847357817094,7.196574244037893e-05,False,0
18,ElasticNet,0.001,0.95,0.36475688237753867,0.15227812196369486,0.9922402156499693,3,False,0.3647568823775387,7.437153267641486e-05,False,0
18,LASSO,0.001,1.0,0.36502919658407795,0.15196148954737465,0.9922359102895193,3,False,0.36502919658407795,0.0001156477702169001,False,0
19,ElasticNet,0.001,0.7,0.36521883429229124,0.14132772589251616,0.9922212017497284,3,False,0.36521883429229124,5.589804033232458e-05,False,0
10,ElasticNet,0.0001,0.95,0.36619580505487237,0.14212200516350704,0.9922004249919095,3,False,0.36619580505487237,6.120781665420067e-05,False,0
18,ElasticNet,0.01,0.1,0.3665058132925196,0.12759494216723313,0.9921427027768138,3,False,0.3665058132925196,0.0017896811792467266,False,0
10,LASSO,0.0001,1.0,0.36653435727969064,0.14148942098282413,0.9921941403381487,3,False,0.36653435727969064,7.119037061487734e-05,False,0
17,ElasticNet,0.01,0.1,0.366826357984825,0.12600847307215127,0.9921265155158004,3,False,0.366826357984825,6.316169912487968e-05,False,0
16,ElasticNet,0.001,0.95,0.3681334032266834,0.1668732192024074,0.9921863576586126,3,False,0.3681334032266834,6.303023002871553e-05,False,0
19,ElasticNet,0.01,0.1,0.36993778923576204,0.12975876880765508,0.9920714341552563,3,False,0.36993778923576204,0.00158222287222572,False,0
16,ElasticNet,0.001,0.9,0.37198803067323066,0.17251689955747374,0.9921095985149626,3,False,0.37198803067323066,8.523254306461463e-05,False,0
11,LASSO,0.0001,1.0,0.3761525462604014,0.14790339723222812,0.9919904227631703,3,False,0.3761525462604014,0.00012988888139559818,False,0
18,ElasticNet,0.01,0.7,0.37708972460454876,0.0633518391194549,0.9917837561558946,3,False,0.37708972460454876,0.0001440793039379079,False,0
17,ElasticNet,0.01,0.7,0.3771176715202631,0.06433977149521396,0.9917830801089886,3,False,0.3771176715202631,5.965939320287921e-05,False,0
11,ElasticNet,0.0001,0.7,0.37848981502613627,0.1487931803880214,0.991940854266408,3,False,0.37848981502613627,0.00010631135953836394,False,0
20,ElasticNet,0.01,0.1,0.3802958846137892,0.13972336394823998,0.9918556146594643,3,False,0.3802958846137892,7.267887354706635e-05,False,0
20,LASSO,0.001,1.0,0.38161980186859495,0.17018610662345393,0.9918867443590956,3,False,0.38161980186859495,0.0023897785934618027,False,0
20,ElasticNet,0.01,0.7,0.3819320406111573,0.0644646682164019,0.9916837579845726,3,False,0.3819320406111573,7.119716722483408e-05,False,0
19,ElasticNet,0.01,0.7,0.3819766277581685,0.06565466874225255,0.9916827097337012,3,False,0.3819766277581685,0.00010172804688890914,False,0
11,ElasticNet,0.0001,0.95,0.3821077433709135,0.157703372773105,0.9918733400841626,3,False,0.3821077433709135,7.177929818727577e-05,False,0
11,ElasticNet,0.0001,0.5,0.38304861821447095,0.15118217078648724,0.9918463690812013,3,False,0.38304861821447095,5.898081314640938e-05,False,0
11,ElasticNet,0.0001,0.9,0.3831109505310513,0.15891770959508597,0.9918530847829569,3,False,0.3831109505310513,6.355811223764223e-05,False,0
17,LASSO,0.001,1.0,0.3857893946084692,0.19138494642228723,0.9918327177060436,3,False,0.3857893946084692,0.0006235324879822336,False,0
17,ElasticNet,0.001,0.95,0.3862443630766037,0.19294373901964737,0.9918284818411642,3,False,0.3862443630766037,0.0017058561875592073,False,0
19,ElasticNet,0.001,0.5,0.38694491093949396,0.16978500754737605,0.9917893553328412,3,False,0.38694491093949396,5.958746436685134e-05,False,0
12,LASSO,0.01,1.0,0.39361694599448466,0.05862544853723157,0.9913958511189797,3,False,0.39361694599448466,0.0002724136361602486,False,0
12,ElasticNet,0.0001,0.9,0.3958305695552013,0.16076575195839315,0.9915864742840802,3,False,0.3958305695552013,0.0001249174260835722,False,0
12,ElasticNet,0.0001,0.95,0.3961000437786697,0.16188851239673302,0.9915827710341697,3,False,0.3961000437786697,0.00012417317878567332,False,0
11,LASSO,0.01,1.0,0.3984301771901578,0.06023890908383705,0.9912827016327581,3,False,0.3984301771901578,0.000146566023195625,False,0
16,ElasticNet,0.01,0.9,0.3990834037383744,0.07597454471884749,0.9913096265108665,3,False,0.39908340373837453,0.00011800661285225715,False,0
12,LASSO,0.0001,1.0,0.3993534339307086,0.1717661731625774,0.991523548171005,3,False,0.39935343393070855,0.00014756336964234624,False,0
12,ElasticNet,0.0001,0.7,0.40278100062382616,0.16611351728470886,0.9914397883676367,3,False,0.4027810006238261,9.699440973601293e-05,False,0
18,ElasticNet,0.01,0.9,0.4048654755697254,0.07656666437518916,0.9911891495150719,3,False,0.4048654755697254,6.159419068949012e-05,False,0
12,ElasticNet,0.0001,0.5,0.4073298651111345,0.1654200458276404,0.9913416325335702,3,False,0.4073298651111345,6.435573497279358e-05,False,0
15,ElasticNet,0.01,0.95,0.4087468049433549,0.07620537450892233,0.9910959733190882,3,False,0.4087468049433549,9.064122604276331e-05,False,0
16,ElasticNet,0.01,0.95,0.4092481540810425,0.080190930913536,0.9910913946335841,3,False,0.4092481540810425,7.497454218306256e-05,False,0
13,LASSO,0.01,1.0,0.4099030219943565,0.07895638777583404,0.9910766265116681,3,False,0.4099030219943565,0.00015474492506323614,False,0
19,ElasticNet,0.01,0.9,0.4100858220169621,0.07791697373640699,0.9910783445575507,3,False,0.4100858220169621,0.0001141727063208222,False,0
14,LASSO,0.01,1.0,0.41011833018923677,0.07231685072293847,0.9910637807148444,3,False,0.41011833018923677,0.0001824803829989178,False,0
19,ElasticNet,0.001,0.3,0.410194129082421,0.19302243049622703,0.9913174828084778,3,False,0.410194129082421,5.201422878994843e-05,False,0
20,ElasticNet,0.001,0.3,0.41037398900653504,0.18599978273348408,0.9913091990385693,3,False,0.41037398900653504,6.504909776208171e-05,False,0
20,ElasticNet,0.01,0.9,0.41049226767929103,0.07623391146200448,0.9910684414902772,3,False,0.41049226767929103,7.212603060884233e-05,False,0
15,LASSO,0.01,1.0,0.41411096706371414,0.07351298181521601,0.9909835826475318,3,False,0.41411096706371414,0.00039794357018409915,False,0
18,ElasticNet,0.01,0.95,0.4150742884492124,0.08192579704864997,0.9909711825166675,3,False,0.4150742884492124,9.665409481942125e-05,False,0
17,ElasticNet,0.01,0.95,0.41509940075130675,0.08391091477207001,0.9909681274589622,3,False,0.41509940075130675,6.812469600811152e-05,False,0
16,LASSO,0.01,1.0,0.4170412652477406,0.08111446956237452,0.9909254817149272,3,False,0.4170412652477406,0.00018847205046159006,False,0
20,ElasticNet,0.01,0.95,0.4207862640088531,0.079639175208415,0.9908462382079956,3,False,0.4207862640088531,0.0002834208704082502,False,0
19,ElasticNet,0.01,0.95,0.42103227968809165,0.08423413165666224,0.9908442320669361,3,False,0.42103227968809165,0.0001853032134363792,False,0
18,LASSO,0.01,1.0,0.430154806462844,0.09385969405824564,0.9906603546209473,3,False,0.430154806462844,0.0004244739546380629,False,0
17,LASSO,0.01,1.0,0.43395993945323413,0.0978191866350275,0.990580147446912,3,False,0.43395993945323424,0.00025095039364712857,False,0
19,LASSO,0.01,1.0,0.43682595933466545,0.10206305588540869,0.9905295594764597,3,False,0.43682595933466545,0.00036786175725433447,False,0
20,LASSO,0.01,1.0,0.43725543138535666,0.0990880517371609,0.9905226316538304,3,False,0.43725543138535666,0.0007546133262783129,False,0
9,LASSO,1e-05,1.0,0.4385493322331068,0.2076296487181035,0.9907127342286698,3,False,0.4385493322331068,7.528068688423585e-05,False,0
18,ElasticNet,0.001,0.1,0.4387385555632653,0.20425832058873006,0.9907234588568943,3,False,0.4387385555632653,5.2126685789033914e-05,False,0
13,LASSO,0.0001,1.0,0.44891169759176003,0.22048313149268042,0.990506534991359,3,False,0.44891169759176,0.00010502699909392201,False,0
10,ElasticNet,1e-05,0.5,0.45011628056402603,0.1637196662186949,0.990419960554341,3,False,0.450116280564026,7.096629550686882e-05,False,0
10,LASSO,1e-05,1.0,0.45593823261510985,0.17333536256150905,0.9903138387495575,3,False,0.45593823261510985,8.843643067380739e-05,False,0
10,ElasticNet,1e-05,0.7,0.45729606510889464,0.17430928459223782,0.9902835960292647,3,False,0.45729606510889464,6.512958894872915e-05,False,0
10,ElasticNet,1e-05,0.9,0.4611684345785516,0.17201528508868708,0.9901927738233272,3,False,0.4611684345785516,7.580384855111519e-05,False,0
13,ElasticNet,0.0001,0.95,0.46289606575121994,0.23463311266669112,0.9902166273207916,3,False,0.46289606575121994,0.00010593737959102044,False,0
13,ElasticNet,0.0001,0.9,0.46504559438823395,0.2308254819112528,0.9901617775536703,3,False,0.46504559438823395,8.37247336921304e-05,False,0
13,ElasticNet,0.0001,0.7,0.46933517820968196,0.2268178324242141,0.9900679367561707,3,False,0.46933517820968196,7.022651278031032e-05,False,0
10,ElasticNet,1e-05,0.95,0.47525433233286457,0.18632251842158679,0.9899139754953211,3,False,0.47525433233286457,7.270957500114786e-05,False,0
14,LASSO,0.0001,1.0,0.4855344563314605,0.22706296524451106,0.98974331937533,3,False,0.48553445633146053,0.00011433081711169802,False,0
13,ElasticNet,0.0001,0.5,0.4875239251363766,0.2481093769825592,0.9897016302842173,3,False,0.4875239251363766,0.00010365207552003234,False,0
14,ElasticNet,0.0001,0.95,0.48891865659561495,0.2327888246118522,0.9896811160265214,3,False,0.48891865659561495,0.0001359605387972883,False,0
14,ElasticNet,0.0001,0.9,0.491432953176985,0.2187406337589136,0.9895941558175142,3,False,0.491432953176985,7.525912528449744e-05,False,0
20,ElasticNet,0.001,0.1,0.4983758818216964,0.25852987150870127,0.989493487968408,3,False,0.49837588182169634,5.067750010068896e-05,False,0
14,ElasticNet,0.0001,0.7,0.4987361457713467,0.2214882279579695,0.98943213225143,3,False,0.4987361457713467,5.074996614042539e-05,False,0
13,ElasticNet,0.0001,0.1,0.5014342915818178,0.24104262280081792,0.989386515225075,3,False,0.5014342915818178,5.2805324547555375e-05,False,0
19,ElasticNet,0.001,0.1,0.5045607110293852,0.2908336553159678,0.9893961599645601,3,False,0.5045607110293852,5.841795046562712e-05,False,0
14,ElasticNet,0.0001,0.5,0.5050217696745452,0.2146328594256408,0.9892862251085274,3,False,0.5050217696745452,6.22087237980935e-05,False,0
13,ElasticNet,0.0001,0.3,0.5059248837979712,0.2618416516133388,0.9893187561265958,3,False,0.5059248837979712,5.536761749765869e-05,False,0
14,ElasticNet,0.0001,0.3,0.5065382924838254,0.21047763920347576,0.9892496425590412,3,False,0.5065382924838254,6.539367196012916e-05,False,0
15,LASSO,0.0001,1.0,0.5190347969435887,0.2556651003106285,0.9890328004972586,3,False,0.5190347969435887,0.00011177654386844287,False,0
9,LASSO,1e-06,1.0,0.5244638111711263,0.30618335742153013,0.9889861001699058,3,False,0.5244638111711263,5.9946386288427635e-05,False,0
11,ElasticNet,1e-05,0.5,0.5399695354533843,0.21755023250458297,0.9885100778326809,3,False,0.5399695354533843,5.676482930109573e-05,False,0
11,ElasticNet,1e-05,0.9,0.5488007854201233,0.22918680135437478,0.9883227325183958,3,False,0.5488007854201233,5.698543748723044e-05,False,0
16,ElasticNet,0.0001,0.95,0.5513650642666035,0.26401174796945037,0.9883490216154085,3,False,0.5513650642666035,7.59628854582301e-05,False,0
11,LASSO,1e-05,1.0,0.5524016407716331,0.2444817616145285,0.9882704545879147,3,False,0.5524016407716331,6.594987292426499e-05,False,0
16,LASSO,0.0001,1.0,0.5530513421575575,0.2760319160796057,0.9883378463494582,3,False,0.5530513421575575,9.965751582071366e-05,False,0
11,ElasticNet,1e-05,0.95,0.5535047455909686,0.24780996415827786,0.9882475030354924,3,False,0.5535047455909686,6.758147029820523e-05,False,0
15,ElasticNet,0.0001,0.95,0.556601582518641,0.2999243440987493,0.9882601502016205,3,False,0.556601582518641,9.420048796530166e-05,False,0
11,ElasticNet,1e-05,0.7,0.556719000356914,0.23200981785059668,0.9881632638698302,3,False,0.556719000356914,5.2711500169348996e-05,False,0
15,ElasticNet,0.0001,0.9,0.557398105583046,0.3025488135410518,0.9882474550016237,3,False,0.557398105583046,0.00016801599625804067,False,0
16,ElasticNet,0.0001,0.9,0.5759798825693084,0.29868213101459756,0.9878595594718863,3,False,0.5759798825693084,7.677442722736946e-05,False,0
15,ElasticNet,0.0001,0.7,0.5812429977068331,0.32749840478027437,0.9877519696090497,3,False,0.5812429977068331,0.00015143176057555837,False,0
12,ElasticNet,1e-05,0.95,0.5949025568514787,0.19202881746331688,0.9873329662029331,3,False,0.5949025568514789,7.072163100544699e-05,False,0
12,LASSO,1e-05,1.0,0.5950786974261068,0.2024290775823566,0.9873371429051607,3,False,0.5950786974261068,6.485768020188162e-05,False,0
12,ElasticNet,1e-05,0.9,0.604405407311658,0.22008138393959165,0.9871586354547666,3,False,0.604405407311658,7.128695423723961e-05,False,0
16,ElasticNet,0.0001,0.7,0.6077680912598561,0.3208576296619389,0.9871887652762922,3,False,0.6077680912598561,7.039129746486071e-05,False,0
12,ElasticNet,1e-05,0.7,0.6091324207395233,0.1906154860138316,0.9870044603826361,3,False,0.6091324207395233,6.928348003185088e-05,False,0
15,ElasticNet,0.0001,0.5,0.6147274826485108,0.3615766558143424,0.9870626789563416,3,False,0.614727482648511,6.665211450064196e-05,False,0
12,ElasticNet,1e-05,0.5,0.6162600800064827,0.21828291406705008,0.9868886742263404,3,False,0.6162600800064827,6.0590329543604266e-05,False,0
12,ElasticNet,1e-05,0.3,0.6245909796522241,0.22592496457253747,0.9867173885330122,3,False,0.624590979652224,5.508264537169904e-05,False,0
15,ElasticNet,0.0001,0.3,0.6495033866679134,0.36733201623974493,0.9863043220503765,3,False,0.6495033866679134,5.932344820991619e-05,False,0
17,LASSO,0.0001,1.0,0.6675506989577276,0.44901944718821,0.9860281321703575,3,False,0.6675506989577276,0.00013135622355671953,False,0
16,ElasticNet,0.0001,0.5,0.6768982456417353,0.3907983143869407,0.9857553650911951,3,False,0.6768982456417354,5.643531146226509e-05,False,0
17,ElasticNet,0.0001,0.95,0.6878473720434134,0.48762406724293794,0.9856448710759622,3,False,0.6878473720434134,0.0001742950081655871,False,0
18,LASSO,0.0001,1.0,0.6911011083739173,0.4387393022549238,0.9855045532028853,3,False,0.6911011083739173,8.22922733083621e-05,False,0
17,ElasticNet,0.0001,0.9,0.692318748594635,0.4561538006904541,0.9854903874838942,3,False,0.692318748594635,0.00016014192879847675,False,0
19,ElasticNet,0.1,0.1,0.7074562183371724,0.14412950524021062,0.9844992890592795,3,False,0.7074562183371724,6.199615720647172e-05,False,0
18,ElasticNet,0.0001,0.9,0.7078787495843576,0.47050868340636826,0.9851980035302366,3,False,0.7078787495843576,6.963425873738989e-05,False,0
16,ElasticNet,0.0001,0.3,0.7109925627131289,0.39512818728359994,0.9849886086954872,3,False,0.7109925627131289,5.63418362397779e-05,False,0
18,ElasticNet,0.0001,0.95,0.7130293910413054,0.4869643391632149,0.9850965649833952,3,False,0.7130293910413054,0.00021039190747600063,False,0
17,ElasticNet,0.0001,0.7,0.7643974680899078,0.5414348202020142,0.9840199669765469,3,False,0.7643974680899078,0.00010450116548376827,False,0
20,LASSO,0.0001,1.0,0.7824064160322312,0.5471596622683015,0.9836250391597007,3,False,0.7824064160322312,0.00018519585590102955,False,0
11,ElasticNet,1e-06,0.95,0.7911782873998437,0.35677584828934406,0.9831924649479777,3,False,0.7911782873998437,5.530892992501256e-05,False,0
11,LASSO,1e-06,1.0,0.7925529172912754,0.34425884171436966,0.9831551538082325,3,False,0.7925529172912754,5.348586229874547e-05,False,0
18,ElasticNet,0.0001,0.7,0.8102193912648378,0.5994540059517671,0.9831140638550587,3,False,0.8102193912648378,5.7095999718955224e-05,False,0
20,ElasticNet,0.0001,0.95,0.8165245672734076,0.5902425464960507,0.9829385861484731,3,False,0.8165245672734076,0.00019210603974382614,False,0
13,LASSO,1e-05,1.0,0.8386987842120345,0.4465966748881733,0.982254817533074,3,False,0.8386987842120345,8.086513539947194e-05,False,0
13,ElasticNet,1e-05,0.95,0.842110224141523,0.42285788765788707,0.9821800539606605,3,False,0.842110224141523,8.167452608899606e-05,False,0
11,ElasticNet,1e-06,0.9,0.8566256202410489,0.41686807550334815,0.9819293261980446,3,False,0.8566256202410489,5.4438274270170956e-05,False,0
13,ElasticNet,1e-05,0.9,0.8581544542923324,0.4351319562347632,0.9818221591688681,3,False,0.8581544542923324,7.725990965468143e-05,False,0
17,ElasticNet,0.0001,0.5,0.8601035578519575,0.6333890893303823,0.9820263805866807,3,False,0.8601035578519575,9.356676293405779e-05,False,0
13,ElasticNet,1e-05,0.7,0.8629807862331885,0.4296693629091547,0.9817129532380534,3,False,0.8629807862331885,7.57616959952052e-05,False,0
12,ElasticNet,1e-06,0.9,0.8888331836428233,0.3125824957327495,0.9810848696849299,3,False,0.8888331836428233,9.39142535300997e-05,False,0
12,ElasticNet,1e-06,0.95,0.9079170180714585,0.3372935670560807,0.9807183697876267,3,False,0.9079170180714585,9.403377064676918e-05,False,0
19,LASSO,0.0001,1.0,0.9091262098431087,0.7789308007044935,0.9811612890044201,3,False,0.9091262098431088,0.00019863359560794595,False,0
19,ElasticNet,0.0001,0.9,0.9180691200495974,0.7956202265416752,0.9809915564567229,3,False,0.9180691200495974,6.494083682389737e-05,False,0
13,ElasticNet,1e-05,0.5,0.9331821246540505,0.5448541143456725,0.980326527303165,3,False,0.9331821246540505,7.694973254963868e-05,False,0
12,ElasticNet,1e-06,0.1,0.9405996958084962,0.31188318123723846,0.9799830759728906,3,False,0.9405996958084963,6.953891450107155e-05,False,0
19,ElasticNet,0.0001,0.95,0.9433074664954866,0.850548864857506,0.9805161606791447,3,False,0.9433074664954866,0.0001847005412293461,False,0
12,ElasticNet,1e-06,0.7,0.9478837909329257,0.3612932540909029,0.9798347221381718,3,False,0.9478837909329257,9.086427592483462e-05,False,0
12,ElasticNet,1e-06,0.5,0.9541571959917453,0.39685023489897514,0.9797448749980125,3,False,0.9541571959917453,8.851250592392832e-05,False,0
12,ElasticNet,1e-06,0.3,0.9546493888463209,0.4067505765863314,0.9797422457230152,3,False,0.9546493888463211,8.586687301155689e-05,False,0
17,ElasticNet,0.0001,0.3,0.9674073580647026,0.7405764532951854,0.9798097721510017,3,False,0.9674073580647026,6.631745570523055e-05,False,0
20,ElasticNet,0.0001,0.9,0.9709128385976346,0.8376721057018257,0.9798883881552204,3,False,0.9709128385976346,7.173404291665485e-05,False,0
14,LASSO,1e-05,1.0,1.008411012728237,0.6475666769171327,0.9788730296531053,3,False,1.008411012728237,7.805563446995464e-05,False,0
14,ElasticNet,1e-05,0.95,1.0353688866134123,0.6812648322772121,0.9783465908419382,3,False,1.0353688866134123,8.646491589127823e-05,False,0
14,ElasticNet,1e-05,0.9,1.0508432088545117,0.6996181902487958,0.9780277718049675,3,False,1.0508432088545117,0.00010400256581933546,False,0
12,LASSO,1e-06,1.0,1.0519769070091614,0.5998373526196585,0.9778915495597417,3,False,1.0519769070091614,9.49470442791657e-05,False,0
19,ElasticNet,0.0001,0.7,1.0940652543364588,1.0013889175571677,0.9773749442588014,3,False,1.0940652543364588,6.445270086955933e-05,False,0
14,ElasticNet,1e-05,0.7,1.115350686912006,0.736667278202359,0.9766272907015626,3,False,1.115350686912006,9.725765220064692e-05,False,0
18,ElasticNet,0.0001,0.3,1.1230622626469253,0.9373929921255664,0.9766780580312441,3,False,1.1230622626469253,5.639557836336645e-05,False,0
20,ElasticNet,0.0001,0.7,1.1488702893668106,1.0188115286309334,0.9762001812627691,3,False,1.1488702893668106,0.00017971873313740987,False,0
14,ElasticNet,1e-05,0.5,1.2921077397928036,1.002232408309432,0.9731322988304664,3,False,1.2921077397928036,8.608192568874052e-05,False,0
19,ElasticNet,0.0001,0.5,1.3223316631018374,1.2722867293983706,0.9727061670289224,3,False,1.3223316631018376,0.00011514933263050522,False,0
17,ElasticNet,0.0001,0.1,1.3430437232469021,1.2367967605076038,0.9722264472072512,3,False,1.3430437232469021,5.6724905969862865e-05,False,0
15,LASSO,1e-05,1.0,1.3901128866436503,1.0774636673480456,0.9709088963651217,3,False,1.3901128866436503,0.00010298897781801698,False,0
14,ElasticNet,1e-05,0.3,1.3943784501886778,1.1298565748243072,0.9711230432602159,3,False,1.3943784501886778,6.464362911746122e-05,False,0
20,ElasticNet,0.0001,0.5,1.4366108050314566,1.4160199136875051,0.970427315138156,3,False,1.4366108050314566,9.283316927102096e-05,False,0
17,ElasticNet,0.1,0.9,1.4647048898572255,0.35965091022189266,0.968023271504938,3,False,1.4647048898572255,8.301469188333466e-05,False,0
18,ElasticNet,0.1,0.9,1.4650205727687002,0.36014704433009875,0.9680111772037158,3,False,1.4650205727687002,0.00010138311550832169,False,0
16,ElasticNet,0.1,0.9,1.4654516940201547,0.369371352398857,0.9680282802410605,3,False,1.4654516940201547,9.775159030007974e-05,False,0
19,ElasticNet,0.1,0.9,1.466428372364396,0.35473711162847704,0.9679745250354909,3,False,1.466428372364396,8.075754214065256e-05,False,0
14,ElasticNet,0.1,0.9,1.4680204427813537,0.3814078229620734,0.9680141355339797,3,False,1.4680204427813537,6.159726482905803e-05,False,0
20,ElasticNet,0.1,0.9,1.4680322439516924,0.3552314009438668,0.9679387105930601,3,False,1.4680322439516924,0.00011196128146699624,False,0
15,ElasticNet,1e-05,0.95,1.491813178328706,1.2637574154887528,0.9690134954729864,3,False,1.491813178328706,0.00010309186480771487,False,0
19,ElasticNet,0.0001,0.3,1.5011435273722749,1.442679227138357,0.969023136352457,3,False,1.5011435273722749,7.478225240832142e-05,False,0
17,ElasticNet,0.1,0.95,1.5119498553023216,0.38204527020101786,0.9670145000687542,3,False,1.5119498553023216,0.00021386925935931722,False,0
15,ElasticNet,0.1,0.95,1.5123248496186743,0.3874955501445611,0.9670251974849418,3,False,1.5123248496186743,0.00011969117450440214,False,0
19,ElasticNet,0.1,0.95,1.5126134243470926,0.37571608021912933,0.9669908488564305,3,False,1.5126134243470926,7.456337936896651e-05,False,0
20,ElasticNet,0.1,0.95,1.5140412542424304,0.3739315579771451,0.9669583983445373,3,False,1.5140412542424304,0.0007382140113742219,False,0
16,LASSO,0.1,1.0,1.542753811367253,0.39420682130015205,0.966354665761841,3,False,1.542753811367253,0.000994094102091031,False,0
15,LASSO,0.1,1.0,1.5439391942122456,0.39503773156173616,0.9663473212687705,3,False,1.5439391942122456,0.0013261123408806752,False,0
14,LASSO,0.1,1.0,1.5471288066477273,0.41165659487636497,0.9663107740631983,3,False,1.5471288066477273,0.0009686194362035494,False,0
20,LASSO,0.1,1.0,1.5471353204600664,0.3688343965176856,0.9662706261740043,3,False,1.5471353204600664,0.009534051037110872,False,0
17,LASSO,0.1,1.0,1.5476512951091255,0.3845998935165711,0.9662473104872125,3,False,1.5476512951091255,0.0015149923086251599,False,0
19,LASSO,0.1,1.0,1.548663751264706,0.37167493391492035,0.9662218647490617,3,False,1.548663751264706,0.0016520519605773692,False,0
18,LASSO,0.1,1.0,1.5496777761288014,0.3695713804517895,0.9662126237755405,3,False,1.5496777761288014,0.00249706384615557,False,0
13,LASSO,0.1,1.0,1.55812985462318,0.4152132630171753,0.9660977281718396,3,False,1.55812985462318,0.0005192396026882512,False,0
12,LASSO,0.1,1.0,1.5666848497146286,0.4435655389447855,0.966005836831803,3,False,1.5666848497146286,0.00021519822234332409,False,0
11,LASSO,0.1,1.0,1.5916249913024039,0.4640536082205061,0.9655163239220398,3,False,1.5916249913024039,0.0003125856742072497,False,0
15,ElasticNet,1e-05,0.9,1.6308251947849175,1.4636951587447462,0.9662137017499816,3,False,1.6308251947849175,9.268638755085648e-05,False,0
15,ElasticNet,1e-05,0.7,1.6541800946854062,1.4483454804677165,0.9656871809296859,3,False,1.6541800946854057,0.00011978302842368111,False,0
15,ElasticNet,1e-05,0.5,1.7714859190640844,1.5349012448960913,0.9632244685840967,3,False,1.7714859190640844,0.00010135616858004127,False,0
13,ElasticNet,1e-06,0.7,1.7842161782802772,1.2097708029190133,0.9627454513598651,3,False,1.7842161782802772,5.2212345139341505e-05,False,0
13,ElasticNet,1e-06,0.95,1.8102507042928782,1.249081634020881,0.9622365543122924,3,False,1.8102507042928782,5.744863462218949e-05,False,0
16,ElasticNet,1e-05,0.9,1.8907162847894472,1.9398376497386303,0.9612582180583709,3,False,1.8907162847894468,0.00011179880454661195,False,0
13,ElasticNet,1e-06,0.9,1.9076587319936316,1.3213229245713294,0.9601455813359557,3,False,1.9076587319936318,5.5234021371629706e-05,False,0
13,LASSO,1e-06,1.0,1.9276003148652514,1.5093328519797051,0.9599673343404067,3,False,1.9276003148652514,6.146825597199668e-05,False,0
16,ElasticNet,1e-05,0.95,1.943432171854117,1.97179860979064,0.9601432867864307,3,False,1.943432171854117,0.00010281796183597788,False,0
16,LASSO,1e-05,1.0,2.0626687242205946,2.225725956448142,0.9578556404106527,3,False,2.0626687242205946,0.0001059411259579537,False,0
20,ElasticNet,0.0001,0.3,2.1174478302146063,2.4335219624836215,0.9568994546624289,3,False,2.1174478302146063,6.982619831055402e-05,False,0
15,ElasticNet,1e-05,0.3,2.161347054198034,2.111509298874212,0.9554834229508153,3,False,2.161347054198034,7.767451074274019e-05,False,0
19,ElasticNet,0.0001,0.1,2.2229228630459277,2.4771437028574717,0.9546276685352346,3,False,2.2229228630459277,6.44745424198809e-05,False,0
16,ElasticNet,1e-05,0.7,2.3779501682475632,2.6693600400776094,0.951604234218994,3,False,2.3779501682475632,0.00012212250165668582,False,0
14,LASSO,1e-06,1.0,2.4424717202885833,2.5682892643007245,0.9501974385522626,3,False,2.4424717202885833,0.00010470116720183449,False,0
16,ElasticNet,1e-05,0.5,2.5455527950344465,2.8164064458487537,0.9482324466869025,3,False,2.5455527950344465,0.00010222472282593091,False,0
14,ElasticNet,1e-06,0.95,2.668284358019692,2.817041749072218,0.9457159786547914,3,False,2.668284358019692,8.639499194009677e-05,False,0
17,LASSO,1e-05,1.0,2.6967403476709237,3.0549551491834417,0.9450262401906712,3,False,2.6967403476709237,9.911216878967501e-05,False,0
14,ElasticNet,1e-06,0.9,2.719241372319139,2.639002909858925,0.9445094570776819,3,False,2.719241372319139,6.413156654716621e-05,False,0
14,ElasticNet,1e-06,0.7,2.7943170802677577,2.9191956439137066,0.9431059365438536,3,False,2.7943170802677577,7.836615562847856e-05,False,0
16,ElasticNet,1e-05,0.3,2.858923929599632,3.2122690863801218,0.9419119590183481,3,False,2.858923929599632,8.734168729801168e-05,False,0
17,ElasticNet,1e-05,0.9,2.942099684603148,3.327236419520572,0.9399502437220559,3,False,2.942099684603148,0.00010984912485161108,False,0
14,ElasticNet,1e-06,0.5,3.14789828952822,3.37340085224975,0.9360640668483922,3,False,3.14789828952822,5.6567044421671435e-05,False,0
18,LASSO,1e-05,1.0,3.2241249888112473,3.7910291918412584,0.934537513261688,3,False,3.2241249888112464,7.605820923792895e-05,False,0
17,ElasticNet,1e-05,0.95,3.2275761142128716,4.006498554176802,0.9347576888040369,3,False,3.227576114212871,0.00011770550331246679,False,0
18,ElasticNet,1e-05,0.95,3.2972721935418736,3.904838804487216,0.9331800220217753,3,False,3.2972721935418736,7.32151960616654e-05,False,0
17,ElasticNet,1e-05,0.7,3.3558046203224126,3.9693989820240745,0.9318638565328579,3,False,3.3558046203224126,9.393006601963902e-05,False,0
18,ElasticNet,1e-05,0.9,3.531353830367278,4.346952314285623,0.9286319574212367,3,False,3.531353830367278,9.862515930503833e-05,False,0
17,ElasticNet,1e-05,0.5,3.6917817113922973,4.364241848516033,0.9250453167232563,3,False,3.6917817113922973,0.00012659611458012637,False,0
18,ElasticNet,1e-05,0.7,3.8943175288225085,4.87812597888472,0.9214656774745578,3,False,3.8943175288225085,9.723524051565591e-05,False,0
15,LASSO,1e-06,1.0,4.025012673388582,4.6468939500507656,0.9182500880190819,3,False,4.025012673388581,6.291555047214741e-05,False,0
20,LASSO,1e-05,1.0,4.410596145610467,5.303293987777878,0.9107369648487285,3,False,4.410596145610467,8.561496814460033e-05,False,0
19,LASSO,1e-05,1.0,4.41726522414493,5.541906802207336,0.9107897847662266,3,False,4.417265224144931,8.69024799152911e-05,False,0
20,ElasticNet,1e-05,0.95,4.488111199155479,5.398478156224554,0.909232146476039,3,False,4.48811119915548,7.373525841397126e-05,False,0
17,ElasticNet,1e-05,0.3,4.534806619234311,5.577454802634217,0.9083456960032157,3,False,4.534806619234311,7.331820317431578e-05,False,0
19,ElasticNet,1e-05,0.95,4.5486872306728285,5.846983953555459,0.9082835641771747,3,False,4.5486872306728285,9.378223817437659e-05,False,0
15,ElasticNet,1e-06,0.95,4.558558342676498,5.447492136441888,0.9078029671504102,3,False,4.558558342676499,5.5100812028510254e-05,False,0
18,ElasticNet,1e-05,0.5,4.798295447694135,6.095586152790421,0.9035028698532542,3,False,4.798295447694135,0.0001185100954439431,False,0
19,ElasticNet,1e-05,0.9,4.954090320217259,6.405638723101762,0.9001880667800002,3,False,4.954090320217259,8.777659393905113e-05,False,0
19,ElasticNet,1e-05,0.7,5.200253581805955,6.7084679203684585,0.8951979056521325,3,False,5.200253581805955,8.778234124195277e-05,False,0
15,ElasticNet,1e-06,0.9,5.39027144673161,7.0858932809418125,0.8916159253413755,3,False,5.390271446731611,7.976680986722409e-05,False,0
16,LASSO,1e-06,1.0,5.423570071009409,6.960790514956024,0.8910599092111317,3,False,5.423570071009409,9.422605567767118e-05,False,0
18,ElasticNet,1e-05,0.3,5.726235587234808,7.467952747580732,0.8851580044157212,3,False,5.72623558723481,7.341251539801915e-05,False,0
16,ElasticNet,1e-06,0.9,5.920759906734734,7.402426952217823,0.8810381977000867,3,False,5.920759906734734,6.34644248620602e-05,False,0
20,ElasticNet,1e-05,0.7,5.922176748391064,7.656876805510842,0.8809680890773709,3,False,5.922176748391066,8.940602568634435e-05,False,0
16,ElasticNet,1e-06,0.5,5.980441202147634,7.598448165040338,0.8798792476087737,3,False,5.980441202147634,7.416844374006218e-05,False,0
16,ElasticNet,1e-06,0.95,5.999226044306262,7.856905486525116,0.8797038000788716,3,False,5.999226044306263,8.905629962254009e-05,False,0
20,ElasticNet,1e-05,0.9,6.059468078564149,8.014942075790199,0.8784933950972621,3,False,6.059468078564149,8.564367438744521e-05,False,0
20,ElasticNet,1.0,0.3,6.222990409821278,0.8079384408054434,0.8641279023204528,3,False,6.2229904098212785,0.0009859195653322828,False,0
18,ElasticNet,1.0,0.3,6.228552543781899,0.7999461247991664,0.8639421345079165,3,False,6.228552543781899,0.0001479686356642973,False,0
19,ElasticNet,1.0,0.3,6.236812669961439,0.8219808055309262,0.8638337265678763,3,False,6.236812669961439,0.0017879653737949974,False,0
17,ElasticNet,1.0,0.3,6.251047076750673,0.8221202887347077,0.8634521749602383,3,False,6.251047076750673,0.0004167117194532888,False,0
16,ElasticNet,1.0,0.3,6.259495137007836,0.800849688690248,0.8631907306778596,3,False,6.259495137007836,0.00021070538452333532,False,0
15,ElasticNet,1.0,0.3,6.3023029774784165,0.8275507589440643,0.8622428827036713,3,False,6.3023029774784165,7.011142517365787e-05,False,0
14,ElasticNet,1.0,0.3,6.345803844074456,0.8120814274189742,0.8612142598645723,3,False,6.345803844074456,7.142715163294122e-05,False,0
16,ElasticNet,1e-06,0.7,6.51709594580906,8.674064936792734,0.8694768992330086,3,False,6.51709594580906,8.850199108845512e-05,False,0
20,ElasticNet,1e-05,0.5,6.793484877047601,8.933315469279592,0.8636607317765636,3,False,6.793484877047601,9.804475358087146e-05,False,0
16,ElasticNet,1e-06,0.3,6.88693595580902,8.852490115248887,0.861978991624647,3,False,6.886935955809019,5.786366691458841e-05,False,0
16,ElasticNet,1e-06,0.1,6.900167100504741,8.9101340168628,0.8616978454192261,3,False,6.900167100504741,5.002155200820766e-05,False,0
15,ElasticNet,1e-06,0.3,6.9614260533928745,9.59315220213746,0.8607103311730867,3,False,6.9614260533928745,5.784461791692016e-05,False,0
19,ElasticNet,1e-05,0.5,7.153703754610923,9.678390500352764,0.8565752664311274,3,False,7.153703754610923,0.0001083299885709617,False,0
17,LASSO,1e-06,1.0,7.673269909048739,9.871093271525167,0.845757187380569,3,False,7.673269909048739,5.381349356837736e-05,False,0
17,ElasticNet,1e-06,0.95,7.802166193468029,9.917800328015991,0.8432002389223635,3,False,7.802166193468029,5.135867754303811e-05,False,0
19,ElasticNet,1e-05,0.3,8.155091403485809,11.06603519193427,0.8366698785255595,3,False,8.155091403485809,7.772099005805927e-05,False,0
17,ElasticNet,1e-06,0.5,8.259248875695794,10.481999505178901,0.83369812081686,3,False,8.259248875695793,5.124358611065149e-05,False,0
17,ElasticNet,1e-06,0.9,8.759860090866944,11.308778430343404,0.8238601563710569,3,False,8.759860090866946,6.122535399998525e-05,False,0
17,ElasticNet,1e-06,0.7,8.853936146488932,11.420128849916132,0.8221737686345026,3,False,8.853936146488932,5.1094703341387006e-05,False,0
20,ElasticNet,1.0,0.5,8.970406040033039,0.8481576455592031,0.8031834336748874,3,False,8.970406040033039,0.0021176564909940465,False,0
19,ElasticNet,1.0,0.5,8.990944064789522,0.8600808539756017,0.8027376152825713,3,False,8.990944064789522,0.0012003987954971596,False,0
18,ElasticNet,1.0,0.5,8.995134111319187,0.8340101833602007,0.8026557474625772,3,False,8.995134111319185,0.0006173635605725702,False,0
17,ElasticNet,1.0,0.5,9.029986530775282,0.8399912512500192,0.8019111674697719,3,False,9.029986530775282,0.00032264191279751664,False,0
16,ElasticNet,1.0,0.5,9.043181083682436,0.8091426609272214,0.8016494936059698,3,False,9.043181083682436,0.00022628804618096687,False,0
15,ElasticNet,1.0,0.5,9.098839049385914,0.8102796949579597,0.8004692786952625,3,False,9.098839049385914,0.000951729095731435,False,0
14,ElasticNet,1.0,0.5,9.129421585886325,0.7774300367500557,0.7998194845896132,3,False,9.129421585886325,0.00015049553643542435,False,0
13,ElasticNet,1.0,0.5,9.213850559468522,0.7728354563180952,0.7980259410217722,3,False,9.21385055946852,0.00022107065317455987,False,0
12,ElasticNet,1.0,0.5,9.292174916474673,0.7225766147274434,0.796335825124749,3,False,9.292174916474673,0.0001362781960458359,False,0
18,LASSO,1e-06,1.0,9.367409574857126,12.154924294294666,0.8119352072665557,3,False,9.367409574857126,6.23005228019906e-05,False,0
18,ElasticNet,1e-06,0.9,10.434606026297248,14.113573714064946,0.7912879369429658,3,False,10.434606026297248,6.572095149700827e-05,False,0
18,ElasticNet,1e-06,0.7,10.532771159823225,13.366855161866146,0.7879476677014662,3,False,10.532771159823225,5.48023166193589e-05,False,0
18,ElasticNet,1e-06,0.95,10.543211336666351,13.352065563069687,0.7874244966838906,3,False,10.543211336666351,6.525205969350034e-05,False,0
18,ElasticNet,1e-06,0.5,10.685580186782593,13.731627640026707,0.7856041505494882,3,False,10.685580186782593,5.5527514672309096e-05,False,0
20,ElasticNet,1e-05,0.3,11.250972309314514,16.138213232005736,0.7763183520001715,3,False,11.250972309314514,8.085054134209e-05,False,0
20,ElasticNet,1.0,0.7,11.525546514629395,1.0844306018617227,0.7462503019384238,3,False,11.525546514629395,0.003952918831663266,False,0
18,ElasticNet,1.0,0.7,11.55588325635462,1.0761202993317527,0.7455941406935165,3,False,11.55588325635462,0.0008678412549218972,False,0
19,ElasticNet,1.0,0.7,11.563706303454929,1.090099072883034,0.7454261733958655,3,False,11.563706303454929,0.002862442412055244,False,0
16,ElasticNet,1.0,0.7,11.602341326411699,1.0370258966056551,0.7446455517760584,3,False,11.602341326411699,0.0007618580450866608,False,0
17,ElasticNet,1.0,0.7,11.612148174129667,1.0705736625111226,0.7444008546124925,3,False,11.612148174129667,0.0006190415471678534,False,0
14,ElasticNet,1.0,0.7,11.678110054009545,0.9640785238944133,0.743121372987423,3,False,11.678110054009545,0.00017925316963118831,False,0
15,ElasticNet,1.0,0.7,11.685095727780933,1.0173700057506232,0.742912946363834,3,False,11.685095727780933,0.0010041669539267994,False,0
13,ElasticNet,1.0,0.7,11.797573326327614,0.9316449109780929,0.7406234084583904,3,False,11.797573326327614,0.0001224045641814442,False,0
19,LASSO,1e-06,1.0,11.957980747268154,15.65486116297649,0.7593911069883484,3,False,11.957980747268154,6.206944799070683e-05,False,0
19,ElasticNet,1e-06,0.95,12.339374831466783,16.449779510774892,0.7524951773322323,3,False,12.339374831466783,5.258520517178645e-05,False,0
19,ElasticNet,1e-06,0.9,12.458573724573148,16.8689162293331,0.750144529088768,3,False,12.458573724573148,8.528372170149914e-05,False,0
19,ElasticNet,1e-06,0.7,13.133370370120062,17.996204567133617,0.7366587240453085,3,False,13.133370370120062,6.031503163940377e-05,False,0
19,ElasticNet,1e-06,0.5,13.589599774123146,18.241318512249062,0.7275215219667391,3,False,13.589599774123146,5.2221689095442526e-05,False,0
20,ElasticNet,1.0,0.9,14.117138113306225,1.5557869310196506,0.6886371282069241,3,False,14.117138113306225,0.0010608527797966172,False,0
18,ElasticNet,1.0,0.9,14.159197391223096,1.5409087674975595,0.6877414729749499,3,False,14.159197391223096,0.0008563341458475149,False,0
19,ElasticNet,1.0,0.9,14.17554578742711,1.5290226935740994,0.6874136166674821,3,False,14.17554578742711,0.0002484683852321812,False,0
16,ElasticNet,1.0,0.9,14.220315356376858,1.4992600591018086,0.6864835189633376,3,False,14.220315356376858,0.0008723391395554225,False,0
17,ElasticNet,1.0,0.9,14.243074349892394,1.497576449109286,0.6859970137297333,3,False,14.243074349892394,0.0007874295646336238,False,0
14,ElasticNet,1.0,0.9,14.309837812843602,1.4241011858733372,0.6846730987455049,3,False,14.309837812843602,0.0010325987813869508,False,0
15,ElasticNet,1.0,0.9,14.342809028424904,1.4267516469751254,0.6839593454750088,3,False,14.342809028424902,0.0002063435629063859,False,0
12,ElasticNet,1.0,0.9,14.418812547432438,1.297825794936542,0.6825370956801301,3,False,14.418812547432438,6.947007296276286e-05,False,0
13,ElasticNet,1.0,0.9,14.478025746133907,1.315097978947675,0.6812331488023332,3,False,14.478025746133907,0.0001354140452241026,False,0
10,ElasticNet,1.0,0.9,14.53532337867271,1.1325695552157689,0.6802929320057824,3,False,14.53532337867271,0.00020820800238707804,False,0
20,LASSO,1e-06,1.0,14.695080237512293,19.56661989493338,0.705663007949659,3,False,14.695080237512293,7.503440173262374e-05,False,0
20,ElasticNet,1.0,0.95,14.760867182555446,1.6187626622494855,0.6744442338187854,3,False,14.760867182555446,0.00010387895378960454,False,0
18,ElasticNet,1.0,0.95,14.801070212585435,1.6170582300838259,0.6735656424708939,3,False,14.801070212585431,0.0008376712808977338,False,0
19,ElasticNet,1.0,0.95,14.814094223089398,1.6016261140027923,0.6733158236728749,3,False,14.814094223089398,0.00022210668821620594,False,0
16,ElasticNet,1.0,0.95,14.873137729496406,1.5904795945024672,0.6720414468224107,3,False,14.873137729496406,0.00038840581898869075,False,0
17,ElasticNet,1.0,0.95,14.889856521476077,1.581886831824561,0.6716980086795973,3,False,14.889856521476077,0.0007391465924218021,False,0
14,ElasticNet,1.0,0.95,14.968169162402567,1.518620927164147,0.6701086312507921,3,False,14.968169162402567,0.0006999953177385665,False,0
15,ElasticNet,1.0,0.95,14.999581932807013,1.5178526118190683,0.6694333461722737,3,False,14.999581932807013,0.0002961151453911848,False,0
12,ElasticNet,1.0,0.95,15.070868837814219,1.3836396891795442,0.6681241512360319,3,False,15.070868837814219,5.920115281699001e-05,False,0
13,ElasticNet,1.0,0.95,15.136856993060583,1.4094471845359573,0.6666520802695978,3,False,15.136856993060583,0.00120134481979417,False,0
11,ElasticNet,1.0,0.95,15.300034841183857,1.238693184584375,0.6634224954786385,3,False,15.300034841183857,0.00011076989555924843,False,0
20,LASSO,1.0,1.0,15.315082992503122,1.619879781745237,0.6623334210559607,3,False,15.315082992503122,0.00046307125906452917,False,0
18,LASSO,1.0,1.0,15.363808765410838,1.6039513712485889,0.6612942902127302,3,False,15.363808765410836,0.00045835153806361717,False,0
19,LASSO,1.0,1.0,15.381091350351845,1.5945855978697774,0.6609395041507068,3,False,15.381091350351845,0.0004241351326239595,False,0
16,LASSO,1.0,1.0,15.424782972645238,1.5791592198897388,0.6600046906311194,3,False,15.424782972645234,0.0001452936140702299,False,0
17,LASSO,1.0,1.0,15.445420796260459,1.5626786820224732,0.6595920372921547,3,False,15.445420796260459,0.001055812324597838,False,0
14,LASSO,1.0,1.0,15.528323960791818,1.5216262104042746,0.6578757119746624,3,False,15.528323960791818,0.00027603573263523806,False,0
15,LASSO,1.0,1.0,15.543101509139555,1.5058255188116911,0.657591144320912,3,False,15.543101509139555,0.0001903380095209517,False,0
13,LASSO,1.0,1.0,15.671425518103112,1.4248883899406295,0.6549459805551846,3,False,15.671425518103113,0.001187691845890515,False,0
11,LASSO,1.0,1.0,15.8691625153306,1.2769479645334945,0.6509192193328767,3,False,15.8691625153306,6.670013317422452e-05,False,0
20,ElasticNet,1e-06,0.95,15.939230515318743,21.591497912910782,0.6812329778551418,3,False,15.939230515318743,7.209952766875858e-05,False,0
20,ElasticNet,1e-06,0.7,16.11485019373061,20.495636176301335,0.6749507126358528,3,False,16.114850193730614,5.9003711138437576e-05,False,0
20,ElasticNet,1e-06,0.9,16.37658930324245,22.22681982432136,0.672611317668471,3,False,16.37658930324245,6.273285750420299e-05,False,0
19,ElasticNet,10.0,0.1,20.121363873080224,2.1489708858331302,0.5563182354534864,3,False,20.121363873080224,0.00045403626256868,False,0
20,ElasticNet,1e-06,0.3,20.810410172692784,28.821926336901036,0.5844307370523056,3,False,20.810410172692784,5.482344463264591e-05,False,0
2,Ridge,1000.0,0.0,,,,2,True,23.600439681299616,0.0,False,0
2,Ridge,10000.0,0.0,,,,2,True,31.51964424060276,0.0,False,0
2,Ridge,100000.0,0.0,,,,2,True,32.944021214512354,0.0,False,0
2,Ridge,1000000.0,0.0,,,,2,True,33.09728460454525,0.0,False,0
2,LASSO,10.0,1.0,,,,2,True,33.11444382600211,0.0,False,0
2,LASSO,100.0,1.0,,,,2,True,33.11444382600211,0.0,False,0
2,LASSO,1000.0,1.0,,,,2,True,33.11444382600211,0.0,False,0
2,LASSO,10000.0,1.0,,,,2,True,33.11444382600211,0.0,False,0
2,LASSO,100000.0,1.0,,,,2,True,33.11444382600211,0.0,False,0
2,LASSO,1000000.0,1.0,,,,2,True,33.11444382600211,0.0,False,0
2,ElasticNet,10.0,0.1,,,,2,True,31.36214161929982,8.881784197001252e-16,False,0
2,ElasticNet,100.0,0.1,,,,2,True,33.11444382600211,0.0,False,0
2,ElasticNet,1000.0,0.1,,,,2,True,33.11444382600211,0.0,False,0
2,ElasticNet,10000.0,0.1,,,,2,True,33.11444382600211,0.0,False,0
2,ElasticNet,100000.0,0.1,,,,2,True,33.11444382600211,0.0,False,0
2,ElasticNet,1000000.0,0.1,,,,2,True,33.11444382600211,0.0,False,0
2,ElasticNet,10.0,0.3,,,,2,True,33.07260518928725,1.3322676295501878e-15,False,0
2,ElasticNet,100.0,0.3,,,,2,True,33.11444382600211,0.0,False,0
2,ElasticNet,1000.0,0.3,,,,2,True,33.11444382600211,0.0,False,0
2,ElasticNet,10000.0,0.3,,,,2,True,33.11444382600211,0.0,False,0
2,ElasticNet,100000.0,0.3,,,,2,True,33.11444382600211,0.0,False,0
2,ElasticNet,1000000.0,0.3,,,,2,True,33.11444382600211,0.0,False,0
2,ElasticNet,10.0,0.5,,,,2,True,33.11444382600211,0.0,False,0
2,ElasticNet,100.0,0.5,,,,2,True,33.11444382600211,0.0,False,0
2,ElasticNet,1000.0,0.5,,,,2,True,33.11444382600211,0.0,False,0
2,ElasticNet,10000.0,0.5,,,,2,True,33.11444382600211,0.0,False,0
2,ElasticNet,100000.0,0.5,,,,2,True,33.11444382600211,0.0,False,0
2,ElasticNet,1000000.0,0.5,,,,2,True,33.11444382600211,0.0,False,0
2,ElasticNet,10.0,0.7,,,,2,True,33.11444382600211,0.0,False,0
2,ElasticNet,100.0,0.7,,,,2,True,33.11444382600211,0.0,False,0
2,ElasticNet,1000.0,0.7,,,,2,True,33.11444382600211,0.0,False,0
2,ElasticNet,10000.0,0.7,,,,2,True,33.11444382600211,0.0,False,0
2,ElasticNet,100000.0,0.7,,,,2,True,33.11444382600211,0.0,False,0
2,ElasticNet,1000000.0,0.7,,,,2,True,33.11444382600211,0.0,False,0
2,ElasticNet,10.0,0.9,,,,2,True,33.11444382600211,0.0,False,0
2,ElasticNet,100.0,0.9,,,,2,True,33.11444382600211,0.0,False,0
2,ElasticNet,1000.0,0.9,,,,2,True,33.11444382600211,0.0,False,0
2,ElasticNet,10000.0,0.9,,,,2,True,33.11444382600211,0.0,False,0
2,ElasticNet,100000.0,0.9,,,,2,True,33.11444382600211,0.0,False,0
2,ElasticNet,1000000.0,0.9,,,,2,True,33.11444382600211,0.0,False,0
2,ElasticNet,10.0,0.95,,,,2,True,33.11444382600211,0.0,False,0
2,ElasticNet,100.0,0.95,,,,2,True,33.11444382600211,0.0,False,0
2,ElasticNet,1000.0,0.95,,,,2,True,33.11444382600211,0.0,False,0
2,ElasticNet,10000.0,0.95,,,,2,True,33.11444382600211,0.0,False,0
2,ElasticNet,100000.0,0.95,,,,2,True,33.11444382600211,0.0,False,0
2,ElasticNet,1000000.0,0.95,,,,2,True,33.11444382600211,0.0,False,0
3,Ridge,1000.0,0.0,,,,2,True,16.976098519377974,0.0,False,0
3,Ridge,10000.0,0.0,,,,1,True,14.106623294914977,0.0,False,0
3,Ridge,100000.0,0.0,,,,1,True,15.806091461473015,0.0,False,0
3,Ridge,1000000.0,0.0,,,,1,True,16.01158532947406,0.0,False,0
3,LASSO,1.0,1.0,,,,2,True,14.772643068109142,1.3999937653608185e-08,False,0
3,LASSO,10.0,1.0,,,,1,True,16.034901680449362,0.0,False,0
3,LASSO,100.0,1.0,,,,1,True,16.034901680449362,0.0,False,0
3,LASSO,1000.0,1.0,,,,1,True,16.034901680449362,0.0,False,0
3,LASSO,10000.0,1.0,,,,1,True,16.034901680449362,0.0,False,0
3,LASSO,100000.0,1.0,,,,1,True,16.034901680449362,0.0,False,0
3,LASSO,1000000.0,1.0,,,,1,True,16.034901680449362,0.0,False,0
3,ElasticNet,1.0,0.1,,,,2,True,14.035343925469226,7.761243070503188e-06,False,0
3,ElasticNet,10.0,0.1,,,,1,True,14.054782554094736,1.9984014443252818e-15,False,0
3,ElasticNet,100.0,0.1,,,,1,True,16.034901680449362,0.0,False,0
3,ElasticNet,1000.0,0.1,,,,1,True,16.034901680449362,0.0,False,0
3,ElasticNet,10000.0,0.1,,,,1,True,16.034901680449362,0.0,False,0
3,ElasticNet,100000.0,0.1,,,,1,True,16.034901680449362,0.0,False,0
3,ElasticNet,1000000.0,0.1,,,,1,True,16.034901680449362,0.0,False,0
3,ElasticNet,1.0,0.3,,,,2,True,14.376996825147094,3.782956406406246e-06,False,0
3,ElasticNet,10.0,0.3,,,,1,True,15.839359549649425,8.582498283171702e-06,False,0
3,ElasticNet,100.0,0.3,,,,1,True,16.034901680449362,0.0,False,0
3,ElasticNet,1000.0,0.3,,,,1,True,16.034901680449362,0.0,False,0
3,ElasticNet,10000.0,0.3,,,,1,True,16.034901680449362,0.0,False,0
3,ElasticNet,100000.0,0.3,,,,1,True,16.034901680449362,0.0,False,0
3,ElasticNet,1000000.0,0.3,,,,1,True,16.034901680449362,0.0,False,0
3,ElasticNet,1.0,0.5,,,,2,True,14.619228400718649,7.656712409931377e-06,False,0
3,ElasticNet,10.0,0.5,,,,1,True,16.034901680449362,0.0,False,0
3,ElasticNet,100.0,0.5,,,,1,True,16.034901680449362,0.0,False,0
3,ElasticNet,1000.0,0.5,,,,1,True,16.034901680449362,0.0,False,0
3,ElasticNet,10000.0,0.5,,,,1,True,16.034901680449362,0.0,False,0
3,ElasticNet,100000.0,0.5,,,,1,True,16.034901680449362,0.0,False,0
3,ElasticNet,1000000.0,0.5,,,,1,True,16.034901680449362,0.0,False,0
3,ElasticNet,1.0,0.7,,,,2,True,14.79150121351843,2.587108101859137e-06,False,0
3,ElasticNet,10.0,0.7,,,,1,True,16.034901680449362,0.0,False,0
3,ElasticNet,100.0,0.7,,,,1,True,16.034901680449362,0.0,False,0
3,ElasticNet,1000.0,0.7,,,,1,True,16.034901680449362,0.0,False,0
3,ElasticNet,10000.0,0.7,,,,1,True,16.034901680449362,0.0,False,0
3,ElasticNet,100000.0,0.7,,,,1,True,16.034901680449362,0.0,False,0
3,ElasticNet,1000000.0,0.7,,,,1,True,16.034901680449362,0.0,False,0
3,ElasticNet,1.0,0.9,,,,2,True,14.80545820327855,6.557206222446155e-09,False,0
3,ElasticNet,10.0,0.9,,,,1,True,16.034901680449362,0.0,False,0
3,ElasticNet,100.0,0.9,,,,1,True,16.034901680449362,0.0,False,0
3,ElasticNet,1000.0,0.9,,,,1,True,16.034901680449362,0.0,False,0
3,ElasticNet,10000.0,0.9,,,,1,True,16.034901680449362,0.0,False,0
3,ElasticNet,100000.0,0.9,,,,1,True,16.034901680449362,0.0,False,0
3,ElasticNet,1000000.0,0.9,,,,1,True,16.034901680449362,0.0,False,0
3,ElasticNet,1.0,0.95,,,,2,True,14.787568269847398,6.141597563846801e-09,False,0
3,ElasticNet,10.0,0.95,,,,1,True,16.034901680449362,0.0,False,0
3,ElasticNet,100.0,0.95,,,,1,True,16.034901680449362,0.0,False,0
3,ElasticNet,1000.0,0.95,,,,1,True,16.034901680449362,0.0,False,0
3,ElasticNet,10000.0,0.95,,,,1,True,16.034901680449362,0.0,False,0
3,ElasticNet,100000.0,0.95,,,,1,True,16.034901680449362,0.0,False,0
3,ElasticNet,1000000.0,0.95,,,,1,True,16.034901680449362,0.0,False,0
4,Ridge,100.0,0.0,,,,2,True,5.359029985528667,0.0,False,0
4,Ridge,1000.0,0.0,,,,1,True,6.683706744386332,0.0,False,0
4,Ridge,10000.0,0.0,,,,1,True,13.393375962875387,0.0,False,0
4,Ridge,100000.0,0.0,,,,1,True,15.713707223216268,0.0,False,0
4,Ridge,1000000.0,0.0,,,,1,True,16.00207963439804,0.0,False,0
4,LASSO,0.1,1.0,,,,2,True,4.206252832028066,4.146751627812084e-06,False,0
4,LASSO,1.0,1.0,,,,1,True,6.220425525233895,4.2721483461960474e-08,False,0
4,LASSO,10.0,1.0,,,,1,True,16.034901680449362,0.0,False,0
4,LASSO,100.0,1.0,,,,1,True,16.034901680449362,0.0,False,0
4,LASSO,1000.0,1.0,,,,1,True,16.034901680449362,0.0,False,0
4,LASSO,10000.0,1.0,,,,1,True,16.034901680449362,0.0,False,0
4,LASSO,100000.0,1.0,,,,1,True,16.034901680449362,0.0,False,0
4,LASSO,1000000.0,1.0,,,,1,True,16.034901680449362,0.0,False,0
4,ElasticNet,0.1,0.1,,,,2,True,4.265404741206351,7.816390816053898e-07,False,0
4,ElasticNet,1.0,0.1,,,,1,True,5.344920286350805,7.073430730031305e-11,False,0
4,ElasticNet,10.0,0.1,,,,1,True,13.432024845266916,1.7763568394002505e-15,False,0
4,ElasticNet,100.0,0.1,,,,1,True,16.034901680449362,0.0,False,0
4,ElasticNet,1000.0,0.1,,,,1,True,16.034901680449362,0.0,False,0
4,ElasticNet,10000.0,0.1,,,,1,True,16.034901680449362,0.0,False,0
4,ElasticNet,100000.0,0.1,,,,1,True,16.034901680449362,0.0,False,0
4,ElasticNet,1000000.0,0.1,,,,1,True,16.034901680449362,0.0,False,0
4,ElasticNet,0.1,0.3,,,,2,True,4.261801282880902,5.825748532133079e-06,False,0
4,ElasticNet,1.0,0.3,,,,1,True,5.590534586359692,4.151046766764921e-06,False,0
4,ElasticNet,10.0,0.3,,,,1,True,15.839362279341934,1.5239549280288145e-06,False,0
4,ElasticNet,100.0,0.3,,,,1,True,16.034901680449362,0.0,False,0
4,ElasticNet,1000.0,0.3,,,,1,True,16.034901680449362,0.0,False,0
4,ElasticNet,10000.0,0.3,,,,1,True,16.034901680449362,0.0,False,0
4,ElasticNet,100000.0,0.3,,,,1,True,16.034901680449362,0.0,False,0
4,ElasticNet,1000000.0,0.3,,,,1,True,16.034901680449362,0.0,False,0
4,ElasticNet,0.1,0.5,,,,2,True,4.243619629657307,6.508149783895911e-06,False,0
4,ElasticNet,1.0,0.5,,,,1,True,5.848606325513064,4.238762964625664e-06,False,0
4,ElasticNet,10.0,0.5,,,,1,True,16.034901680449362,0.0,False,0
4,ElasticNet,100.0,0.5,,,,1,True,16.034901680449362,0.0,False,0
4,ElasticNet,1000.0,0.5,,,,1,True,16.034901680449362,0.0,False,0
4,ElasticNet,10000.0,0.5,,,,1,True,16.034901680449362,0.0,False,0
4,ElasticNet,100000.0,0.5,,,,1,True,16.034901680449362,0.0,False,0
4,ElasticNet,1000000.0,0.5,,,,1,True,16.034901680449362,0.0,False,0
4,ElasticNet,0.1,0.7,,,,2,True,4.220962406177768,2.0643509614226563e-06,False,0
4,ElasticNet,1.0,0.7,,,,1,True,6.087929995471986,2.6455594970276053e-07,False,0
4,ElasticNet,10.0,0.7,,,,1,True,16.034901680449362,0.0,False,0
4,ElasticNet,100.0,0.7,,,,1,True,16.034901680449362,0.0,False,0
4,ElasticNet,1000.0,0.7,,,,1,True,16.034901680449362,0.0,False,0
4,ElasticNet,10000.0,0.7,,,,1,True,16.034901680449362,0.0,False,0
4,ElasticNet,100000.0,0.7,,,,1,True,16.034901680449362,0.0,False,0
4,ElasticNet,1000000.0,0.7,,,,1,True,16.034901680449362,0.0,False,0
4,ElasticNet,0.1,0.9,,,,2,True,4.210321006897382,6.276172875269159e-06,False,0
4,ElasticNet,1.0,0.9,,,,1,True,6.184082728082583,5.832402035776951e-07,False,0
4,ElasticNet,10.0,0.9,,,,1,True,16.034901680449362,0.0,False,0
4,ElasticNet,100.0,0.9,,,,1,True,16.034901680449362,0.0,False,0
4,ElasticNet,1000.0,0.9,,,,1,True,16.034901680449362,0.0,False,0
4,ElasticNet,10000.0,0.9,,,,1,True,16.034901680449362,0.0,False,0
4,ElasticNet,100000.0,0.9,,,,1,True,16.034901680449362,0.0,False,0
4,ElasticNet,1000000.0,0.9,,,,1,True,16.034901680449362,0.0,False,0
4,ElasticNet,0.1,0.95,,,,2,True,4.20864101535776,5.10121965224819e-06,False,0
4,ElasticNet,1.0,0.95,,,,1,True,6.21919494460986,8.355963384110154e-06,False,0
4,ElasticNet,10.0,0.95,,,,1,True,16.034901680449362,0.0,False,0
4,ElasticNet,100.0,0.95,,,,1,True,16.034901680449362,0.0,False,0
4,ElasticNet,1000.0,0.95,,,,1,True,16.034901680449362,0.0,False,0
4,ElasticNet,10000.0,0.95,,,,1,True,16.034901680449362,0.0,False,0
4,ElasticNet,100000.0,0.95,,,,1,True,16.034901680449362,0.0,False,0
4,ElasticNet,1000000.0,0.95,,,,1,True,16.034901680449362,0.0,False,0
5,Ridge,100.0,0.0,,,,1,True,1.4818578219264344,0.0,False,0
5,Ridge,1000.0,0.0,,,,1,True,4.580678847824889,0.0,False,0
5,Ridge,10000.0,0.0,,,,1,True,11.676127236637688,0.0,False,0
5,Ridge,100000.0,0.0,,,,1,True,15.422711161023985,0.0,False,0
5,Ridge,1000000.0,0.0,,,,1,True,15.971104128056842,0.0,False,0
5,LASSO,0.1,1.0,,,,2,True,2.694663577649551,1.1215146896309536e-06,False,0
5,LASSO,1.0,1.0,,,,1,True,5.6142794346626195,1.3472163140626492e-06,False,0
5,LASSO,10.0,1.0,,,,1,True,16.034901680449362,0.0,False,0
5,LASSO,100.0,1.0,,,,1,True,16.034901680449362,0.0,False,0
5,LASSO,1000.0,1.0,,,,1,True,16.034901680449362,0.0,False,0
5,LASSO,10000.0,1.0,,,,1,True,16.034901680449362,0.0,False,0
5,LASSO,100000.0,1.0,,,,1,True,16.034901680449362,0.0,False,0
5,LASSO,1000000.0,1.0,,,,1,True,16.034901680449362,0.0,False,0
5,ElasticNet,0.1,0.1,,,,2,True,2.4700855531906596,3.345600825682693e-06,False,0
5,ElasticNet,1.0,0.1,,,,1,True,3.5800678272684863,1.1628601101487668e-06,False,0
5,ElasticNet,10.0,0.1,,,,1,True,12.04390484050551,1.1134426713965695e-11,False,0
5,ElasticNet,100.0,0.1,,,,1,True,16.034901680449362,0.0,False,0
5,ElasticNet,1000.0,0.1,,,,1,True,16.034901680449362,0.0,False,0
5,ElasticNet,10000.0,0.1,,,,1,True,16.034901680449362,0.0,False,0
5,ElasticNet,100000.0,0.1,,,,1,True,16.034901680449362,0.0,False,0
5,ElasticNet,1000000.0,0.1,,,,1,True,16.034901680449362,0.0,False,0
5,ElasticNet,0.1,0.3,,,,2,True,2.524839285691124,7.888462627045345e-06,False,0
5,ElasticNet,1.0,0.3,,,,1,True,3.9898005752865164,3.1588309584718033e-06,False,0
5,ElasticNet,10.0,0.3,,,,1,True,15.71731200755316,1.3537171383859459e-11,False,0
5,ElasticNet,100.0,0.3,,,,1,True,16.034901680449362,0.0,False,0
5,ElasticNet,1000.0,0.3,,,,1,True,16.034901680449362,0.0,False,0
5,ElasticNet,10000.0,0.3,,,,1,True,16.034901680449362,0.0,False,0
5,ElasticNet,100000.0,0.3,,,,1,True,16.034901680449362,0.0,False,0
5,ElasticNet,1000000.0,0.3,,,,1,True,16.034901680449362,0.0,False,0
5,ElasticNet,0.1,0.5,,,,2,True,2.5619887318282015,4.669561056214189e-06,False,0
5,ElasticNet,1.0,0.5,,,,1,True,4.485196282556718,6.118943441935087e-07,False,0
5,ElasticNet,10.0,0.5,,,,1,True,16.034901680449362,0.0,False,0
5,ElasticNet,100.0,0.5,,,,1,True,16.034901680449362,0.0,False,0
5,ElasticNet,1000.0,0.5,,,,1,True,16.034901680449362,0.0,False,0
5,ElasticNet,10000.0,0.5,,,,1,True,16.034901680449362,0.0,False,0
5,ElasticNet,100000.0,0.5,,,,1,True,16.034901680449362,0.0,False,0
5,ElasticNet,1000000.0,0.5,,,,1,True,16.034901680449362,0.0,False,0
5,ElasticNet,0.1,0.7,,,,2,True,2.5701508350090854,8.360255579306641e-06,False,0
5,ElasticNet,1.0,0.7,,,,1,True,5.024351549762393,3.6851587327246804e-06,False,0
5,ElasticNet,10.0,0.7,,,,1,True,16.034901680449362,0.0,False,0
5,ElasticNet,100.0,0.7,,,,1,True,16.034901680449362,0.0,False,0
5,ElasticNet,1000.0,0.7,,,,1,True,16.034901680449362,0.0,False,0
5,ElasticNet,10000.0,0.7,,,,1,True,16.034901680449362,0.0,False,0
5,ElasticNet,100000.0,0.7,,,,1,True,16.034901680449362,0.0,False,0
5,ElasticNet,1000000.0,0.7,,,,1,True,16.034901680449362,0.0,False,0
5,ElasticNet,0.1,0.9,,,,2,True,2.6335261258833804,7.243518128655091e-06,False,0
5,ElasticNet,1.0,0.9,,,,1,True,5.453056297704655,4.3402612748266733e-07,False,0
5,ElasticNet,10.0,0.9,,,,1,True,16.034901680449362,0.0,False,0
5,ElasticNet,100.0,0.9,,,,1,True,16.034901680449362,0.0,False,0
5,ElasticNet,1000.0,0.9,,,,1,True,16.034901680449362,0.0,False,0
5,ElasticNet,10000.0,0.9,,,,1,True,16.034901680449362,0.0,False,0
5,ElasticNet,100000.0,0.9,,,,1,True,16.034901680449362,0.0,False,0
5,ElasticNet,1000000.0,0.9,,,,1,True,16.034901680449362,0.0,False,0
5,ElasticNet,0.1,0.95,,,,2,True,2.660886007576843,8.830945830595738e-06,False,0
5,ElasticNet,1.0,0.95,,,,1,True,5.569528098833449,6.221528648930885e-07,False,0
5,ElasticNet,10.0,0.95,,,,1,True,16.034901680449362,0.0,False,0
5,ElasticNet,100.0,0.95,,,,1,True,16.034901680449362,0.0,False,0
5,ElasticNet,1000.0,0.95,,,,1,True,16.034901680449362,0.0,False,0
5,ElasticNet,10000.0,0.95,,,,1,True,16.034901680449362,0.0,False,0
5,ElasticNet,100000.0,0.95,,,,1,True,16.034901680449362,0.0,False,0
5,ElasticNet,1000000.0,0.95,,,,1,True,16.034901680449362,0.0,False,0
6,Ridge,10.0,0.0,,,,2,True,0.8821056451292363,0.0,False,0
6,Ridge,100.0,0.0,,,,1,True,1.0091933731092575,0.0,False,0
6,Ridge,1000.0,0.0,,,,1,True,3.591067098287851,0.0,False,0
6,Ridge,10000.0,0.0,,,,1,True,10.749984602649342,0.0,False,0
6,Ridge,100000.0,0.0,,,,1,True,15.250596373969557,0.0,False,0
6,Ridge,1000000.0,0.0,,,,1,True,15.95250256300013,0.0,False,0
6,LASSO,0.01,1.0,,,,2,True,0.7528548710624889,9.557206444896216e-06,False,0
6,LASSO,0.1,1.0,,,,1,True,0.8102746160496345,2.276343906468248e-06,False,0
6,LASSO,1.0,1.0,,,,1,True,5.4025304980884385,6.5545045615511555e-06,False,0
6,LASSO,10.0,1.0,,,,1,True,16.034901680449362,0.0,False,0
6,LASSO,100.0,1.0,,,,1,True,16.034901680449362,0.0,False,0
6,LASSO,1000.0,1.0,,,,1,True,16.034901680449362,0.0,False,0
6,LASSO,10000.0,1.0,,,,1,True,16.034901680449362,0.0,False,0
6,LASSO,100000.0,1.0,,,,1,True,16.034901680449362,0.0,False,0
6,LASSO,1000000.0,1.0,,,,1,True,16.034901680449362,0.0,False,0
6,ElasticNet,0.01,0.1,,,,2,True,0.7334738073346406,7.354245453892235e-06,False,0
6,ElasticNet,0.1,0.1,,,,1,True,0.7599736921941146,9.86951766700217e-06,False,0
6,ElasticNet,1.0,0.1,,,,1,True,2.7625497669079255,2.9701005682669646e-08,False,0
6,ElasticNet,10.0,0.1,,,,1,True,11.272931579952493,2.0366819342143572e-11,False,0
6,ElasticNet,100.0,0.1,,,,1,True,16.034901680449362,0.0,False,0
6,ElasticNet,1000.0,0.1,,,,1,True,16.034901680449362,0.0,False,0
6,ElasticNet,10000.0,0.1,,,,1,True,16.034901680449362,0.0,False,0
6,ElasticNet,100000.0,0.1,,,,1,True,16.034901680449362,0.0,False,0
6,ElasticNet,1000000.0,0.1,,,,1,True,16.034901680449362,0.0,False,0
6,ElasticNet,0.01,0.3,,,,2,True,0.7384043560220711,8.68303505317889e-06,False,0
6,ElasticNet,0.1,0.3,,,,1,True,0.7882615183385964,1.5431293601195217e-06,False,0
6,ElasticNet,1.0,0.3,,,,1,True,3.346109333656601,1.0936703944697257e-06,False,0
6,ElasticNet,10.0,0.3,,,,1,True,15.71731200755316,1.3535395027020058e-11,False,0
6,ElasticNet,100.0,0.3,,,,1,True,16.034901680449362,0.0,False,0
6,ElasticNet,1000.0,0.3,,,,1,True,16.034901680449362,0.0,False,0
6,ElasticNet,10000.0,0.3,,,,1,True,16.034901680449362,0.0,False,0
6,ElasticNet,100000.0,0.3,,,,1,True,16.034901680449362,0.0,False,0
6,ElasticNet,1000000.0,0.3,,,,1,True,16.034901680449362,0.0,False,0
6,ElasticNet,0.01,0.5,,,,2,True,0.748367608830338,7.0509747717292445e-06,False,0
6,ElasticNet,0.1,0.5,,,,1,True,0.7980065836355662,4.97797565150726e-06,False,0
6,ElasticNet,1.0,0.5,,,,1,True,4.067907878645823,1.4253848634737665e-07,False,0
6,ElasticNet,10.0,0.5,,,,1,True,16.034901680449362,0.0,False,0
6,ElasticNet,100.0,0.5,,,,1,True,16.034901680449362,0.0,False,0
6,ElasticNet,1000.0,0.5,,,,1,True,16.034901680449362,0.0,False,0
6,ElasticNet,10000.0,0.5,,,,1,True,16.034901680449362,0.0,False,0
6,ElasticNet,100000.0,0.5,,,,1,True,16.034901680449362,0.0,False,0
6,ElasticNet,1000000.0,0.5,,,,1,True,16.034901680449362,0.0,False,0
6,ElasticNet,0.01,0.7,,,,2,True,0.7537545092297173,9.953292847275988e-06,False,0
6,ElasticNet,0.1,0.7,,,,1,True,0.7795120220224224,2.196202363635713e-06,False,0
6,ElasticNet,1.0,0.7,,,,1,True,4.629939802751519,5.964747190723152e-06,False,0
6,ElasticNet,10.0,0.7,,,,1,True,16.034901680449362,0.0,False,0
6,ElasticNet,100.0,0.7,,,,1,True,16.034901680449362,0.0,False,0
6,ElasticNet,1000.0,0.7,,,,1,True,16.034901680449362,0.0,False,0
6,ElasticNet,10000.0,0.7,,,,1,True,16.034901680449362,0.0,False,0
6,ElasticNet,100000.0,0.7,,,,1,True,16.034901680449362,0.0,False,0
6,ElasticNet,1000000.0,0.7,,,,1,True,16.034901680449362,0.0,False,0
6,ElasticNet,0.01,0.9,,,,2,True,0.7544610135958093,9.47925529506434e-06,False,0
6,ElasticNet,0.1,0.9,,,,1,True,0.7986687372667745,3.2846554754717427e-06,False,0
6,ElasticNet,1.0,0.9,,,,1,True,5.133884364272958,1.0816621273113114e-06,False,0
6,ElasticNet,10.0,0.9,,,,1,True,16.034901680449362,0.0,False,0
6,ElasticNet,100.0,0.9,,,,1,True,16.034901680449362,0.0,False,0
6,ElasticNet,1000.0,0.9,,,,1,True,16.034901680449362,0.0,False,0
6,ElasticNet,10000.0,0.9,,,,1,True,16.034901680449362,0.0,False,0
6,ElasticNet,100000.0,0.9,,,,1,True,16.034901680449362,0.0,False,0
6,ElasticNet,1000000.0,0.9,,,,1,True,16.034901680449362,0.0,False,0
6,ElasticNet,0.01,0.95,,,,2,True,0.754065456046765,9.680892872673125e-06,False,0
6,ElasticNet,0.1,0.95,,,,1,True,0.803358241067405,2.557999181640458e-06,False,0
6,ElasticNet,1.0,0.95,,,,1,True,5.2715997650469735,1.1500421925880744e-06,False,0
6,ElasticNet,10.0,0.95,,,,1,True,16.034901680449362,0.0,False,0
6,ElasticNet,100.0,0.95,,,,1,True,16.034901680449362,0.0,False,0
6,ElasticNet,1000.0,0.95,,,,1,True,16.034901680449362,0.0,False,0
6,ElasticNet,10000.0,0.95,,,,1,True,16.034901680449362,0.0,False,0
6,ElasticNet,100000.0,0.95,,,,1,True,16.034901680449362,0.0,False,0
6,ElasticNet,1000000.0,0.95,,,,1,True,16.034901680449362,0.0,False,0
7,Ridge,10.0,0.0,,,,2,True,0.5386359757490151,0.0,False,0
7,Ridge,100.0,0.0,,,,1,True,0.5898283457209278,0.0,False,0
7,Ridge,1000.0,0.0,,,,1,True,2.55010336993596,0.0,False,0
7,Ridge,10000.0,0.0,,,,1,True,9.066013779763642,0.0,False,0
7,Ridge,100000.0,0.0,,,,1,True,14.812222877475117,0.0,False,0
7,Ridge,1000000.0,0.0,,,,1,True,15.902685063819339,0.0,False,0
7,LASSO,0.01,1.0,,,,2,True,0.5182619365521041,8.654939643058107e-06,False,0
7,LASSO,0.1,1.0,,,,1,True,0.585986298202528,4.268629080511621e-06,False,0
7,LASSO,1.0,1.0,,,,1,True,5.37499315795968,3.0456203421458383e-06,False,0
7,LASSO,10.0,1.0,,,,1,True,16.034901680449362,0.0,False,0
7,LASSO,100.0,1.0,,,,1,True,16.034901680449362,0.0,False,0
7,LASSO,1000.0,1.0,,,,1,True,16.034901680449362,0.0,False,0
7,LASSO,10000.0,1.0,,,,1,True,16.034901680449362,0.0,False,0
7,LASSO,100000.0,1.0,,,,1,True,16.034901680449362,0.0,False,0
7,LASSO,1000000.0,1.0,,,,1,True,16.034901680449362,0.0,False,0
7,ElasticNet,0.01,0.1,,,,2,True,0.4647234764749628,9.800146748955348e-06,False,0
7,ElasticNet,0.1,0.1,,,,1,True,0.44513613337219166,3.0252636611868833e-06,False,0
7,ElasticNet,1.0,0.1,,,,1,True,2.0413770968397498,2.8656307131391667e-07,False,0
7,ElasticNet,10.0,0.1,,,,1,True,10.149947508710794,5.2072617329201876e-09,False,0
7,ElasticNet,100.0,0.1,,,,1,True,16.034901680449362,0.0,False,0
7,ElasticNet,1000.0,0.1,,,,1,True,16.034901680449362,0.0,False,0
7,ElasticNet,10000.0,0.1,,,,1,True,16.034901680449362,0.0,False,0
7,ElasticNet,100000.0,0.1,,,,1,True,16.034901680449362,0.0,False,0
7,ElasticNet,1000000.0,0.1,,,,1,True,16.034901680449362,0.0,False,0
7,ElasticNet,0.01,0.3,,,,2,True,0.4792211115600633,8.612825146071118e-06,False,0
7,ElasticNet,0.1,0.3,,,,1,True,0.497249315001083,4.989892828349829e-06,False,0
7,ElasticNet,1.0,0.3,,,,1,True,2.6996504628040334,9.351389762546347e-07,False,0
7,ElasticNet,10.0,0.3,,,,1,True,15.654545416871935,1.1391820819994791e-10,False,0
7,ElasticNet,100.0,0.3,,,,1,True,16.034901680449362,0.0,False,0
7,ElasticNet,1000.0,0.3,,,,1,True,16.034901680449362,0.0,False,0
7,ElasticNet,10000.0,0.3,,,,1,True,16.034901680449362,0.0,False,0
7,ElasticNet,100000.0,0.3,,,,1,True,16.034901680449362,0.0,False,0
7,ElasticNet,1000000.0,0.3,,,,1,True,16.034901680449362,0.0,False,0
7,ElasticNet,0.01,0.5,,,,2,True,0.4949708242184398,8.55523886659354e-06,False,0
7,ElasticNet,0.1,0.5,,,,1,True,0.5140623695344807,4.541090365788036e-06,False,0
7,ElasticNet,1.0,0.5,,,,1,True,3.464272126878645,6.897733909605464e-07,False,0
7,ElasticNet,10.0,0.5,,,,1,True,16.034901680449362,0.0,False,0
7,ElasticNet,100.0,0.5,,,,1,True,16.034901680449362,0.0,False,0
7,ElasticNet,1000.0,0.5,,,,1,True,16.034901680449362,0.0,False,0
7,ElasticNet,10000.0,0.5,,,,1,True,16.034901680449362,0.0,False,0
7,ElasticNet,100000.0,0.5,,,,1,True,16.034901680449362,0.0,False,0
7,ElasticNet,1000000.0,0.5,,,,1,True,16.034901680449362,0.0,False,0
7,ElasticNet,0.01,0.7,,,,2,True,0.5052660915412562,8.72864572706595e-06,False,0
7,ElasticNet,0.1,0.7,,,,1,True,0.5257530718518449,7.5353218850077175e-06,False,0
7,ElasticNet,1.0,0.7,,,,1,True,4.24466973754475,7.782752314833274e-07,False,0
7,ElasticNet,10.0,0.7,,,,1,True,16.034901680449362,0.0,False,0
7,ElasticNet,100.0,0.7,,,,1,True,16.034901680449362,0.0,False,0
7,ElasticNet,1000.0,0.7,,,,1,True,16.034901680449362,0.0,False,0
7,ElasticNet,10000.0,0.7,,,,1,True,16.034901680449362,0.0,False,0
7,ElasticNet,100000.0,0.7,,,,1,True,16.034901680449362,0.0,False,0
7,ElasticNet,1000000.0,0.7,,,,1,True,16.034901680449362,0.0,False,0
7,ElasticNet,0.01,0.9,,,,2,True,0.5142422966041393,9.967658047022737e-06,False,0
7,ElasticNet,0.1,0.9,,,,1,True,0.5639165074325903,9.237297277350787e-06,False,0
7,ElasticNet,1.0,0.9,,,,1,True,4.98780365965352,1.3700098416835615e-06,False,0
7,ElasticNet,10.0,0.9,,,,1,True,16.034901680449362,0.0,False,0
7,ElasticNet,100.0,0.9,,,,1,True,16.034901680449362,0.0,False,0
7,ElasticNet,1000.0,0.9,,,,1,True,16.034901680449362,0.0,False,0
7,ElasticNet,10000.0,0.9,,,,1,True,16.034901680449362,0.0,False,0
7,ElasticNet,100000.0,0.9,,,,1,True,16.034901680449362,0.0,False,0
7,ElasticNet,1000000.0,0.9,,,,1,True,16.034901680449362,0.0,False,0
7,ElasticNet,0.01,0.95,,,,2,True,0.5161227540038741,8.906246970970949e-06,False,0
7,ElasticNet,0.1,0.95,,,,1,True,0.571873159582882,6.960619604923224e-06,False,0
7,ElasticNet,1.0,0.95,,,,1,True,5.1889291933546104,1.5528668237951848e-06,False,0
7,ElasticNet,10.0,0.95,,,,1,True,16.034901680449362,0.0,False,0
7,ElasticNet,100.0,0.95,,,,1,True,16.034901680449362,0.0,False,0
7,ElasticNet,1000.0,0.95,,,,1,True,16.034901680449362,0.0,False,0
7,ElasticNet,10000.0,0.95,,,,1,True,16.034901680449362,0.0,False,0
7,ElasticNet,100000.0,0.95,,,,1,True,16.034901680449362,0.0,False,0
7,ElasticNet,1000000.0,0.95,,,,1,True,16.034901680449362,0.0,False,0
8,Ridge,10.0,0.0,,,,2,True,0.3689403330133963,0.0,False,0
8,Ridge,100.0,0.0,,,,1,True,0.44948614338667986,0.0,False,0
8,Ridge,1000.0,0.0,,,,1,True,2.0550287795945366,0.0,False,0
8,Ridge,10000.0,0.0,,,,1,True,8.223979716671318,0.0,False,0
8,Ridge,100000.0,0.0,,,,1,True,14.56044178096274,0.0,False,0
8,Ridge,1000000.0,0.0,,,,1,True,15.872943068750608,0.0,False,0
8,LASSO,0.01,1.0,,,,2,True,0.36059976406792943,1.393518266369631e-05,False,0
8,LASSO,0.1,1.0,,,,1,True,0.47412188730484156,7.590778158816924e-07,False,0
8,LASSO,1.0,1.0,,,,1,True,5.151939178520773,7.827139645422143e-06,False,0
8,LASSO,10.0,1.0,,,,1,True,16.034901680449362,0.0,False,0
8,LASSO,100.0,1.0,,,,1,True,16.034901680449362,0.0,False,0
8,LASSO,1000.0,1.0,,,,1,True,16.034901680449362,0.0,False,0
8,LASSO,10000.0,1.0,,,,1,True,16.034901680449362,0.0,False,0
8,LASSO,100000.0,1.0,,,,1,True,16.034901680449362,0.0,False,0
8,LASSO,1000000.0,1.0,,,,1,True,16.034901680449362,0.0,False,0
8,ElasticNet,0.1,0.1,,,,1,True,0.33938373130996285,9.546333590862432e-06,False,0
8,ElasticNet,1.0,0.1,,,,1,True,1.6804183262190044,4.576010164680788e-06,False,0
8,ElasticNet,10.0,0.1,,,,1,True,9.5486371274201,7.053491124509037e-11,False,0
8,ElasticNet,100.0,0.1,,,,1,True,16.034901680449362,0.0,False,0
8,ElasticNet,1000.0,0.1,,,,1,True,16.034901680449362,0.0,False,0
8,ElasticNet,10000.0,0.1,,,,1,True,16.034901680449362,0.0,False,0
8,ElasticNet,100000.0,0.1,,,,1,True,16.034901680449362,0.0,False,0
8,ElasticNet,1000000.0,0.1,,,,1,True,16.034901680449362,0.0,False,0
8,ElasticNet,0.01,0.3,,,,2,True,0.32809215421757365,9.841057998880888e-06,False,0
8,ElasticNet,0.1,0.3,,,,1,True,0.39451637017787,8.613113296918051e-06,False,0
8,ElasticNet,1.0,0.3,,,,1,True,2.4217749095890055,6.5047952155228295e-06,False,0
8,ElasticNet,10.0,0.3,,,,1,True,15.654545416871935,1.1391820819994791e-10,False,0
8,ElasticNet,100.0,0.3,,,,1,True,16.034901680449362,0.0,False,0
8,ElasticNet,1000.0,0.3,,,,1,True,16.034901680449362,0.0,False,0
8,ElasticNet,10000.0,0.3,,,,1,True,16.034901680449362,0.0,False,0
8,ElasticNet,100000.0,0.3,,,,1,True,16.034901680449362,0.0,False,0
8,ElasticNet,1000000.0,0.3,,,,1,True,16.034901680449362,0.0,False,0
8,ElasticNet,0.01,0.5,,,,2,True,0.34178053081367793,9.936937332412528e-06,False,0
8,ElasticNet,0.1,0.5,,,,1,True,0.41248638975369833,8.06713801641823e-06,False,0
8,ElasticNet,1.0,0.5,,,,1,True,3.283909222302732,8.12824313201066e-06,False,0
8,ElasticNet,10.0,0.5,,,,1,True,16.034901680449362,0.0,False,0
8,ElasticNet,100.0,0.5,,,,1,True,16.034901680449362,0.0,False,0
8,ElasticNet,1000.0,0.5,,,,1,True,16.034901680449362,0.0,False,0
8,ElasticNet,10000.0,0.5,,,,1,True,16.034901680449362,0.0,False,0
8,ElasticNet,100000.0,0.5,,,,1,True,16.034901680449362,0.0,False,0
8,ElasticNet,1000000.0,0.5,,,,1,True,16.034901680449362,0.0,False,0
8,ElasticNet,0.01,0.7,,,,2,True,0.3454899166379337,9.689206387497595e-06,False,0
8,ElasticNet,0.1,0.7,,,,1,True,0.43893020766607616,8.674536974589975e-06,False,0
8,ElasticNet,1.0,0.7,,,,1,True,4.106706263508292,1.2601847347859518e-06,False,0
8,ElasticNet,10.0,0.7,,,,1,True,16.034901680449362,0.0,False,0
8,ElasticNet,100.0,0.7,,,,1,True,16.034901680449362,0.0,False,0
8,ElasticNet,1000.0,0.7,,,,1,True,16.034901680449362,0.0,False,0
8,ElasticNet,10000.0,0.7,,,,1,True,16.034901680449362,0.0,False,0
8,ElasticNet,100000.0,0.7,,,,1,True,16.034901680449362,0.0,False,0
8,ElasticNet,1000000.0,0.7,,,,1,True,16.034901680449362,0.0,False,0
8,ElasticNet,0.01,0.9,,,,2,True,0.35337846304223547,8.640634189786486e-06,False,0
8,ElasticNet,0.1,0.9,,,,1,True,0.46560296591331235,2.8072990384125918e-06,False,0
8,ElasticNet,1.0,0.9,,,,1,True,4.8202381556592435,5.693317940314024e-06,False,0
8,ElasticNet,10.0,0.9,,,,1,True,16.034901680449362,0.0,False,0
8,ElasticNet,100.0,0.9,,,,1,True,16.034901680449362,0.0,False,0
8,ElasticNet,1000.0,0.9,,,,1,True,16.034901680449362,0.0,False,0
8,ElasticNet,10000.0,0.9,,,,1,True,16.034901680449362,0.0,False,0
8,ElasticNet,100000.0,0.9,,,,1,True,16.034901680449362,0.0,False,0
8,ElasticNet,1000000.0,0.9,,,,1,True,16.034901680449362,0.0,False,0
8,ElasticNet,0.01,0.95,,,,2,True,0.35643141297022707,9.837554157189274e-06,False,0
8,ElasticNet,0.1,0.95,,,,1,True,0.473985571936638,8.57794491969377e-06,False,0
8,ElasticNet,1.0,0.95,,,,1,True,4.996757966039502,3.380236140104742e-06,False,0
8,ElasticNet,10.0,0.95,,,,1,True,16.034901680449362,0.0,False,0
8,ElasticNet,100.0,0.95,,,,1,True,16.034901680449362,0.0,False,0
8,ElasticNet,1000.0,0.95,,,,1,True,16.034901680449362,0.0,False,0
8,ElasticNet,10000.0,0.95,,,,1,True,16.034901680449362,0.0,False,0
8,ElasticNet,100000.0,0.95,,,,1,True,16.034901680449362,0.0,False,0
8,ElasticNet,1000000.0,0.95,,,,1,True,16.034901680449362,0.0,False,0
9,Ridge,1e-06,0.0,,,,2,True,0.3605766988145019,0.0,False,0
9,Ridge,1e-05,0.0,,,,2,True,0.36027643394295833,0.0,False,0
9,Ridge,0.0001,0.0,,,,2,True,0.35752784548722677,0.0,False,0
9,Ridge,0.001,0.0,,,,2,True,0.33875815702228834,0.0,False,0
9,Ridge,100.0,0.0,,,,2,True,0.741819477411373,0.0,False,0
9,Ridge,1000.0,0.0,,,,1,True,1.555820479967515,0.0,False,0
9,Ridge,10000.0,0.0,,,,1,True,6.913768050387692,0.0,False,0
9,Ridge,100000.0,0.0,,,,1,True,13.996140401537717,0.0,False,0
9,Ridge,1000000.0,0.0,,,,1,True,15.802036490954476,0.0,False,0
9,ElasticNet,1e-06,0.1,,,,2,True,0.3860583836674578,5.5622236970202816e-05,False,0
9,ElasticNet,1e-05,0.1,,,,2,True,0.3149336998372011,6.891286703803386e-05,False,0
9,ElasticNet,0.1,0.1,,,,2,True,0.6039876657163499,5.643330539591845e-06,False,0
9,ElasticNet,1.0,0.1,,,,1,True,1.331457993764061,9.03945746970336e-06,False,0
9,ElasticNet,10.0,0.1,,,,1,True,8.782158390226426,3.3806759081045357e-07,False,0
9,ElasticNet,100.0,0.1,,,,1,True,16.034901680449362,0.0,False,0
9,ElasticNet,1000.0,0.1,,,,1,True,16.034901680449362,0.0,False,0
9,ElasticNet,10000.0,0.1,,,,1,True,16.034901680449362,0.0,False,0
9,ElasticNet,100000.0,0.1,,,,1,True,16.034901680449362,0.0,False,0
9,ElasticNet,1000000.0,0.1,,,,1,True,16.034901680449362,0.0,False,0
9,ElasticNet,1e-06,0.3,,,,2,True,0.4107574768062763,5.213058706574207e-05,False,0
9,ElasticNet,1e-05,0.3,,,,2,True,0.31325933586719107,7.804690797322714e-05,False,0
9,ElasticNet,0.1,0.3,,,,1,True,0.30902590727724405,6.924205507567727e-06,False,0
9,ElasticNet,1.0,0.3,,,,1,True,2.1460150263816393,1.4943534317746199e-06,False,0
9,ElasticNet,10.0,0.3,,,,1,True,15.633915570254624,1.2191594400690065e-09,False,0
9,ElasticNet,100.0,0.3,,,,1,True,16.034901680449362,0.0,False,0
9,ElasticNet,1000.0,0.3,,,,1,True,16.034901680449362,0.0,False,0
9,ElasticNet,10000.0,0.3,,,,1,True,16.034901680449362,0.0,False,0
9,ElasticNet,100000.0,0.3,,,,1,True,16.034901680449362,0.0,False,0
9,ElasticNet,1000000.0,0.3,,,,1,True,16.034901680449362,0.0,False,0
9,ElasticNet,1e-06,0.5,,,,2,True,0.3972104183902476,7.413137479391376e-05,False,0
9,ElasticNet,1e-05,0.5,,,,2,True,0.3161713645535883,9.099159974853825e-05,False,0
9,ElasticNet,0.1,0.5,,,,1,True,0.3362095253403241,7.359391141104066e-06,False,0
9,ElasticNet,1.0,0.5,,,,1,True,3.0426922873868847,3.346168686579887e-07,False,0
9,ElasticNet,10.0,0.5,,,,1,True,16.034901680449362,0.0,False,0
9,ElasticNet,100.0,0.5,,,,1,True,16.034901680449362,0.0,False,0
9,ElasticNet,1000.0,0.5,,,,1,True,16.034901680449362,0.0,False,0
9,ElasticNet,10000.0,0.5,,,,1,True,16.034901680449362,0.0,False,0
9,ElasticNet,100000.0,0.5,,,,1,True,16.034901680449362,0.0,False,0
9,ElasticNet,1000000.0,0.5,,,,1,True,16.034901680449362,0.0,False,0
9,ElasticNet,1e-06,0.7,,,,2,True,0.40206432604155246,6.73245107307032e-05,False,0
9,ElasticNet,1e-05,0.7,,,,2,True,0.32611299424124357,8.706427933180673e-05,False,0
9,ElasticNet,0.1,0.7,,,,1,True,0.3668909449582543,9.596851905810388e-06,False,0
9,ElasticNet,1.0,0.7,,,,1,True,3.9502940898146384,7.754580696461844e-07,False,0
9,ElasticNet,10.0,0.7,,,,1,True,16.034901680449362,0.0,False,0
9,ElasticNet,100.0,0.7,,,,1,True,16.034901680449362,0.0,False,0
9,ElasticNet,1000.0,0.7,,,,1,True,16.034901680449362,0.0,False,0
9,ElasticNet,10000.0,0.7,,,,1,True,16.034901680449362,0.0,False,0
9,ElasticNet,100000.0,0.7,,,,1,True,16.034901680449362,0.0,False,0
9,ElasticNet,1000000.0,0.7,,,,1,True,16.034901680449362,0.0,False,0
9,ElasticNet,1e-06,0.9,,,,2,True,0.4172891663282206,5.7463755341289856e-05,False,0
9,ElasticNet,1e-05,0.9,,,,2,True,0.3363052360994245,7.546063039653276e-05,False,0
9,ElasticNet,0.1,0.9,,,,1,True,0.40484280549439683,5.304574316591926e-06,False,0
9,ElasticNet,1.0,0.9,,,,1,True,4.7757512373501525,3.7894767910273686e-06,False,0
9,ElasticNet,10.0,0.9,,,,1,True,16.034901680449362,0.0,False,0
9,ElasticNet,100.0,0.9,,,,1,True,16.034901680449362,0.0,False,0
9,ElasticNet,1000.0,0.9,,,,1,True,16.034901680449362,0.0,False,0
9,ElasticNet,10000.0,0.9,,,,1,True,16.034901680449362,0.0,False,0
9,ElasticNet,100000.0,0.9,,,,1,True,16.034901680449362,0.0,False,0
9,ElasticNet,1000000.0,0.9,,,,1,True,16.034901680449362,0.0,False,0
9,ElasticNet,1e-06,0.95,,,,2,True,0.3996037677915554,6.869230353934085e-05,False,0
9,ElasticNet,1e-05,0.95,,,,2,True,0.33327577806529946,7.567674037829105e-05,False,0
9,ElasticNet,0.1,0.95,,,,1,True,0.4185395772870741,3.492806296218065e-06,False,0
9,ElasticNet,1.0,0.95,,,,1,True,4.983173265777187,3.2386677650264595e-05,False,0
9,ElasticNet,10.0,0.95,,,,1,True,16.034901680449362,0.0,False,0
9,ElasticNet,100.0,0.95,,,,1,True,16.034901680449362,0.0,False,0
9,ElasticNet,1000.0,0.95,,,,1,True,16.034901680449362,0.0,False,0
9,ElasticNet,10000.0,0.95,,,,1,True,16.034901680449362,0.0,False,0
9,ElasticNet,100000.0,0.95,,,,1,True,16.034901680449362,0.0,False,0
9,ElasticNet,1000000.0,0.95,,,,1,True,16.034901680449362,0.0,False,0
10,Ridge,1e-06,0.0,,,,2,True,0.7982421850419968,0.0,False,0
10,Ridge,1e-05,0.0,,,,2,True,0.7792915677563753,0.0,False,0
10,Ridge,0.0001,0.0,,,,2,True,0.6640749093869199,0.0,False,0
10,Ridge,0.001,0.0,,,,2,True,0.45140091469783217,0.0,False,0
10,Ridge,0.01,0.0,,,,2,True,0.31703322073955764,0.0,False,0
10,Ridge,100.0,0.0,,,,2,True,0.6294860147580009,0.0,False,0
10,Ridge,1000.0,0.0,,,,1,True,1.3220344531727755,0.0,False,0
10,Ridge,10000.0,0.0,,,,1,True,6.272419714580188,0.0,False,0
10,Ridge,100000.0,0.0,,,,1,True,13.683474371664964,0.0,False,0
10,Ridge,1000000.0,0.0,,,,1,True,15.759703962542467,0.0,False,0
11,Ridge,1e-06,0.0,,,,1,True,1.7431320694775687,0.0,False,0
11,Ridge,1e-05,0.0,,,,1,True,1.116359341762651,0.0,False,0
11,Ridge,0.0001,0.0,,,,1,True,0.4406424276223821,0.0,False,0
11,Ridge,0.001,0.0,,,,2,True,0.6502678591454384,0.0,False,0
11,Ridge,0.01,0.0,,,,2,True,0.37796786679646033,0.0,False,0
11,Ridge,100.0,0.0,,,,2,True,0.5188475204474741,0.0,False,0
11,Ridge,1000.0,0.0,,,,1,True,1.072950983888925,0.0,False,0
11,Ridge,10000.0,0.0,,,,1,True,5.365808303701787,0.0,False,0
11,Ridge,100000.0,0.0,,,,1,True,13.038253659579828,0.0,False,0
11,Ridge,1000000.0,0.0,,,,1,True,15.666562426127223,0.0,False,0
12,Ridge,1e-06,0.0,,,,1,True,4.898080294520355,0.0,False,0
12,Ridge,1e-05,0.0,,,,1,True,1.1996374645402137,0.0,False,0
12,Ridge,0.0001,0.0,,,,1,True,0.5428588813367176,0.0,False,0
12,Ridge,0.001,0.0,,,,2,True,0.8921091167126803,0.0,False,0
12,Ridge,0.01,0.0,,,,2,True,0.4179552238592192,0.0,False,0
12,Ridge,100.0,0.0,,,,2,True,0.49457713266984976,0.0,False,0
12,Ridge,1000.0,0.0,,,,1,True,0.9615439809376672,0.0,False,0
12,Ridge,10000.0,0.0,,,,1,True,4.9136793084836095,0.0,False,0
12,Ridge,100000.0,0.0,,,,1,True,12.695131963381849,0.0,False,0
12,Ridge,1000000.0,0.0,,,,1,True,15.610839654930208,0.0,False,0
13,Ridge,1e-06,0.0,,,,1,True,26.828295556418798,0.0,False,0
13,Ridge,1e-05,0.0,,,,1,True,3.3243015081300524,0.0,False,0
13,Ridge,0.0001,0.0,,,,1,True,0.7575413509012284,0.0,False,0
13,Ridge,0.001,0.0,,,,1,True,0.34515272495829996,0.0,False,0
13,Ridge,0.01,0.0,,,,2,True,0.6417310383621601,0.0,False,0
13,Ridge,0.1,0.0,,,,2,True,0.34079282161668045,0.0,False,0
13,Ridge,100.0,0.0,,,,2,True,0.46351500881130026,0.0,False,0
13,Ridge,1000.0,0.0,,,,1,True,0.8372409595023971,0.0,False,0
13,Ridge,10000.0,0.0,,,,1,True,4.312527342275799,0.0,False,0
13,Ridge,100000.0,0.0,,,,1,True,12.023469655042218,0.0,False,0
13,Ridge,1000000.0,0.0,,,,1,True,15.495417874741804,0.0,False,0
14,Ridge,1e-06,0.0,,,,1,True,60.312313959400825,0.0,False,0
14,Ridge,1e-05,0.0,,,,1,True,5.782657081557187,0.0,False,0
14,Ridge,0.0001,0.0,,,,1,True,1.0152242680249326,0.0,False,0
14,Ridge,0.001,0.0,,,,1,True,0.5008204980609421,0.0,False,0
14,Ridge,0.01,0.0,,,,2,True,0.8780578416411281,0.0,False,0
14,Ridge,0.1,0.0,,,,2,True,0.3472207782328333,0.0,False,0
14,Ridge,100.0,0.0,,,,2,True,0.47781957359287014,0.0,False,0
14,Ridge,1000.0,0.0,,,,1,True,0.7849352957163278,0.0,False,0
14,Ridge,10000.0,0.0,,,,1,True,4.005449802910681,0.0,False,0
14,Ridge,100000.0,0.0,,,,1,True,11.679903629867615,0.0,False,0
14,Ridge,1000000.0,0.0,,,,1,True,15.426247586685525,0.0,False,0
15,Ridge,1e-06,0.0,,,,1,True,56.12473776951919,0.0,False,0
15,Ridge,1e-05,0.0,,,,1,True,14.673921735462704,0.0,False,0
15,Ridge,0.0001,0.0,,,,1,True,1.5024991312620042,0.0,False,0
15,Ridge,0.001,0.0,,,,1,True,0.6309937968612229,0.0,False,0
15,Ridge,0.01,0.0,,,,2,True,1.615494502057648,0.0,False,0
15,Ridge,0.1,0.0,,,,2,True,0.47155731753303004,0.0,False,0
15,Ridge,100.0,0.0,,,,2,True,0.4748224069129739,0.0,False,0
15,Ridge,1000.0,0.0,,,,1,True,0.7269745446680927,0.0,False,0
15,Ridge,10000.0,0.0,,,,1,True,3.608289091149569,0.0,False,0
15,Ridge,100000.0,0.0,,,,1,True,11.029874030272643,0.0,False,0
15,Ridge,1000000.0,0.0,,,,1,True,15.289592025658584,0.0,False,0
16,Ridge,1e-06,0.0,,,,1,True,155.23982592352692,0.0,False,0
16,Ridge,1e-05,0.0,,,,1,True,27.656760104685745,0.0,False,0
16,Ridge,0.0001,0.0,,,,1,True,1.7685203646450682,0.0,False,0
16,Ridge,0.001,0.0,,,,1,True,1.0240331462853365,0.0,False,0
16,Ridge,0.01,0.0,,,,2,True,2.412251560607473,0.0,False,0
16,Ridge,0.1,0.0,,,,2,True,0.5182651625367237,0.0,False,0
16,Ridge,100.0,0.0,,,,2,True,0.5036294238812974,0.0,False,0
16,Ridge,1000.0,0.0,,,,1,True,0.7045631721661176,0.0,False,0
16,Ridge,10000.0,0.0,,,,1,True,3.4033527385886675,0.0,False,0
16,Ridge,100000.0,0.0,,,,1,True,10.706714232247135,0.0,False,0
16,Ridge,1000000.0,0.0,,,,1,True,15.207716994354179,0.0,False,0
17,Ridge,1e-06,0.0,,,,1,True,150.64917197777774,0.0,False,0
17,Ridge,1e-05,0.0,,,,1,True,35.35831237287413,0.0,False,0
17,Ridge,0.0001,0.0,,,,1,True,4.373322626747587,0.0,False,0
17,Ridge,0.001,0.0,,,,1,True,1.1046589783826548,0.0,False,0
17,Ridge,0.01,0.0,,,,1,True,0.3798836801212242,0.0,False,0
17,Ridge,0.1,0.0,,,,2,True,0.8288066381146534,0.0,False,0
17,Ridge,100.0,0.0,,,,2,True,0.5099602741243778,0.0,False,0
17,Ridge,1000.0,0.0,,,,1,True,0.6816863516912915,0.0,False,0
17,Ridge,10000.0,0.0,,,,1,True,3.1374703626865514,0.0,False,0
17,Ridge,100000.0,0.0,,,,1,True,10.1106321005588,0.0,False,0
17,Ridge,1000000.0,0.0,,,,1,True,15.051907663348928,0.0,False,0
18,Ridge,1e-06,0.0,,,,1,True,360.41286854204077,0.0,False,0
18,Ridge,1e-05,0.0,,,,1,True,60.3455057683835,0.0,False,0
18,Ridge,0.0001,0.0,,,,1,True,5.9014644375508105,0.0,False,0
18,Ridge,0.001,0.0,,,,1,True,1.5939347430584496,0.0,False,0
18,Ridge,0.01,0.0,,,,1,True,0.5523295216637826,0.0,False,0
18,Ridge,0.1,0.0,,,,2,True,1.0389939556904162,0.0,False,0
18,Ridge,100.0,0.0,,,,2,True,0.5415254328022526,0.0,False,0
18,Ridge,1000.0,0.0,,,,1,True,0.6742346666727906,0.0,False,0
18,Ridge,10000.0,0.0,,,,1,True,3.0012311150647304,0.0,False,0
18,Ridge,100000.0,0.0,,,,1,True,9.818265831418634,0.0,False,0
18,Ridge,1000000.0,0.0,,,,1,True,14.958838607867692,0.0,False,0
19,Ridge,1e-06,0.0,,,,1,True,384.449022226245,0.0,False,0
19,Ridge,1e-05,0.0,,,,1,True,70.18037640245394,0.0,False,0
19,Ridge,0.0001,0.0,,,,1,True,9.764857346490126,0.0,False,0
19,Ridge,0.001,0.0,,,,1,True,1.7443631000877147,0.0,False,0
19,Ridge,0.01,0.0,,,,1,True,0.6546770386609443,0.0,False,0
19,Ridge,0.1,0.0,,,,2,True,1.6873917485844547,0.0,False,0
19,Ridge,1.0,0.0,,,,2,True,0.4030604177664127,0.0,False,0
19,Ridge,100.0,0.0,,,,2,True,0.5540672148353524,0.0,False,0
19,Ridge,1000.0,0.0,,,,1,True,0.6685538725254331,0.0,False,0
19,Ridge,10000.0,0.0,,,,1,True,2.820188730416257,0.0,False,0
19,Ridge,100000.0,0.0,,,,1,True,9.29187004088523,0.0,False,0
19,Ridge,1000000.0,0.0,,,,1,True,14.786844045085742,0.0,False,0
20,Ridge,1e-06,0.0,,,,1,True,741.1917204346818,0.0,False,0
20,Ridge,1e-05,0.0,,,,1,True,108.32079586337754,0.0,False,0
20,Ridge,0.0001,0.0,,,,1,True,13.553987018730659,0.0,False,0
20,Ridge,0.001,0.0,,,,1,True,2.368079875548736,0.0,False,0
20,Ridge,0.01,0.0,,,,1,True,0.9773564725512007,0.0,False,0
20,Ridge,0.1,0.0,,,,2,True,2.1714591302969892,0.0,False,0
20,Ridge,1.0,0.0,,,,2,True,0.4144505833716529,0.0,False,0
20,Ridge,100.0,0.0,,,,2,True,0.5818548101166128,0.0,False,0
20,Ridge,1000.0,0.0,,,,1,True,0.6683430770234321,0.0,False,0
20,Ridge,10000.0,0.0,,,,1,True,2.729259425149118,0.0,False,0
20,Ridge,100000.0,0.0,,,,1,True,9.033413845059048,0.0,False,0
20,Ridge,1000000.0,0.0,,,,1,True,14.68471119568859,0.0,False,0
10,LASSO,0.0001,1.0,,,,2,True,0.2830820365610447,9.915312641320956e-06,False,0
