degree,model,alpha,l1_ratio,mean_mse,std_mse,mean_r2,evaluated_folds,pruned,mse_lower_bound,max_kkt,converged,warning_count
9,Ridge,1.0,0.0,0.38578598436661693,0.11012192434773607,0.990604834265303,3,False,0.38578598436661693,0.0,True,0
9,Ridge,1.0,0.0,0.385785984366617,0.11012192434773617,0.990604834265303,3,False,0.385785984366617,0.0,True,0
9,ElasticNet,0.001,0.1,0.3866128451547454,0.12232627297900028,0.9906023169261239,3,False,0.3866128451547454,9.799364232792045e-06,True,0
9,Ridge,1.7782794100389228,0.0,0.38677437424151256,0.09861720983651016,0.9905548649804025,3,False,0.38677437424151256,0.0,True,0
9,ElasticNet,0.001,0.1,0.387174755701248,0.12293387005253893,0.9905896828284654,3,False,0.3871747557012481,1.7674448376960242e-05,True,0
9,ElasticNet,0.0017782794100389228,0.1,0.3872382319728001,0.11463773201755453,0.9905747653123047,3,False,0.3872382319728002,9.967758628669319e-06,True,0
9,ElasticNet,0.0031622776601683794,0.1,0.38788714718312517,0.10173889570720493,0.9905321124191341,3,False,0.38788714718312517,9.783870290118262e-06,True,0
9,Ridge,0.5623413251903491,0.0,0.38791845892962984,0.1238507024877044,0.990575379752352,3,False,0.38791845892962984,0.0,True,0
8,ElasticNet,0.001,0.1,0.38938007316725626,0.10493026584632346,0.9905100729230917,3,False,0.38938007316725626,9.921451937583672e-06,True,0
8,ElasticNet,0.001,0.3,0.3896776076209317,0.10385440100856483,0.9904992989937553,3,False,0.3896776076209317,9.967645090794741e-06,True,0
9,Ridge,0.31622776601683794,0.0,0.390052368753322,0.1356758397768163,0.9905388604202385,3,False,0.390052368753322,0.0,True,0
9,ElasticNet,0.0005623413251903491,0.1,0.3911933163686972,0.13810825287361814,0.9905142517060525,3,False,0.3911933163686972,9.972885146142389e-06,True,0
9,Ridge,0.1778279410038923,0.0,0.391275938429569,0.14395858987586718,0.9905169854980835,3,False,0.391275938429569,0.0,True,0
9,ElasticNet,0.00017782794100389227,0.1,0.39186507091592443,0.14436691148835482,0.9904971115928586,3,False,0.39186507091592443,9.953299339349485e-06,True,0
9,Ridge,0.1,0.0,0.3925387368053405,0.14856121516365442,0.9904878734692687,3,False,0.3925387368053405,0.0,True,0
9,Ridge,0.1,0.0,0.3925387368053406,0.14856121516365453,0.9904878734692687,3,False,0.3925387368053406,0.0,True,0
9,ElasticNet,0.00031622776601683794,0.1,0.3926365126456723,0.144488928582455,0.9904853202888795,3,False,0.3926365126456723,9.994112921581427e-06,True,0
9,ElasticNet,0.00031622776601683794,0.95,0.3926405476220797,0.1365391657986528,0.9904611566238729,3,False,0.3926405476220797,9.918751539400139e-06,True,0
9,ElasticNet,0.0001,0.1,0.3927358556767144,0.1419103225604744,0.9904672421027533,3,False,0.3927358556767144,2.804105507424616e-05,True,0
9,ElasticNet,0.00031622776601683794,0.9,0.3937046182484622,0.13923456736508122,0.99044044252764,3,False,0.3937046182484621,9.93041946045531e-06,True,0
9,ElasticNet,0.001,0.3,0.39380371249426216,0.1367828400792494,0.990443658873397,3,False,0.39380371249426216,9.87430254467068e-06,True,0
9,ElasticNet,0.001,0.3,0.3939552181624075,0.13714784900083574,0.9904406008527733,3,False,0.3939552181624075,9.93790896492943e-06,True,0
8,ElasticNet,0.001,0.5,0.39483349297601134,0.10596869208099009,0.9903751749107158,3,False,0.39483349297601134,9.612070926959607e-06,True,0
9,ElasticNet,0.0005623413251903491,0.3,0.3948802186481224,0.1424666077494997,0.9904270025627726,3,False,0.3948802186481224,9.970058860498548e-06,True,0
9,ElasticNet,0.0017782794100389228,0.3,0.3952499611774836,0.12528037950997253,0.9903894070195447,3,False,0.3952499611774836,9.65705105317443e-06,True,0
9,ElasticNet,0.00031622776601683794,0.3,0.39532433608734124,0.1444469113637103,0.9904193579375448,3,False,0.39532433608734124,9.927534625066672e-06,True,0
9,ElasticNet,0.0001,0.1,0.39540753879855356,0.1445888218430065,0.9904084119751694,3,False,0.39540753879855356,9.980646182207007e-06,True,0
9,Ridge,3.1622776601683795,0.0,0.39547655812578936,0.0936834417347259,0.9903190126732805,3,False,0.39547655812578936,0.0,True,0
9,ElasticNet,0.00017782794100389227,0.3,0.39647268785608536,0.14668914938409305,0.9903901629517943,3,False,0.39647268785608536,9.962672528330027e-06,True,0
8,Ridge,1.0,0.0,0.39705126858917006,0.10909343374582349,0.9903253659554921,3,False,0.3970512685891701,0.0,True,0
9,ElasticNet,0.00031622776601683794,0.5,0.39810251669925906,0.14736467105645865,0.9903539005743763,3,False,0.39810251669925906,9.638983480188962e-06,True,0
9,ElasticNet,0.005623413251903491,0.1,0.39862791244767415,0.09480198636745969,0.9902448896583574,3,False,0.39862791244767415,9.770166279391606e-06,True,0
9,ElasticNet,0.0005623413251903491,0.9,0.3986358273336697,0.14657083963729098,0.9903260808586459,3,False,0.3986358273336697,9.994818507008413e-06,True,0
9,ElasticNet,0.0005623413251903491,0.7,0.39864999698894926,0.14899079313813796,0.9903348638121278,3,False,0.39864999698894926,9.873182164310849e-06,True,0
8,Ridge,0.1,0.0,0.3989334603014005,0.12072631010892762,0.9903008417255345,3,False,0.3989334603014005,0.0,True,0
9,ElasticNet,0.0005623413251903491,0.95,0.3989472965798047,0.1462756050624064,0.990315846379513,3,False,0.3989472965798047,9.99166574315244e-06,True,0
9,ElasticNet,0.00031622776601683794,0.7,0.3992763300908217,0.1484225319146663,0.9903235724762829,3,False,0.3992763300908217,9.739910467380561e-06,True,0
9,ElasticNet,0.0005623413251903491,0.5,0.3995966871975167,0.15165053600847025,0.9903216809546675,3,False,0.3995966871975167,9.513996381293067e-06,True,0
8,ElasticNet,0.0001,0.1,0.4006844999426924,0.11681124429201134,0.9902443652909705,3,False,0.4006844999426924,9.99613956067713e-06,True,0
11,ElasticNet,0.001,0.7,0.40072920170431575,0.17831480063428543,0.9903249461110203,3,False,0.40072920170431575,1.2311017446927893e-05,True,0
9,ElasticNet,0.001,0.5,0.4008112797503364,0.14570685779526385,0.9902799243457339,3,False,0.4008112797503364,9.917839481601767e-06,True,0
9,ElasticNet,0.001,0.5,0.4009225560012264,0.14564322569801774,0.9902775336223307,3,False,0.4009225560012264,9.430410276610479e-06,True,0
8,ElasticNet,0.0001,0.3,0.40122184537687344,0.11588860284941818,0.9902281840252174,3,False,0.40122184537687344,9.946603556376446e-06,True,0
10,ElasticNet,0.01,0.1,0.4025144872169535,0.11407806808942576,0.9902006320173098,3,False,0.4025144872169535,9.646350410953816e-06,True,0
8,ElasticNet,0.0001,0.5,0.40294856971170995,0.11485751297155035,0.990181570166022,3,False,0.40294856971170995,1.6293514787626516e-05,True,0
8,ElasticNet,0.0001,0.7,0.403481957506886,0.11268148421059225,0.9901635133227501,3,False,0.403481957506886,1.1590346455514426e-05,True,0
9,ElasticNet,0.0031622776601683794,0.3,0.4040807307609267,0.11946070113709586,0.9901625774330576,3,False,0.4040807307609267,9.786836088950153e-06,True,0
11,ElasticNet,0.01,0.1,0.40415008948213743,0.13060022628380552,0.9901620830824647,3,False,0.40415008948213743,9.805000605201753e-06,True,0
9,ElasticNet,0.00017782794100389227,0.5,0.4047085434088198,0.15494253353004664,0.9902045145697865,3,False,0.40470854340881984,9.890939645665274e-06,True,0
11,ElasticNet,0.001,0.5,0.4062196846853811,0.18483305253944368,0.9901992246137636,3,False,0.4062196846853811,9.66004002834705e-06,True,0
11,ElasticNet,0.01,0.5,0.4067494781902677,0.09668128971606398,0.9899992397285686,3,False,0.4067494781902677,9.25103190774039e-06,True,0
9,ElasticNet,0.0001,0.3,0.4069577139294336,0.15575336332121698,0.9901494593262289,3,False,0.40695771392943353,9.991383626304683e-06,True,0
11,LASSO,0.005623413251903491,1.0,0.40730021685739826,0.10607841761716083,0.9899952152041415,3,False,0.4073002168573983,8.53389124175815e-06,True,0
13,ElasticNet,0.01,0.7,0.4075787864880698,0.09024189078979229,0.9899253592440737,3,False,0.4075787864880698,8.30149432796707e-06,True,0
13,ElasticNet,0.01,0.5,0.4078110264542931,0.11497388889285552,0.9899816914740344,3,False,0.4078110264542931,7.298362657818906e-06,True,0
8,ElasticNet,0.001,0.7,0.4080810780706357,0.1187457690082416,0.9900769320209402,3,False,0.4080810780706357,9.847894045453992e-06,True,0
9,ElasticNet,0.0017782794100389228,0.5,0.4090721128848398,0.14170454143225467,0.9900736582207493,3,False,0.4090721128848398,9.584822624028664e-06,True,0
8,ElasticNet,0.0001,0.95,0.4090730036922201,0.11502298752215585,0.9900280155188428,3,False,0.4090730036922201,1.0792122973688254e-05,True,0
11,ElasticNet,0.001,0.9,0.4090816707510368,0.19696343149236473,0.9901511940824962,3,False,0.4090816707510368,3.136905985992025e-05,True,0
9,ElasticNet,0.001,0.7,0.4092796223351967,0.15548776130550188,0.9900809735419193,3,False,0.4092796223351967,9.835289097561567e-06,True,0
9,ElasticNet,0.001,0.7,0.4094030061760628,0.15591411479035902,0.9900787402744395,3,False,0.4094030061760628,9.78967785644953e-06,True,0
9,ElasticNet,0.0001,0.3,0.409588289859064,0.15773576844940906,0.9900905574546233,3,False,0.409588289859064,2.3566007720641198e-05,True,0
11,ElasticNet,0.01,0.3,0.41000876696263494,0.12291359651267039,0.9899792267913335,3,False,0.41000876696263494,9.518431022963875e-06,True,0
8,Ridge,0.01,0.0,0.410076476948034,0.10144867501303359,0.9899746493930888,3,False,0.410076476948034,0.0,True,0
15,ElasticNet,0.01,0.5,0.4105619817073374,0.1185931428405925,0.9899079111918324,3,False,0.4105619817073374,2.9247556818918705e-05,True,0
9,ElasticNet,0.00017782794100389227,0.7,0.41091405277199694,0.16299217732053928,0.9900658715996348,3,False,0.410914052771997,9.994596967424616e-06,True,0
9,ElasticNet,0.00017782794100389227,0.9,0.4109374062476401,0.15949945255738263,0.9900591314132862,3,False,0.4109374062476401,9.700642959857954e-06,True,0
8,ElasticNet,0.0001,0.9,0.41111283942550614,0.11918790754917177,0.9899863924939504,3,False,0.41111283942550614,2.3145648118314804e-05,True,0
9,ElasticNet,0.00017782794100389227,0.95,0.4114406640873649,0.1592396212588868,0.990046501216067,3,False,0.4114406640873649,9.96372132900579e-06,True,0
10,Ridge,1.0,0.0,0.41256912272056695,0.17126849931820293,0.9900537016348577,3,False,0.41256912272056695,0.0,True,0
9,ElasticNet,0.005623413251903491,0.5,0.41316589496147976,0.10150794612039254,0.9898908361282336,3,False,0.41316589496147976,9.363119898721673e-06,True,0
9,ElasticNet,0.005623413251903491,0.3,0.4134192512374377,0.10776948606186136,0.9899055196505707,3,False,0.4134192512374377,9.956199557464938e-06,True,0
11,Ridge,10.0,0.0,0.4148540827588925,0.11500231721863072,0.9898758172062054,3,False,0.4148540827588925,0.0,True,0
11,LASSO,0.001,1.0,0.41495308333958464,0.20794023444157256,0.990024858288688,3,False,0.41495308333958464,8.947490303705223e-06,True,0
11,LASSO,0.001,1.0,0.4151108515461385,0.20777055309565978,0.9900200268986784,3,False,0.4151108515461385,9.97575472338032e-06,True,0
9,ElasticNet,0.0031622776601683794,0.5,0.4151514682517741,0.1336575673457931,0.9899081655448794,3,False,0.4151514682517741,9.937126469689115e-06,True,0
9,ElasticNet,0.0031622776601683794,0.7,0.41533861368599617,0.12811475353160828,0.989888727661658,3,False,0.41533861368599617,9.787854871457294e-06,True,0
14,ElasticNet,0.01,0.5,0.41541125886104807,0.11947661703554989,0.9898020531616266,3,False,0.41541125886104807,1.6626909827706718e-05,True,0
9,ElasticNet,0.0001,0.5,0.41593077843588705,0.16385986841047498,0.989945189435551,3,False,0.41593077843588705,9.948134999226201e-06,True,0
16,ElasticNet,0.01,0.3,0.41610466198999396,0.13396369721845805,0.9898186276182322,3,False,0.416104661989994,2.746148130895222e-05,True,0
11,ElasticNet,0.01,0.7,0.41618961051174863,0.08114150077791536,0.9897163093636078,3,False,0.41618961051174863,7.285700838951213e-06,True,0
8,ElasticNet,1e-05,0.1,0.41636817293425676,0.0980919975857905,0.9898078177125958,3,False,0.41636817293425676,1.4322925216063717e-05,True,0
8,ElasticNet,1e-05,0.3,0.41645285727208065,0.09712532530069129,0.9898025666395879,3,False,0.41645285727208065,1.246148159549305e-05,True,0
16,ElasticNet,0.01,0.5,0.4165993509517511,0.11960836559964029,0.9897527724412662,3,False,0.4165993509517511,3.555892932527189e-05,True,0
17,ElasticNet,0.01,0.5,0.4168896235667711,0.11453396151157662,0.9897373195118943,3,False,0.4168896235667711,3.523969450977809e-05,True,0
9,Ridge,5.623413251903491,0.0,0.416977362355615,0.09594713035999212,0.9897760104988637,3,False,0.416977362355615,0.0,True,0
16,ElasticNet,0.01,0.7,0.41734339053037756,0.09600157302315586,0.9896738074083474,3,False,0.41734339053037756,3.347757820294523e-05,True,0
10,ElasticNet,0.001,0.95,0.4174895317758947,0.1838763904678836,0.9899128678431014,3,False,0.4174895317758948,8.789996863203895e-06,True,0
14,ElasticNet,0.01,0.7,0.41753193980855724,0.09514951789955375,0.9896855496967252,3,False,0.41753193980855724,9.754022719553508e-06,True,0
11,LASSO,0.0031622776601683794,1.0,0.4177781387982959,0.1872192377429865,0.9898902547971891,3,False,0.4177781387982959,9.242188335702086e-06,True,0
10,LASSO,0.001,1.0,0.4178842583905633,0.18273256199153942,0.9899011308729548,3,False,0.4178842583905633,9.783816907869228e-06,True,0
8,LASSO,0.0001,1.0,0.4182168417671142,0.12620284876891927,0.9898257802118571,3,False,0.4182168417671142,3.412643313067703e-05,True,0
12,ElasticNet,0.01,0.5,0.4182431860632599,0.11113964200071884,0.9897471879202064,3,False,0.4182431860632599,9.238701272048198e-06,True,0
13,ElasticNet,0.01,0.3,0.41833033316012097,0.14519543841038812,0.989796541643542,3,False,0.41833033316012097,9.781098731893693e-06,True,0
10,ElasticNet,0.001,0.9,0.4185626487577195,0.18698369010403884,0.9898924950244368,3,False,0.4185626487577195,9.942750371999434e-06,True,0
17,ElasticNet,0.01,0.7,0.4187458992107189,0.09420061539515658,0.9896380298820469,3,False,0.4187458992107189,3.403102423282789e-05,True,0
10,ElasticNet,0.001,0.7,0.418834473988203,0.18945261178043332,0.9898956761338423,3,False,0.418834473988203,9.496154039386937e-06,True,0
9,ElasticNet,0.0001,0.5,0.41927858019032854,0.16858943065367962,0.9898733568001822,3,False,0.41927858019032854,1.5744196064043822e-05,True,0
9,ElasticNet,0.01,0.1,0.41991526111930577,0.09487286422050242,0.9897044662588862,3,False,0.41991526111930577,8.87877152144713e-06,True,0
9,ElasticNet,0.01,0.1,0.4200241998202563,0.09496150873170675,0.9897020662389018,3,False,0.4200241998202563,9.720906501843596e-06,True,0
9,ElasticNet,0.001,0.9,0.42032927449732355,0.1712693815233512,0.9898296471838752,3,False,0.42032927449732355,9.830562161077297e-06,True,0
9,ElasticNet,0.005623413251903491,0.7,0.4205847717119626,0.09675284031850574,0.9896863127949386,3,False,0.4205847717119626,9.612270479181576e-06,True,0
9,ElasticNet,0.001,0.9,0.4206417958573816,0.17167541153886903,0.9898227715668376,3,False,0.4206417958573816,9.894431734194927e-06,True,0
9,ElasticNet,0.0031622776601683794,0.9,0.4210127862838076,0.12523992685231514,0.9897384115597636,3,False,0.4210127862838076,9.818381038434725e-06,True,0
12,ElasticNet,0.01,0.7,0.4211236645229747,0.08759904403818444,0.9896087316597496,3,False,0.4211236645229747,9.647512804399419e-06,True,0
8,Ridge,0.001,0.0,0.42131200419871634,0.09107625659641158,0.9896587517258008,3,False,0.42131200419871634,0.0,True,0
12,ElasticNet,0.01,0.3,0.42206751982502827,0.14022974613992586,0.9897213145499908,3,False,0.42206751982502827,9.755508771035898e-06,True,0
9,ElasticNet,0.0031622776601683794,0.95,0.42229188853150906,0.1234603859923866,0.9897018905272225,3,False,0.42229188853150906,9.9256320636237e-06,True,0
10,ElasticNet,0.001,0.3,0.42229520095140755,0.19566475288166768,0.9898332356201561,3,False,0.42229520095140755,1.5048045522438231e-05,True,0
8,LASSO,1e-06,1.0,0.42277337168516865,0.09015054598564183,0.9896177891762705,3,False,0.42277337168516865,1.2662945119787782e-05,True,0
8,ElasticNet,1e-06,0.5,0.4228778831204014,0.09434176527510295,0.9896305423865538,3,False,0.4228778831204014,2.374370993221897e-05,True,0
8,ElasticNet,1e-06,0.7,0.42311450452543475,0.09045404650952703,0.9896115840820685,3,False,0.42311450452543475,9.98596980741565e-06,True,0
13,ElasticNet,0.01,0.9,0.42342957090946953,0.08482142787755413,0.9895054399312682,3,False,0.4234295709094696,1.0569880370592602e-05,True,0
10,ElasticNet,0.001,0.5,0.4234817702126714,0.1956321051803659,0.9898003680086694,3,False,0.4234817702126714,9.99229476666497e-06,True,0
10,Ridge,10.0,0.0,0.4236734225453509,0.11121854731878976,0.9896650733230912,3,False,0.4236734225453509,0.0,True,0
8,ElasticNet,1e-06,0.1,0.4240198720709805,0.09867548108911306,0.989616266336509,3,False,0.4240198720709805,3.395280161364918e-05,True,0
8,Ridge,0.0001,0.0,0.42409535457179154,0.08904531767523982,0.989580606205894,3,False,0.42409535457179154,0.0,True,0
8,ElasticNet,1e-06,0.95,0.42437948414643945,0.08954489053301021,0.989576262318354,3,False,0.42437948414643945,9.982605951478176e-06,True,0
8,ElasticNet,1e-06,0.9,0.42439226007375574,0.09115133766484998,0.9895813747316634,3,False,0.42439226007375574,9.961168105338118e-06,True,0
8,Ridge,1e-05,0.0,0.4244210994667951,0.08880040034158818,0.9895714356326647,3,False,0.4244210994667951,0.0,True,0
8,Ridge,1e-06,0.0,0.42445424195647624,0.08877537505214392,0.9895705022695792,3,False,0.42445424195647624,0.0,True,0
15,ElasticNet,0.01,0.9,0.4245795582956869,0.08415160851645838,0.9894525674656977,3,False,0.4245795582956869,3.410802436617545e-05,True,0
10,ElasticNet,0.01,0.3,0.42459385126695876,0.11709900996971338,0.9896514940283373,3,False,0.42459385126695887,9.865813440147232e-06,True,0
9,ElasticNet,0.001,0.95,0.42508627603633276,0.17865193252447226,0.9897233813261854,3,False,0.42508627603633276,9.96406638866681e-06,True,0
9,ElasticNet,0.001,0.95,0.42524502800136715,0.1787634224838362,0.9897196549139359,3,False,0.42524502800136715,9.785776307270747e-06,True,0
8,ElasticNet,1e-05,0.5,0.42525224592681,0.10527218468727209,0.9896060093774989,3,False,0.42525224592681,1.8201103499256126e-05,True,0
9,ElasticNet,0.0017782794100389228,0.7,0.42544781855117564,0.16522329148194892,0.9897044688997155,3,False,0.42544781855117564,9.77924259603258e-06,True,0
12,ElasticNet,0.01,0.1,0.425538472737829,0.16826428814577968,0.9897065144750897,3,False,0.425538472737829,8.76350384354475e-06,True,0
8,ElasticNet,0.001,0.9,0.425584017489904,0.13569170626512725,0.9896809727648256,3,False,0.425584017489904,9.661668730137998e-06,True,0
8,ElasticNet,1e-06,0.3,0.4263662492647837,0.09488668974099679,0.9895451548748676,3,False,0.4263662492647837,1.0753263844016737e-05,True,0
9,ElasticNet,0.0017782794100389228,0.95,0.42734250090173803,0.16487266943722426,0.9896532470664755,3,False,0.42734250090173803,9.988309842302477e-06,True,0
9,ElasticNet,0.0017782794100389228,0.9,0.42779927686081476,0.16696301781281675,0.9896464914764128,3,False,0.42779927686081476,9.49255746558568e-06,True,0
9,ElasticNet,0.0001,0.7,0.42795861225712667,0.1778982753737099,0.9896767211714023,3,False,0.42795861225712667,9.975405863220506e-06,True,0
13,ElasticNet,0.01,0.95,0.42811797526888345,0.08183638085628835,0.9893793238601938,3,False,0.42811797526888345,7.346596179059334e-06,True,0
9,LASSO,0.001,1.0,0.4283385402857994,0.183819838560902,0.9896510395977393,3,False,0.4283385402857995,2.1710462539768945e-05,True,0
11,ElasticNet,0.001,0.3,0.42894609381504684,0.2200350494561661,0.9897024781015243,3,False,0.42894609381504684,9.989872652283241e-06,True,0
9,ElasticNet,0.0001,0.7,0.42921032901930173,0.1794964983671611,0.9896490509372162,3,False,0.42921032901930173,3.489549285050757e-05,True,0
8,ElasticNet,0.001,0.95,0.43060256150586723,0.14115531895911873,0.9895681871807632,3,False,0.43060256150586723,9.790233437487737e-06,True,0
8,ElasticNet,1e-05,0.7,0.4320583346423592,0.11330766886595006,0.9894579766360657,3,False,0.4320583346423592,2.4952389447300608e-05,True,0
11,LASSO,0.0017782794100389228,1.0,0.43227478208378384,0.23492587473326024,0.9896247404395937,3,False,0.43227478208378384,8.933485232017792e-06,True,0
9,ElasticNet,0.01,0.3,0.4334700004730662,0.0957694372797906,0.9893690599257093,3,False,0.4334700004730662,9.925758301904813e-06,True,0
9,ElasticNet,0.01,0.3,0.43349591475124977,0.09579894539739252,0.9893684980805609,3,False,0.43349591475124977,9.644617280261687e-06,True,0
8,LASSO,0.001,1.0,0.43527269285049974,0.1456879228767146,0.9894617081094035,3,False,0.43527269285049974,9.874516111501187e-06,True,0
13,ElasticNet,0.01,0.1,0.4352780179045795,0.18858305108841172,0.9894840965428906,3,False,0.4352780179045795,3.941373948460427e-05,True,0
9,ElasticNet,0.005623413251903491,0.9,0.4355249352541124,0.09615462260913635,0.9893039933995637,3,False,0.4355249352541124,9.700047976382055e-06,True,0
9,Ridge,0.01,0.0,0.43647562448752036,0.15162848510506857,0.9894099787701626,3,False,0.43647562448752036,0.0,True,0
11,ElasticNet,0.01,0.9,0.4370651133863963,0.08133728217506585,0.9891781820883895,3,False,0.4370651133863963,7.303319439058709e-06,True,0
14,ElasticNet,0.01,0.95,0.4382053511630999,0.08262207863382735,0.9891127897836168,3,False,0.4382053511630999,3.751458354806121e-05,True,0
11,LASSO,0.0005623413251903491,1.0,0.43875948287736627,0.2329045406780766,0.9894848473714261,3,False,0.4387594828773662,9.2585976674541e-06,True,0
8,ElasticNet,1e-05,0.9,0.4388118478815213,0.12060533581637545,0.9893089322681788,3,False,0.4388118478815213,3.894983305010942e-05,True,0
9,ElasticNet,0.005623413251903491,0.95,0.4401054952689969,0.09617895513270096,0.9891871970784174,3,False,0.44010549526899684,6.4216508264729535e-06,True,0
11,ElasticNet,0.01,0.95,0.4426826314975898,0.07913189790994285,0.9890275513490158,3,False,0.4426826314975898,9.47679328413241e-06,True,0
11,Ridge,1.0,0.0,0.44298930342892956,0.24059830055432305,0.989405447930094,3,False,0.44298930342892956,0.0,True,0
12,ElasticNet,0.01,0.9,0.4432354002956073,0.0839955673413961,0.9890248880344356,3,False,0.4432354002956072,7.99786233684173e-06,True,0
8,ElasticNet,1e-05,0.95,0.44375874403917964,0.12259383595687179,0.9891878815674996,3,False,0.44375874403917964,3.216854240832378e-05,True,0
11,ElasticNet,0.001,0.1,0.4441777334324975,0.24109819979076363,0.9893702398152874,3,False,0.4441777334324975,2.2134359831667096e-05,True,0
9,ElasticNet,0.0001,0.9,0.4444619466893504,0.19875441699509505,0.9893099819238014,3,False,0.4444619466893503,9.956453313830074e-06,True,0
9,ElasticNet,0.0001,0.95,0.4450345974112782,0.19828227732810727,0.9892962445458308,3,False,0.4450345974112782,1.639265199364889e-05,True,0
9,ElasticNet,0.0001,0.95,0.4454478576343864,0.19959351272236073,0.989287803150462,3,False,0.4454478576343863,9.99434692431012e-06,True,0
9,ElasticNet,0.0001,0.9,0.4455401944331337,0.20111331408729383,0.9892884286722085,3,False,0.4455401944331337,1.3555396556781866e-05,True,0
10,ElasticNet,0.01,0.5,0.4459826317723961,0.1182953374911983,0.9891114884972575,3,False,0.4459826317723962,9.97103692829647e-06,True,0
12,Ridge,10.0,0.0,0.4467338973746325,0.16398263537267127,0.9891991681342672,3,False,0.4467338973746326,0.0,True,0
9,LASSO,0.0001,1.0,0.44900163516159947,0.20404863408589682,0.9892085790092459,3,False,0.44900163516159947,9.862810106624572e-06,True,0
12,ElasticNet,0.01,0.95,0.4492782892052883,0.08356319161599411,0.9888669286788193,3,False,0.4492782892052883,1.2425453173659992e-05,True,0
9,ElasticNet,0.01,0.5,0.4498830931204291,0.0907164679552023,0.988938024930975,3,False,0.4498830931204291,9.977980619669223e-06,True,0
9,ElasticNet,0.01,0.5,0.4498942762279252,0.0907160092594208,0.9889377329746137,3,False,0.4498942762279252,8.740599310721846e-06,True,0
11,LASSO,0.01,1.0,0.4511839449148927,0.08158561985990471,0.9888139221372124,3,False,0.4511839449148927,9.96299122724316e-06,True,0
9,Ridge,10.0,0.0,0.45767153647442954,0.10322988397511441,0.988766438163413,3,False,0.45767153647442954,0.0,True,0
9,Ridge,10.0,0.0,0.45767153647442954,0.10322988397511444,0.988766438163413,3,False,0.45767153647442954,0.0,True,0
10,ElasticNet,0.01,0.7,0.4582533103343835,0.10481205562653426,0.988756232202427,3,False,0.4582533103343835,8.43011735652665e-06,True,0
15,ElasticNet,0.01,0.1,0.46090271785671205,0.21459262557290834,0.9888956525574377,3,False,0.46090271785671216,4.8030592109482334e-05,True,0
14,ElasticNet,0.001,0.95,0.46399002409661083,0.2644735570232001,0.9888826171012103,3,False,0.4639900240966108,4.33290541051e-05,True,0
7,Ridge,0.1,0.0,0.4652248046150893,0.12644046894835972,0.9886513947030179,3,False,0.4652248046150893,0.0,True,0
7,ElasticNet,0.0001,0.1,0.46859680859943853,0.1269392632359822,0.9885753883599703,3,False,0.46859680859943853,9.919402186999141e-06,True,0
7,ElasticNet,0.0001,0.5,0.46873967597844296,0.1268475536378359,0.9885740381477962,3,False,0.468739675978443,9.99257884267107e-06,True,0
7,ElasticNet,0.0001,0.7,0.46912148067759024,0.1273294009420932,0.9885670100690792,3,False,0.46912148067759024,9.928663989889957e-06,True,0
7,ElasticNet,0.0001,0.3,0.4692862127751621,0.1273340757143838,0.9885608224783834,3,False,0.4692862127751621,9.943332083470328e-06,True,0
12,ElasticNet,0.001,0.7,0.46938874774372846,0.2739115203059489,0.9887839420524941,3,False,0.46938874774372846,7.083482620491165e-06,True,0
11,LASSO,0.00031622776601683794,1.0,0.4697956701308619,0.26669284332949006,0.9887869743208443,3,False,0.4697956701308619,6.1332568184162685e-06,True,0
7,ElasticNet,0.0001,0.9,0.47017704236366803,0.12768868659615373,0.9885422550904307,3,False,0.47017704236366803,9.784190629157153e-06,True,0
7,ElasticNet,0.0001,0.95,0.4703098289384678,0.1276393176873465,0.9885388974053871,3,False,0.4703098289384678,9.947736029831936e-06,True,0
7,LASSO,0.0001,1.0,0.4707860694172372,0.1278849249974984,0.9885278588852029,3,False,0.4707860694172373,9.933852714890778e-06,True,0
9,ElasticNet,0.01,0.7,0.4716586272092813,0.09354516284896615,0.9883887869901092,3,False,0.4716586272092813,8.96159757997339e-06,True,0
9,ElasticNet,0.01,0.7,0.47166809727713677,0.09352787330665838,0.9883884885517503,3,False,0.47166809727713677,8.909500349578263e-06,True,0
7,LASSO,0.001,1.0,0.4722304350824164,0.13532183430924427,0.9884904107970436,3,False,0.4722304350824164,9.144538938294375e-06,True,0
7,ElasticNet,0.001,0.95,0.47281333785862917,0.13545791115132563,0.988476981963253,3,False,0.47281333785862917,9.982260942225578e-06,True,0
7,ElasticNet,0.001,0.9,0.4732561867107365,0.13547013431432145,0.988466490434778,3,False,0.4732561867107365,9.33937250206351e-06,True,0
12,ElasticNet,0.001,0.95,0.47430280044598666,0.28833533686176205,0.9886830789412023,3,False,0.47430280044598677,3.8933663997825474e-05,True,0
12,ElasticNet,0.001,0.5,0.474374990549745,0.2746965117591473,0.9886680175625595,3,False,0.474374990549745,1.2553371078270325e-05,True,0
13,ElasticNet,0.001,0.9,0.47581126635580095,0.2878140470444065,0.9886570307118644,3,False,0.47581126635580095,2.874153510803968e-05,True,0
7,ElasticNet,0.001,0.7,0.4766208702659854,0.13550415865906001,0.9883808583694044,3,False,0.4766208702659854,9.891275324396573e-06,True,0
7,Ridge,0.01,0.0,0.4782024341049434,0.1295666290148938,0.988345497062706,3,False,0.4782024341049434,0.0,True,0
7,ElasticNet,0.001,0.5,0.4791984302021181,0.1357272644104863,0.9883115957112537,3,False,0.4791984302021181,9.862392676744441e-06,True,0
7,ElasticNet,1e-05,0.1,0.48062813366562596,0.12996870347537526,0.9882861192842224,3,False,0.48062813366562596,1.0009023509075317e-05,True,0
7,ElasticNet,1e-05,0.3,0.4810314758037894,0.13022821888426486,0.9882769372590685,3,False,0.4810314758037894,9.929506706670435e-06,True,0
7,ElasticNet,0.001,0.3,0.4812938158646271,0.13600995139952385,0.9882556093790994,3,False,0.4812938158646271,9.948851717325594e-06,True,0
7,ElasticNet,1e-05,0.5,0.48150463844490377,0.13042330353521958,0.9882656625339011,3,False,0.48150463844490377,9.917796737263323e-06,True,0
7,ElasticNet,1e-05,0.7,0.4819098348927251,0.1304498666241933,0.9882554607431984,3,False,0.4819098348927251,9.911294384628013e-06,True,0
12,ElasticNet,0.001,0.3,0.48213967681662934,0.26920981851151665,0.9884822563379436,3,False,0.48213967681662934,2.30810827352576e-05,True,0
7,ElasticNet,1e-05,0.9,0.4821619360671318,0.1307096535085864,0.988250012207749,3,False,0.4821619360671318,9.959128082506148e-06,True,0
7,ElasticNet,1e-05,0.95,0.48224265470955086,0.13066625894701972,0.9882477804469101,3,False,0.48224265470955086,9.934051409428996e-06,True,0
7,LASSO,1e-05,1.0,0.48248903116858477,0.13060412096339266,0.9882414374386362,3,False,0.48248903116858477,9.985268728408019e-06,True,0
7,Ridge,0.001,0.0,0.4826843238889831,0.13042847809135105,0.9882362191157558,3,False,0.4826843238889831,0.0,True,0
7,ElasticNet,1e-06,0.1,0.48318959679761003,0.1307866820478739,0.9882245036735071,3,False,0.48318959679761003,9.9673351032453e-06,True,0
7,ElasticNet,1e-06,0.3,0.4832554164699662,0.13082648737416408,0.9882229667827763,3,False,0.4832554164699662,9.960360243376348e-06,True,0
7,Ridge,0.0001,0.0,0.48328542564554033,0.1305364973713037,0.9882215082110113,3,False,0.48328542564554033,0.0,True,0
7,Ridge,1e-05,0.0,0.48334780599218535,0.13054767922519858,0.9882199811198092,3,False,0.4833478059921854,0.0,True,0
7,Ridge,1e-06,0.0,0.483354067848395,0.13054880149146417,0.9882198278233143,3,False,0.48335406784839496,0.0,True,0
7,ElasticNet,1e-06,0.5,0.4833916378292373,0.13086096034431768,0.988219631714605,3,False,0.48339163782923733,9.986272640303284e-06,True,0
7,ElasticNet,1e-06,0.7,0.4835067308726604,0.130988633833582,0.9882170978573567,3,False,0.4835067308726604,9.978433937459767e-06,True,0
7,ElasticNet,1e-06,0.9,0.4835920354249324,0.13099885966569466,0.9882149635370107,3,False,0.4835920354249324,9.963712899062018e-06,True,0
7,ElasticNet,0.001,0.1,0.48383609850335807,0.13759388979305784,0.9881920908057137,3,False,0.48383609850335807,9.968344621473716e-06,True,0
7,ElasticNet,1e-06,0.95,0.4838437644001686,0.13123808194537565,0.9882093653483038,3,False,0.4838437644001686,9.891989163562866e-06,True,0
7,LASSO,1e-06,1.0,0.4839586181847961,0.13113936890478023,0.9882061554864575,3,False,0.4839586181847961,9.993114104986275e-06,True,0
10,ElasticNet,0.01,0.9,0.48472974017516884,0.09947621644419219,0.9880502031666291,3,False,0.48472974017516884,8.083703696325911e-06,True,0
10,Ridge,0.1,0.0,0.48496306417484564,0.22068963728028212,0.9883569993203855,3,False,0.48496306417484564,0.0,True,0
11,LASSO,0.00017782794100389227,1.0,0.4927967227836336,0.26278838676252114,0.9882356674882917,3,False,0.4927967227836336,9.888596795075433e-06,True,0
13,Ridge,10.0,0.0,0.49428212751702283,0.244731490465993,0.9881561175725487,3,False,0.49428212751702283,0.0,True,0
16,ElasticNet,0.001,0.95,0.494349378544404,0.2924269012327994,0.9881806984882601,3,False,0.494349378544404,4.238635778769145e-05,True,0
10,ElasticNet,0.01,0.95,0.49627027395580997,0.09781249255031567,0.9877437017282727,3,False,0.49627027395580997,7.614399520676496e-06,True,0
9,ElasticNet,0.01,0.9,0.4988763830387528,0.10072283892005442,0.9877140693369642,3,False,0.4988763830387528,9.905342684898844e-06,True,0
9,ElasticNet,0.01,0.9,0.49890970150728475,0.10078242281174758,0.9877134118875149,3,False,0.49890970150728475,6.222074422272336e-06,True,0
9,Ridge,0.001,0.0,0.5022380745040861,0.15182276549878757,0.9877799033156939,3,False,0.5022380745040861,0.0,True,0
8,ElasticNet,0.01,0.1,0.5029137498396653,0.151181209958186,0.9877794442866789,3,False,0.5029137498396653,9.704880097850636e-06,True,0
13,ElasticNet,0.001,0.5,0.5043247023940459,0.3245838030151615,0.988025430809981,3,False,0.5043247023940459,1.7271753816957983e-05,True,0
9,ElasticNet,0.01,0.95,0.5071195242805367,0.10213545560007356,0.9875061697241234,3,False,0.5071195242805367,9.699931716938143e-06,True,0
9,ElasticNet,0.01,0.95,0.5071398153673646,0.10214780181912567,0.9875056457822057,3,False,0.5071398153673645,6.9948375402435065e-06,True,0
16,ElasticNet,0.001,0.9,0.5073356032345663,0.3119062016009828,0.9878982666460607,3,False,0.5073356032345663,3.582483630118851e-05,True,0
10,ElasticNet,0.0001,0.3,0.5083150066398706,0.22264289432956594,0.9878035577120116,3,False,0.5083150066398706,4.4613836131075016e-05,True,0
14,ElasticNet,0.001,0.7,0.5084628350520838,0.3304025491758782,0.9879136812450163,3,False,0.5084628350520837,2.4557593634096445e-05,True,0
12,Ridge,1.0,0.0,0.5143855770537463,0.3207559437249192,0.9877949746772194,3,False,0.5143855770537463,0.0,True,0
7,Ridge,1.0,0.0,0.5184034427949348,0.15198137792006935,0.9873601770849216,3,False,0.5184034427949348,0.0,True,0
10,ElasticNet,0.0001,0.7,0.5186386358653535,0.2243628223641494,0.9875650653363931,3,False,0.5186386358653535,4.633027553669696e-05,True,0
9,LASSO,0.01,1.0,0.5187274783914007,0.10535009102204433,0.9872202547491032,3,False,0.5187274783914007,9.639137204798393e-06,True,0
14,ElasticNet,0.001,0.5,0.5242022985635023,0.3358930643392437,0.9875507260669397,3,False,0.5242022985635023,2.2521489370915166e-05,True,0
12,ElasticNet,0.001,0.1,0.5244136158440734,0.32552675380395224,0.987552621229549,3,False,0.5244136158440735,2.297910416284748e-05,True,0
11,Ridge,0.1,0.0,0.5257462750094435,0.3033847121763508,0.987493656874403,3,False,0.5257462750094435,0.0,True,0
8,ElasticNet,0.01,0.3,0.5284928700372747,0.1589227407527519,0.9871619020897445,3,False,0.5284928700372747,9.938613736517037e-06,True,0
14,Ridge,10.0,0.0,0.5322455568244714,0.28828413399026465,0.9873076785563765,3,False,0.5322455568244714,0.0,True,0
13,ElasticNet,0.001,0.3,0.5326269170491663,0.35422555559934665,0.9873953060620181,3,False,0.5326269170491663,2.324936326690379e-05,True,0
9,Ridge,0.0001,0.0,0.5327089954692683,0.15345527806773449,0.9870233110147756,3,False,0.5327089954692683,0.0,True,0
9,Ridge,1e-05,0.0,0.5390063612222208,0.15456700563343798,0.9868693439079267,3,False,0.5390063612222208,0.0,True,0
9,Ridge,1e-06,0.0,0.539725739299262,0.15470577172527983,0.9868517966349754,3,False,0.539725739299262,0.0,True,0
11,ElasticNet,0.0001,0.7,0.5433120014528937,0.30725394734224826,0.9870672577614967,3,False,0.5433120014528937,4.797287285334743e-05,True,0
8,ElasticNet,0.01,0.5,0.5467380475918894,0.14993471619626322,0.9866818207445811,3,False,0.5467380475918894,9.709253237297558e-06,True,0
8,ElasticNet,0.01,0.7,0.5550795040352912,0.13549879769677897,0.9864266489083929,3,False,0.5550795040352913,9.08314463601758e-06,True,0
10,ElasticNet,1e-05,0.1,0.5593599918318154,0.20163846149885373,0.9864771621011122,3,False,0.5593599918318154,4.614681500190319e-05,True,0
13,Ridge,1.0,0.0,0.5619107573988004,0.4008589254339807,0.986759354219342,3,False,0.5619107573988004,0.0,True,0
10,ElasticNet,1e-05,0.3,0.5625294835703093,0.20543684277468816,0.9864180103847381,3,False,0.5625294835703093,4.180056207488271e-05,True,0
13,ElasticNet,0.001,0.1,0.5719570067439425,0.40281769019497415,0.9865225215144813,3,False,0.5719570067439425,3.343286499891283e-05,True,0
11,ElasticNet,0.0001,0.5,0.5736378541723562,0.34316763127973887,0.9863973173178339,3,False,0.5736378541723562,3.912162686772903e-05,True,0
8,Ridge,10.0,0.0,0.5759181899806588,0.16569976913420922,0.985986038606537,3,False,0.5759181899806588,0.0,True,0
11,ElasticNet,0.0001,0.3,0.576448530377172,0.3379824131555197,0.9863227220332037,3,False,0.576448530377172,2.933190178115078e-05,True,0
8,ElasticNet,0.01,0.9,0.5778848360818453,0.13806745150364366,0.9858409992228626,3,False,0.5778848360818453,9.492830027921229e-06,True,0
10,ElasticNet,1e-05,0.7,0.5802188477094731,0.21821686449983202,0.986015751374469,3,False,0.5802188477094731,4.424311026627507e-05,True,0
10,Ridge,0.01,0.0,0.5840764673084197,0.262934851319092,0.9860114333293937,3,False,0.5840764673084197,0.0,True,0
14,ElasticNet,0.001,0.3,0.5879845879928444,0.41171044918979927,0.986141027002892,3,False,0.5879845879928444,3.4366595151821844e-05,True,0
8,LASSO,0.01,1.0,0.5927751135651208,0.15013847720268567,0.9854830991637785,3,False,0.5927751135651208,4.092685826915382e-05,True,0
15,ElasticNet,0.001,0.5,0.6122761681540183,0.47111832012568605,0.9856294753196048,3,False,0.6122761681540184,3.936205418060443e-05,True,0
16,ElasticNet,0.001,0.5,0.6127966497387404,0.44367763949689554,0.9855745428462132,3,False,0.6127966497387404,3.7274311902879944e-05,True,0
10,ElasticNet,1e-06,0.1,0.6143623785091891,0.21014927344169299,0.9850325805463344,3,False,0.6143623785091892,3.75442099367624e-05,True,0
15,Ridge,10.0,0.0,0.6152445163908135,0.4047256617700616,0.9854750863396177,3,False,0.6152445163908135,0.0,True,0
10,ElasticNet,1e-06,0.5,0.618420712105747,0.19158482963934556,0.9849081520016671,3,False,0.618420712105747,4.8148867877855696e-05,True,0
10,ElasticNet,1e-06,0.3,0.6184382532216849,0.20952108664672714,0.9849625190472467,3,False,0.6184382532216849,4.1111348913203986e-05,True,0
11,ElasticNet,0.0001,0.1,0.6189011229090694,0.40560650771289475,0.9853949332446609,3,False,0.6189011229090694,3.958579320201792e-05,True,0
18,ElasticNet,0.001,0.5,0.622027906896674,0.42320150225923453,0.985331025625546,3,False,0.622027906896674,4.1146595533513605e-05,True,0
10,ElasticNet,1e-06,0.95,0.634111334870974,0.21496166725107746,0.9845420702728486,3,False,0.634111334870974,4.1511876115878274e-05,True,0
16,Ridge,10.0,0.0,0.6352067729483722,0.4355753301407352,0.9850208387649504,3,False,0.6352067729483722,0.0,True,0
14,ElasticNet,0.001,0.1,0.6383114263283663,0.4737692354278681,0.9850223723139123,3,False,0.6383114263283663,2.493131655925847e-05,True,0
14,Ridge,1.0,0.0,0.6415804029108737,0.489859278674764,0.9849637927525751,3,False,0.6415804029108737,0.0,True,0
15,ElasticNet,0.1,0.1,0.6523636484177888,0.11553493987363311,0.9838067918412445,3,False,0.6523636484177888,9.818311856972517e-06,True,0
17,ElasticNet,0.001,0.5,0.653968792796458,0.5045513299390314,0.9846733772401746,3,False,0.653968792796458,3.3671556271023856e-05,True,0
17,ElasticNet,0.1,0.1,0.6546725219838797,0.1255406368096205,0.9837555330560552,3,False,0.6546725219838798,9.229597348024698e-06,True,0
18,ElasticNet,0.1,0.1,0.6559971134955971,0.12421477873394246,0.9837296183346091,3,False,0.6559971134955971,8.456403915857794e-06,True,0
19,ElasticNet,0.1,0.1,0.6568938521111941,0.12863807247660827,0.9836964572730974,3,False,0.6568938521111941,3.15166347269729e-05,True,0
16,ElasticNet,0.1,0.1,0.6590164170637804,0.118009162769312,0.9836614751450132,3,False,0.6590164170637806,9.622612155268245e-06,True,0
13,ElasticNet,0.1,0.1,0.6604174149687969,0.10867433893103434,0.9836082746031355,3,False,0.6604174149687969,9.667303032359284e-06,True,0
14,ElasticNet,0.1,0.1,0.671524241337223,0.11662836857910935,0.9833661444799078,3,False,0.671524241337223,9.02312480313e-06,True,0
12,Ridge,0.1,0.0,0.6746155444326151,0.4590799041036054,0.984139572230419,3,False,0.6746155444326151,0.0,True,0
9,LASSO,1e-06,1.0,0.6826064551018635,0.40831463364043674,0.9838071399279422,3,False,0.6826064551018635,3.193313794735848e-05,True,0
15,ElasticNet,0.001,0.3,0.6847534122326028,0.5603984894051616,0.9840274486943686,3,False,0.6847534122326028,3.194198093796146e-05,True,0
6,Ridge,1e-06,0.0,0.6861559045974116,0.14137819563404588,0.9831250483678495,3,False,0.6861559045974116,0.0,True,0
6,Ridge,1e-05,0.0,0.6861562918774241,0.14138078362734668,0.9831250462072841,3,False,0.6861562918774241,0.0,True,0
6,Ridge,0.0001,0.0,0.6861601683876394,0.14140665714326808,0.9831250244897344,3,False,0.6861601683876394,0.0,True,0
6,Ridge,0.001,0.0,0.6861993025911642,0.1416647527248107,0.9831247961787817,3,False,0.6861993025911642,0.0,True,0
6,LASSO,1e-06,1.0,0.6862376582857843,0.14170241453390373,0.9831238888137301,3,False,0.6862376582857843,9.72822784307226e-06,True,0
6,ElasticNet,1e-06,0.9,0.6862501283540423,0.14171297371829603,0.9831236018513444,3,False,0.6862501283540423,9.60507998975152e-06,True,0
6,ElasticNet,1e-06,0.95,0.6862597712312225,0.1416280382168909,0.9831231250585409,3,False,0.6862597712312225,9.995529334746901e-06,True,0
6,ElasticNet,1e-06,0.7,0.6862745612728457,0.1416936275801646,0.9831229335801961,3,False,0.6862745612728457,9.904550109557381e-06,True,0
6,ElasticNet,1e-06,0.5,0.6862815582177161,0.1417402558190478,0.9831228887447901,3,False,0.6862815582177161,9.88830803959392e-06,True,0
6,ElasticNet,1e-06,0.3,0.6862902945754948,0.1417446393533494,0.9831226867519914,3,False,0.6862902945754948,9.866917489551035e-06,True,0
6,ElasticNet,1e-06,0.1,0.6862903653507378,0.1417215611730243,0.9831226385641215,3,False,0.6862903653507381,9.955204739546387e-06,True,0
6,ElasticNet,1e-05,0.3,0.6863747803467214,0.14260261275526007,0.9831231504807051,3,False,0.6863747803467214,9.782094216011148e-06,True,0
6,ElasticNet,1e-05,0.1,0.6863765715635995,0.14275932002703212,0.9831235467630061,3,False,0.6863765715635995,9.923131671735636e-06,True,0
6,ElasticNet,1e-05,0.5,0.686385098791806,0.1424702207216873,0.9831224927831662,3,False,0.686385098791806,9.200488001678292e-06,True,0
6,ElasticNet,1e-05,0.7,0.686402345734618,0.14241328314072027,0.9831218476287892,3,False,0.686402345734618,9.8220242812522e-06,True,0
6,ElasticNet,1e-05,0.9,0.6864301688620841,0.14228956949253702,0.9831208193630695,3,False,0.6864301688620841,9.923598726540837e-06,True,0
6,ElasticNet,1e-05,0.95,0.6864441262192815,0.14225926498526503,0.9831203651448385,3,False,0.6864441262192814,8.995010617893986e-06,True,0
6,LASSO,1e-05,1.0,0.6864481062529801,0.14222132061637827,0.9831201637431836,3,False,0.6864481062529801,9.997045437089235e-06,True,0
6,Ridge,0.01,0.0,0.6866257329285758,0.14418380394377045,0.9831214513469136,3,False,0.6866257329285758,0.0,True,0
6,LASSO,0.0001,1.0,0.6889497507276227,0.14882312479765622,0.9830773798023774,3,False,0.6889497507276227,9.94623245818019e-06,True,0
6,ElasticNet,0.0001,0.7,0.689007817018847,0.15083733528331264,0.9830815310841805,3,False,0.689007817018847,9.662741284075034e-06,True,0
6,ElasticNet,0.0001,0.9,0.6890184260403863,0.14952188592995394,0.9830775270370818,3,False,0.6890184260403863,9.202748592197234e-06,True,0
6,ElasticNet,0.0001,0.95,0.6890431177972856,0.14920431025137595,0.9830759767815772,3,False,0.6890431177972856,8.00255481038147e-06,True,0
6,ElasticNet,0.0001,0.5,0.6890585958947671,0.15211806443163262,0.9830839121325949,3,False,0.6890585958947674,9.59773680864039e-06,True,0
6,ElasticNet,0.0001,0.3,0.689134972990259,0.1532708886589659,0.9830852030488226,3,False,0.689134972990259,9.393789202906456e-06,True,0
6,ElasticNet,0.0001,0.1,0.6892881960324672,0.15443894524483615,0.983084681424061,3,False,0.6892881960324674,9.182409203083225e-06,True,0
16,ElasticNet,0.001,0.3,0.6898505730717123,0.5383029591640863,0.9838711108192407,3,False,0.6898505730717123,3.524449294498624e-05,True,0
6,Ridge,0.1,0.0,0.6931649802250917,0.16468061494016287,0.9830172105305405,3,False,0.6931649802250917,0.0,True,0
7,ElasticNet,0.01,0.1,0.7029187294109756,0.20433519223226443,0.98288570366689,3,False,0.7029187294109756,9.615813390571621e-06,True,0
12,ElasticNet,0.1,0.1,0.7107258502310803,0.12958904612222444,0.9824285747353061,3,False,0.7107258502310803,7.5946831561597705e-06,True,0
7,ElasticNet,0.01,0.3,0.7172079435851791,0.20571452852906452,0.9825304535880056,3,False,0.7172079435851791,9.838584882878969e-06,True,0
11,ElasticNet,0.1,0.1,0.7178393550300496,0.11988527075069685,0.9822152936866607,3,False,0.7178393550300498,9.31069336617893e-06,True,0
15,ElasticNet,0.001,0.1,0.7200675801727918,0.5891071212499407,0.9832116155286714,3,False,0.7200675801727918,3.126533487998017e-05,True,0
15,Ridge,1.0,0.0,0.7271306322660799,0.6038560111025438,0.9830593139514754,3,False,0.7271306322660799,0.0,True,0
7,ElasticNet,0.01,0.5,0.7282579978432279,0.1977309019720893,0.9822348615965684,3,False,0.7282579978432278,9.805957424527563e-06,True,0
6,LASSO,0.001,1.0,0.7302992723397373,0.20238011361943153,0.9822074673315911,3,False,0.7302992723397373,9.665037566187855e-06,True,0
6,ElasticNet,0.001,0.95,0.7305732373290207,0.20336844280366284,0.9822026819165423,3,False,0.7305732373290207,9.557620560180272e-06,True,0
6,ElasticNet,0.001,0.9,0.7307395202189465,0.20449747929420303,0.9822011445357733,3,False,0.7307395202189467,9.918428982771217e-06,True,0
13,Ridge,100.0,0.0,0.7312608502217882,0.09795981635087118,0.9818237219144259,3,False,0.7312608502217882,0.0,True,0
6,ElasticNet,0.001,0.7,0.7324065129421996,0.20676491671296848,0.9821630653658748,3,False,0.7324065129421996,9.475401415111654e-06,True,0
6,ElasticNet,0.001,0.5,0.7336257223794996,0.2096922275732799,0.982139069815152,3,False,0.7336257223794996,9.972742333383476e-06,True,0
6,ElasticNet,0.001,0.3,0.7344065603713005,0.21196623435117476,0.9821241877433541,3,False,0.7344065603713005,9.848591483539086e-06,True,0
6,ElasticNet,0.001,0.1,0.7355246573464177,0.2138632779918666,0.9820991050820561,3,False,0.7355246573464177,9.631114349691205e-06,True,0
18,ElasticNet,0.001,0.3,0.7375592916854307,0.5524287906741546,0.9827618868348088,3,False,0.7375592916854307,4.929827012631154e-05,True,0
18,Ridge,10.0,0.0,0.7380074653793168,0.5802364541877175,0.9827272836924082,3,False,0.7380074653793166,0.0,True,0
12,ElasticNet,0.0001,0.3,0.7407303792255941,0.5505995269789798,0.9826626079339332,3,False,0.7407303792255941,4.451723376484126e-05,True,0
7,ElasticNet,0.01,0.7,0.7416061497681635,0.18646495549332853,0.9818754246611388,3,False,0.7416061497681635,8.699934288675971e-06,True,0
17,Ridge,10.0,0.0,0.7423244416196942,0.5576556033692655,0.9826328738831499,3,False,0.7423244416196942,0.0,True,0
6,Ridge,1.0,0.0,0.7799509389429216,0.24033050844478096,0.9810586720382197,3,False,0.7799509389429216,0.0,True,0
16,ElasticNet,0.001,0.1,0.7834942003006428,0.6649331653232811,0.9817894499811078,3,False,0.7834942003006429,2.428018265648048e-05,True,0
14,Ridge,100.0,0.0,0.7874280355667017,0.14838030081811648,0.9805817540520133,3,False,0.7874280355667018,0.0,True,0
15,Ridge,100.0,0.0,0.787996371037735,0.17327738091497696,0.9806004562146261,3,False,0.787996371037735,0.0,True,0
12,ElasticNet,0.0001,0.1,0.8005091439531796,0.6323544022137523,0.9813370765338273,3,False,0.8005091439531796,4.0626269567339276e-05,True,0
16,Ridge,1.0,0.0,0.8257530061500388,0.7476483754543178,0.9808754171742956,3,False,0.8257530061500388,0.0,True,0
20,Ridge,10.0,0.0,0.8360629744671978,0.7172850161100517,0.9805260422413756,3,False,0.8360629744671978,0.0,True,0
10,ElasticNet,0.1,0.1,0.8394796468726216,0.16851717710846875,0.9793019914645669,3,False,0.8394796468726214,9.055781432133411e-06,True,0
16,Ridge,100.0,0.0,0.8600764634698406,0.22522203660640097,0.9789767930044523,3,False,0.8600764634698406,0.0,True,0
19,Ridge,10.0,0.0,0.862438792185812,0.696570830791108,0.9799260633554588,3,False,0.862438792185812,0.0,True,0
19,ElasticNet,0.1,0.3,0.8701998812913073,0.23489574139836725,0.9784776156769311,3,False,0.8701998812913073,1.4021301099200606e-05,True,0
20,ElasticNet,0.1,0.3,0.870514184624649,0.2376641005680592,0.9784757215713428,3,False,0.870514184624649,6.9372375048545876e-06,True,0
18,ElasticNet,0.1,0.3,0.8706379510022413,0.24075243598027704,0.978480268950008,3,False,0.8706379510022413,5.961513246634936e-06,True,0
17,ElasticNet,0.1,0.3,0.8722946279634197,0.2371329214518132,0.9784322454628173,3,False,0.8722946279634197,7.255591004558942e-06,True,0
17,ElasticNet,0.001,0.1,0.8727014473750847,0.7941255903818218,0.9797999721126303,3,False,0.8727014473750847,2.7152673237929815e-05,True,0
16,ElasticNet,0.1,0.3,0.8761840373912673,0.24025673631993585,0.978346973459446,3,False,0.8761840373912672,9.54756277633459e-06,True,0
15,ElasticNet,0.1,0.3,0.8813487652026663,0.23485204958619066,0.9782104163209784,3,False,0.8813487652026663,9.517268085068586e-06,True,0
14,ElasticNet,0.1,0.3,0.898393257926287,0.24029897966911504,0.9778056586530418,3,False,0.898393257926287,8.439940970671883e-06,True,0
17,Ridge,100.0,0.0,0.905568151383739,0.2963539352050933,0.9779824729177444,3,False,0.905568151383739,0.0,True,0
13,ElasticNet,0.1,0.3,0.9087199374900744,0.2323715459726539,0.9775407937373771,3,False,0.9087199374900744,9.250041082400212e-06,True,0
18,ElasticNet,0.001,0.1,0.9472229561453789,0.8928435580240426,0.978138907573992,3,False,0.9472229561453789,4.396261692441801e-05,True,0
12,ElasticNet,0.1,0.3,0.9509590970412775,0.24731197665230714,0.9765287738368792,3,False,0.9509590970412777,9.269961282407091e-06,True,0
18,Ridge,100.0,0.0,0.9644205504975712,0.33107440812496364,0.9766450276126655,3,False,0.9644205504975712,0.0,True,0
11,ElasticNet,0.1,0.3,0.9848591968917949,0.24312839184840054,0.9756992169913516,3,False,0.984859196891795,9.987365555737954e-06,True,0
19,ElasticNet,0.001,0.1,1.0361878943682814,1.00475961102001,0.9761181337168437,3,False,1.0361878943682814,4.2884499898804065e-05,True,0
6,ElasticNet,0.01,0.3,1.039469611799313,0.28358803959484313,0.9746652910782316,3,False,1.039469611799313,7.546039195381084e-06,True,0
6,ElasticNet,0.01,0.1,1.0411275310943344,0.2894584181292098,0.974640558484473,3,False,1.0411275310943344,9.721079131260434e-06,True,0
19,Ridge,100.0,0.0,1.044782228639859,0.4376521858943399,0.9748758844064268,3,False,1.044782228639859,0.0,True,0
6,ElasticNet,0.01,0.5,1.045417502114489,0.28090789836453983,0.9745077667663646,3,False,1.045417502114489,8.203982894308508e-06,True,0
6,ElasticNet,0.01,0.7,1.0496556011474218,0.27778715342130794,0.9743931935658773,3,False,1.0496556011474218,9.387613329969735e-06,True,0
6,ElasticNet,0.01,0.95,1.050683226957888,0.2696720204224091,0.9743443599766716,3,False,1.0506832269578879,9.823523013801488e-06,True,0
6,LASSO,0.01,1.0,1.0509021745751292,0.26556431076999915,0.9743269057884093,3,False,1.0509021745751292,9.71926486867565e-06,True,0
6,ElasticNet,0.01,0.9,1.0509601851362769,0.2719680959028859,0.974343519737328,3,False,1.0509601851362769,9.653498479486947e-06,True,0
20,ElasticNet,0.001,0.1,1.0662358342057727,1.0331906169725795,0.975432886044359,3,False,1.0662358342057725,4.5713317848220834e-05,True,0
11,ElasticNet,1e-05,0.1,1.0664204600216651,0.9730189214012098,0.9751885491613569,3,False,1.0664204600216651,4.0785263172453045e-05,True,0
13,ElasticNet,0.0001,0.3,1.0678328114539786,1.0662597904007967,0.9754470207104875,3,False,1.0678328114539786,4.5370961931183695e-05,True,0
13,ElasticNet,0.0001,0.1,1.0688374476063804,1.051051857035115,0.9753857640997969,3,False,1.0688374476063804,3.9969268795174984e-05,True,0
10,ElasticNet,0.1,0.3,1.0722350252701347,0.27251471774599795,0.9735915675597546,3,False,1.0722350252701347,8.828264004903663e-06,True,0
20,Ridge,100.0,0.0,1.073670843569382,0.447422113303475,0.9742064306837905,3,False,1.0736708435693818,0.0,True,0
11,ElasticNet,1e-05,0.5,1.088467558751076,0.98792439280441,0.9747006241488118,3,False,1.088467558751076,4.694608759454579e-05,True,0
19,ElasticNet,0.1,0.5,1.125241406535396,0.3390867646723101,0.9722909959406488,3,False,1.1252414065353957,4.37242829635226e-06,True,0
20,ElasticNet,0.1,0.5,1.1253656013926696,0.34290189999655113,0.9722978771177365,3,False,1.1253656013926696,6.497054924815837e-06,True,0
18,ElasticNet,0.1,0.5,1.1263283047810613,0.34885269282219816,0.9722865760687673,3,False,1.1263283047810615,7.010819442508642e-06,True,0
17,ElasticNet,0.1,0.5,1.1267394026997228,0.3416161360979963,0.9722585209993845,3,False,1.1267394026997228,8.928420987236452e-06,True,0
16,ElasticNet,0.1,0.5,1.1301836346051164,0.3536893458793697,0.972200066239656,3,False,1.1301836346051164,8.264910683244975e-06,True,0
15,ElasticNet,0.1,0.5,1.1310024484770638,0.3441525857703161,0.972156452982682,3,False,1.1310024484770638,9.841751391667652e-06,True,0
14,ElasticNet,0.1,0.5,1.1403315131987273,0.3599942449031056,0.9719501874951343,3,False,1.1403315131987273,3.867732324649986e-06,True,0
13,ElasticNet,0.1,0.5,1.1454854327480384,0.3496487603883306,0.9718018558935309,3,False,1.1454854327480384,3.380057891022581e-06,True,0
11,ElasticNet,1e-05,0.3,1.1601933565985718,1.126231833233059,0.9731287951899042,3,False,1.1601933565985718,4.261266610453613e-05,True,0
12,ElasticNet,0.1,0.5,1.1756955034946748,0.36814122733378524,0.9710751603125584,3,False,1.1756955034946748,7.327363427178657e-06,True,0
11,ElasticNet,0.1,0.5,1.201981977943331,0.35734524044648874,0.9704269556648103,3,False,1.201981977943331,8.52965647547832e-06,True,0
6,Ridge,10.0,0.0,1.23226737258028,0.31879812989619366,0.9699251115752406,3,False,1.23226737258028,0.0,True,0
10,ElasticNet,0.1,0.5,1.284371183278932,0.3891751601143365,0.9684443145394198,3,False,1.2843711832789322,7.324853180626367e-06,True,0
15,ElasticNet,0.1,0.7,1.3973757749413183,0.48906201656545445,0.9657787267898298,3,False,1.3973757749413178,2.1963922336873387e-05,True,0
17,ElasticNet,0.1,0.7,1.3981331167186475,0.48124937599764245,0.9657528661750661,3,False,1.3981331167186475,2.261266262144901e-05,True,0
16,ElasticNet,0.1,0.7,1.3985319792645878,0.49780787232210727,0.9657709411477627,3,False,1.3985319792645878,1.3130385652426746e-05,True,0
19,ElasticNet,0.1,0.7,1.3993120721395818,0.47645847942802383,0.9657122346326613,3,False,1.3993120721395818,4.264007171254913e-05,True,0
14,ElasticNet,0.1,0.7,1.400154237741538,0.5084178177120937,0.9657402306539784,3,False,1.400154237741538,9.13844732357283e-06,True,0
18,ElasticNet,0.1,0.7,1.4010905455955094,0.48852183369904767,0.9656948394164083,3,False,1.4010905455955094,1.3962233490247278e-05,True,0
13,ElasticNet,0.1,0.7,1.401805096137209,0.4936695498742628,0.9656714613610436,3,False,1.401805096137209,1.0467113143453055e-05,True,0
20,ElasticNet,0.1,0.7,1.402790245151909,0.4821624530271642,0.9656389093834123,3,False,1.402790245151909,2.8727515756304944e-05,True,0
12,ElasticNet,0.1,0.7,1.4226028392520593,0.5224912020036896,0.9651952075174428,3,False,1.4226028392520593,7.834378585119817e-06,True,0
11,ElasticNet,0.1,0.7,1.4376372614458208,0.5014968827280452,0.9647966049565376,3,False,1.4376372614458208,9.809268769173096e-06,True,0
10,ElasticNet,0.1,0.7,1.4975887980597478,0.5373289747449773,0.9633718263158517,3,False,1.4975887980597478,8.726070458875412e-06,True,0
5,ElasticNet,0.001,0.95,1.5138092016850535,0.4068170579379462,0.9630999366501246,3,False,1.5138092016850535,9.797433090257424e-06,True,0
5,ElasticNet,0.001,0.9,1.513852027550012,0.4079137729703,0.9631022741062801,3,False,1.513852027550012,9.896786690113241e-06,True,0
5,LASSO,0.001,1.0,1.5139341096009309,0.40574150737681236,0.9630933919342003,3,False,1.513934109600931,7.644067954278065e-06,True,0
5,ElasticNet,0.001,0.7,1.5143903926312625,0.4118813196031511,0.9631010480449484,3,False,1.5143903926312625,7.848413423376991e-06,True,0
5,Ridge,0.1,0.0,1.515272355102559,0.40923336122828446,0.9630724177804945,3,False,1.5152723551025586,0.0,True,0
5,ElasticNet,0.001,0.5,1.5153371605841377,0.41524511216614873,0.9630876265242122,3,False,1.5153371605841377,9.90420799759043e-06,True,0
5,ElasticNet,0.0001,0.1,1.5162671260937775,0.4065669140607122,0.9630390854347034,3,False,1.5162671260937775,7.930737270720222e-06,True,0
5,ElasticNet,0.0001,0.3,1.5163673886544864,0.4060460900714187,0.9630349177367066,3,False,1.5163673886544864,9.204890482188772e-06,True,0
5,ElasticNet,0.0001,0.5,1.516436842868966,0.40544995681636503,0.9630312985084402,3,False,1.516436842868966,9.406721514821621e-06,True,0
5,ElasticNet,0.0001,0.7,1.5165144930903143,0.40487118992970306,0.9630275234566156,3,False,1.5165144930903143,9.53364718567615e-06,True,0
5,ElasticNet,0.0001,0.9,1.5166333522202775,0.40429037495747067,0.963022695109852,3,False,1.5166333522202775,9.52087514567872e-06,True,0
5,ElasticNet,0.0001,0.95,1.516667663649635,0.4041484287386304,0.9630213842532885,3,False,1.516667663649635,9.038131653616005e-06,True,0
5,LASSO,0.0001,1.0,1.5166946691245295,0.4040267340523671,0.9630203186786521,3,False,1.5166946691245295,9.47190872034133e-06,True,0
5,ElasticNet,0.001,0.3,1.5168364089027329,0.41851854192074506,0.9630600810236135,3,False,1.5168364089027329,8.114786558201584e-06,True,0
5,Ridge,0.01,0.0,1.5175307742416617,0.4043527595425169,0.9630003812609411,3,False,1.5175307742416617,0.0,True,0
5,ElasticNet,1e-05,0.1,1.517709878664969,0.4040303060187412,0.9629948706044459,3,False,1.517709878664969,8.79836409335994e-06,True,0
5,ElasticNet,1e-05,0.5,1.5177469342158114,0.40390459316315114,0.9629935394868528,3,False,1.5177469342158114,8.763370197702267e-06,True,0
5,ElasticNet,1e-05,0.3,1.5177539180393733,0.40398010441916127,0.9629935995585006,3,False,1.5177539180393733,6.975300941611264e-06,True,0
5,ElasticNet,1e-05,0.95,1.517771653556941,0.40378772609540525,0.9629925503016795,3,False,1.517771653556941,9.386217826136775e-06,True,0
5,ElasticNet,1e-05,0.9,1.5177747443310132,0.40381265899702584,0.9629925500990216,3,False,1.5177747443310132,8.058299578344712e-06,True,0
5,ElasticNet,1e-05,0.7,1.5177776675867356,0.4038674870467691,0.9629926493415448,3,False,1.5177776675867356,9.635324668006362e-06,True,0
5,LASSO,1e-05,1.0,1.5177817996117489,0.40378665193689023,0.9629922904150808,3,False,1.5177817996117489,8.760838739166125e-06,True,0
5,LASSO,1e-06,1.0,1.517821474629999,0.40376228556537586,0.9629912133819003,3,False,1.517821474629999,9.334418979369356e-06,True,0
5,ElasticNet,1e-06,0.95,1.5178368937128932,0.4037932347459679,0.9629909258811632,3,False,1.5178368937128937,9.87601031764835e-06,True,0
5,ElasticNet,1e-06,0.9,1.5178430221222419,0.4037883344616645,0.9629907562641177,3,False,1.5178430221222419,9.700071494516023e-06,True,0
5,ElasticNet,1e-06,0.3,1.5178475185401625,0.40381515957913855,0.9629907331992387,3,False,1.5178475185401625,9.988936154796091e-06,True,0
5,ElasticNet,1e-06,0.7,1.5178548980329412,0.40379407924693517,0.9629904778192205,3,False,1.5178548980329412,8.602393300662525e-06,True,0
5,ElasticNet,1e-06,0.5,1.5178555118093005,0.4037889993976838,0.9629904473168115,3,False,1.5178555118093005,9.655847615797176e-06,True,0
5,Ridge,0.001,0.0,1.5178668296250415,0.40379596503124926,0.9629901760801828,3,False,1.5178668296250415,0.0,True,0
5,ElasticNet,1e-06,0.1,1.517869915959394,0.40377624004154006,0.9629900459623347,3,False,1.5178699159593938,9.554399778716001e-06,True,0
5,Ridge,0.0001,0.0,1.5179017078391048,0.4037394995791942,0.9629891209284563,3,False,1.5179017078391046,0.0,True,0
5,Ridge,1e-05,0.0,1.5179052085832598,0.4037338450628033,0.962989015061647,3,False,1.5179052085832598,0.0,True,0
5,Ridge,1e-06,0.0,1.517905558787102,0.4037332795313402,0.9629890044714443,3,False,1.517905558787102,0.0,True,0
5,ElasticNet,0.001,0.1,1.5186751438100412,0.4216500560702068,0.9630235652391678,3,False,1.5186751438100412,8.235265568484404e-06,True,0
5,Ridge,1.0,0.0,1.5357633970681868,0.4316428588346864,0.9626214597740935,3,False,1.5357633970681868,0.0,True,0
13,ElasticNet,0.1,0.9,1.6815277673911633,0.6573856855118239,0.9590650760442734,3,False,1.6815277673911633,7.30106941862485e-06,True,0
14,ElasticNet,0.1,0.9,1.6834916489680818,0.67896338209427,0.9590540768897841,3,False,1.6834916489680818,3.889563509061611e-05,True,0
12,ElasticNet,0.1,0.9,1.6899794018812269,0.6942776521349511,0.9588943934151358,3,False,1.6899794018812264,9.889319900827087e-06,True,0
14,ElasticNet,0.0001,0.1,1.6902197616212078,2.110822106454536,0.9618441715842216,3,False,1.6902197616212078,4.060836752521863e-05,True,0
5,LASSO,0.01,1.0,1.6927540197920339,0.39594058101376695,0.9585288189358924,3,False,1.6927540197920339,8.395598781985383e-06,True,0
5,ElasticNet,0.01,0.95,1.696077284100319,0.40134131096390513,0.9584626738304601,3,False,1.696077284100319,9.9573236167598e-06,True,0
5,ElasticNet,0.01,0.9,1.699426468230613,0.40651448931968936,0.9583951834949517,3,False,1.699426468230613,9.128857372576321e-06,True,0
11,ElasticNet,0.1,0.9,1.7006662256707497,0.6628924046183933,0.9585832424357599,3,False,1.7006662256707497,5.452397153757338e-06,True,0
5,ElasticNet,0.01,0.7,1.7129774400855187,0.42653036737826683,0.9581196861158082,3,False,1.7129774400855187,8.986489670669354e-06,True,0
11,ElasticNet,1e-06,0.5,1.7254492302653779,1.8821086098403441,0.9602279530240821,3,False,1.7254492302653777,4.818001613348764e-05,True,0
5,ElasticNet,0.01,0.5,1.7268161408181595,0.44437801806894295,0.957831526299023,3,False,1.7268161408181595,8.923285225627929e-06,True,0
5,ElasticNet,0.01,0.3,1.7402534218686367,0.4654849293806943,0.9575632686427736,3,False,1.7402534218686367,9.153079603313984e-06,True,0
15,ElasticNet,0.1,0.95,1.743964179667474,0.6953724890958978,0.9575794165558156,3,False,1.743964179667474,4.513470368078254e-05,True,0
5,ElasticNet,0.01,0.1,1.7540610657586122,0.4846177347384677,0.9572788685526253,3,False,1.7540610657586122,8.152992925028642e-06,True,0
10,ElasticNet,0.1,0.9,1.7553779381213117,0.708929954524135,0.9572741203792915,3,False,1.7553779381213117,6.196881558381828e-06,True,0
12,ElasticNet,0.1,0.95,1.757342142481362,0.7451110122619744,0.9573157242228166,3,False,1.757342142481362,3.376286842167453e-05,True,0
11,ElasticNet,0.1,0.95,1.7627050703804423,0.7063746883474371,0.9571375580681849,3,False,1.7627050703804423,1.497452011174627e-05,True,0
11,ElasticNet,1e-06,0.1,1.770217621315287,1.9845570735350595,0.9592976938768292,3,False,1.770217621315287,4.30896813046583e-05,True,0
11,ElasticNet,1e-06,0.7,1.8092915302746084,2.0688168421265662,0.9585315261126031,3,False,1.8092915302746084,4.6918228835478785e-05,True,0
10,ElasticNet,0.1,0.95,1.812821228174882,0.7638431598469358,0.955949915258771,3,False,1.812821228174882,1.5345619204257255e-05,True,0
11,ElasticNet,1e-06,0.3,1.849666042376108,2.1097683229481516,0.9575370422893902,3,False,1.8496660423761082,4.177091508309547e-05,True,0
11,LASSO,1e-06,1.0,1.9983595425204685,2.378897428960644,0.9543887069965904,3,False,1.9983595425204685,4.906790607862119e-05,True,0
5,Ridge,10.0,0.0,2.0065484716537854,0.5611498282581234,0.9511606549236985,3,False,2.0065484716537854,0.0,True,0
15,ElasticNet,0.0001,0.1,2.3601712327926694,3.218155958713835,0.9470265211103173,3,False,2.3601712327926694,4.088880188651874e-05,True,0
11,ElasticNet,1e-06,0.95,2.4788130726514046,3.1954870861013474,0.9438772837427312,3,False,2.4788130726514046,4.7795150203991354e-05,True,0
20,ElasticNet,1.0,0.1,2.9562633667618403,1.0635101910508766,0.9271409766090897,3,False,2.9562633667618403,8.0770040982725e-06,True,0
19,ElasticNet,1.0,0.1,2.969355356188226,1.0653855257967133,0.9267892839266084,3,False,2.969355356188226,4.815693181947633e-06,True,0
18,ElasticNet,1.0,0.1,2.979001376543055,1.0723582687534203,0.9265502135502423,3,False,2.979001376543055,4.511520547770265e-06,True,0
17,ElasticNet,1.0,0.1,3.009007260492616,1.078826078836924,0.9257908063421247,3,False,3.009007260492616,5.599151323851248e-06,True,0
16,ElasticNet,1.0,0.1,3.043516594460383,1.0900562889681966,0.9249441341915329,3,False,3.043516594460383,9.543368912443007e-06,True,0
15,ElasticNet,1.0,0.1,3.1066931392797845,1.1004894742294455,0.923381413142547,3,False,3.1066931392797845,9.837809557405874e-06,True,0
14,ElasticNet,1.0,0.1,3.188704455729077,1.1126979664849468,0.9213504601014447,3,False,3.188704455729077,9.506977248108228e-06,True,0
12,ElasticNet,1e-06,0.1,3.236797279718982,4.435807547216329,0.9275021354272536,3,False,3.236797279718982,4.871401836593325e-05,True,0
13,ElasticNet,1.0,0.1,3.312492625059216,1.111799768582993,0.9183043766494233,3,False,3.312492625059216,8.76153678955327e-06,True,0
13,ElasticNet,1e-05,0.1,3.4359066617793954,4.923585059828494,0.9232946772390819,3,False,3.4359066617793963,3.6990123255982714e-05,True,0
12,ElasticNet,1.0,0.1,3.4747662277599054,1.1138967573396186,0.9142254824263949,3,False,3.4747662277599054,9.197309919412033e-06,True,0
4,Ridge,1e-06,0.0,3.4765069103931165,0.7124480640808993,0.9144559419963286,3,False,3.4765069103931165,0.0,True,0
4,Ridge,1e-05,0.0,3.476507076507778,0.7124483368153965,0.9144559388664969,3,False,3.476507076507778,0.0,True,0
4,Ridge,0.0001,0.0,3.4765087377079102,0.7124510641481323,0.9144559075667624,3,False,3.4765087377079102,0.0,True,0
4,ElasticNet,1e-06,0.1,3.476516886541249,0.7124628466497611,0.9144557490483196,3,False,3.476516886541249,5.061980595700215e-07,True,0
4,ElasticNet,1e-06,0.3,3.476522714283181,0.7124697292309107,0.9144556170001726,3,False,3.476522714283181,8.979788066545028e-06,True,0
4,Ridge,0.001,0.0,3.4765253550609043,0.7124783362512628,0.9144555944276344,3,False,3.476525355060905,0.0,True,0
4,ElasticNet,1e-06,0.95,3.4765263271058946,0.7124707239704655,0.9144555438324505,3,False,3.4765263271058946,9.354155768351792e-06,True,0
4,LASSO,1e-06,1.0,3.4765263306552074,0.7124696328949848,0.9144555400504107,3,False,3.4765263306552074,8.689082688449515e-06,True,0
4,ElasticNet,1e-06,0.9,3.4765307102756946,0.7124650287169665,0.9144554131765211,3,False,3.4765307102756946,6.994464624979937e-06,True,0
4,ElasticNet,1e-06,0.7,3.4765317421512507,0.7124671368744997,0.9144553949903081,3,False,3.4765317421512507,8.16043617851817e-06,True,0
4,ElasticNet,1e-06,0.5,3.4765327576828597,0.7124688136194194,0.9144553768377556,3,False,3.4765327576828597,9.602438361650802e-06,True,0
4,LASSO,1e-05,1.0,3.476597583865036,0.7125082840874315,0.9144539613179307,3,False,3.476597583865036,2.6638864026134387e-06,True,0
4,ElasticNet,1e-05,0.95,3.4765980600677353,0.7125132894986758,0.9144539648246907,3,False,3.4765980600677353,2.7869862103070345e-06,True,0
4,ElasticNet,1e-05,0.9,3.476598561805787,0.7125182742361832,0.9144539676865279,3,False,3.476598561805787,2.9180971180608144e-06,True,0
4,ElasticNet,1e-05,0.7,3.4766006364322197,0.712538021647986,0.9144539776648202,3,False,3.4766006364322197,3.4868361049844004e-06,True,0
4,ElasticNet,1e-05,0.5,3.4766024421973527,0.7125575426511072,0.9144539950106522,3,False,3.4766024421973527,4.035943046506105e-06,True,0
4,ElasticNet,1e-05,0.3,3.476604583862137,0.71257767417339,0.9144540057592248,3,False,3.476604583862137,4.450332870954125e-06,True,0
4,ElasticNet,1e-05,0.1,3.4766069571202647,0.7125973329398169,0.9144540091758363,3,False,3.4766069571202642,4.78270028412952e-06,True,0
4,Ridge,0.01,0.0,3.4766920629858427,0.712750934952285,0.914452448878178,3,False,3.4766920629858427,0.0,True,0
4,LASSO,0.0001,1.0,3.477389301629547,0.7130606440668487,0.9144367758596417,3,False,3.477389301629547,3.1393567998922828e-06,True,0
4,ElasticNet,0.0001,0.95,3.4773948318195003,0.7131108888747218,0.9144367952707514,3,False,3.4773948318195003,3.0588378023328907e-06,True,0
4,ElasticNet,0.0001,0.9,3.477400702637226,0.7131613861776461,0.9144368067549524,3,False,3.477400702637226,3.2720946269675625e-06,True,0
4,ElasticNet,0.0001,0.7,3.47742439340621,0.7133628490080651,0.9144368462001536,3,False,3.47742439340621,4.495619248496397e-06,True,0
4,ElasticNet,0.0001,0.5,3.4774475347915264,0.713564525018725,0.9144368999872731,3,False,3.477447534791526,6.579965164237404e-06,True,0
4,ElasticNet,0.0001,0.3,3.4774702889324396,0.7137636086100102,0.9144369569273426,3,False,3.4774702889324396,7.680430193153233e-06,True,0
4,ElasticNet,0.0001,0.1,3.47749545113969,0.7139614694362765,0.9144369491502905,3,False,3.47749545113969,6.8211816881043905e-06,True,0
4,Ridge,0.1,0.0,3.4784118195545575,0.715464779827013,0.914419597418088,3,False,3.4784118195545575,0.0,True,0
4,LASSO,0.001,1.0,3.4858781790468076,0.7186757185220207,0.9142505840194971,3,False,3.4858781790468076,5.775585678360808e-06,True,0
4,ElasticNet,0.001,0.95,3.4859520620553788,0.7191597277857834,0.9142502395311687,3,False,3.4859520620553783,6.182382370911168e-06,True,0
4,ElasticNet,0.001,0.9,3.486033986207218,0.7196580402317377,0.9142497174592717,3,False,3.486033986207218,6.399952562655196e-06,True,0
4,ElasticNet,0.001,0.7,3.486377773247773,0.7216037563840487,0.914247109783736,3,False,3.486377773247773,5.786333983798871e-06,True,0
4,ElasticNet,0.001,0.5,3.4867617525805463,0.7235307657900554,0.9142434005722876,3,False,3.4867617525805463,6.031762214217832e-06,True,0
4,ElasticNet,0.001,0.3,3.487185112938852,0.7254100373615664,0.9142385435498798,3,False,3.487185112938852,7.295520371229062e-06,True,0
4,ElasticNet,0.001,0.1,3.4876627392206623,0.7272832034215222,0.9142323035682774,3,False,3.4876627392206623,8.399924833928094e-06,True,0
4,Ridge,1.0,0.0,3.500201476116189,0.741470461895902,0.9139690964306183,3,False,3.500201476116189,0.0,True,0
13,ElasticNet,1e-05,0.3,3.521769559894151,5.0996331908604855,0.9214848916473644,3,False,3.521769559894151,4.8364717937232355e-05,True,0
4,LASSO,0.01,1.0,3.6019656267139495,0.79597549535418,0.9116284729856009,3,False,3.6019656267139495,7.301233811535593e-06,True,0
4,ElasticNet,0.01,0.95,3.604324974944403,0.7986660261019304,0.9115774105334428,3,False,3.604324974944403,3.923989244515591e-06,True,0
4,ElasticNet,0.01,0.9,3.6068085384404456,0.8012688795438901,0.9115229199942005,3,False,3.6068085384404456,2.4580853736806685e-06,True,0
4,ElasticNet,0.01,0.7,3.6180041641218765,0.8114145916458896,0.9112717340120171,3,False,3.6180041641218765,3.4581602419946067e-06,True,0
4,ElasticNet,0.01,0.5,3.6320255521223377,0.8228983833536724,0.9109520186292053,3,False,3.6320255521223377,1.3629557100358278e-06,True,0
4,ElasticNet,0.01,0.3,3.6466143876255757,0.83325426659533,0.9106145406154053,3,False,3.6466143876255757,5.895175445598273e-06,True,0
4,ElasticNet,0.01,0.1,3.6609609970673564,0.8414725780594577,0.9102751341641778,3,False,3.6609609970673564,6.053871481355617e-06,True,0
11,ElasticNet,1.0,0.1,3.7286148026836634,1.110336877321957,0.908021208627963,3,False,3.7286148026836634,6.9553093972885005e-06,True,0
16,ElasticNet,0.0001,0.1,3.7510794854649814,5.479013420684488,0.9167297530865882,3,False,3.751079485464981,3.926212845160331e-05,True,0
4,Ridge,10.0,0.0,3.886697165696186,0.9310361820941311,0.9048801765240825,3,False,3.886697165696186,0.0,True,0
12,ElasticNet,1e-06,0.3,4.017662478228032,5.798821167326591,0.9105356005149798,3,False,4.017662478228032,4.9841879543212906e-05,True,0
10,ElasticNet,1.0,0.1,4.064639400799234,1.102369592665334,0.8996094023860662,3,False,4.0646394007992335,4.13802134002772e-06,True,0
14,ElasticNet,1e-05,0.1,5.592158773841345,8.332244117189902,0.8762300008766409,3,False,5.592158773841345,3.965235370646518e-05,True,0
4,ElasticNet,0.1,0.7,5.7014332284526335,1.2930606079250098,0.8602680192593283,3,False,5.7014332284526335,3.6895102294015603e-06,True,0
12,ElasticNet,1.0,0.3,6.509494669214788,1.5053496249282898,0.8398630631596369,3,False,6.509494669214788,1.807360718525386e-05,True,0
11,ElasticNet,1.0,0.3,6.695814425476591,1.4851443301454454,0.8351001857443761,3,False,6.695814425476591,1.2467057260878711e-05,True,0
10,ElasticNet,1.0,0.3,6.904680964303783,1.4776392790773285,0.8299615486789929,3,False,6.904680964303783,8.118474836171785e-06,True,0
18,ElasticNet,0.0001,0.1,7.158145757516408,10.666584088486923,0.8420462264052717,3,False,7.158145757516408,4.967915885562752e-05,True,0
13,ElasticNet,1e-06,0.7,8.251062502763652,12.428842677786152,0.8179350257120704,3,False,8.251062502763652,3.7069021522780466e-05,True,0
15,ElasticNet,1e-05,0.3,8.625204731866157,12.908189698600086,0.8095368445670569,3,False,8.625204731866157,4.6773475575146695e-05,True,0
13,ElasticNet,1e-06,0.3,8.714250561545418,13.535208895834776,0.8080613891490112,3,False,8.714250561545418,3.626154236853471e-05,True,0
13,ElasticNet,1e-06,0.5,8.926784214713644,13.826883572518774,0.8033733044360002,3,False,8.926784214713644,3.440191838819267e-05,True,0
14,ElasticNet,1e-06,0.3,9.033123729578094,12.870371124810905,0.8003043742037946,3,False,9.033123729578096,4.946495014772896e-05,True,0
14,ElasticNet,1e-06,0.1,9.33737601806181,13.573190069544658,0.7937644001705016,3,False,9.33737601806181,4.7653322528393796e-05,True,0
13,ElasticNet,1.0,0.5,9.666293115089742,1.7169673223188138,0.7615376248575099,3,False,9.666293115089742,3.854560735050416e-05,True,0
13,ElasticNet,1e-06,0.1,9.806480197681909,15.529353193624596,0.7844191800421664,3,False,9.806480197681909,4.056987931499642e-05,True,0
11,ElasticNet,1.0,0.5,9.847254347499442,1.7018122599963066,0.7569078831004946,3,False,9.847254347499442,1.3153224574291578e-05,True,0
10,ElasticNet,1.0,0.5,9.957845338542223,1.7090297785113953,0.7541414932219523,3,False,9.957845338542224,6.639371306627062e-06,True,0
3,Ridge,1.0,0.0,10.458103626337435,2.146093333462814,0.7426491528349097,3,False,10.458103626337435,0.0,True,0
3,ElasticNet,0.001,0.1,10.46116648691673,2.136338435266714,0.7425398098900753,3,False,10.46116648691673,4.666503365959726e-06,True,0
3,ElasticNet,0.001,0.3,10.462278393522306,2.1355601385505985,0.7425087993105866,3,False,10.462278393522306,4.2583115668500503e-07,True,0
3,ElasticNet,0.001,0.5,10.463421932411812,2.1347688741709456,0.7424769578645657,3,False,10.463421932411812,6.564134796419388e-07,True,0
3,Ridge,0.1,0.0,10.464176293347839,2.127910492603498,0.7424366052937165,3,False,10.464176293347839,0.0,True,0
3,ElasticNet,0.001,0.7,10.46460263157865,2.133970664683365,0.7424441539001189,3,False,10.46460263157865,9.445577896726419e-07,True,0
3,ElasticNet,0.0001,0.1,10.464700875953918,2.12690319706105,0.7424200768464275,3,False,10.464700875953918,6.453558455552263e-08,True,0
3,ElasticNet,0.0001,0.3,10.464831381292525,2.1268212887662536,0.7424164771432605,3,False,10.464831381292525,4.169002791241149e-08,True,0
3,ElasticNet,0.0001,0.5,10.464962295002456,2.1267393228103098,0.7424128668037472,3,False,10.464962295002456,7.871121294300538e-08,True,0
3,Ridge,0.01,0.0,10.465072613215108,2.126049792603278,0.7424079461589072,3,False,10.465072613215108,0.0,True,0
3,ElasticNet,0.0001,0.7,10.465093534624016,2.1266572186215145,0.742409247944387,3,False,10.465093534624016,1.0389983128851032e-07,True,0
3,ElasticNet,1e-05,0.1,10.465110986817871,2.1259447301954535,0.7424066525917971,3,False,10.465110986817871,9.032528553839684e-06,True,0
3,ElasticNet,1e-05,0.3,10.46512636315485,2.1259382424009177,0.7424062362482141,3,False,10.46512636315485,7.884075030108909e-06,True,0
3,ElasticNet,1e-05,0.5,10.465149518914163,2.125936867585749,0.7424056516729918,3,False,10.465149518914163,9.956892171231137e-06,True,0
3,ElasticNet,1e-05,0.7,10.46516255226298,2.125929257156448,0.7424052874768546,3,False,10.46516255226298,6.492155341447082e-06,True,0
3,Ridge,0.001,0.0,10.465165327353558,2.1258632843405345,0.7424050013578892,3,False,10.465165327353558,0.0,True,0
3,ElasticNet,1e-06,0.1,10.465169850139487,2.1258530517796554,0.7424048581889381,3,False,10.465169850139487,1.5845091146674904e-06,True,0
3,ElasticNet,1e-06,0.3,10.465171281606098,2.125852375904728,0.7424048186802273,3,False,10.465171281606098,1.3029950709264158e-06,True,0
3,ElasticNet,1e-06,0.5,10.465172668299815,2.125851688938126,0.7424047802067424,3,False,10.465172668299815,1.1820978232808307e-06,True,0
3,ElasticNet,1e-06,0.7,10.465174081775627,2.1258510392006653,0.7424047412226585,3,False,10.465174081775627,8.196719810399863e-07,True,0
3,Ridge,0.0001,0.0,10.465174629790996,2.125844629117057,0.7424047060838062,3,False,10.465174629790996,0.0,True,0
3,ElasticNet,1e-06,0.9,10.465175524043095,2.1258504128500677,0.7424047016248593,3,False,10.465175524043097,7.513966824928039e-07,True,0
3,Ridge,1e-05,0.0,10.465175560345179,2.1258427635507235,0.7424046765484528,3,False,10.465175560345179,0.0,True,0
3,Ridge,1e-06,0.0,10.465175653403703,2.12584257699365,0.7424046735948381,3,False,10.465175653403703,0.0,True,0
3,ElasticNet,1e-05,0.9,10.465175667727225,2.125921728798404,0.7424049215644,3,False,10.465175667727225,5.740832783050454e-06,True,0
3,ElasticNet,1e-06,0.95,10.465175892629915,2.125850256104915,0.7424046915319296,3,False,10.465175892629915,7.54539819081383e-07,True,0
3,LASSO,1e-06,1.0,10.465176265467834,2.125850096051427,0.7424046813262057,3,False,10.465176265467834,7.656361919403397e-07,True,0
3,ElasticNet,1e-05,0.95,10.465179013575636,2.125919839648788,0.7424048284435022,3,False,10.465179013575634,5.743043901512031e-06,True,0
3,LASSO,1e-05,1.0,10.465182407070516,2.1259179291417825,0.742404734102662,3,False,10.465182407070516,5.794036357519467e-06,True,0
3,ElasticNet,0.0001,0.9,10.465225263465458,2.12657509274265,0.7424056167590071,3,False,10.46522526346546,9.775687997820289e-08,True,0
3,ElasticNet,0.0001,0.95,10.46525829664949,2.126554587317578,0.7424047064399989,3,False,10.465258296649491,8.913669196947572e-08,True,0
3,LASSO,0.0001,1.0,10.465291361968298,2.1265340862394058,0.7424037952867906,3,False,10.465291361968298,7.681410258196877e-08,True,0
3,ElasticNet,0.001,0.9,10.465822696868079,2.133166268705139,0.7424103342964156,3,False,10.465822696868079,9.676310812053524e-07,True,0
3,ElasticNet,0.001,0.95,10.466134174310946,2.1329644478555863,0.7424017130551782,3,False,10.466134174310946,8.898444790359731e-07,True,0
3,LASSO,0.001,1.0,10.46645232100285,2.1327625652994566,0.7423929451092217,3,False,10.46645232100285,8.820948684505614e-06,True,0
3,ElasticNet,0.01,0.3,10.479785346882165,2.216750098901263,0.7423313631807273,3,False,10.479785346882165,3.078620028843914e-06,True,0
3,ElasticNet,0.01,0.5,10.479956286011207,2.2112805476960005,0.7423051580639979,3,False,10.479956286011207,3.6261235909704204e-06,True,0
3,ElasticNet,0.01,0.1,10.481121414024242,2.2218104496273665,0.7423177378132076,3,False,10.481121414024242,5.917462674378225e-06,True,0
3,ElasticNet,0.01,0.7,10.481982335864307,2.20535571841058,0.7422301469507818,3,False,10.481982335864307,3.9194327808127205e-06,True,0
3,ElasticNet,0.01,0.9,10.486292058547749,2.198920143758266,0.7420952973599362,3,False,10.486292058547749,4.049475880965603e-06,True,0
3,ElasticNet,0.01,0.95,10.487784766072986,2.1972230642973,0.7420507272283884,3,False,10.487784766072986,5.174190303278495e-06,True,0
3,LASSO,0.01,1.0,10.489462046593685,2.195492670354028,0.7420013250446041,3,False,10.489462046593685,3.474167998908026e-06,True,0
3,Ridge,10.0,0.0,10.564224384197637,2.295992196803597,0.7404687344658543,3,False,10.564224384197637,0.0,True,0
15,ElasticNet,1e-05,0.1,10.613325001576701,16.04388650170375,0.7661223964137479,3,False,10.613325001576701,3.66787311661599e-05,True,0
3,LASSO,0.1,1.0,11.55409852293365,2.717403115131964,0.7169802991188341,3,False,11.55409852293365,6.486638349886831e-06,True,0
3,ElasticNet,0.1,0.95,11.562992851084772,2.7245295498039193,0.7167705274596856,3,False,11.562992851084772,6.258878563203396e-06,True,0
3,ElasticNet,0.1,0.9,11.57231525386073,2.7298375457713275,0.7165455069721155,3,False,11.57231525386073,3.4717931464978147e-06,True,0
3,ElasticNet,0.1,0.7,11.590934545150931,2.7276947056661727,0.7160322782678598,3,False,11.590934545150931,1.7824159293244879e-06,True,0
3,ElasticNet,0.1,0.5,11.60755214428634,2.7258024042335514,0.7155793895483243,3,False,11.60755214428634,1.8510147903397223e-06,True,0
3,ElasticNet,0.1,0.3,11.623804771056633,2.7266358123466468,0.715150890232537,3,False,11.623804771056633,2.706455809714514e-06,True,0
3,ElasticNet,0.1,0.1,11.634203372807974,2.71569449247678,0.7148463398222136,3,False,11.634203372807974,1.8846532402055916e-07,True,0
14,ElasticNet,1.0,0.7,12.17914718983596,2.32297257503552,0.7001368207180775,3,False,12.17914718983596,1.580669124157108e-05,True,0
13,ElasticNet,1.0,0.7,12.230366551851917,2.3226359080240404,0.6988461167976286,3,False,12.230366551851917,4.0556082790410564e-05,True,0
11,ElasticNet,1.0,0.7,12.342204283582353,2.26496143181363,0.6958434891406018,3,False,12.342204283582353,7.834841907694567e-06,True,0
10,ElasticNet,1.0,0.7,12.399597850867229,2.1938255178519275,0.6941684537634473,3,False,12.399597850867229,3.177462646553053e-06,True,0
16,ElasticNet,1e-05,0.1,12.507526688730572,18.172257437678706,0.7242522665735741,3,False,12.50752668873057,4.510404262769385e-05,True,0
3,Ridge,100.0,0.0,12.649686389604726,2.988072650727274,0.690091923859728,3,False,12.649686389604726,0.0,True,0
14,ElasticNet,1.0,0.9,14.676929510347795,3.3877267507084285,0.6404455514834623,3,False,14.676929510347795,4.2997293539071e-05,True,0
12,ElasticNet,1.0,0.9,14.711351282570817,3.356368127964848,0.6394911188835332,3,False,14.711351282570817,1.0355095591330077e-05,True,0
10,ElasticNet,1.0,0.9,14.756147697204254,3.263445784654116,0.6380805885177055,3,False,14.756147697204254,4.848380687816345e-06,True,0
11,ElasticNet,1.0,0.9,14.76018334115503,3.331142119119441,0.6381805027936686,3,False,14.76018334115503,6.628065160496632e-06,True,0
18,ElasticNet,1.0,0.95,15.222796355039412,3.5948298960107814,0.6272990241686096,3,False,15.222796355039414,3.4924116654955206e-05,True,0
14,ElasticNet,1.0,0.95,15.297068600746352,3.6446037221051304,0.625574461725562,3,False,15.297068600746352,2.785574736141605e-05,True,0
13,ElasticNet,1.0,0.95,15.319971413896548,3.650478243936906,0.6250286353139066,3,False,15.319971413896548,1.4253796615348868e-05,True,0
12,ElasticNet,1.0,0.95,15.332617275128518,3.6342443700472207,0.6246687945637035,3,False,15.332617275128518,1.742163674700592e-05,True,0
10,ElasticNet,1.0,0.95,15.376863864201729,3.5642547657856407,0.6233544959443047,3,False,15.376863864201729,6.571220954154633e-06,True,0
11,ElasticNet,1.0,0.95,15.378023284609762,3.617681881450436,0.623479557722581,3,False,15.378023284609766,4.983227754662423e-06,True,0
11,LASSO,1.0,1.0,15.845227453354902,3.8514161146955037,0.6123897967766649,3,False,15.845227453354902,3.529266972224221e-06,True,0
10,LASSO,1.0,1.0,15.878714396986064,3.848547387863835,0.611520466036006,3,False,15.878714396986064,4.247519185041071e-06,True,0
9,LASSO,1.0,1.0,15.940202960143914,3.819152415369576,0.6098916228688698,3,False,15.940202960143914,3.616498528979939e-06,True,0
15,ElasticNet,1e-06,0.5,16.645511349165,24.414858426251516,0.633301815624053,3,False,16.645511349165,4.7672191040361766e-05,True,0
16,ElasticNet,1e-06,0.5,16.773790233051603,23.03632886050991,0.6290288692948408,3,False,16.773790233051603,4.980992944992853e-05,True,0
15,ElasticNet,1e-06,0.9,16.963841438327723,25.63675654864498,0.627074113418177,3,False,16.963841438327727,4.825117271629682e-05,True,0
15,ElasticNet,1e-06,0.3,17.15984125698552,25.746371866728357,0.6224483316362289,3,False,17.15984125698552,4.329553591632156e-05,True,0
15,ElasticNet,1e-06,0.7,18.544395455149687,27.91460518307689,0.5922693211498309,3,False,18.544395455149687,4.201272988147967e-05,True,0
16,ElasticNet,1e-06,0.3,18.889760286408624,26.541001402464467,0.5828718168001837,3,False,18.889760286408624,4.4483073021586656e-05,True,0
18,ElasticNet,1e-05,0.3,19.245234231161394,26.720510953286663,0.5754810888425513,3,False,19.245234231161394,4.690961560613776e-05,True,0
20,ElasticNet,10.0,0.1,20.407862043790733,4.106821410854043,0.4981983963080899,3,False,20.407862043790733,1.6936264516598243e-05,True,0
19,ElasticNet,10.0,0.1,20.513106459194166,4.183463489997049,0.4957779044777846,3,False,20.513106459194166,5.535541957035761e-06,True,0
16,ElasticNet,1e-06,0.1,20.56232046718931,28.821291212571595,0.5455775828521423,3,False,20.56232046718931,3.435542441788262e-05,True,0
18,ElasticNet,10.0,0.1,20.655374997662676,4.125070841489717,0.49201699748038935,3,False,20.655374997662676,9.872754907602754e-06,True,0
2,LASSO,0.1,1.0,20.65883571366418,3.702825818091535,0.490548326823303,3,False,20.65883571366418,3.3736902160796944e-14,True,0
2,ElasticNet,0.1,0.95,20.666104323834634,3.7186584732975287,0.4904192382804006,3,False,20.666104323834634,3.082256672115591e-14,True,0
2,ElasticNet,0.1,0.9,20.67369361490622,3.734395308123096,0.49028155170701854,3,False,20.67369361490622,2.8158031462055533e-14,True,0
2,ElasticNet,0.1,0.7,20.70704932621872,3.7963698599887996,0.48965019414586486,3,False,20.70704932621872,4.427014310692812e-15,True,0
2,LASSO,0.01,1.0,20.727104472896098,3.8090031037634384,0.4891337264359213,3,False,20.7271044728961,1.494637746901617e-14,True,0
2,ElasticNet,0.01,0.95,20.7275714081691,3.810643692913797,0.48912766814374836,3,False,20.7275714081691,1.544077365966956e-14,True,0
2,ElasticNet,0.01,0.9,20.728041998924244,3.8122834013022993,0.4891215124309689,3,False,20.728041998924244,1.5380058338010372e-14,True,0
2,ElasticNet,0.01,0.7,20.729960682286436,3.8188333986620466,0.4890959213950217,3,False,20.729960682286436,1.639747365667077e-14,True,0
2,ElasticNet,0.01,0.5,20.731936919811545,3.825369190962762,0.4890687956037749,3,False,20.73193691981155,1.7236212457305555e-14,True,0
2,ElasticNet,0.01,0.3,20.73396997448602,3.8318906911234363,0.4890401539880296,3,False,20.73396997448602,6.747510536420087e-14,True,0
2,Ridge,10.0,0.0,20.735011272630434,3.8576262062188995,0.48910934956145863,3,False,20.735011272630434,0.0,True,0
2,ElasticNet,0.01,0.1,20.73605911841661,3.838397815026928,0.489010015247737,3,False,20.73605911841661,1.0155071228368229e-13,True,0
2,LASSO,0.001,1.0,20.741741868583635,3.8220134366274845,0.4888020864115426,3,False,20.741741868583635,1.37099533115137e-14,True,0
2,ElasticNet,0.001,0.95,20.74178571870479,3.8221767721214963,0.4888015514087629,3,False,20.741785718704794,1.2547905423043737e-14,True,0
2,ElasticNet,0.001,0.9,20.741829605996433,3.8223400988906517,0.4888010154160575,3,False,20.741829605996433,1.1078269378239636e-14,True,0
2,Ridge,1.0,0.0,20.741907349560535,3.826855461806452,0.48881560862472423,3,False,20.741907349560535,0.0,True,0
2,ElasticNet,0.001,0.7,20.742005526629384,3.8229933186894844,0.48879886155210234,3,False,20.742005526629384,1.4042478117815005e-14,True,0
2,ElasticNet,0.001,0.5,20.742182041036823,3.8236463987740854,0.48879669187381564,3,False,20.742182041036823,1.3995965844615377e-14,True,0
2,ElasticNet,0.001,0.3,20.742359148457183,3.8242993390516604,0.48879450640075534,3,False,20.742359148457183,6.394136522341887e-15,True,0
2,ElasticNet,0.001,0.1,20.74253684812984,3.8249521394297257,0.4887923051524554,3,False,20.74253684812984,1.327533731814573e-14,True,0
2,LASSO,0.0001,1.0,20.743292221858102,3.8233238979057234,0.4887667600502817,3,False,20.743292221858102,1.6753186836936107e-14,True,0
2,ElasticNet,0.0001,0.95,20.743296577487886,3.823340224127821,0.4887667072821114,3,False,20.743296577487882,1.297058163998721e-15,True,0
2,ElasticNet,0.0001,0.9,20.743300933490023,3.8233565502627656,0.4887666545040254,3,False,20.74330093349002,1.589752092988339e-15,True,0
2,Ridge,0.1,0.0,20.743302241009207,3.823807863953139,0.48876827890554475,3,False,20.743302241009207,0.0,True,0
2,ElasticNet,0.0001,0.7,20.743318361221682,3.8234218539308675,0.48876644329253366,3,False,20.743318361221686,1.7359974135294776e-15,True,0
2,ElasticNet,0.0001,0.5,20.743335794909786,3.823487156204226,0.48876623192242036,3,False,20.743335794909786,1.906467876362089e-15,True,0
2,ElasticNet,0.0001,0.3,20.743353234553553,3.82355245708274,0.4887660203937048,3,False,20.743353234553556,1.4596851017397577e-15,True,0
2,ElasticNet,0.0001,0.1,20.743370680152225,3.823617756566317,0.4887658087064069,3,False,20.743370680152225,1.382223938713352e-15,True,0
2,LASSO,1e-06,1.0,20.743448123322587,3.8234550385233885,0.48876320579056776,3,False,20.74344812332259,9.000000000770045e-06,True,0
2,LASSO,1e-05,1.0,20.743448123322587,3.8234550385233885,0.48876320579056776,3,False,20.74344812332259,8.642480448742967e-16,True,0
2,Ridge,0.01,0.0,20.743449059662975,3.823503432728382,0.4887633593496801,3,False,20.743449059662975,0.0,True,0
2,ElasticNet,1e-05,0.5,20.743449539925287,3.823468617868318,0.4887632168231355,3,False,20.743449539925283,8.60051214633571e-06,True,0
2,ElasticNet,1e-05,0.95,20.743450104796583,3.8234567580878758,0.48876315108226304,3,False,20.743450104796583,9.1674259097511e-06,True,0
2,ElasticNet,1e-05,0.9,20.743450708125483,3.823458605340001,0.4887631428373151,3,False,20.743450708125483,8.793914745439081e-06,True,0
2,ElasticNet,1e-05,0.7,20.7434531214621,3.823465994334714,0.4887631098568039,3,False,20.7434531214621,9.419712832465861e-06,True,0
2,ElasticNet,1e-05,0.3,20.743453593644727,3.8234773107480677,0.4887631455480059,3,False,20.743453593644727,8.512681763995563e-06,True,0
2,ElasticNet,1e-05,0.1,20.74345764731972,3.823486003529863,0.48876307427354765,3,False,20.74345764731972,8.673792944413784e-06,True,0
2,Ridge,0.001,0.0,20.743463815108424,3.823472992926728,0.4887628655210146,3,False,20.743463815108424,0.0,True,0
2,ElasticNet,1e-06,0.5,20.743463952653787,3.823470028361773,0.4887628500729813,3,False,20.743463952653787,2.606361615745042e-06,True,0
2,ElasticNet,1e-06,0.95,20.743464119349966,3.823468960022822,0.4887628408700369,3,False,20.743464119349966,2.144181399550919e-06,True,0
2,ElasticNet,1e-06,0.9,20.74346417957161,3.8234691413222266,0.4887628400543638,3,False,20.74346417957161,2.1615709422419846e-06,True,0
2,ElasticNet,1e-06,0.3,20.743464253466986,3.8234708011935514,0.4887628454113089,3,False,20.743464253466982,3.012707461251084e-06,True,0
2,ElasticNet,1e-06,0.7,20.74346442045868,3.823469866519516,0.48876283679165433,3,False,20.743464420458675,2.231129954441897e-06,True,0
2,ElasticNet,1e-06,0.1,20.74346455427799,3.823471574022349,0.4887628407496781,3,False,20.743464554277992,3.419051599964466e-06,True,0
2,Ridge,0.0001,0.0,20.74346529138905,3.823469948979806,0.48876281611941,3,False,20.743465291389054,0.0,True,0
2,Ridge,1e-05,0.0,20.743465439024476,3.8234696445854492,0.48876281117906223,3,False,20.743465439024476,0.0,True,0
2,Ridge,1e-06,0.0,20.74346545378809,3.823469614146015,0.48876281068502564,3,False,20.74346545378809,0.0,True,0
2,ElasticNet,0.1,0.5,20.744740108610248,3.8567627958323656,0.48890179857481747,3,False,20.744740108610248,2.002564780667626e-14,True,0
15,ElasticNet,1e-06,0.1,20.765598149514112,30.578363864440583,0.5431548621586542,3,False,20.765598149514112,3.5390897643476475e-05,True,0
2,ElasticNet,0.1,0.3,20.78497589632313,3.917675361306591,0.4880885192694955,3,False,20.784975896323132,1.2167350460501325e-14,True,0
17,ElasticNet,10.0,0.1,20.812861096044923,4.232872365716158,0.4883773810180296,3,False,20.81286109604492,6.481465519847518e-07,True,0
2,ElasticNet,0.1,0.1,20.826986309482972,3.9795713180085452,0.48723161773085244,3,False,20.826986309482972,3.224885636310404e-13,True,0
16,ElasticNet,10.0,0.1,21.003016584288236,4.162093397299836,0.48337438329844673,3,False,21.003016584288236,3.37117260951203e-06,True,0
17,ElasticNet,1e-05,0.1,21.088197218427844,31.807196687861712,0.5365974652154532,3,False,21.088197218427844,3.983056846373139e-05,True,0
2,Ridge,100.0,0.0,21.159867932898262,4.171763709137875,0.4794585685971518,3,False,21.159867932898262,0.0,True,0
20,ElasticNet,1e-05,0.5,21.238003086629515,24.066781763199682,0.527186690868947,3,False,21.238003086629515,4.649220089089547e-05,True,0
15,ElasticNet,10.0,0.1,21.24682622401703,4.319712455496145,0.4777161591158842,3,False,21.24682622401703,2.4454797786788163e-06,True,0
14,ElasticNet,10.0,0.1,21.523293929478797,4.229844328770549,0.47047419474732183,3,False,21.523293929478797,1.7186332066376764e-06,True,0
13,ElasticNet,10.0,0.1,21.898246096067993,4.461092606533071,0.4617457565820546,3,False,21.898246096067993,8.764215774004214e-06,True,0
12,ElasticNet,10.0,0.1,22.33093826620451,4.356011462132815,0.45049686167354847,3,False,22.33093826620451,1.076287860279912e-06,True,0
18,ElasticNet,1e-05,0.1,22.4652868844684,30.93128904305862,0.5044308841849515,3,False,22.4652868844684,4.114540812747227e-05,True,0
11,ElasticNet,10.0,0.1,22.91149022986068,4.680347214844619,0.4368829046934352,3,False,22.911490229860675,3.212515164996432e-08,True,0
10,ElasticNet,10.0,0.1,23.636565858078757,4.586898645467716,0.4182656034386416,3,False,23.636565858078757,5.5368838108860174e-06,True,0
18,ElasticNet,1e-06,0.5,25.53340766119362,31.271585185141205,0.43206685499961495,3,False,25.53340766119362,3.916604895094876e-05,True,0
2,ElasticNet,1.0,0.3,25.542977730815704,5.113692300547639,0.3718205998381457,3,False,25.542977730815704,9.43689570931383e-16,True,0
2,ElasticNet,1.0,0.5,25.549343286696626,5.0467484335912705,0.3714551602303627,3,False,25.549343286696626,1.1102230246251565e-15,True,0
2,ElasticNet,1.0,0.1,25.63317562059035,5.203021634555908,0.3697983372585047,3,False,25.63317562059035,1.0269562977782698e-15,True,0
2,ElasticNet,1.0,0.7,25.644306150789898,4.973131890955594,0.3688471090571636,3,False,25.644306150789898,9.992007221626409e-16,True,0
2,ElasticNet,1.0,0.9,25.838924530079485,4.774628278786159,0.36333920019032256,3,False,25.838924530079485,5.551115123125783e-16,True,0
2,ElasticNet,1.0,0.95,25.913437473082066,4.721003210379778,0.3612785235089168,3,False,25.913437473082066,9.992007221626409e-16,True,0
2,LASSO,1.0,1.0,25.96405704977333,4.742815230067321,0.3600396927340401,3,False,25.96405704977333,1.1102230246251565e-15,True,0
17,ElasticNet,1e-06,0.9,26.876259063011485,39.015509449006565,0.408588226700805,3,False,26.876259063011478,4.260715822659614e-05,True,0
20,ElasticNet,1e-05,0.3,28.101114442414517,32.92067113860237,0.37588411281291867,3,False,28.101114442414517,4.6594356300046685e-05,True,0
17,ElasticNet,1e-06,0.7,28.58626141047273,40.96483790532769,0.3700370033675436,3,False,28.58626141047273,3.363734378265948e-05,True,0
18,ElasticNet,1e-06,0.3,28.734719479473906,37.26994710669756,0.3616247802183339,3,False,28.734719479473906,4.180960403653804e-05,True,0
17,ElasticNet,1e-06,0.5,28.9067227838954,41.574005017096155,0.3630832861525701,3,False,28.9067227838954,3.3932421185298945e-05,True,0
2,Ridge,1000.0,0.0,29.267106344764468,5.787319215155498,0.27997231452891935,3,False,29.267106344764468,0.0,True,0
1,LASSO,0.1,1.0,30.545857718215284,5.9696710091510505,0.2479500230885339,3,False,30.545857718215288,9.992007221626409e-16,True,0
1,ElasticNet,0.1,0.95,30.549072814912137,5.979571046144111,0.24791049461852674,3,False,30.549072814912137,1.27675647831893e-15,True,0
1,ElasticNet,0.1,0.9,30.552488516562864,5.989382288981662,0.24786534937436774,3,False,30.552488516562864,9.783840404509192e-15,True,0
1,ElasticNet,0.1,0.7,30.568034702997426,6.0277475475935764,0.24763188924241705,3,False,30.568034702997426,1.3183898417423734e-15,True,0
1,ElasticNet,0.1,0.5,30.58632094661242,6.064728151574528,0.2473211591464449,3,False,30.586320946612418,1.124100812432971e-15,True,0
1,ElasticNet,0.1,0.3,30.607016117858336,6.100358964805048,0.24694206043505285,3,False,30.607016117858336,1.7763568394002505e-15,True,0
1,Ridge,10.0,0.0,30.613036894608133,5.9850979166204,0.2463095718155189,3,False,30.613036894608133,0.0,True,0
1,LASSO,0.01,1.0,30.613750384115956,5.9448953295877915,0.2461201135615052,3,False,30.61375038411596,1.5629858518551032e-15,True,0
1,ElasticNet,0.01,0.95,30.61391914882675,5.945922379268439,0.24612024580627787,3,False,30.61391914882675,1.5629858518551032e-15,True,0
1,ElasticNet,0.01,0.9,30.61409023421827,5.946948508516759,0.24612031343730134,3,False,30.614090234218278,2.0018708912772354e-15,True,0
1,ElasticNet,0.01,0.7,30.614797641051993,5.951043826999041,0.2461199416182797,3,False,30.614797641051993,2.0729945537922845e-15,True,0
1,ElasticNet,0.01,0.5,30.615541615151116,5.955124442301132,0.24611855108980477,3,False,30.615541615151116,1.6124254709204422e-15,True,0
1,ElasticNet,0.01,0.3,30.616321711314963,5.959190374501278,0.24611615378956328,3,False,30.616321711314963,1.3331349912881763e-15,True,0
1,ElasticNet,0.01,0.1,30.617137489636377,5.9632416446721,0.24611276151524775,3,False,30.617137489636377,1.7286519438108883e-15,True,0
1,Ridge,1.0,0.0,30.62310611664087,5.946430560157842,0.24588964134396488,3,False,30.62310611664087,0.0,True,0
1,LASSO,0.001,1.0,30.62351552862899,5.942326790729266,0.24586163316576967,3,False,30.62351552862899,7.45931094670027e-15,True,0
1,ElasticNet,0.001,0.95,30.623530556315988,5.942429878257902,0.24586169544657446,3,False,30.623530556315988,2.1132184543914967e-15,True,0
1,ElasticNet,0.001,0.9,30.62354560757881,5.94253295655043,0.2458617570713952,3,False,30.62354560757881,2.0082676840949e-15,True,0
1,ElasticNet,0.001,0.7,30.623606048244557,5.942945177364912,0.24586199701469091,3,False,30.623606048244557,1.848131023218791e-15,True,0
1,ElasticNet,0.001,0.5,30.623666865548774,5.943357250423662,0.245862226477647,3,False,30.623666865548774,2.1423834928313568e-15,True,0
1,ElasticNet,0.001,0.3,30.62372805903232,5.943769175744456,0.2458624454725716,3,False,30.62372805903232,1.808395013597197e-15,True,0
1,ElasticNet,0.001,0.1,30.623789628236608,5.944180953345178,0.24586265401175808,3,False,30.623789628236604,9.942540497506758e-16,True,0
1,Ridge,0.1,0.0,30.624477345372753,5.9424802549189195,0.24583792522273026,3,False,30.624477345372753,0.0,True,0
1,LASSO,0.0001,1.0,30.624521801859515,5.942069035742615,0.24583503023176592,3,False,30.624521801859515,8.888424935307726e-16,True,0
1,ElasticNet,0.0001,0.95,30.624523285816554,5.942079348332812,0.2458350369586788,3,False,30.624523285816554,1.7145302105142646e-15,True,0
1,ElasticNet,0.0001,0.9,30.624524770009725,5.942089660830622,0.24583504367902206,3,False,30.624524770009725,1.4980556942503775e-15,True,0
1,ElasticNet,0.0001,0.7,30.624530709143585,5.942130909897919,0.2458350704947,3,False,30.624530709143585,1.933864310008082e-15,True,0
1,ElasticNet,0.0001,0.5,30.624536652054996,5.942172157486954,0.24583509720527622,3,False,30.624536652055,1.3684054432118453e-15,True,0
1,ElasticNet,0.0001,0.3,30.624542598743492,5.942213403597745,0.245835123810763,3,False,30.624542598743492,1.7276456686695502e-15,True,0
1,ElasticNet,0.0001,0.1,30.624548549208626,5.94225464823031,0.24583515031117245,3,False,30.624548549208626,9.716907861017157e-16,True,0
1,LASSO,1e-05,1.0,30.624616969316836,5.942045009573711,0.24583251147242424,3,False,30.624616969316836,6.354618832189714e-06,True,0
1,ElasticNet,1e-05,0.95,30.62461699698996,5.942046184661867,0.24583251594290834,3,False,30.62461699698996,6.835140445944586e-06,True,0
1,ElasticNet,1e-05,0.9,30.62461702466685,5.942047359747718,0.2458325204132824,3,False,30.62461702466685,7.315656793151223e-06,True,0
1,ElasticNet,1e-05,0.7,30.624617135412077,5.942052060067992,0.24583253829367804,3,False,30.624617135412077,9.712970415230345e-06,True,0
1,Ridge,0.01,0.0,30.624618245830344,5.942084381588342,0.2458326528338988,3,False,30.624618245830344,0.0,True,0
1,ElasticNet,1e-05,0.5,30.62462317662843,5.9420527556998195,0.24583239157004697,3,False,30.62462317662843,2.797238275472835e-06,True,0
1,ElasticNet,1e-05,0.3,30.624624302443536,5.942057298175278,0.24583238271157884,3,False,30.624624302443536,3.1279436601181523e-06,True,0
1,ElasticNet,1e-05,0.1,30.624625428270388,5.942061840617587,0.24583237385262466,3,False,30.624625428270388,4.253470745535158e-06,True,0
1,LASSO,1e-06,1.0,30.624629230789054,5.942038580421619,0.24583217618184697,3,False,30.624629230789058,9.811822949995165e-06,True,0
1,ElasticNet,1e-06,0.95,30.624630092720682,5.942039371780861,0.2458321579855864,3,False,30.624630092720682,9.173979607913927e-06,True,0
1,ElasticNet,1e-06,0.9,30.62463095465046,5.942040163138989,0.2458321397893657,3,False,30.62463095465046,9.130121439688393e-06,True,0
1,ElasticNet,1e-06,0.7,30.624632191074824,5.942041596784316,0.24583211500101676,3,False,30.624632191074824,1.086714290985154e-06,True,0
1,ElasticNet,1e-06,0.5,30.624632226656132,5.942041986503233,0.24583211594003204,3,False,30.624632226656132,1.2173346070780723e-06,True,0
1,ElasticNet,1e-06,0.3,30.624632239926857,5.9420424582881495,0.24583211768054705,3,False,30.624632239926857,1.46334154392535e-06,True,0
1,ElasticNet,1e-06,0.1,30.62463225319802,5.942042930072561,0.24583211942104807,3,False,30.62463225319802,1.7093474165800405e-06,True,0
1,Ridge,0.001,0.0,30.624632373790273,5.942044785820554,0.24583212458360257,3,False,30.624632373790273,0.0,True,0
1,Ridge,0.0001,0.0,30.624633786965546,5.94204082615942,0.2458320717484551,3,False,30.624633786965546,0.0,True,0
1,Ridge,1e-05,0.0,30.62463392828687,5.942040430192468,0.24583206646483913,3,False,30.62463392828687,0.0,True,0
1,Ridge,1e-06,0.0,30.624633942419038,5.942040390595766,0.24583206593647655,3,False,30.624633942419038,0.0,True,0
1,ElasticNet,0.1,0.1,30.629825878275373,6.1346788397853595,0.24650252130864422,3,False,30.629825878275373,1.2698175844150228e-15,True,0
1,Ridge,100.0,0.0,30.77241629620364,6.297518771199917,0.243535445445503,3,False,30.77241629620364,0.0,True,0
17,ElasticNet,1e-06,0.3,31.492548615378677,45.862682649363975,0.3061429057767224,3,False,31.492548615378677,3.1356298334367616e-05,True,0
1,LASSO,1.0,1.0,32.3314811158669,6.401696012308528,0.20462554919983764,3,False,32.3314811158669,6.439293542825908e-15,True,0
1,ElasticNet,1.0,0.95,32.377708925559084,6.3876931191278326,0.20343500815147045,3,False,32.377708925559084,7.105427357601002e-15,True,0
1,ElasticNet,1.0,0.9,32.40462848447542,6.416079373645656,0.20285982710502423,3,False,32.40462848447542,2.3314683517128287e-15,True,0
1,ElasticNet,1.0,0.7,32.51027995137262,6.571189477264415,0.2007162358252597,3,False,32.51027995137262,1.5543122344752192e-15,True,0
1,ElasticNet,1.0,0.5,32.641719938444815,6.682533184516195,0.19776634500037038,3,False,32.641719938444815,1.4432899320127035e-15,True,0
1,ElasticNet,1.0,0.3,32.772946150476365,6.765219427969438,0.19472439521865617,3,False,32.772946150476365,1.4988010832439613e-15,True,0
1,ElasticNet,1.0,0.1,32.913472045900406,6.848202434363381,0.191447478784642,3,False,32.913472045900406,1.1934897514720433e-15,True,0
19,ElasticNet,1e-05,0.1,34.40138535790279,47.13406977257195,0.24069408597733735,3,False,34.40138535790279,3.7148803072375124e-05,True,0
19,ElasticNet,1e-06,0.95,34.814004213415636,44.91937308283311,0.2263025014763462,3,False,34.814004213415636,4.953399475660562e-05,True,0
1,Ridge,1000.0,0.0,34.81822971101127,7.046171034145291,0.14403109114538534,3,False,34.81822971101128,0.0,True,0
19,ElasticNet,1e-06,0.9,35.21975373687325,43.94722365733208,0.21703430109080246,3,False,35.21975373687325,4.293945948824497e-05,True,0
20,ElasticNet,1e-05,0.1,35.34320524566481,45.62817108650956,0.21835211848967526,3,False,35.34320524566481,3.608538753908646e-05,True,0
18,ElasticNet,1e-06,0.1,35.76608359147088,47.21955142598649,0.2038498582044492,3,False,35.76608359147088,2.9253011228051857e-05,True,0
17,ElasticNet,1e-06,0.1,37.119577038388236,55.17501093786766,0.18346104651926162,3,False,37.119577038388236,2.5781540091096442e-05,True,0
20,ElasticNet,10.0,0.3,38.732911865024484,7.428280024806461,0.046235556791307864,3,False,38.732911865024484,1.0103557990248646e-07,True,0
19,ElasticNet,10.0,0.3,38.73291186605787,7.428280025171824,0.04623555676719756,3,False,38.73291186605787,1.0103557990248646e-07,True,0
18,ElasticNet,10.0,0.3,38.767645115556945,7.437921967329543,0.04538336784040642,3,False,38.76764511555695,3.203474818747054e-09,True,0
17,ElasticNet,10.0,0.3,38.767645116006456,7.437921967511615,0.045383367830012324,3,False,38.767645116006456,1.289892637146295e-10,True,0
15,ElasticNet,10.0,0.3,38.81638481607768,7.448818982229743,0.044182513183966744,3,False,38.81638481607768,1.8984414040801312e-10,True,0
16,ElasticNet,10.0,0.3,38.81638481617585,7.448818982557249,0.044182513182763485,3,False,38.81638481617585,6.076983360969734e-10,True,0
13,ElasticNet,10.0,0.3,38.8884423062452,7.45908781579276,0.042394521074767044,3,False,38.8884423062452,4.4896131257132765e-10,True,0
14,ElasticNet,10.0,0.3,38.888442306840126,7.459087815158232,0.042394521057803836,3,False,38.888442306840126,8.066840528897501e-10,True,0
12,ElasticNet,10.0,0.3,38.99921555194431,7.470745650122249,0.03964434644481252,3,False,38.99921555194431,9.897842545569802e-10,True,0
11,ElasticNet,10.0,0.3,38.99921555291324,7.4707456499609295,0.039644346420383725,3,False,38.99921555291324,4.6491699379203055e-10,True,0
10,ElasticNet,10.0,0.3,39.153341661084255,7.481983870716961,0.03581061289934232,3,False,39.15334166108426,1.3386625141720288e-11,True,0
1,ElasticNet,10.0,0.1,39.62626241967453,7.194753946780777,0.023214269181228375,3,False,39.62626241967453,2.4424906541753444e-15,True,0
1,Ridge,10000.0,0.0,39.848455853948586,7.198391856315235,0.017622429015169416,3,False,39.848455853948586,0.0,True,0
1,ElasticNet,10.0,0.3,40.78395128510763,7.273042424888394,-0.0057446719555418095,3,False,40.78395128510763,2.6645352591003757e-15,True,0
1,Ridge,100000.0,0.0,40.78746356118166,7.204984695264234,-0.006041824740658693,3,False,40.78746356118166,0.0,True,0
1,Ridge,1000000.0,0.0,40.88897425859153,7.205457559503148,-0.00860076335145643,3,False,40.88897425859153,0.0,True,0
1,LASSO,10.0,1.0,40.90034479938888,7.205507831875929,-0.00888740657688373,3,False,40.90034479938888,0.0,True,0
1,LASSO,100.0,1.0,40.90034479938888,7.205507831875929,-0.00888740657688373,3,False,40.90034479938888,0.0,True,0
1,LASSO,1000.0,1.0,40.90034479938888,7.205507831875929,-0.00888740657688373,3,False,40.90034479938888,0.0,True,0
1,LASSO,10000.0,1.0,40.90034479938888,7.205507831875929,-0.00888740657688373,3,False,40.90034479938888,0.0,True,0
1,LASSO,100000.0,1.0,40.90034479938888,7.205507831875929,-0.00888740657688373,3,False,40.90034479938888,0.0,True,0
1,LASSO,1000000.0,1.0,40.90034479938888,7.205507831875929,-0.00888740657688373,3,False,40.90034479938888,0.0,True,0
1,ElasticNet,100.0,0.1,40.90034479938888,7.205507831875929,-0.00888740657688373,3,False,40.90034479938888,0.0,True,0
1,ElasticNet,1000.0,0.1,40.90034479938888,7.205507831875929,-0.00888740657688373,3,False,40.90034479938888,0.0,True,0
1,ElasticNet,10000.0,0.1,40.90034479938888,7.205507831875929,-0.00888740657688373,3,False,40.90034479938888,0.0,True,0
1,ElasticNet,100000.0,0.1,40.90034479938888,7.205507831875929,-0.00888740657688373,3,False,40.90034479938888,0.0,True,0
1,ElasticNet,1000000.0,0.1,40.90034479938888,7.205507831875929,-0.00888740657688373,3,False,40.90034479938888,0.0,True,0
1,ElasticNet,100.0,0.3,40.90034479938888,7.205507831875929,-0.00888740657688373,3,False,40.90034479938888,0.0,True,0
1,ElasticNet,1000.0,0.3,40.90034479938888,7.205507831875929,-0.00888740657688373,3,False,40.90034479938888,0.0,True,0
1,ElasticNet,10000.0,0.3,40.90034479938888,7.205507831875929,-0.00888740657688373,3,False,40.90034479938888,0.0,True,0
1,ElasticNet,100000.0,0.3,40.90034479938888,7.205507831875929,-0.00888740657688373,3,False,40.90034479938888,0.0,True,0
1,ElasticNet,1000000.0,0.3,40.90034479938888,7.205507831875929,-0.00888740657688373,3,False,40.90034479938888,0.0,True,0
1,ElasticNet,10.0,0.5,40.90034479938888,7.205507831875929,-0.00888740657688373,3,False,40.90034479938888,0.0,True,0
1,ElasticNet,100.0,0.5,40.90034479938888,7.205507831875929,-0.00888740657688373,3,False,40.90034479938888,0.0,True,0
1,ElasticNet,1000.0,0.5,40.90034479938888,7.205507831875929,-0.00888740657688373,3,False,40.90034479938888,0.0,True,0
1,ElasticNet,10000.0,0.5,40.90034479938888,7.205507831875929,-0.00888740657688373,3,False,40.90034479938888,0.0,True,0
1,ElasticNet,100000.0,0.5,40.90034479938888,7.205507831875929,-0.00888740657688373,3,False,40.90034479938888,0.0,True,0
1,ElasticNet,1000000.0,0.5,40.90034479938888,7.205507831875929,-0.00888740657688373,3,False,40.90034479938888,0.0,True,0
1,ElasticNet,10.0,0.7,40.90034479938888,7.205507831875929,-0.00888740657688373,3,False,40.90034479938888,0.0,True,0
1,ElasticNet,100.0,0.7,40.90034479938888,7.205507831875929,-0.00888740657688373,3,False,40.90034479938888,0.0,True,0
1,ElasticNet,1000.0,0.7,40.90034479938888,7.205507831875929,-0.00888740657688373,3,False,40.90034479938888,0.0,True,0
1,ElasticNet,10000.0,0.7,40.90034479938888,7.205507831875929,-0.00888740657688373,3,False,40.90034479938888,0.0,True,0
1,ElasticNet,100000.0,0.7,40.90034479938888,7.205507831875929,-0.00888740657688373,3,False,40.90034479938888,0.0,True,0
1,ElasticNet,1000000.0,0.7,40.90034479938888,7.205507831875929,-0.00888740657688373,3,False,40.90034479938888,0.0,True,0
1,ElasticNet,10.0,0.9,40.90034479938888,7.205507831875929,-0.00888740657688373,3,False,40.90034479938888,0.0,True,0
1,ElasticNet,100.0,0.9,40.90034479938888,7.205507831875929,-0.00888740657688373,3,False,40.90034479938888,0.0,True,0
1,ElasticNet,1000.0,0.9,40.90034479938888,7.205507831875929,-0.00888740657688373,3,False,40.90034479938888,0.0,True,0
1,ElasticNet,10000.0,0.9,40.90034479938888,7.205507831875929,-0.00888740657688373,3,False,40.90034479938888,0.0,True,0
1,ElasticNet,100000.0,0.9,40.90034479938888,7.205507831875929,-0.00888740657688373,3,False,40.90034479938888,0.0,True,0
1,ElasticNet,1000000.0,0.9,40.90034479938888,7.205507831875929,-0.00888740657688373,3,False,40.90034479938888,0.0,True,0
1,ElasticNet,10.0,0.95,40.90034479938888,7.205507831875929,-0.00888740657688373,3,False,40.90034479938888,0.0,True,0
1,ElasticNet,100.0,0.95,40.90034479938888,7.205507831875929,-0.00888740657688373,3,False,40.90034479938888,0.0,True,0
1,ElasticNet,1000.0,0.95,40.90034479938888,7.205507831875929,-0.00888740657688373,3,False,40.90034479938888,0.0,True,0
1,ElasticNet,10000.0,0.95,40.90034479938888,7.205507831875929,-0.00888740657688373,3,False,40.90034479938888,0.0,True,0
1,ElasticNet,100000.0,0.95,40.90034479938888,7.205507831875929,-0.00888740657688373,3,False,40.90034479938888,0.0,True,0
1,ElasticNet,1000000.0,0.95,40.90034479938888,7.205507831875929,-0.00888740657688373,3,False,40.90034479938888,0.0,True,0
9,LASSO,10.0,1.0,40.90034479938888,7.205507831875929,-0.00888740657688373,3,False,40.90034479938888,0.0,True,0
9,LASSO,100.0,1.0,40.90034479938888,7.205507831875929,-0.00888740657688373,3,False,40.90034479938888,0.0,True,0
9,LASSO,1000.0,1.0,40.90034479938888,7.205507831875929,-0.00888740657688373,3,False,40.90034479938888,0.0,True,0
9,LASSO,10000.0,1.0,40.90034479938888,7.205507831875929,-0.00888740657688373,3,False,40.90034479938888,0.0,True,0
9,LASSO,100000.0,1.0,40.90034479938888,7.205507831875929,-0.00888740657688373,3,False,40.90034479938888,0.0,True,0
9,LASSO,1000000.0,1.0,40.90034479938888,7.205507831875929,-0.00888740657688373,3,False,40.90034479938888,0.0,True,0
10,LASSO,10.0,1.0,40.90034479938888,7.205507831875929,-0.00888740657688373,3,False,40.90034479938888,0.0,True,0
10,LASSO,100.0,1.0,40.90034479938888,7.205507831875929,-0.00888740657688373,3,False,40.90034479938888,0.0,True,0
10,LASSO,1000.0,1.0,40.90034479938888,7.205507831875929,-0.00888740657688373,3,False,40.90034479938888,0.0,True,0
10,LASSO,10000.0,1.0,40.90034479938888,7.205507831875929,-0.00888740657688373,3,False,40.90034479938888,0.0,True,0
10,LASSO,100000.0,1.0,40.90034479938888,7.205507831875929,-0.00888740657688373,3,False,40.90034479938888,0.0,True,0
10,LASSO,1000000.0,1.0,40.90034479938888,7.205507831875929,-0.00888740657688373,3,False,40.90034479938888,0.0,True,0
10,ElasticNet,100.0,0.1,40.90034479938888,7.205507831875929,-0.00888740657688373,3,False,40.90034479938888,0.0,True,0
10,ElasticNet,1000.0,0.1,40.90034479938888,7.205507831875929,-0.00888740657688373,3,False,40.90034479938888,0.0,True,0
10,ElasticNet,10000.0,0.1,40.90034479938888,7.205507831875929,-0.00888740657688373,3,False,40.90034479938888,0.0,True,0
10,ElasticNet,100000.0,0.1,40.90034479938888,7.205507831875929,-0.00888740657688373,3,False,40.90034479938888,0.0,True,0
10,ElasticNet,1000000.0,0.1,40.90034479938888,7.205507831875929,-0.00888740657688373,3,False,40.90034479938888,0.0,True,0
10,ElasticNet,100.0,0.3,40.90034479938888,7.205507831875929,-0.00888740657688373,3,False,40.90034479938888,0.0,True,0
10,ElasticNet,1000.0,0.3,40.90034479938888,7.205507831875929,-0.00888740657688373,3,False,40.90034479938888,0.0,True,0
10,ElasticNet,10000.0,0.3,40.90034479938888,7.205507831875929,-0.00888740657688373,3,False,40.90034479938888,0.0,True,0
10,ElasticNet,100000.0,0.3,40.90034479938888,7.205507831875929,-0.00888740657688373,3,False,40.90034479938888,0.0,True,0
10,ElasticNet,1000000.0,0.3,40.90034479938888,7.205507831875929,-0.00888740657688373,3,False,40.90034479938888,0.0,True,0
10,ElasticNet,10.0,0.5,40.90034479938888,7.205507831875929,-0.00888740657688373,3,False,40.90034479938888,0.0,True,0
10,ElasticNet,100.0,0.5,40.90034479938888,7.205507831875929,-0.00888740657688373,3,False,40.90034479938888,0.0,True,0
10,ElasticNet,1000.0,0.5,40.90034479938888,7.205507831875929,-0.00888740657688373,3,False,40.90034479938888,0.0,True,0
10,ElasticNet,10000.0,0.5,40.90034479938888,7.205507831875929,-0.00888740657688373,3,False,40.90034479938888,0.0,True,0
10,ElasticNet,100000.0,0.5,40.90034479938888,7.205507831875929,-0.00888740657688373,3,False,40.90034479938888,0.0,True,0
10,ElasticNet,1000000.0,0.5,40.90034479938888,7.205507831875929,-0.00888740657688373,3,False,40.90034479938888,0.0,True,0
10,ElasticNet,10.0,0.7,40.90034479938888,7.205507831875929,-0.00888740657688373,3,False,40.90034479938888,0.0,True,0
10,ElasticNet,100.0,0.7,40.90034479938888,7.205507831875929,-0.00888740657688373,3,False,40.90034479938888,0.0,True,0
10,ElasticNet,1000.0,0.7,40.90034479938888,7.205507831875929,-0.00888740657688373,3,False,40.90034479938888,0.0,True,0
10,ElasticNet,10000.0,0.7,40.90034479938888,7.205507831875929,-0.00888740657688373,3,False,40.90034479938888,0.0,True,0
10,ElasticNet,100000.0,0.7,40.90034479938888,7.205507831875929,-0.00888740657688373,3,False,40.90034479938888,0.0,True,0
10,ElasticNet,1000000.0,0.7,40.90034479938888,7.205507831875929,-0.00888740657688373,3,False,40.90034479938888,0.0,True,0
10,ElasticNet,10.0,0.9,40.90034479938888,7.205507831875929,-0.00888740657688373,3,False,40.90034479938888,0.0,True,0
10,ElasticNet,100.0,0.9,40.90034479938888,7.205507831875929,-0.00888740657688373,3,False,40.90034479938888,0.0,True,0
10,ElasticNet,1000.0,0.9,40.90034479938888,7.205507831875929,-0.00888740657688373,3,False,40.90034479938888,0.0,True,0
10,ElasticNet,10000.0,0.9,40.90034479938888,7.205507831875929,-0.00888740657688373,3,False,40.90034479938888,0.0,True,0
10,ElasticNet,100000.0,0.9,40.90034479938888,7.205507831875929,-0.00888740657688373,3,False,40.90034479938888,0.0,True,0
10,ElasticNet,1000000.0,0.9,40.90034479938888,7.205507831875929,-0.00888740657688373,3,False,40.90034479938888,0.0,True,0
10,ElasticNet,10.0,0.95,40.90034479938888,7.205507831875929,-0.00888740657688373,3,False,40.90034479938888,0.0,True,0
10,ElasticNet,100.0,0.95,40.90034479938888,7.205507831875929,-0.00888740657688373,3,False,40.90034479938888,0.0,True,0
10,ElasticNet,1000.0,0.95,40.90034479938888,7.205507831875929,-0.00888740657688373,3,False,40.90034479938888,0.0,True,0
10,ElasticNet,10000.0,0.95,40.90034479938888,7.205507831875929,-0.00888740657688373,3,False,40.90034479938888,0.0,True,0
10,ElasticNet,100000.0,0.95,40.90034479938888,7.205507831875929,-0.00888740657688373,3,False,40.90034479938888,0.0,True,0
10,ElasticNet,1000000.0,0.95,40.90034479938888,7.205507831875929,-0.00888740657688373,3,False,40.90034479938888,0.0,True,0
11,LASSO,10.0,1.0,40.90034479938888,7.205507831875929,-0.00888740657688373,3,False,40.90034479938888,0.0,True,0
11,LASSO,100.0,1.0,40.90034479938888,7.205507831875929,-0.00888740657688373,3,False,40.90034479938888,0.0,True,0
11,LASSO,1000.0,1.0,40.90034479938888,7.205507831875929,-0.00888740657688373,3,False,40.90034479938888,0.0,True,0
11,LASSO,10000.0,1.0,40.90034479938888,7.205507831875929,-0.00888740657688373,3,False,40.90034479938888,0.0,True,0
11,LASSO,100000.0,1.0,40.90034479938888,7.205507831875929,-0.00888740657688373,3,False,40.90034479938888,0.0,True,0
11,LASSO,1000000.0,1.0,40.90034479938888,7.205507831875929,-0.00888740657688373,3,False,40.90034479938888,0.0,True,0
11,ElasticNet,100.0,0.1,40.90034479938888,7.205507831875929,-0.00888740657688373,3,False,40.90034479938888,0.0,True,0
11,ElasticNet,1000.0,0.1,40.90034479938888,7.205507831875929,-0.00888740657688373,3,False,40.90034479938888,0.0,True,0
11,ElasticNet,10000.0,0.1,40.90034479938888,7.205507831875929,-0.00888740657688373,3,False,40.90034479938888,0.0,True,0
11,ElasticNet,100000.0,0.1,40.90034479938888,7.205507831875929,-0.00888740657688373,3,False,40.90034479938888,0.0,True,0
11,ElasticNet,1000000.0,0.1,40.90034479938888,7.205507831875929,-0.00888740657688373,3,False,40.90034479938888,0.0,True,0
11,ElasticNet,100.0,0.3,40.90034479938888,7.205507831875929,-0.00888740657688373,3,False,40.90034479938888,0.0,True,0
11,ElasticNet,1000.0,0.3,40.90034479938888,7.205507831875929,-0.00888740657688373,3,False,40.90034479938888,0.0,True,0
11,ElasticNet,10000.0,0.3,40.90034479938888,7.205507831875929,-0.00888740657688373,3,False,40.90034479938888,0.0,True,0
11,ElasticNet,100000.0,0.3,40.90034479938888,7.205507831875929,-0.00888740657688373,3,False,40.90034479938888,0.0,True,0
11,ElasticNet,1000000.0,0.3,40.90034479938888,7.205507831875929,-0.00888740657688373,3,False,40.90034479938888,0.0,True,0
11,ElasticNet,10.0,0.5,40.90034479938888,7.205507831875929,-0.00888740657688373,3,False,40.90034479938888,0.0,True,0
11,ElasticNet,100.0,0.5,40.90034479938888,7.205507831875929,-0.00888740657688373,3,False,40.90034479938888,0.0,True,0
11,ElasticNet,1000.0,0.5,40.90034479938888,7.205507831875929,-0.00888740657688373,3,False,40.90034479938888,0.0,True,0
11,ElasticNet,10000.0,0.5,40.90034479938888,7.205507831875929,-0.00888740657688373,3,False,40.90034479938888,0.0,True,0
11,ElasticNet,100000.0,0.5,40.90034479938888,7.205507831875929,-0.00888740657688373,3,False,40.90034479938888,0.0,True,0
11,ElasticNet,1000000.0,0.5,40.90034479938888,7.205507831875929,-0.00888740657688373,3,False,40.90034479938888,0.0,True,0
11,ElasticNet,10.0,0.7,40.90034479938888,7.205507831875929,-0.00888740657688373,3,False,40.90034479938888,0.0,True,0
11,ElasticNet,100.0,0.7,40.90034479938888,7.205507831875929,-0.00888740657688373,3,False,40.90034479938888,0.0,True,0
11,ElasticNet,1000.0,0.7,40.90034479938888,7.205507831875929,-0.00888740657688373,3,False,40.90034479938888,0.0,True,0
11,ElasticNet,10000.0,0.7,40.90034479938888,7.205507831875929,-0.00888740657688373,3,False,40.90034479938888,0.0,True,0
11,ElasticNet,100000.0,0.7,40.90034479938888,7.205507831875929,-0.00888740657688373,3,False,40.90034479938888,0.0,True,0
11,ElasticNet,1000000.0,0.7,40.90034479938888,7.205507831875929,-0.00888740657688373,3,False,40.90034479938888,0.0,True,0
11,ElasticNet,10.0,0.9,40.90034479938888,7.205507831875929,-0.00888740657688373,3,False,40.90034479938888,0.0,True,0
11,ElasticNet,100.0,0.9,40.90034479938888,7.205507831875929,-0.00888740657688373,3,False,40.90034479938888,0.0,True,0
11,ElasticNet,1000.0,0.9,40.90034479938888,7.205507831875929,-0.00888740657688373,3,False,40.90034479938888,0.0,True,0
11,ElasticNet,10000.0,0.9,40.90034479938888,7.205507831875929,-0.00888740657688373,3,False,40.90034479938888,0.0,True,0
11,ElasticNet,100000.0,0.9,40.90034479938888,7.205507831875929,-0.00888740657688373,3,False,40.90034479938888,0.0,True,0
11,ElasticNet,1000000.0,0.9,40.90034479938888,7.205507831875929,-0.00888740657688373,3,False,40.90034479938888,0.0,True,0
11,ElasticNet,10.0,0.95,40.90034479938888,7.205507831875929,-0.00888740657688373,3,False,40.90034479938888,0.0,True,0
11,ElasticNet,100.0,0.95,40.90034479938888,7.205507831875929,-0.00888740657688373,3,False,40.90034479938888,0.0,True,0
11,ElasticNet,1000.0,0.95,40.90034479938888,7.205507831875929,-0.00888740657688373,3,False,40.90034479938888,0.0,True,0
11,ElasticNet,10000.0,0.95,40.90034479938888,7.205507831875929,-0.00888740657688373,3,False,40.90034479938888,0.0,True,0
11,ElasticNet,100000.0,0.95,40.90034479938888,7.205507831875929,-0.00888740657688373,3,False,40.90034479938888,0.0,True,0
11,ElasticNet,1000000.0,0.95,40.90034479938888,7.205507831875929,-0.00888740657688373,3,False,40.90034479938888,0.0,True,0
12,LASSO,10.0,1.0,40.90034479938888,7.205507831875929,-0.00888740657688373,3,False,40.90034479938888,0.0,True,0
12,LASSO,100.0,1.0,40.90034479938888,7.205507831875929,-0.00888740657688373,3,False,40.90034479938888,0.0,True,0
12,LASSO,1000.0,1.0,40.90034479938888,7.205507831875929,-0.00888740657688373,3,False,40.90034479938888,0.0,True,0
12,LASSO,10000.0,1.0,40.90034479938888,7.205507831875929,-0.00888740657688373,3,False,40.90034479938888,0.0,True,0
12,LASSO,100000.0,1.0,40.90034479938888,7.205507831875929,-0.00888740657688373,3,False,40.90034479938888,0.0,True,0
12,LASSO,1000000.0,1.0,40.90034479938888,7.205507831875929,-0.00888740657688373,3,False,40.90034479938888,0.0,True,0
12,ElasticNet,100.0,0.1,40.90034479938888,7.205507831875929,-0.00888740657688373,3,False,40.90034479938888,0.0,True,0
12,ElasticNet,1000.0,0.1,40.90034479938888,7.205507831875929,-0.00888740657688373,3,False,40.90034479938888,0.0,True,0
12,ElasticNet,10000.0,0.1,40.90034479938888,7.205507831875929,-0.00888740657688373,3,False,40.90034479938888,0.0,True,0
12,ElasticNet,100000.0,0.1,40.90034479938888,7.205507831875929,-0.00888740657688373,3,False,40.90034479938888,0.0,True,0
12,ElasticNet,1000000.0,0.1,40.90034479938888,7.205507831875929,-0.00888740657688373,3,False,40.90034479938888,0.0,True,0
12,ElasticNet,100.0,0.3,40.90034479938888,7.205507831875929,-0.00888740657688373,3,False,40.90034479938888,0.0,True,0
12,ElasticNet,1000.0,0.3,40.90034479938888,7.205507831875929,-0.00888740657688373,3,False,40.90034479938888,0.0,True,0
12,ElasticNet,10000.0,0.3,40.90034479938888,7.205507831875929,-0.00888740657688373,3,False,40.90034479938888,0.0,True,0
12,ElasticNet,100000.0,0.3,40.90034479938888,7.205507831875929,-0.00888740657688373,3,False,40.90034479938888,0.0,True,0
12,ElasticNet,1000000.0,0.3,40.90034479938888,7.205507831875929,-0.00888740657688373,3,False,40.90034479938888,0.0,True,0
12,ElasticNet,10.0,0.5,40.90034479938888,7.205507831875929,-0.00888740657688373,3,False,40.90034479938888,0.0,True,0
12,ElasticNet,100.0,0.5,40.90034479938888,7.205507831875929,-0.00888740657688373,3,False,40.90034479938888,0.0,True,0
12,ElasticNet,1000.0,0.5,40.90034479938888,7.205507831875929,-0.00888740657688373,3,False,40.90034479938888,0.0,True,0
12,ElasticNet,10000.0,0.5,40.90034479938888,7.205507831875929,-0.00888740657688373,3,False,40.90034479938888,0.0,True,0
12,ElasticNet,100000.0,0.5,40.90034479938888,7.205507831875929,-0.00888740657688373,3,False,40.90034479938888,0.0,True,0
12,ElasticNet,1000000.0,0.5,40.90034479938888,7.205507831875929,-0.00888740657688373,3,False,40.90034479938888,0.0,True,0
12,ElasticNet,10.0,0.7,40.90034479938888,7.205507831875929,-0.00888740657688373,3,False,40.90034479938888,0.0,True,0
12,ElasticNet,100.0,0.7,40.90034479938888,7.205507831875929,-0.00888740657688373,3,False,40.90034479938888,0.0,True,0
12,ElasticNet,1000.0,0.7,40.90034479938888,7.205507831875929,-0.00888740657688373,3,False,40.90034479938888,0.0,True,0
12,ElasticNet,10000.0,0.7,40.90034479938888,7.205507831875929,-0.00888740657688373,3,False,40.90034479938888,0.0,True,0
12,ElasticNet,100000.0,0.7,40.90034479938888,7.205507831875929,-0.00888740657688373,3,False,40.90034479938888,0.0,True,0
12,ElasticNet,1000000.0,0.7,40.90034479938888,7.205507831875929,-0.00888740657688373,3,False,40.90034479938888,0.0,True,0
12,ElasticNet,10.0,0.9,40.90034479938888,7.205507831875929,-0.00888740657688373,3,False,40.90034479938888,0.0,True,0
12,ElasticNet,100.0,0.9,40.90034479938888,7.205507831875929,-0.00888740657688373,3,False,40.90034479938888,0.0,True,0
12,ElasticNet,1000.0,0.9,40.90034479938888,7.205507831875929,-0.00888740657688373,3,False,40.90034479938888,0.0,True,0
12,ElasticNet,10000.0,0.9,40.90034479938888,7.205507831875929,-0.00888740657688373,3,False,40.90034479938888,0.0,True,0
12,ElasticNet,100000.0,0.9,40.90034479938888,7.205507831875929,-0.00888740657688373,3,False,40.90034479938888,0.0,True,0
12,ElasticNet,1000000.0,0.9,40.90034479938888,7.205507831875929,-0.00888740657688373,3,False,40.90034479938888,0.0,True,0
12,ElasticNet,10.0,0.95,40.90034479938888,7.205507831875929,-0.00888740657688373,3,False,40.90034479938888,0.0,True,0
12,ElasticNet,100.0,0.95,40.90034479938888,7.205507831875929,-0.00888740657688373,3,False,40.90034479938888,0.0,True,0
12,ElasticNet,1000.0,0.95,40.90034479938888,7.205507831875929,-0.00888740657688373,3,False,40.90034479938888,0.0,True,0
12,ElasticNet,10000.0,0.95,40.90034479938888,7.205507831875929,-0.00888740657688373,3,False,40.90034479938888,0.0,True,0
12,ElasticNet,100000.0,0.95,40.90034479938888,7.205507831875929,-0.00888740657688373,3,False,40.90034479938888,0.0,True,0
12,ElasticNet,1000000.0,0.95,40.90034479938888,7.205507831875929,-0.00888740657688373,3,False,40.90034479938888,0.0,True,0
13,LASSO,10.0,1.0,40.90034479938888,7.205507831875929,-0.00888740657688373,3,False,40.90034479938888,0.0,True,0
13,LASSO,100.0,1.0,40.90034479938888,7.205507831875929,-0.00888740657688373,3,False,40.90034479938888,0.0,True,0
13,LASSO,1000.0,1.0,40.90034479938888,7.205507831875929,-0.00888740657688373,3,False,40.90034479938888,0.0,True,0
13,LASSO,10000.0,1.0,40.90034479938888,7.205507831875929,-0.00888740657688373,3,False,40.90034479938888,0.0,True,0
13,LASSO,100000.0,1.0,40.90034479938888,7.205507831875929,-0.00888740657688373,3,False,40.90034479938888,0.0,True,0
13,LASSO,1000000.0,1.0,40.90034479938888,7.205507831875929,-0.00888740657688373,3,False,40.90034479938888,0.0,True,0
13,ElasticNet,100.0,0.1,40.90034479938888,7.205507831875929,-0.00888740657688373,3,False,40.90034479938888,0.0,True,0
13,ElasticNet,1000.0,0.1,40.90034479938888,7.205507831875929,-0.00888740657688373,3,False,40.90034479938888,0.0,True,0
13,ElasticNet,10000.0,0.1,40.90034479938888,7.205507831875929,-0.00888740657688373,3,False,40.90034479938888,0.0,True,0
13,ElasticNet,100000.0,0.1,40.90034479938888,7.205507831875929,-0.00888740657688373,3,False,40.90034479938888,0.0,True,0
13,ElasticNet,1000000.0,0.1,40.90034479938888,7.205507831875929,-0.00888740657688373,3,False,40.90034479938888,0.0,True,0
13,ElasticNet,100.0,0.3,40.90034479938888,7.205507831875929,-0.00888740657688373,3,False,40.90034479938888,0.0,True,0
13,ElasticNet,1000.0,0.3,40.90034479938888,7.205507831875929,-0.00888740657688373,3,False,40.90034479938888,0.0,True,0
13,ElasticNet,10000.0,0.3,40.90034479938888,7.205507831875929,-0.00888740657688373,3,False,40.90034479938888,0.0,True,0
13,ElasticNet,100000.0,0.3,40.90034479938888,7.205507831875929,-0.00888740657688373,3,False,40.90034479938888,0.0,True,0
13,ElasticNet,1000000.0,0.3,40.90034479938888,7.205507831875929,-0.00888740657688373,3,False,40.90034479938888,0.0,True,0
13,ElasticNet,10.0,0.5,40.90034479938888,7.205507831875929,-0.00888740657688373,3,False,40.90034479938888,0.0,True,0
13,ElasticNet,100.0,0.5,40.90034479938888,7.205507831875929,-0.00888740657688373,3,False,40.90034479938888,0.0,True,0
13,ElasticNet,1000.0,0.5,40.90034479938888,7.205507831875929,-0.00888740657688373,3,False,40.90034479938888,0.0,True,0
13,ElasticNet,10000.0,0.5,40.90034479938888,7.205507831875929,-0.00888740657688373,3,False,40.90034479938888,0.0,True,0
13,ElasticNet,100000.0,0.5,40.90034479938888,7.205507831875929,-0.00888740657688373,3,False,40.90034479938888,0.0,True,0
13,ElasticNet,1000000.0,0.5,40.90034479938888,7.205507831875929,-0.00888740657688373,3,False,40.90034479938888,0.0,True,0
13,ElasticNet,10.0,0.7,40.90034479938888,7.205507831875929,-0.00888740657688373,3,False,40.90034479938888,0.0,True,0
13,ElasticNet,100.0,0.7,40.90034479938888,7.205507831875929,-0.00888740657688373,3,False,40.90034479938888,0.0,True,0
13,ElasticNet,1000.0,0.7,40.90034479938888,7.205507831875929,-0.00888740657688373,3,False,40.90034479938888,0.0,True,0
13,ElasticNet,10000.0,0.7,40.90034479938888,7.205507831875929,-0.00888740657688373,3,False,40.90034479938888,0.0,True,0
13,ElasticNet,100000.0,0.7,40.90034479938888,7.205507831875929,-0.00888740657688373,3,False,40.90034479938888,0.0,True,0
13,ElasticNet,1000000.0,0.7,40.90034479938888,7.205507831875929,-0.00888740657688373,3,False,40.90034479938888,0.0,True,0
13,ElasticNet,10.0,0.9,40.90034479938888,7.205507831875929,-0.00888740657688373,3,False,40.90034479938888,0.0,True,0
13,ElasticNet,100.0,0.9,40.90034479938888,7.205507831875929,-0.00888740657688373,3,False,40.90034479938888,0.0,True,0
13,ElasticNet,1000.0,0.9,40.90034479938888,7.205507831875929,-0.00888740657688373,3,False,40.90034479938888,0.0,True,0
13,ElasticNet,10000.0,0.9,40.90034479938888,7.205507831875929,-0.00888740657688373,3,False,40.90034479938888,0.0,True,0
13,ElasticNet,100000.0,0.9,40.90034479938888,7.205507831875929,-0.00888740657688373,3,False,40.90034479938888,0.0,True,0
13,ElasticNet,1000000.0,0.9,40.90034479938888,7.205507831875929,-0.00888740657688373,3,False,40.90034479938888,0.0,True,0
13,ElasticNet,10.0,0.95,40.90034479938888,7.205507831875929,-0.00888740657688373,3,False,40.90034479938888,0.0,True,0
13,ElasticNet,100.0,0.95,40.90034479938888,7.205507831875929,-0.00888740657688373,3,False,40.90034479938888,0.0,True,0
13,ElasticNet,1000.0,0.95,40.90034479938888,7.205507831875929,-0.00888740657688373,3,False,40.90034479938888,0.0,True,0
13,ElasticNet,10000.0,0.95,40.90034479938888,7.205507831875929,-0.00888740657688373,3,False,40.90034479938888,0.0,True,0
13,ElasticNet,100000.0,0.95,40.90034479938888,7.205507831875929,-0.00888740657688373,3,False,40.90034479938888,0.0,True,0
13,ElasticNet,1000000.0,0.95,40.90034479938888,7.205507831875929,-0.00888740657688373,3,False,40.90034479938888,0.0,True,0
14,LASSO,10.0,1.0,40.90034479938888,7.205507831875929,-0.00888740657688373,3,False,40.90034479938888,0.0,True,0
14,LASSO,100.0,1.0,40.90034479938888,7.205507831875929,-0.00888740657688373,3,False,40.90034479938888,0.0,True,0
14,LASSO,1000.0,1.0,40.90034479938888,7.205507831875929,-0.00888740657688373,3,False,40.90034479938888,0.0,True,0
14,LASSO,10000.0,1.0,40.90034479938888,7.205507831875929,-0.00888740657688373,3,False,40.90034479938888,0.0,True,0
14,LASSO,100000.0,1.0,40.90034479938888,7.205507831875929,-0.00888740657688373,3,False,40.90034479938888,0.0,True,0
14,LASSO,1000000.0,1.0,40.90034479938888,7.205507831875929,-0.00888740657688373,3,False,40.90034479938888,0.0,True,0
14,ElasticNet,100.0,0.1,40.90034479938888,7.205507831875929,-0.00888740657688373,3,False,40.90034479938888,0.0,True,0
14,ElasticNet,1000.0,0.1,40.90034479938888,7.205507831875929,-0.00888740657688373,3,False,40.90034479938888,0.0,True,0
14,ElasticNet,10000.0,0.1,40.90034479938888,7.205507831875929,-0.00888740657688373,3,False,40.90034479938888,0.0,True,0
14,ElasticNet,100000.0,0.1,40.90034479938888,7.205507831875929,-0.00888740657688373,3,False,40.90034479938888,0.0,True,0
14,ElasticNet,1000000.0,0.1,40.90034479938888,7.205507831875929,-0.00888740657688373,3,False,40.90034479938888,0.0,True,0
14,ElasticNet,100.0,0.3,40.90034479938888,7.205507831875929,-0.00888740657688373,3,False,40.90034479938888,0.0,True,0
14,ElasticNet,1000.0,0.3,40.90034479938888,7.205507831875929,-0.00888740657688373,3,False,40.90034479938888,0.0,True,0
14,ElasticNet,10000.0,0.3,40.90034479938888,7.205507831875929,-0.00888740657688373,3,False,40.90034479938888,0.0,True,0
14,ElasticNet,100000.0,0.3,40.90034479938888,7.205507831875929,-0.00888740657688373,3,False,40.90034479938888,0.0,True,0
14,ElasticNet,1000000.0,0.3,40.90034479938888,7.205507831875929,-0.00888740657688373,3,False,40.90034479938888,0.0,True,0
14,ElasticNet,10.0,0.5,40.90034479938888,7.205507831875929,-0.00888740657688373,3,False,40.90034479938888,0.0,True,0
14,ElasticNet,100.0,0.5,40.90034479938888,7.205507831875929,-0.00888740657688373,3,False,40.90034479938888,0.0,True,0
14,ElasticNet,1000.0,0.5,40.90034479938888,7.205507831875929,-0.00888740657688373,3,False,40.90034479938888,0.0,True,0
14,ElasticNet,10000.0,0.5,40.90034479938888,7.205507831875929,-0.00888740657688373,3,False,40.90034479938888,0.0,True,0
14,ElasticNet,100000.0,0.5,40.90034479938888,7.205507831875929,-0.00888740657688373,3,False,40.90034479938888,0.0,True,0
14,ElasticNet,1000000.0,0.5,40.90034479938888,7.205507831875929,-0.00888740657688373,3,False,40.90034479938888,0.0,True,0
14,ElasticNet,10.0,0.7,40.90034479938888,7.205507831875929,-0.00888740657688373,3,False,40.90034479938888,0.0,True,0
14,ElasticNet,100.0,0.7,40.90034479938888,7.205507831875929,-0.00888740657688373,3,False,40.90034479938888,0.0,True,0
14,ElasticNet,1000.0,0.7,40.90034479938888,7.205507831875929,-0.00888740657688373,3,False,40.90034479938888,0.0,True,0
14,ElasticNet,10000.0,0.7,40.90034479938888,7.205507831875929,-0.00888740657688373,3,False,40.90034479938888,0.0,True,0
14,ElasticNet,100000.0,0.7,40.90034479938888,7.205507831875929,-0.00888740657688373,3,False,40.90034479938888,0.0,True,0
14,ElasticNet,1000000.0,0.7,40.90034479938888,7.205507831875929,-0.00888740657688373,3,False,40.90034479938888,0.0,True,0
14,ElasticNet,10.0,0.9,40.90034479938888,7.205507831875929,-0.00888740657688373,3,False,40.90034479938888,0.0,True,0
14,ElasticNet,100.0,0.9,40.90034479938888,7.205507831875929,-0.00888740657688373,3,False,40.90034479938888,0.0,True,0
14,ElasticNet,1000.0,0.9,40.90034479938888,7.205507831875929,-0.00888740657688373,3,False,40.90034479938888,0.0,True,0
14,ElasticNet,10000.0,0.9,40.90034479938888,7.205507831875929,-0.00888740657688373,3,False,40.90034479938888,0.0,True,0
14,ElasticNet,100000.0,0.9,40.90034479938888,7.205507831875929,-0.00888740657688373,3,False,40.90034479938888,0.0,True,0
14,ElasticNet,1000000.0,0.9,40.90034479938888,7.205507831875929,-0.00888740657688373,3,False,40.90034479938888,0.0,True,0
14,ElasticNet,10.0,0.95,40.90034479938888,7.205507831875929,-0.00888740657688373,3,False,40.90034479938888,0.0,True,0
14,ElasticNet,100.0,0.95,40.90034479938888,7.205507831875929,-0.00888740657688373,3,False,40.90034479938888,0.0,True,0
14,ElasticNet,1000.0,0.95,40.90034479938888,7.205507831875929,-0.00888740657688373,3,False,40.90034479938888,0.0,True,0
14,ElasticNet,10000.0,0.95,40.90034479938888,7.205507831875929,-0.00888740657688373,3,False,40.90034479938888,0.0,True,0
14,ElasticNet,100000.0,0.95,40.90034479938888,7.205507831875929,-0.00888740657688373,3,False,40.90034479938888,0.0,True,0
14,ElasticNet,1000000.0,0.95,40.90034479938888,7.205507831875929,-0.00888740657688373,3,False,40.90034479938888,0.0,True,0
15,LASSO,10.0,1.0,40.90034479938888,7.205507831875929,-0.00888740657688373,3,False,40.90034479938888,0.0,True,0
15,LASSO,100.0,1.0,40.90034479938888,7.205507831875929,-0.00888740657688373,3,False,40.90034479938888,0.0,True,0
15,LASSO,1000.0,1.0,40.90034479938888,7.205507831875929,-0.00888740657688373,3,False,40.90034479938888,0.0,True,0
15,LASSO,10000.0,1.0,40.90034479938888,7.205507831875929,-0.00888740657688373,3,False,40.90034479938888,0.0,True,0
15,LASSO,100000.0,1.0,40.90034479938888,7.205507831875929,-0.00888740657688373,3,False,40.90034479938888,0.0,True,0
15,LASSO,1000000.0,1.0,40.90034479938888,7.205507831875929,-0.00888740657688373,3,False,40.90034479938888,0.0,True,0
15,ElasticNet,100.0,0.1,40.90034479938888,7.205507831875929,-0.00888740657688373,3,False,40.90034479938888,0.0,True,0
15,ElasticNet,1000.0,0.1,40.90034479938888,7.205507831875929,-0.00888740657688373,3,False,40.90034479938888,0.0,True,0
15,ElasticNet,10000.0,0.1,40.90034479938888,7.205507831875929,-0.00888740657688373,3,False,40.90034479938888,0.0,True,0
15,ElasticNet,100000.0,0.1,40.90034479938888,7.205507831875929,-0.00888740657688373,3,False,40.90034479938888,0.0,True,0
15,ElasticNet,1000000.0,0.1,40.90034479938888,7.205507831875929,-0.00888740657688373,3,False,40.90034479938888,0.0,True,0
15,ElasticNet,100.0,0.3,40.90034479938888,7.205507831875929,-0.00888740657688373,3,False,40.90034479938888,0.0,True,0
15,ElasticNet,1000.0,0.3,40.90034479938888,7.205507831875929,-0.00888740657688373,3,False,40.90034479938888,0.0,True,0
15,ElasticNet,10000.0,0.3,40.90034479938888,7.205507831875929,-0.00888740657688373,3,False,40.90034479938888,0.0,True,0
15,ElasticNet,100000.0,0.3,40.90034479938888,7.205507831875929,-0.00888740657688373,3,False,40.90034479938888,0.0,True,0
15,ElasticNet,1000000.0,0.3,40.90034479938888,7.205507831875929,-0.00888740657688373,3,False,40.90034479938888,0.0,True,0
15,ElasticNet,10.0,0.5,40.90034479938888,7.205507831875929,-0.00888740657688373,3,False,40.90034479938888,0.0,True,0
15,ElasticNet,100.0,0.5,40.90034479938888,7.205507831875929,-0.00888740657688373,3,False,40.90034479938888,0.0,True,0
15,ElasticNet,1000.0,0.5,40.90034479938888,7.205507831875929,-0.00888740657688373,3,False,40.90034479938888,0.0,True,0
15,ElasticNet,10000.0,0.5,40.90034479938888,7.205507831875929,-0.00888740657688373,3,False,40.90034479938888,0.0,True,0
15,ElasticNet,100000.0,0.5,40.90034479938888,7.205507831875929,-0.00888740657688373,3,False,40.90034479938888,0.0,True,0
15,ElasticNet,1000000.0,0.5,40.90034479938888,7.205507831875929,-0.00888740657688373,3,False,40.90034479938888,0.0,True,0
15,ElasticNet,10.0,0.7,40.90034479938888,7.205507831875929,-0.00888740657688373,3,False,40.90034479938888,0.0,True,0
15,ElasticNet,100.0,0.7,40.90034479938888,7.205507831875929,-0.00888740657688373,3,False,40.90034479938888,0.0,True,0
15,ElasticNet,1000.0,0.7,40.90034479938888,7.205507831875929,-0.00888740657688373,3,False,40.90034479938888,0.0,True,0
15,ElasticNet,10000.0,0.7,40.90034479938888,7.205507831875929,-0.00888740657688373,3,False,40.90034479938888,0.0,True,0
15,ElasticNet,100000.0,0.7,40.90034479938888,7.205507831875929,-0.00888740657688373,3,False,40.90034479938888,0.0,True,0
15,ElasticNet,1000000.0,0.7,40.90034479938888,7.205507831875929,-0.00888740657688373,3,False,40.90034479938888,0.0,True,0
15,ElasticNet,10.0,0.9,40.90034479938888,7.205507831875929,-0.00888740657688373,3,False,40.90034479938888,0.0,True,0
15,ElasticNet,100.0,0.9,40.90034479938888,7.205507831875929,-0.00888740657688373,3,False,40.90034479938888,0.0,True,0
15,ElasticNet,1000.0,0.9,40.90034479938888,7.205507831875929,-0.00888740657688373,3,False,40.90034479938888,0.0,True,0
15,ElasticNet,10000.0,0.9,40.90034479938888,7.205507831875929,-0.00888740657688373,3,False,40.90034479938888,0.0,True,0
15,ElasticNet,100000.0,0.9,40.90034479938888,7.205507831875929,-0.00888740657688373,3,False,40.90034479938888,0.0,True,0
15,ElasticNet,1000000.0,0.9,40.90034479938888,7.205507831875929,-0.00888740657688373,3,False,40.90034479938888,0.0,True,0
15,ElasticNet,10.0,0.95,40.90034479938888,7.205507831875929,-0.00888740657688373,3,False,40.90034479938888,0.0,True,0
15,ElasticNet,100.0,0.95,40.90034479938888,7.205507831875929,-0.00888740657688373,3,False,40.90034479938888,0.0,True,0
15,ElasticNet,1000.0,0.95,40.90034479938888,7.205507831875929,-0.00888740657688373,3,False,40.90034479938888,0.0,True,0
15,ElasticNet,10000.0,0.95,40.90034479938888,7.205507831875929,-0.00888740657688373,3,False,40.90034479938888,0.0,True,0
15,ElasticNet,100000.0,0.95,40.90034479938888,7.205507831875929,-0.00888740657688373,3,False,40.90034479938888,0.0,True,0
15,ElasticNet,1000000.0,0.95,40.90034479938888,7.205507831875929,-0.00888740657688373,3,False,40.90034479938888,0.0,True,0
16,LASSO,10.0,1.0,40.90034479938888,7.205507831875929,-0.00888740657688373,3,False,40.90034479938888,0.0,True,0
16,LASSO,100.0,1.0,40.90034479938888,7.205507831875929,-0.00888740657688373,3,False,40.90034479938888,0.0,True,0
16,LASSO,1000.0,1.0,40.90034479938888,7.205507831875929,-0.00888740657688373,3,False,40.90034479938888,0.0,True,0
16,LASSO,10000.0,1.0,40.90034479938888,7.205507831875929,-0.00888740657688373,3,False,40.90034479938888,0.0,True,0
16,LASSO,100000.0,1.0,40.90034479938888,7.205507831875929,-0.00888740657688373,3,False,40.90034479938888,0.0,True,0
16,LASSO,1000000.0,1.0,40.90034479938888,7.205507831875929,-0.00888740657688373,3,False,40.90034479938888,0.0,True,0
16,ElasticNet,100.0,0.1,40.90034479938888,7.205507831875929,-0.00888740657688373,3,False,40.90034479938888,0.0,True,0
16,ElasticNet,1000.0,0.1,40.90034479938888,7.205507831875929,-0.00888740657688373,3,False,40.90034479938888,0.0,True,0
16,ElasticNet,10000.0,0.1,40.90034479938888,7.205507831875929,-0.00888740657688373,3,False,40.90034479938888,0.0,True,0
16,ElasticNet,100000.0,0.1,40.90034479938888,7.205507831875929,-0.00888740657688373,3,False,40.90034479938888,0.0,True,0
16,ElasticNet,1000000.0,0.1,40.90034479938888,7.205507831875929,-0.00888740657688373,3,False,40.90034479938888,0.0,True,0
16,ElasticNet,100.0,0.3,40.90034479938888,7.205507831875929,-0.00888740657688373,3,False,40.90034479938888,0.0,True,0
16,ElasticNet,1000.0,0.3,40.90034479938888,7.205507831875929,-0.00888740657688373,3,False,40.90034479938888,0.0,True,0
16,ElasticNet,10000.0,0.3,40.90034479938888,7.205507831875929,-0.00888740657688373,3,False,40.90034479938888,0.0,True,0
16,ElasticNet,100000.0,0.3,40.90034479938888,7.205507831875929,-0.00888740657688373,3,False,40.90034479938888,0.0,True,0
16,ElasticNet,1000000.0,0.3,40.90034479938888,7.205507831875929,-0.00888740657688373,3,False,40.90034479938888,0.0,True,0
16,ElasticNet,10.0,0.5,40.90034479938888,7.205507831875929,-0.00888740657688373,3,False,40.90034479938888,0.0,True,0
16,ElasticNet,100.0,0.5,40.90034479938888,7.205507831875929,-0.00888740657688373,3,False,40.90034479938888,0.0,True,0
16,ElasticNet,1000.0,0.5,40.90034479938888,7.205507831875929,-0.00888740657688373,3,False,40.90034479938888,0.0,True,0
16,ElasticNet,10000.0,0.5,40.90034479938888,7.205507831875929,-0.00888740657688373,3,False,40.90034479938888,0.0,True,0
16,ElasticNet,100000.0,0.5,40.90034479938888,7.205507831875929,-0.00888740657688373,3,False,40.90034479938888,0.0,True,0
16,ElasticNet,1000000.0,0.5,40.90034479938888,7.205507831875929,-0.00888740657688373,3,False,40.90034479938888,0.0,True,0
16,ElasticNet,10.0,0.7,40.90034479938888,7.205507831875929,-0.00888740657688373,3,False,40.90034479938888,0.0,True,0
16,ElasticNet,100.0,0.7,40.90034479938888,7.205507831875929,-0.00888740657688373,3,False,40.90034479938888,0.0,True,0
16,ElasticNet,1000.0,0.7,40.90034479938888,7.205507831875929,-0.00888740657688373,3,False,40.90034479938888,0.0,True,0
16,ElasticNet,10000.0,0.7,40.90034479938888,7.205507831875929,-0.00888740657688373,3,False,40.90034479938888,0.0,True,0
16,ElasticNet,100000.0,0.7,40.90034479938888,7.205507831875929,-0.00888740657688373,3,False,40.90034479938888,0.0,True,0
16,ElasticNet,1000000.0,0.7,40.90034479938888,7.205507831875929,-0.00888740657688373,3,False,40.90034479938888,0.0,True,0
16,ElasticNet,10.0,0.9,40.90034479938888,7.205507831875929,-0.00888740657688373,3,False,40.90034479938888,0.0,True,0
16,ElasticNet,100.0,0.9,40.90034479938888,7.205507831875929,-0.00888740657688373,3,False,40.90034479938888,0.0,True,0
16,ElasticNet,1000.0,0.9,40.90034479938888,7.205507831875929,-0.00888740657688373,3,False,40.90034479938888,0.0,True,0
16,ElasticNet,10000.0,0.9,40.90034479938888,7.205507831875929,-0.00888740657688373,3,False,40.90034479938888,0.0,True,0
16,ElasticNet,100000.0,0.9,40.90034479938888,7.205507831875929,-0.00888740657688373,3,False,40.90034479938888,0.0,True,0
16,ElasticNet,1000000.0,0.9,40.90034479938888,7.205507831875929,-0.00888740657688373,3,False,40.90034479938888,0.0,True,0
16,ElasticNet,10.0,0.95,40.90034479938888,7.205507831875929,-0.00888740657688373,3,False,40.90034479938888,0.0,True,0
16,ElasticNet,100.0,0.95,40.90034479938888,7.205507831875929,-0.00888740657688373,3,False,40.90034479938888,0.0,True,0
16,ElasticNet,1000.0,0.95,40.90034479938888,7.205507831875929,-0.00888740657688373,3,False,40.90034479938888,0.0,True,0
16,ElasticNet,10000.0,0.95,40.90034479938888,7.205507831875929,-0.00888740657688373,3,False,40.90034479938888,0.0,True,0
16,ElasticNet,100000.0,0.95,40.90034479938888,7.205507831875929,-0.00888740657688373,3,False,40.90034479938888,0.0,True,0
16,ElasticNet,1000000.0,0.95,40.90034479938888,7.205507831875929,-0.00888740657688373,3,False,40.90034479938888,0.0,True,0
17,LASSO,10.0,1.0,40.90034479938888,7.205507831875929,-0.00888740657688373,3,False,40.90034479938888,0.0,True,0
17,LASSO,100.0,1.0,40.90034479938888,7.205507831875929,-0.00888740657688373,3,False,40.90034479938888,0.0,True,0
17,LASSO,1000.0,1.0,40.90034479938888,7.205507831875929,-0.00888740657688373,3,False,40.90034479938888,0.0,True,0
17,LASSO,10000.0,1.0,40.90034479938888,7.205507831875929,-0.00888740657688373,3,False,40.90034479938888,0.0,True,0
17,LASSO,100000.0,1.0,40.90034479938888,7.205507831875929,-0.00888740657688373,3,False,40.90034479938888,0.0,True,0
17,LASSO,1000000.0,1.0,40.90034479938888,7.205507831875929,-0.00888740657688373,3,False,40.90034479938888,0.0,True,0
17,ElasticNet,100.0,0.1,40.90034479938888,7.205507831875929,-0.00888740657688373,3,False,40.90034479938888,0.0,True,0
17,ElasticNet,1000.0,0.1,40.90034479938888,7.205507831875929,-0.00888740657688373,3,False,40.90034479938888,0.0,True,0
17,ElasticNet,10000.0,0.1,40.90034479938888,7.205507831875929,-0.00888740657688373,3,False,40.90034479938888,0.0,True,0
17,ElasticNet,100000.0,0.1,40.90034479938888,7.205507831875929,-0.00888740657688373,3,False,40.90034479938888,0.0,True,0
17,ElasticNet,1000000.0,0.1,40.90034479938888,7.205507831875929,-0.00888740657688373,3,False,40.90034479938888,0.0,True,0
17,ElasticNet,100.0,0.3,40.90034479938888,7.205507831875929,-0.00888740657688373,3,False,40.90034479938888,0.0,True,0
17,ElasticNet,1000.0,0.3,40.90034479938888,7.205507831875929,-0.00888740657688373,3,False,40.90034479938888,0.0,True,0
17,ElasticNet,10000.0,0.3,40.90034479938888,7.205507831875929,-0.00888740657688373,3,False,40.90034479938888,0.0,True,0
17,ElasticNet,100000.0,0.3,40.90034479938888,7.205507831875929,-0.00888740657688373,3,False,40.90034479938888,0.0,True,0
17,ElasticNet,1000000.0,0.3,40.90034479938888,7.205507831875929,-0.00888740657688373,3,False,40.90034479938888,0.0,True,0
17,ElasticNet,10.0,0.5,40.90034479938888,7.205507831875929,-0.00888740657688373,3,False,40.90034479938888,0.0,True,0
17,ElasticNet,100.0,0.5,40.90034479938888,7.205507831875929,-0.00888740657688373,3,False,40.90034479938888,0.0,True,0
17,ElasticNet,1000.0,0.5,40.90034479938888,7.205507831875929,-0.00888740657688373,3,False,40.90034479938888,0.0,True,0
17,ElasticNet,10000.0,0.5,40.90034479938888,7.205507831875929,-0.00888740657688373,3,False,40.90034479938888,0.0,True,0
17,ElasticNet,100000.0,0.5,40.90034479938888,7.205507831875929,-0.00888740657688373,3,False,40.90034479938888,0.0,True,0
17,ElasticNet,1000000.0,0.5,40.90034479938888,7.205507831875929,-0.00888740657688373,3,False,40.90034479938888,0.0,True,0
17,ElasticNet,10.0,0.7,40.90034479938888,7.205507831875929,-0.00888740657688373,3,False,40.90034479938888,0.0,True,0
17,ElasticNet,100.0,0.7,40.90034479938888,7.205507831875929,-0.00888740657688373,3,False,40.90034479938888,0.0,True,0
17,ElasticNet,1000.0,0.7,40.90034479938888,7.205507831875929,-0.00888740657688373,3,False,40.90034479938888,0.0,True,0
17,ElasticNet,10000.0,0.7,40.90034479938888,7.205507831875929,-0.00888740657688373,3,False,40.90034479938888,0.0,True,0
17,ElasticNet,100000.0,0.7,40.90034479938888,7.205507831875929,-0.00888740657688373,3,False,40.90034479938888,0.0,True,0
17,ElasticNet,1000000.0,0.7,40.90034479938888,7.205507831875929,-0.00888740657688373,3,False,40.90034479938888,0.0,True,0
17,ElasticNet,10.0,0.9,40.90034479938888,7.205507831875929,-0.00888740657688373,3,False,40.90034479938888,0.0,True,0
17,ElasticNet,100.0,0.9,40.90034479938888,7.205507831875929,-0.00888740657688373,3,False,40.90034479938888,0.0,True,0
17,ElasticNet,1000.0,0.9,40.90034479938888,7.205507831875929,-0.00888740657688373,3,False,40.90034479938888,0.0,True,0
17,ElasticNet,10000.0,0.9,40.90034479938888,7.205507831875929,-0.00888740657688373,3,False,40.90034479938888,0.0,True,0
17,ElasticNet,100000.0,0.9,40.90034479938888,7.205507831875929,-0.00888740657688373,3,False,40.90034479938888,0.0,True,0
17,ElasticNet,1000000.0,0.9,40.90034479938888,7.205507831875929,-0.00888740657688373,3,False,40.90034479938888,0.0,True,0
17,ElasticNet,10.0,0.95,40.90034479938888,7.205507831875929,-0.00888740657688373,3,False,40.90034479938888,0.0,True,0
17,ElasticNet,100.0,0.95,40.90034479938888,7.205507831875929,-0.00888740657688373,3,False,40.90034479938888,0.0,True,0
17,ElasticNet,1000.0,0.95,40.90034479938888,7.205507831875929,-0.00888740657688373,3,False,40.90034479938888,0.0,True,0
17,ElasticNet,10000.0,0.95,40.90034479938888,7.205507831875929,-0.00888740657688373,3,False,40.90034479938888,0.0,True,0
17,ElasticNet,100000.0,0.95,40.90034479938888,7.205507831875929,-0.00888740657688373,3,False,40.90034479938888,0.0,True,0
17,ElasticNet,1000000.0,0.95,40.90034479938888,7.205507831875929,-0.00888740657688373,3,False,40.90034479938888,0.0,True,0
18,LASSO,10.0,1.0,40.90034479938888,7.205507831875929,-0.00888740657688373,3,False,40.90034479938888,0.0,True,0
18,LASSO,100.0,1.0,40.90034479938888,7.205507831875929,-0.00888740657688373,3,False,40.90034479938888,0.0,True,0
18,LASSO,1000.0,1.0,40.90034479938888,7.205507831875929,-0.00888740657688373,3,False,40.90034479938888,0.0,True,0
18,LASSO,10000.0,1.0,40.90034479938888,7.205507831875929,-0.00888740657688373,3,False,40.90034479938888,0.0,True,0
18,LASSO,100000.0,1.0,40.90034479938888,7.205507831875929,-0.00888740657688373,3,False,40.90034479938888,0.0,True,0
18,LASSO,1000000.0,1.0,40.90034479938888,7.205507831875929,-0.00888740657688373,3,False,40.90034479938888,0.0,True,0
18,ElasticNet,100.0,0.1,40.90034479938888,7.205507831875929,-0.00888740657688373,3,False,40.90034479938888,0.0,True,0
18,ElasticNet,1000.0,0.1,40.90034479938888,7.205507831875929,-0.00888740657688373,3,False,40.90034479938888,0.0,True,0
18,ElasticNet,10000.0,0.1,40.90034479938888,7.205507831875929,-0.00888740657688373,3,False,40.90034479938888,0.0,True,0
18,ElasticNet,100000.0,0.1,40.90034479938888,7.205507831875929,-0.00888740657688373,3,False,40.90034479938888,0.0,True,0
18,ElasticNet,1000000.0,0.1,40.90034479938888,7.205507831875929,-0.00888740657688373,3,False,40.90034479938888,0.0,True,0
18,ElasticNet,100.0,0.3,40.90034479938888,7.205507831875929,-0.00888740657688373,3,False,40.90034479938888,0.0,True,0
18,ElasticNet,1000.0,0.3,40.90034479938888,7.205507831875929,-0.00888740657688373,3,False,40.90034479938888,0.0,True,0
18,ElasticNet,10000.0,0.3,40.90034479938888,7.205507831875929,-0.00888740657688373,3,False,40.90034479938888,0.0,True,0
18,ElasticNet,100000.0,0.3,40.90034479938888,7.205507831875929,-0.00888740657688373,3,False,40.90034479938888,0.0,True,0
18,ElasticNet,1000000.0,0.3,40.90034479938888,7.205507831875929,-0.00888740657688373,3,False,40.90034479938888,0.0,True,0
18,ElasticNet,10.0,0.5,40.90034479938888,7.205507831875929,-0.00888740657688373,3,False,40.90034479938888,0.0,True,0
18,ElasticNet,100.0,0.5,40.90034479938888,7.205507831875929,-0.00888740657688373,3,False,40.90034479938888,0.0,True,0
18,ElasticNet,1000.0,0.5,40.90034479938888,7.205507831875929,-0.00888740657688373,3,False,40.90034479938888,0.0,True,0
18,ElasticNet,10000.0,0.5,40.90034479938888,7.205507831875929,-0.00888740657688373,3,False,40.90034479938888,0.0,True,0
18,ElasticNet,100000.0,0.5,40.90034479938888,7.205507831875929,-0.00888740657688373,3,False,40.90034479938888,0.0,True,0
18,ElasticNet,1000000.0,0.5,40.90034479938888,7.205507831875929,-0.00888740657688373,3,False,40.90034479938888,0.0,True,0
18,ElasticNet,10.0,0.7,40.90034479938888,7.205507831875929,-0.00888740657688373,3,False,40.90034479938888,0.0,True,0
18,ElasticNet,100.0,0.7,40.90034479938888,7.205507831875929,-0.00888740657688373,3,False,40.90034479938888,0.0,True,0
18,ElasticNet,1000.0,0.7,40.90034479938888,7.205507831875929,-0.00888740657688373,3,False,40.90034479938888,0.0,True,0
18,ElasticNet,10000.0,0.7,40.90034479938888,7.205507831875929,-0.00888740657688373,3,False,40.90034479938888,0.0,True,0
18,ElasticNet,100000.0,0.7,40.90034479938888,7.205507831875929,-0.00888740657688373,3,False,40.90034479938888,0.0,True,0
18,ElasticNet,1000000.0,0.7,40.90034479938888,7.205507831875929,-0.00888740657688373,3,False,40.90034479938888,0.0,True,0
18,ElasticNet,10.0,0.9,40.90034479938888,7.205507831875929,-0.00888740657688373,3,False,40.90034479938888,0.0,True,0
18,ElasticNet,100.0,0.9,40.90034479938888,7.205507831875929,-0.00888740657688373,3,False,40.90034479938888,0.0,True,0
18,ElasticNet,1000.0,0.9,40.90034479938888,7.205507831875929,-0.00888740657688373,3,False,40.90034479938888,0.0,True,0
18,ElasticNet,10000.0,0.9,40.90034479938888,7.205507831875929,-0.00888740657688373,3,False,40.90034479938888,0.0,True,0
18,ElasticNet,100000.0,0.9,40.90034479938888,7.205507831875929,-0.00888740657688373,3,False,40.90034479938888,0.0,True,0
18,ElasticNet,1000000.0,0.9,40.90034479938888,7.205507831875929,-0.00888740657688373,3,False,40.90034479938888,0.0,True,0
18,ElasticNet,10.0,0.95,40.90034479938888,7.205507831875929,-0.00888740657688373,3,False,40.90034479938888,0.0,True,0
18,ElasticNet,100.0,0.95,40.90034479938888,7.205507831875929,-0.00888740657688373,3,False,40.90034479938888,0.0,True,0
18,ElasticNet,1000.0,0.95,40.90034479938888,7.205507831875929,-0.00888740657688373,3,False,40.90034479938888,0.0,True,0
18,ElasticNet,10000.0,0.95,40.90034479938888,7.205507831875929,-0.00888740657688373,3,False,40.90034479938888,0.0,True,0
18,ElasticNet,100000.0,0.95,40.90034479938888,7.205507831875929,-0.00888740657688373,3,False,40.90034479938888,0.0,True,0
18,ElasticNet,1000000.0,0.95,40.90034479938888,7.205507831875929,-0.00888740657688373,3,False,40.90034479938888,0.0,True,0
19,LASSO,10.0,1.0,40.90034479938888,7.205507831875929,-0.00888740657688373,3,False,40.90034479938888,0.0,True,0
19,LASSO,100.0,1.0,40.90034479938888,7.205507831875929,-0.00888740657688373,3,False,40.90034479938888,0.0,True,0
19,LASSO,1000.0,1.0,40.90034479938888,7.205507831875929,-0.00888740657688373,3,False,40.90034479938888,0.0,True,0
19,LASSO,10000.0,1.0,40.90034479938888,7.205507831875929,-0.00888740657688373,3,False,40.90034479938888,0.0,True,0
19,LASSO,100000.0,1.0,40.90034479938888,7.205507831875929,-0.00888740657688373,3,False,40.90034479938888,0.0,True,0
19,LASSO,1000000.0,1.0,40.90034479938888,7.205507831875929,-0.00888740657688373,3,False,40.90034479938888,0.0,True,0
19,ElasticNet,100.0,0.1,40.90034479938888,7.205507831875929,-0.00888740657688373,3,False,40.90034479938888,0.0,True,0
19,ElasticNet,1000.0,0.1,40.90034479938888,7.205507831875929,-0.00888740657688373,3,False,40.90034479938888,0.0,True,0
19,ElasticNet,10000.0,0.1,40.90034479938888,7.205507831875929,-0.00888740657688373,3,False,40.90034479938888,0.0,True,0
19,ElasticNet,100000.0,0.1,40.90034479938888,7.205507831875929,-0.00888740657688373,3,False,40.90034479938888,0.0,True,0
19,ElasticNet,1000000.0,0.1,40.90034479938888,7.205507831875929,-0.00888740657688373,3,False,40.90034479938888,0.0,True,0
19,ElasticNet,100.0,0.3,40.90034479938888,7.205507831875929,-0.00888740657688373,3,False,40.90034479938888,0.0,True,0
19,ElasticNet,1000.0,0.3,40.90034479938888,7.205507831875929,-0.00888740657688373,3,False,40.90034479938888,0.0,True,0
19,ElasticNet,10000.0,0.3,40.90034479938888,7.205507831875929,-0.00888740657688373,3,False,40.90034479938888,0.0,True,0
19,ElasticNet,100000.0,0.3,40.90034479938888,7.205507831875929,-0.00888740657688373,3,False,40.90034479938888,0.0,True,0
19,ElasticNet,1000000.0,0.3,40.90034479938888,7.205507831875929,-0.00888740657688373,3,False,40.90034479938888,0.0,True,0
19,ElasticNet,10.0,0.5,40.90034479938888,7.205507831875929,-0.00888740657688373,3,False,40.90034479938888,0.0,True,0
19,ElasticNet,100.0,0.5,40.90034479938888,7.205507831875929,-0.00888740657688373,3,False,40.90034479938888,0.0,True,0
19,ElasticNet,1000.0,0.5,40.90034479938888,7.205507831875929,-0.00888740657688373,3,False,40.90034479938888,0.0,True,0
19,ElasticNet,10000.0,0.5,40.90034479938888,7.205507831875929,-0.00888740657688373,3,False,40.90034479938888,0.0,True,0
19,ElasticNet,100000.0,0.5,40.90034479938888,7.205507831875929,-0.00888740657688373,3,False,40.90034479938888,0.0,True,0
19,ElasticNet,1000000.0,0.5,40.90034479938888,7.205507831875929,-0.00888740657688373,3,False,40.90034479938888,0.0,True,0
19,ElasticNet,10.0,0.7,40.90034479938888,7.205507831875929,-0.00888740657688373,3,False,40.90034479938888,0.0,True,0
19,ElasticNet,100.0,0.7,40.90034479938888,7.205507831875929,-0.00888740657688373,3,False,40.90034479938888,0.0,True,0
19,ElasticNet,1000.0,0.7,40.90034479938888,7.205507831875929,-0.00888740657688373,3,False,40.90034479938888,0.0,True,0
19,ElasticNet,10000.0,0.7,40.90034479938888,7.205507831875929,-0.00888740657688373,3,False,40.90034479938888,0.0,True,0
19,ElasticNet,100000.0,0.7,40.90034479938888,7.205507831875929,-0.00888740657688373,3,False,40.90034479938888,0.0,True,0
19,ElasticNet,1000000.0,0.7,40.90034479938888,7.205507831875929,-0.00888740657688373,3,False,40.90034479938888,0.0,True,0
19,ElasticNet,10.0,0.9,40.90034479938888,7.205507831875929,-0.00888740657688373,3,False,40.90034479938888,0.0,True,0
19,ElasticNet,100.0,0.9,40.90034479938888,7.205507831875929,-0.00888740657688373,3,False,40.90034479938888,0.0,True,0
19,ElasticNet,1000.0,0.9,40.90034479938888,7.205507831875929,-0.00888740657688373,3,False,40.90034479938888,0.0,True,0
19,ElasticNet,10000.0,0.9,40.90034479938888,7.205507831875929,-0.00888740657688373,3,False,40.90034479938888,0.0,True,0
19,ElasticNet,100000.0,0.9,40.90034479938888,7.205507831875929,-0.00888740657688373,3,False,40.90034479938888,0.0,True,0
19,ElasticNet,1000000.0,0.9,40.90034479938888,7.205507831875929,-0.00888740657688373,3,False,40.90034479938888,0.0,True,0
19,ElasticNet,10.0,0.95,40.90034479938888,7.205507831875929,-0.00888740657688373,3,False,40.90034479938888,0.0,True,0
19,ElasticNet,100.0,0.95,40.90034479938888,7.205507831875929,-0.00888740657688373,3,False,40.90034479938888,0.0,True,0
19,ElasticNet,1000.0,0.95,40.90034479938888,7.205507831875929,-0.00888740657688373,3,False,40.90034479938888,0.0,True,0
19,ElasticNet,10000.0,0.95,40.90034479938888,7.205507831875929,-0.00888740657688373,3,False,40.90034479938888,0.0,True,0
19,ElasticNet,100000.0,0.95,40.90034479938888,7.205507831875929,-0.00888740657688373,3,False,40.90034479938888,0.0,True,0
19,ElasticNet,1000000.0,0.95,40.90034479938888,7.205507831875929,-0.00888740657688373,3,False,40.90034479938888,0.0,True,0
20,LASSO,10.0,1.0,40.90034479938888,7.205507831875929,-0.00888740657688373,3,False,40.90034479938888,0.0,True,0
20,LASSO,100.0,1.0,40.90034479938888,7.205507831875929,-0.00888740657688373,3,False,40.90034479938888,0.0,True,0
20,LASSO,1000.0,1.0,40.90034479938888,7.205507831875929,-0.00888740657688373,3,False,40.90034479938888,0.0,True,0
20,LASSO,10000.0,1.0,40.90034479938888,7.205507831875929,-0.00888740657688373,3,False,40.90034479938888,0.0,True,0
20,LASSO,100000.0,1.0,40.90034479938888,7.205507831875929,-0.00888740657688373,3,False,40.90034479938888,0.0,True,0
20,LASSO,1000000.0,1.0,40.90034479938888,7.205507831875929,-0.00888740657688373,3,False,40.90034479938888,0.0,True,0
20,ElasticNet,100.0,0.1,40.90034479938888,7.205507831875929,-0.00888740657688373,3,False,40.90034479938888,0.0,True,0
20,ElasticNet,1000.0,0.1,40.90034479938888,7.205507831875929,-0.00888740657688373,3,False,40.90034479938888,0.0,True,0
20,ElasticNet,10000.0,0.1,40.90034479938888,7.205507831875929,-0.00888740657688373,3,False,40.90034479938888,0.0,True,0
20,ElasticNet,100000.0,0.1,40.90034479938888,7.205507831875929,-0.00888740657688373,3,False,40.90034479938888,0.0,True,0
20,ElasticNet,1000000.0,0.1,40.90034479938888,7.205507831875929,-0.00888740657688373,3,False,40.90034479938888,0.0,True,0
20,ElasticNet,100.0,0.3,40.90034479938888,7.205507831875929,-0.00888740657688373,3,False,40.90034479938888,0.0,True,0
20,ElasticNet,1000.0,0.3,40.90034479938888,7.205507831875929,-0.00888740657688373,3,False,40.90034479938888,0.0,True,0
20,ElasticNet,10000.0,0.3,40.90034479938888,7.205507831875929,-0.00888740657688373,3,False,40.90034479938888,0.0,True,0
20,ElasticNet,100000.0,0.3,40.90034479938888,7.205507831875929,-0.00888740657688373,3,False,40.90034479938888,0.0,True,0
20,ElasticNet,1000000.0,0.3,40.90034479938888,7.205507831875929,-0.00888740657688373,3,False,40.90034479938888,0.0,True,0
20,ElasticNet,10.0,0.5,40.90034479938888,7.205507831875929,-0.00888740657688373,3,False,40.90034479938888,0.0,True,0
20,ElasticNet,100.0,0.5,40.90034479938888,7.205507831875929,-0.00888740657688373,3,False,40.90034479938888,0.0,True,0
20,ElasticNet,1000.0,0.5,40.90034479938888,7.205507831875929,-0.00888740657688373,3,False,40.90034479938888,0.0,True,0
20,ElasticNet,10000.0,0.5,40.90034479938888,7.205507831875929,-0.00888740657688373,3,False,40.90034479938888,0.0,True,0
20,ElasticNet,100000.0,0.5,40.90034479938888,7.205507831875929,-0.00888740657688373,3,False,40.90034479938888,0.0,True,0
20,ElasticNet,1000000.0,0.5,40.90034479938888,7.205507831875929,-0.00888740657688373,3,False,40.90034479938888,0.0,True,0
20,ElasticNet,10.0,0.7,40.90034479938888,7.205507831875929,-0.00888740657688373,3,False,40.90034479938888,0.0,True,0
20,ElasticNet,100.0,0.7,40.90034479938888,7.205507831875929,-0.00888740657688373,3,False,40.90034479938888,0.0,True,0
20,ElasticNet,1000.0,0.7,40.90034479938888,7.205507831875929,-0.00888740657688373,3,False,40.90034479938888,0.0,True,0
20,ElasticNet,10000.0,0.7,40.90034479938888,7.205507831875929,-0.00888740657688373,3,False,40.90034479938888,0.0,True,0
20,ElasticNet,100000.0,0.7,40.90034479938888,7.205507831875929,-0.00888740657688373,3,False,40.90034479938888,0.0,True,0
20,ElasticNet,1000000.0,0.7,40.90034479938888,7.205507831875929,-0.00888740657688373,3,False,40.90034479938888,0.0,True,0
20,ElasticNet,10.0,0.9,40.90034479938888,7.205507831875929,-0.00888740657688373,3,False,40.90034479938888,0.0,True,0
20,ElasticNet,100.0,0.9,40.90034479938888,7.205507831875929,-0.00888740657688373,3,False,40.90034479938888,0.0,True,0
20,ElasticNet,1000.0,0.9,40.90034479938888,7.205507831875929,-0.00888740657688373,3,False,40.90034479938888,0.0,True,0
20,ElasticNet,10000.0,0.9,40.90034479938888,7.205507831875929,-0.00888740657688373,3,False,40.90034479938888,0.0,True,0
20,ElasticNet,100000.0,0.9,40.90034479938888,7.205507831875929,-0.00888740657688373,3,False,40.90034479938888,0.0,True,0
20,ElasticNet,1000000.0,0.9,40.90034479938888,7.205507831875929,-0.00888740657688373,3,False,40.90034479938888,0.0,True,0
20,ElasticNet,10.0,0.95,40.90034479938888,7.205507831875929,-0.00888740657688373,3,False,40.90034479938888,0.0,True,0
20,ElasticNet,100.0,0.95,40.90034479938888,7.205507831875929,-0.00888740657688373,3,False,40.90034479938888,0.0,True,0
20,ElasticNet,1000.0,0.95,40.90034479938888,7.205507831875929,-0.00888740657688373,3,False,40.90034479938888,0.0,True,0
20,ElasticNet,10000.0,0.95,40.90034479938888,7.205507831875929,-0.00888740657688373,3,False,40.90034479938888,0.0,True,0
20,ElasticNet,100000.0,0.95,40.90034479938888,7.205507831875929,-0.00888740657688373,3,False,40.90034479938888,0.0,True,0
20,ElasticNet,1000000.0,0.95,40.90034479938888,7.205507831875929,-0.00888740657688373,3,False,40.90034479938888,0.0,True,0
19,ElasticNet,1e-06,0.7,44.46973248242531,58.34975956612268,0.01322232803652886,3,False,44.46973248242531,3.771399141836688e-05,True,0
20,ElasticNet,1e-06,0.3,45.03062074519149,51.211511402463735,-0.0071711798772902124,3,False,45.03062074519148,4.6787941974045794e-05,True,0
19,ElasticNet,1e-06,0.5,48.60943416124212,65.21447104487856,-0.07693595027224498,3,False,48.60943416124212,3.75425321593467e-05,True,0
19,ElasticNet,1e-06,0.1,55.98296264442603,74.87499611614082,-0.2433127008333725,3,False,55.98296264442602,2.6714256468947715e-05,True,0
19,ElasticNet,1e-06,0.3,64.00875386077558,90.81807563498118,-0.41219419863677986,3,False,64.00875386077558,3.316662953317308e-05,True,0
20,ElasticNet,1e-06,0.1,85.38307947101646,119.36403255049427,-0.8937184142330489,3,False,85.38307947101646,4.790176089197886e-05,True,0
10,ElasticNet,0.001,0.1,0.4071608031840175,0.16156832188626868,0.9901562523318758,3,False,0.4071608031840175,0.00018859326858813733,False,0
11,LASSO,0.001,1.0,0.409945504753674,0.19523856165911377,0.990130368454777,3,False,0.409945504753674,0.0002879886935672367,False,0
15,ElasticNet,0.01,0.7,0.41085965099796606,0.09605828232440716,0.9898422171236589,3,False,0.41085965099796606,8.483363993010314e-05,False,0
11,ElasticNet,0.001,0.95,0.41287570523184075,0.202388978185782,0.9900691583144551,3,False,0.41287570523184075,0.00018488460085194607,False,0
17,ElasticNet,0.01,0.3,0.41476170557916614,0.12530006699340834,0.9898418720789515,3,False,0.41476170557916614,8.833050468655835e-05,False,0
10,LASSO,0.001,1.0,0.41507481009729963,0.17954083281836522,0.9899635067613287,3,False,0.41507481009729963,7.743694119096648e-05,False,0
15,ElasticNet,0.01,0.3,0.4166504778881479,0.14169374703263093,0.9898217901462348,3,False,0.4166504778881479,5.317093694422485e-05,False,0
18,ElasticNet,0.01,0.3,0.4194269529995429,0.1276191742692466,0.9897273356303963,3,False,0.4194269529995429,7.58514494527008e-05,False,0
14,ElasticNet,0.01,0.3,0.42120156658230606,0.14680648125254447,0.9897249576398955,3,False,0.42120156658230606,5.437459533789513e-05,False,0
19,ElasticNet,0.01,0.3,0.42423866019614803,0.12250366177814212,0.989611114901952,3,False,0.42423866019614803,0.0001275932810671115,False,0
18,ElasticNet,0.01,0.5,0.42436443917173367,0.11547152533997455,0.9895502255039282,3,False,0.4243644391717336,0.00010334509766760872,False,0
9,LASSO,0.0001,1.0,0.4250196375024205,0.1715372810522284,0.9897353254805007,3,False,0.4250196375024205,0.00012788616648767831,False,0
18,ElasticNet,0.01,0.7,0.42532883390755,0.09280347567772361,0.9894699996577585,3,False,0.42532883390755,8.701029983387929e-05,False,0
19,ElasticNet,0.01,0.5,0.42817354596600826,0.10943164735465162,0.9894553111337144,3,False,0.42817354596600826,6.856625050750444e-05,False,0
19,ElasticNet,0.01,0.7,0.4303710795112286,0.09298108198677316,0.9893510563404343,3,False,0.4303710795112286,0.0001091957019453962,False,0
15,ElasticNet,0.01,0.95,0.4307126489243584,0.08346935130344185,0.9892902185237445,3,False,0.43071264892435845,0.0001373424197480752,False,0
20,ElasticNet,0.01,0.3,0.4316407567211656,0.1285195441858844,0.9894405553399416,3,False,0.4316407567211656,0.00013619801385779222,False,0
16,ElasticNet,0.01,0.9,0.43229669362240025,0.08497082921186491,0.9892607932008755,3,False,0.43229669362240025,0.00018074515871482552,False,0
14,ElasticNet,0.01,0.9,0.43256273555480246,0.08568915699440638,0.9892671556324806,3,False,0.43256273555480246,5.8806344073496913e-05,False,0
17,ElasticNet,0.01,0.9,0.43380734531040716,0.08555738311010808,0.9892272831474886,3,False,0.43380734531040716,9.30734971985453e-05,False,0
20,ElasticNet,0.01,0.5,0.43405596905637117,0.10986304217441814,0.9893104418370521,3,False,0.43405596905637117,9.272373230461393e-05,False,0
8,LASSO,1e-05,1.0,0.4342824908438867,0.11568796964153522,0.9894102708180393,3,False,0.4342824908438867,5.527971305496716e-05,False,0
20,ElasticNet,0.01,0.7,0.4356389615962844,0.09128559533290169,0.9892162350854771,3,False,0.4356389615962844,0.00010350758130031005,False,0
16,ElasticNet,0.01,0.95,0.4387766786319986,0.08501470142444444,0.9890913202792159,3,False,0.4387766786319986,8.420923475207717e-05,False,0
17,ElasticNet,0.01,0.95,0.4395905221028542,0.08409575685409615,0.9890683431539896,3,False,0.4395905221028542,7.095439487890716e-05,False,0
15,LASSO,0.01,1.0,0.4397907617991115,0.07863636844645057,0.9890489517822142,3,False,0.4397907617991115,0.00013234916075189132,False,0
18,ElasticNet,0.01,0.9,0.4401629009588028,0.08236724257090924,0.989065396199314,3,False,0.4401629009588028,5.3757334662788564e-05,False,0
13,LASSO,0.01,1.0,0.4411491280066966,0.09177297510684097,0.9890748676074589,3,False,0.4411491280066966,0.0020256863583437597,False,0
14,ElasticNet,0.01,0.1,0.4430568379790641,0.19589282429422247,0.9893005214276496,3,False,0.4430568379790641,8.085810081645594e-05,False,0
14,ElasticNet,0.001,0.9,0.4434301158007094,0.23157625866106737,0.98933499524943,3,False,0.4434301158007094,0.00032209370057708394,False,0
19,ElasticNet,0.01,0.9,0.4451059192620776,0.08064063181802464,0.9889456947377583,3,False,0.4451059192620776,7.016344227450677e-05,False,0
14,LASSO,0.01,1.0,0.4458235584337908,0.08108853316788449,0.988918660032773,3,False,0.4458235584337908,0.00011782780834449988,False,0
16,LASSO,0.01,1.0,0.4467300853073369,0.07848552264629152,0.9888622929722338,3,False,0.4467300853073369,0.00019446453030662163,False,0
17,LASSO,0.01,1.0,0.4475958947897973,0.07884857529977685,0.9888434118753842,3,False,0.4475958947897973,0.00022765503954485025,False,0
18,ElasticNet,0.01,0.95,0.44876131510133793,0.08371909521774122,0.9888419606529121,3,False,0.44876131510133793,0.00016089136278404394,False,0
19,ElasticNet,0.01,0.95,0.45112826718095017,0.07859245613141823,0.988777931241056,3,False,0.45112826718095017,9.749615325094045e-05,False,0
20,ElasticNet,0.01,0.9,0.45123609072269333,0.07751784098921648,0.9887909636574372,3,False,0.4512360907226934,0.00012585799276929217,False,0
11,LASSO,0.01,1.0,0.45149180381613774,0.08201705351317126,0.9888070993656605,3,False,0.45149180381613774,7.085246380217694e-05,False,0
18,LASSO,0.01,1.0,0.4525047031202976,0.0746420617824052,0.9887170534446507,3,False,0.4525047031202976,0.00023739921079257015,False,0
19,LASSO,0.01,1.0,0.4550617825139576,0.06762043559456236,0.9886513061396752,3,False,0.4550617825139576,0.0005836658924465443,False,0
20,LASSO,0.01,1.0,0.4551717747127872,0.06199240027404062,0.9886412495367463,3,False,0.4551717747127872,0.0003198176710752544,False,0
20,ElasticNet,0.01,0.95,0.4553779373875852,0.07202519184797528,0.9886674167164777,3,False,0.4553779373875851,0.00017003365769167368,False,0
16,ElasticNet,0.01,0.1,0.45546066009177616,0.19895955797472098,0.9889943017538955,3,False,0.4554606600917761,8.046322250117234e-05,False,0
13,ElasticNet,0.001,0.7,0.45662212428258847,0.25669479355997915,0.9890761904675477,3,False,0.45662212428258847,0.00015747611541161324,False,0
12,ElasticNet,0.001,0.9,0.46011963901048286,0.26630667626658105,0.9889961757629594,3,False,0.46011963901048286,0.00010443907884538997,False,0
12,LASSO,0.01,1.0,0.46280762229716665,0.09323679568881954,0.9885446963044412,3,False,0.46280762229716665,0.0004358364879686674,False,0
13,LASSO,0.001,1.0,0.46358581652600445,0.2743671196512885,0.9889252825816867,3,False,0.46358581652600445,5.4825511192373036e-05,False,0
14,LASSO,0.001,1.0,0.46488414446552134,0.26487644770814667,0.9888496006141801,3,False,0.46488414446552134,6.275094121722718e-05,False,0
13,ElasticNet,0.001,0.95,0.4706764594873916,0.28255550785429456,0.9887702736384356,3,False,0.47067645948739173,5.14660299023149e-05,False,0
18,ElasticNet,0.01,0.1,0.4734097619390288,0.20690923444439258,0.9885680410655965,3,False,0.4734097619390288,6.198480005551918e-05,False,0
20,LASSO,0.001,1.0,0.47417622182880836,0.2357516945751257,0.9885773730026975,3,False,0.47417622182880836,0.0018299208316376941,False,0
12,LASSO,0.001,1.0,0.4746977562469022,0.28952131136812215,0.9886693885011252,3,False,0.4746977562469022,6.19229000426969e-05,False,0
17,ElasticNet,0.01,0.1,0.4787479671047401,0.21885537599918334,0.9884675815766698,3,False,0.4787479671047401,0.0001009711361086435,False,0
15,LASSO,0.001,1.0,0.4954565908081114,0.3050436594109184,0.9881914387696034,3,False,0.4954565908081114,9.94239862972501e-05,False,0
16,LASSO,0.001,1.0,0.5010542196134632,0.3075125646892137,0.9880325638718181,3,False,0.5010542196134631,5.837323216953459e-05,False,0
15,ElasticNet,0.001,0.95,0.5013313007506114,0.3105718018200269,0.9880656425632294,3,False,0.5013313007506114,7.887353605284743e-05,False,0
20,ElasticNet,0.01,0.1,0.5094491707577494,0.23289852468821387,0.9877344229106044,3,False,0.5094491707577494,9.607647678536841e-05,False,0
10,LASSO,0.01,1.0,0.5109018519150864,0.09931973557485153,0.9873661310132311,3,False,0.5109018519150864,7.946963813802894e-05,False,0
19,ElasticNet,0.01,0.1,0.5133383113156502,0.2393889129043456,0.9876616568484765,3,False,0.5133383113156502,0.00010758380764083948,False,0
18,LASSO,0.001,1.0,0.513820653556297,0.3164349969650254,0.9877412838495491,3,False,0.513820653556297,6.458644535890876e-05,False,0
10,ElasticNet,0.0001,0.9,0.5151950525573309,0.2278677012456317,0.9876502710813108,3,False,0.515195052557331,7.078905561387885e-05,False,0
15,ElasticNet,0.001,0.9,0.5155256686213798,0.3360729171979972,0.9877607882052253,3,False,0.5155256686213799,6.215374646776955e-05,False,0
18,ElasticNet,0.001,0.95,0.5183810323778043,0.3218023783610685,0.9876434107667963,3,False,0.5183810323778043,6.394281985497372e-05,False,0
10,ElasticNet,0.0001,0.5,0.5187327234729407,0.2317820854394395,0.9875721583324758,3,False,0.5187327234729407,6.696174099586619e-05,False,0
10,ElasticNet,0.0001,0.1,0.5191847733019781,0.23824952420218523,0.9875616471637206,3,False,0.5191847733019781,5.137025868332178e-05,False,0
20,ElasticNet,0.001,0.9,0.523050969142885,0.31005830564252873,0.9875146534733467,3,False,0.523050969142885,7.179001856601002e-05,False,0
18,ElasticNet,0.001,0.9,0.524068810618947,0.3333399575961924,0.9875218045856472,3,False,0.524068810618947,8.580615548855846e-05,False,0
10,ElasticNet,0.0001,0.95,0.5253428888885421,0.2401952660404179,0.987427974337597,3,False,0.5253428888885421,5.4127019272935155e-05,False,0
20,ElasticNet,0.001,0.95,0.5302813928137304,0.3206082363080024,0.9873552234780298,3,False,0.5302813928137303,5.745820016770807e-05,False,0
10,LASSO,0.0001,1.0,0.5312903790408555,0.24816831045083382,0.9872988347105265,3,False,0.5312903790408556,5.548798495828607e-05,False,0
19,LASSO,0.001,1.0,0.5314195506095727,0.32850163316887093,0.9873477874157198,3,False,0.5314195506095727,7.352161676149279e-05,False,0
19,ElasticNet,0.001,0.95,0.5384692817485847,0.33652193774110833,0.9871906780007681,3,False,0.5384692817485847,6.517265184574248e-05,False,0
11,ElasticNet,0.0001,0.95,0.5394511372352432,0.29138196426161145,0.987150570622083,3,False,0.5394511372352432,0.00013735407698572065,False,0
16,ElasticNet,0.001,0.7,0.5400675450115126,0.35866910676762015,0.9871914939922534,3,False,0.5400675450115126,0.0006137895081429822,False,0
15,ElasticNet,0.001,0.7,0.5472435221471328,0.3626747684098446,0.9870547322069928,3,False,0.5472435221471328,0.0003494259133187801,False,0
19,ElasticNet,0.001,0.9,0.5517856571667542,0.35948755950145755,0.9869031655771526,3,False,0.5517856571667542,5.747830142181776e-05,False,0
10,ElasticNet,1e-05,0.5,0.5607516290260449,0.19581010236252722,0.9864441659492726,3,False,0.5607516290260449,5.51547350650434e-05,False,0
11,ElasticNet,0.0001,0.9,0.5625315364505646,0.34070663762416864,0.9866570082246947,3,False,0.5625315364505646,7.993348080417025e-05,False,0
17,LASSO,0.001,1.0,0.5658723666738649,0.4072841753102654,0.9866268015793801,3,False,0.5658723666738649,8.019991177932422e-05,False,0
11,LASSO,0.0001,1.0,0.566290552983257,0.3495806135242169,0.986572252280978,3,False,0.566290552983257,0.00011634108848063451,False,0
10,ElasticNet,1e-05,0.95,0.5671339329159576,0.1898177426573292,0.9862798596893919,3,False,0.5671339329159576,5.037225468144774e-05,False,0
10,ElasticNet,1e-05,0.9,0.5682178729425419,0.1880957100333915,0.9862442454165335,3,False,0.5682178729425419,5.189532477028961e-05,False,0
17,ElasticNet,0.001,0.95,0.5726013883048029,0.4234795665439218,0.9864882908187352,3,False,0.5726013883048028,6.032210840205092e-05,False,0
17,ElasticNet,0.001,0.7,0.5788652654968954,0.41907853989567695,0.986343711163144,3,False,0.5788652654968954,0.0005487595516144558,False,0
17,ElasticNet,0.001,0.9,0.5788953925965047,0.4270576522997499,0.986346862330739,3,False,0.5788953925965048,6.513662078701872e-05,False,0
10,LASSO,1e-05,1.0,0.5816377577056228,0.20029718449428716,0.9859439175900103,3,False,0.5816377577056228,6.313453358246804e-05,False,0
19,ElasticNet,0.001,0.7,0.5818776164862253,0.41811153407380547,0.9862561150219137,3,False,0.5818776164862253,0.0010743801559912384,False,0
9,LASSO,1e-05,1.0,0.6002985681219172,0.355902241127888,0.9857282173105738,3,False,0.6002985681219172,5.520369050515346e-05,False,0
20,ElasticNet,0.001,0.7,0.6284337842136498,0.4620851657879212,0.9852161342282798,3,False,0.6284337842136498,0.001587028843192005,False,0
20,ElasticNet,0.001,0.5,0.636399944343841,0.39741263316958264,0.9849700643369085,3,False,0.636399944343841,7.383830708550688e-05,False,0
10,ElasticNet,1e-06,0.9,0.6444238006787392,0.210158341041959,0.9842920847397277,3,False,0.6444238006787392,5.415399435328123e-05,False,0
10,LASSO,1e-06,1.0,0.6516247765541839,0.2460237364617621,0.9842129059477457,3,False,0.6516247765541839,5.57183717385436e-05,False,0
19,ElasticNet,0.001,0.5,0.6536086719929272,0.454228445991426,0.9846214793162749,3,False,0.6536086719929272,7.13902607921077e-05,False,0
10,ElasticNet,1e-06,0.7,0.6536439388532992,0.20938637848249986,0.9840486754462016,3,False,0.6536439388532992,5.4828385267057654e-05,False,0
20,ElasticNet,0.1,0.1,0.6577482370282993,0.127429928800738,0.9836807001023185,3,False,0.6577482370282992,8.209122198948697e-05,False,0
12,ElasticNet,0.0001,0.9,0.6679325755875084,0.42781675879607833,0.9842470296431974,3,False,0.6679325755875084,6.286791765502217e-05,False,0
12,ElasticNet,0.0001,0.95,0.6744199733392184,0.43350134393229584,0.9841079987824113,3,False,0.6744199733392184,7.889958000529811e-05,False,0
12,LASSO,0.0001,1.0,0.6850901181687319,0.469284934544207,0.9838907844499242,3,False,0.6850901181687319,8.338896112673236e-05,False,0
12,ElasticNet,0.0001,0.7,0.6904927111660001,0.4683281744349901,0.9837611284895723,3,False,0.6904927111660001,5.333791462061341e-05,False,0
12,ElasticNet,0.0001,0.5,0.7233400997069984,0.5344345890279919,0.9830549993417727,3,False,0.7233400997069984,0.00015315393609906407,False,0
18,ElasticNet,0.001,0.7,0.7290829103609099,0.6267752636158919,0.983034247778407,3,False,0.7290829103609099,0.0015224272772527921,False,0
17,ElasticNet,0.001,0.3,0.7584917962097486,0.6198364835143484,0.9823453013007098,3,False,0.7584917962097486,5.238185121098955e-05,False,0
20,ElasticNet,0.001,0.3,0.7814749688901035,0.567711582843135,0.9817332546331633,3,False,0.7814749688901035,6.394539805527948e-05,False,0
13,LASSO,0.0001,1.0,0.7849152905398653,0.5556563039567198,0.9816390160450074,3,False,0.7849152905398653,8.469351163509349e-05,False,0
19,ElasticNet,0.001,0.3,0.7907198058077616,0.6089061374679422,0.9815602164186389,3,False,0.7907198058077616,5.765220512946468e-05,False,0
13,ElasticNet,0.0001,0.95,0.8183801555133184,0.6169899991714972,0.980919548769121,3,False,0.8183801555133184,8.848889902240925e-05,False,0
13,ElasticNet,0.0001,0.9,0.8401776849899677,0.6615151994990666,0.980447444186317,3,False,0.8401776849899677,8.549241442637175e-05,False,0
13,ElasticNet,0.0001,0.7,0.858744826169492,0.731023763689687,0.9800577436607032,3,False,0.8587448261694918,8.082146981809998e-05,False,0
13,ElasticNet,0.0001,0.5,0.9494795332830256,0.8572140613856185,0.9780553523500956,3,False,0.9494795332830256,8.130870360962295e-05,False,0
14,ElasticNet,0.0001,0.95,1.0068388587013513,0.887852464346286,0.9767624520515996,3,False,1.0068388587013513,9.178245786997403e-05,False,0
11,ElasticNet,1e-05,0.95,1.0446356012186218,0.913601167681396,0.9756527898685959,3,False,1.0446356012186218,6.372534661112002e-05,False,0
14,LASSO,0.0001,1.0,1.0446662358424266,0.9279916664172886,0.9759209575720492,3,False,1.0446662358424266,0.00011519596962688673,False,0
15,ElasticNet,0.0001,0.95,1.0523479988734037,1.0016440124226624,0.9757263928892526,3,False,1.0523479988734037,7.859286799587943e-05,False,0
11,ElasticNet,1e-05,0.9,1.0904173511175423,0.9638330471100435,0.974620489913074,3,False,1.0904173511175423,6.011710756864526e-05,False,0
11,LASSO,1e-05,1.0,1.118631209015212,1.016945469467522,0.9740165088481065,3,False,1.1186312090152117,6.309631307079876e-05,False,0
11,ElasticNet,1e-05,0.7,1.1197352555365117,1.0481297870739046,0.9740415890123026,3,False,1.1197352555365117,6.517073156353019e-05,False,0
15,ElasticNet,0.0001,0.9,1.1493806654539687,1.149658024233588,0.9735874953665696,3,False,1.1493806654539687,6.707491102067561e-05,False,0
14,ElasticNet,0.0001,0.9,1.1495342782217628,1.1652093599079105,0.973681074336469,3,False,1.1495342782217628,9.994890500385252e-05,False,0
15,ElasticNet,0.0001,0.7,1.171780232407168,1.2266911300414742,0.9731132046298026,3,False,1.171780232407168,6.875627952326101e-05,False,0
14,ElasticNet,0.0001,0.7,1.1886642904790923,1.1799036619900427,0.9727903486519814,3,False,1.1886642904790923,8.653787400988798e-05,False,0
15,LASSO,0.0001,1.0,1.2103565100421882,1.253418185164085,0.9722861919035989,3,False,1.2103565100421882,9.442877113031119e-05,False,0
14,ElasticNet,0.0001,0.5,1.2787238664385006,1.3886283075628636,0.970849423723998,3,False,1.2787238664385006,0.00011181822974969,False,0
20,LASSO,0.0001,1.0,1.326560802540151,1.2094243341031485,0.9692731440253732,3,False,1.3265608025401507,0.00019401267072741943,False,0
19,LASSO,0.0001,1.0,1.3313914111451448,1.3652930838655415,0.9692388914535871,3,False,1.3313914111451448,0.00011714686546878969,False,0
17,ElasticNet,0.0001,0.9,1.355250303522177,1.4711998294133386,0.9689473487757431,3,False,1.355250303522177,6.596067655969287e-05,False,0
16,ElasticNet,0.0001,0.9,1.3771148565363613,1.4690332838156699,0.9685723771035876,3,False,1.3771148565363613,0.0001822123410146795,False,0
15,ElasticNet,0.0001,0.5,1.3791082986493348,1.5583962594144642,0.9685332275500155,3,False,1.379108298649335,7.016502979966541e-05,False,0
16,LASSO,0.0001,1.0,1.390054415525514,1.5343485436768034,0.9683527192114165,3,False,1.390054415525514,8.271299080993451e-05,False,0
16,ElasticNet,0.0001,0.95,1.4174844340575568,1.549869738876323,0.9677327829878969,3,False,1.417484434057557,0.00010595395568278636,False,0
14,ElasticNet,0.0001,0.3,1.4195127661025733,1.6480623214443508,0.9677737196504599,3,False,1.4195127661025733,6.685915247972342e-05,False,0
17,LASSO,0.0001,1.0,1.450293463120999,1.5869980887904642,0.9668721598779105,3,False,1.450293463120999,8.882428689901336e-05,False,0
20,ElasticNet,0.0001,0.9,1.4800691274726354,1.4176637417448223,0.9658727214044279,3,False,1.4800691274726354,6.251772425416745e-05,False,0
18,LASSO,0.0001,1.0,1.4893072245980326,1.6605179192786852,0.9660220165755341,3,False,1.4893072245980328,0.00016396625253324766,False,0
19,ElasticNet,0.0001,0.95,1.5099076448272806,1.6973539163130684,0.9654471641799175,3,False,1.5099076448272806,0.0001769860959980149,False,0
20,ElasticNet,0.0001,0.95,1.5192268520909529,1.5521368966096172,0.9650832721325746,3,False,1.5192268520909529,0.00012025669555423516,False,0
12,ElasticNet,1e-05,0.95,1.520967350996372,1.7543331042687482,0.9653665924974364,3,False,1.520967350996372,7.2137958837859e-05,False,0
17,ElasticNet,0.0001,0.95,1.5353624372442043,1.7477289744286282,0.9650297631808608,3,False,1.5353624372442043,0.00012499292953310482,False,0
18,ElasticNet,0.0001,0.95,1.5602052705734206,1.7422597807206306,0.9644890977386794,3,False,1.5602052705734206,5.965977694567969e-05,False,0
12,ElasticNet,1e-05,0.9,1.6039101751048153,1.9113203768455342,0.9635619377187048,3,False,1.6039101751048153,7.120426543614025e-05,False,0
19,ElasticNet,0.0001,0.9,1.6101198753518393,1.8698322251393618,0.9632398155245054,3,False,1.6101198753518393,6.456367618212766e-05,False,0
18,ElasticNet,0.0001,0.9,1.6131170538128565,1.8287265043391165,0.9632673979198533,3,False,1.6131170538128563,0.00016855514845664002,False,0
12,ElasticNet,1e-05,0.5,1.6256034293112875,1.951774306919288,0.9630403525363681,3,False,1.6256034293112875,5.492527809927144e-05,False,0
12,ElasticNet,1e-05,0.7,1.6320001539074454,1.9543947173549046,0.9629226638372703,3,False,1.6320001539074454,5.857303332790043e-05,False,0
12,LASSO,1e-05,1.0,1.6435154756798098,1.9764377641647197,0.9626832720156496,3,False,1.6435154756798094,6.652542280686813e-05,False,0
19,ElasticNet,0.1,0.9,1.6669410818033852,0.6494874743850015,0.9593762438444978,3,False,1.666941081803385,0.00011027676244615425,False,0
17,ElasticNet,0.1,0.9,1.6702361485701365,0.6490888550033359,0.9593124363164373,3,False,1.6702361485701365,0.00010792092849087886,False,0
20,ElasticNet,0.1,0.9,1.6705011809164987,0.6507275281375156,0.9592948142129006,3,False,1.6705011809164987,0.00016375769730160583,False,0
18,ElasticNet,0.1,0.9,1.6747308724826808,0.6528574440269103,0.9592123937509355,3,False,1.6747308724826808,9.65337776713121e-05,False,0
15,ElasticNet,0.1,0.9,1.6782924436347184,0.6523220573124308,0.9591402228462673,3,False,1.6782924436347184,7.030271697137935e-05,False,0
12,ElasticNet,1e-05,0.3,1.6795630851681824,2.0348688753372155,0.961852292658593,3,False,1.6795630851681826,5.5768442079337986e-05,False,0
16,ElasticNet,0.1,0.9,1.6813207076626053,0.6594889348337484,0.9590794163717886,3,False,1.6813207076626053,0.00013387340229313593,False,0
16,ElasticNet,0.0001,0.7,1.7162394854157608,2.031958918096163,0.9611647408664338,3,False,1.7162394854157608,0.00010197978530006608,False,0
19,ElasticNet,0.1,0.95,1.7312904320890954,0.693674945034235,0.9578522426001056,3,False,1.7312904320890954,0.00013429567476759552,False,0
20,ElasticNet,0.1,0.95,1.7332379572456522,0.690561637944383,0.9578034889357966,3,False,1.7332379572456522,0.0003329825903604089,False,0
17,ElasticNet,0.1,0.95,1.7341085578355386,0.6919314124246532,0.9577938642926783,3,False,1.7341085578355386,0.0001593329549888084,False,0
18,ElasticNet,0.1,0.95,1.737477887693512,0.6923495632022272,0.9577215266185307,3,False,1.737477887693512,8.984622377372631e-05,False,0
17,ElasticNet,0.0001,0.7,1.7443010923369784,2.152906817088123,0.9604533750001419,3,False,1.7443010923369782,0.00010903366273043387,False,0
16,ElasticNet,0.1,0.95,1.748041428106409,0.7008852750609063,0.9574982414337266,3,False,1.748041428106409,0.00012333620046121874,False,0
13,ElasticNet,0.1,0.95,1.7519590835909096,0.6969400858011044,0.9573996654068787,3,False,1.7519590835909096,5.16733308110473e-05,False,0
14,ElasticNet,0.1,0.95,1.7535150759094522,0.7183846385586897,0.9573912666602288,3,False,1.7535150759094522,8.234190111847117e-05,False,0
20,LASSO,0.1,1.0,1.7821841536423648,0.7322234423890132,0.9566608587281095,3,False,1.7821841536423653,0.00526177964618596,False,0
17,LASSO,0.1,1.0,1.7861691544022378,0.7203632603528168,0.9565493040905614,3,False,1.7861691544022378,0.001056110221225967,False,0
18,LASSO,0.1,1.0,1.7886654804189037,0.7212283920362222,0.9565042980649233,3,False,1.7886654804189037,0.0017948022952173903,False,0
15,LASSO,0.1,1.0,1.7886840673565836,0.7133807927263505,0.9564985016350352,3,False,1.7886840673565836,0.0004591785709845697,False,0
19,LASSO,0.1,1.0,1.7917900898768604,0.7309778711020449,0.9564289718211199,3,False,1.7917900898768604,0.00291721297190517,False,0
16,LASSO,0.1,1.0,1.7947706331189224,0.7173121958540837,0.9563514423276759,3,False,1.7947706331189224,0.0008604177060165946,False,0
12,ElasticNet,1e-05,0.1,1.797666620525532,2.2418252780904018,0.959279231177141,3,False,1.797666620525532,5.701128394841483e-05,False,0
14,LASSO,0.1,1.0,1.7999048143906207,0.7105813073351567,0.956232905423914,3,False,1.7999048143906207,0.0002240912741910961,False,0
13,LASSO,0.1,1.0,1.8005154456649837,0.7171762546019879,0.9562276980473149,3,False,1.8005154456649832,0.00022938608644716696,False,0
15,ElasticNet,0.0001,0.3,1.8022952029661077,2.3009383150343266,0.9592933756145846,3,False,1.8022952029661077,6.421417784113661e-05,False,0
11,LASSO,0.1,1.0,1.8023864135641867,0.7260968527831431,0.9562084989557814,3,False,1.8023864135641867,0.00023244977873698724,False,0
12,LASSO,0.1,1.0,1.8104019285625377,0.7576492147164329,0.9560139745574595,3,False,1.8104019285625377,0.00015346749005661076,False,0
16,ElasticNet,0.0001,0.5,1.8258273359026693,2.2781726437977627,0.9587578247580067,3,False,1.8258273359026693,7.028554454105795e-05,False,0
10,LASSO,0.1,1.0,1.8761479059043298,0.8034819194764049,0.95448780325262,3,False,1.8761479059043298,0.0003020340639308394,False,0
9,LASSO,0.1,1.0,1.8927328927001958,0.7356541149756648,0.95399059866807,3,False,1.8927328927001954,0.00010280486721199467,False,0
18,ElasticNet,0.0001,0.7,1.8975689998058363,2.2910776533175468,0.9569826670394216,3,False,1.8975689998058363,0.00010501181972503629,False,0
11,ElasticNet,1e-06,0.9,2.0701626807789526,2.513344053424096,0.9528919599949757,3,False,2.0701626807789526,5.107481273688395e-05,False,0
19,ElasticNet,0.0001,0.7,2.141090353927455,2.7171195572687705,0.9515877881674486,3,False,2.141090353927455,0.00019368590023722065,False,0
20,ElasticNet,0.0001,0.7,2.214538507959103,2.6810665830591924,0.949868944949516,3,False,2.214538507959103,9.962705976318218e-05,False,0
18,ElasticNet,0.0001,0.5,2.4283867844608227,3.1431090174030296,0.9453107252602487,3,False,2.4283867844608227,7.491392375626218e-05,False,0
17,ElasticNet,0.0001,0.5,2.469310207276639,3.3571276100386647,0.9445904742164833,3,False,2.469310207276639,5.6521274653321716e-05,False,0
16,ElasticNet,0.0001,0.3,2.6357245585675453,3.637246170932941,0.941100524263022,3,False,2.6357245585675457,6.600757472637433e-05,False,0
13,ElasticNet,1e-05,0.9,2.648741015456456,3.620594107658175,0.9405025184569835,3,False,2.648741015456456,7.887497983033459e-05,False,0
13,LASSO,1e-05,1.0,2.756350858704678,3.802712585304229,0.9381730671403267,3,False,2.756350858704678,7.905153113207319e-05,False,0
13,ElasticNet,1e-05,0.7,2.8552805414160374,3.9594105598463614,0.9360087976031847,3,False,2.8552805414160374,5.5780678821817846e-05,False,0
13,ElasticNet,1e-05,0.95,2.9268774815937544,4.103144869787771,0.9344900289334367,3,False,2.9268774815937544,7.52332167148687e-05,False,0
13,ElasticNet,1e-05,0.5,2.9826505765063054,4.173155062403794,0.9331889397268288,3,False,2.982650576506306,5.7381140622493384e-05,False,0
20,ElasticNet,0.0001,0.5,3.1265511862145394,3.8593041220195383,0.9295768592643029,3,False,3.1265511862145385,0.00013249974091826658,False,0
12,ElasticNet,1e-06,0.9,3.1765599522802046,4.242198923331577,0.9287179067039498,3,False,3.1765599522802046,5.626256862863249e-05,False,0
12,LASSO,1e-06,1.0,3.1861174358982023,4.368414881719564,0.928605152271058,3,False,3.1861174358982023,5.627667133497132e-05,False,0
19,ElasticNet,0.0001,0.5,3.2089944656743756,4.447303781180139,0.9281684139218142,3,False,3.2089944656743756,0.00011917268733663053,False,0
17,ElasticNet,0.0001,0.3,3.249638987911906,4.654616593061894,0.9275093803532267,3,False,3.249638987911906,6.810545755604035e-05,False,0
12,ElasticNet,1e-06,0.95,3.586388489818225,5.042589107548602,0.9197850016921446,3,False,3.586388489818225,5.6261072880591226e-05,False,0
12,ElasticNet,1e-06,0.7,3.7605346898205583,5.374812840926321,0.9161051529222508,3,False,3.7605346898205583,5.4577017929555216e-05,False,0
14,LASSO,1e-05,1.0,3.968538145405699,5.77888459747055,0.911742855534996,3,False,3.968538145405699,8.527879612197789e-05,False,0
14,LASSO,1e-06,1.0,4.04732553570766,5.645401714477029,0.9093635201150776,3,False,4.047325535707659,0.00013890128285582053,False,0
18,ElasticNet,0.0001,0.3,4.122040492324168,5.891267462724608,0.908321356680983,3,False,4.122040492324168,8.210739447415441e-05,False,0
14,ElasticNet,1e-05,0.95,4.125671251982729,6.049253873334838,0.9083487829295764,3,False,4.125671251982729,7.112758352836719e-05,False,0
14,ElasticNet,1e-05,0.9,4.23041711880236,6.22708385477409,0.9060812209848571,3,False,4.23041711880236,7.603918814492916e-05,False,0
14,ElasticNet,1e-05,0.7,4.322200677186146,6.340870164254361,0.9039942177724006,3,False,4.322200677186146,6.029178744294718e-05,False,0
12,ElasticNet,1e-06,0.5,4.36111893500595,6.375045665167464,0.9031266508595815,3,False,4.36111893500595,5.104160361349727e-05,False,0
14,ElasticNet,1e-05,0.5,4.499558984679854,6.570310474773992,0.9000743287015968,3,False,4.499558984679854,5.7485242516445845e-05,False,0
17,ElasticNet,0.0001,0.1,4.960521416246116,7.458871977491864,0.8901629068868284,3,False,4.960521416246116,5.108923773489836e-05,False,0
14,ElasticNet,1e-05,0.3,4.966063368908901,7.302281864574492,0.8899033101295641,3,False,4.966063368908901,5.487722145201913e-05,False,0
19,ElasticNet,0.0001,0.3,5.368059529753523,7.8945762963839545,0.8809639321937516,3,False,5.368059529753524,5.571546305520849e-05,False,0
20,ElasticNet,0.0001,0.3,5.371867253428415,7.150756221403164,0.8802454731351409,3,False,5.371867253428415,8.038825508061457e-05,False,0
15,LASSO,1e-06,1.0,5.65541108302095,7.820407833867696,0.8736392376702972,3,False,5.655411083020948,0.00010040418775926714,False,0
15,LASSO,1e-05,1.0,6.170485277518037,9.192391934743263,0.8633813207038065,3,False,6.170485277518039,8.089212784988576e-05,False,0
19,ElasticNet,1.0,0.3,6.283450361205752,1.513072433010889,0.845639494083616,3,False,6.283450361205752,0.00020996902214470703,False,0
20,ElasticNet,1.0,0.3,6.286123398877023,1.5253207302380318,0.8456302421803699,3,False,6.286123398877023,0.000630763258065381,False,0
18,ElasticNet,1.0,0.3,6.28752201091383,1.5207098627454019,0.8455578347901188,3,False,6.28752201091383,0.00037522743551693383,False,0
17,ElasticNet,1.0,0.3,6.292335294476352,1.5056220176691366,0.8453625167575166,3,False,6.292335294476352,0.00017182122775838415,False,0
15,ElasticNet,1e-05,0.95,6.3003082401565385,9.396620607275112,0.8605686416736661,3,False,6.3003082401565385,8.3827826214269e-05,False,0
16,ElasticNet,1.0,0.3,6.306146308209304,1.5202885387899134,0.8450495789461491,3,False,6.306146308209304,0.00018802130727529898,False,0
15,ElasticNet,1.0,0.3,6.330135616637087,1.5009673265123495,0.8443540443621463,3,False,6.330135616637087,0.00016741342549470017,False,0
14,ElasticNet,1.0,0.3,6.358970449988623,1.5197238912656128,0.8436748145013581,3,False,6.358970449988623,0.00010401905572765546,False,0
13,ElasticNet,1.0,0.3,6.432317669171689,1.4924848004485995,0.8417182978135326,3,False,6.432317669171689,8.353872443311872e-05,False,0
15,ElasticNet,1e-05,0.9,6.795180747418617,10.228862019091931,0.849725524100136,3,False,6.795180747418617,8.161551834287631e-05,False,0
15,ElasticNet,1e-05,0.7,7.388756344102155,11.115320592100685,0.8367178502251548,3,False,7.388756344102153,6.604630867396795e-05,False,0
16,ElasticNet,1e-05,0.95,7.593441531053318,10.933031374622516,0.8319556161693423,3,False,7.593441531053318,8.264754543877211e-05,False,0
14,ElasticNet,1e-06,0.95,7.594252504401033,10.843483753791949,0.8317739287337136,3,False,7.594252504401033,6.264399429847071e-05,False,0
16,LASSO,1e-05,1.0,7.775904422285218,11.23413204473293,0.8280070644129358,3,False,7.775904422285218,6.566903069028954e-05,False,0
15,ElasticNet,1e-05,0.5,8.043347092280582,12.072426220687237,0.8224284007730592,3,False,8.043347092280582,6.243664975842984e-05,False,0
14,ElasticNet,1e-06,0.7,8.07980105630986,11.17853245891693,0.8209325024006086,3,False,8.07980105630986,5.9165847388311417e-05,False,0
13,LASSO,1e-06,1.0,8.13043086469594,12.633403923901541,0.8207944568360466,3,False,8.13043086469594,5.252973102407282e-05,False,0
13,ElasticNet,1e-06,0.95,8.271890268966553,12.939772962274654,0.8177836085458936,3,False,8.271890268966553,5.7805994801874665e-05,False,0
16,ElasticNet,1e-05,0.9,8.320540727888856,12.011329696073133,0.8160497444557325,3,False,8.320540727888856,8.389474265756975e-05,False,0
14,ElasticNet,1e-06,0.9,8.536081221007729,12.088219687678222,0.8110806952435027,3,False,8.536081221007729,5.720010988367348e-05,False,0
13,ElasticNet,1e-06,0.9,8.613616383326328,13.532499086500062,0.8103593741106921,3,False,8.613616383326326,5.7666001295774983e-05,False,0
14,ElasticNet,1e-06,0.5,8.775642399674616,12.81305210072941,0.8061083358470417,3,False,8.775642399674615,5.4342361933308704e-05,False,0
19,ElasticNet,0.0001,0.1,9.239647479420789,13.61747653593373,0.7961083767377305,3,False,9.239647479420789,6.266029824944829e-05,False,0
17,LASSO,1e-05,1.0,9.273427385135749,12.837490696911267,0.7943483711764455,3,False,9.273427385135749,7.625550275477966e-05,False,0
17,ElasticNet,1e-05,0.95,9.281248696195266,12.903477140697783,0.7940771083807734,3,False,9.281248696195266,8.97664942879947e-05,False,0
20,ElasticNet,1.0,0.5,9.465279386901166,1.7929786519139794,0.7669003008064806,3,False,9.465279386901166,0.0007508350030722144,False,0
19,ElasticNet,1.0,0.5,9.47676750886111,1.77973994516422,0.7665682751258857,3,False,9.47676750886111,0.0009715566926125074,False,0
18,ElasticNet,1.0,0.5,9.4995705625132,1.7763587496882012,0.7659744490244363,3,False,9.4995705625132,0.0013219254087761811,False,0
17,ElasticNet,1.0,0.5,9.517757722844802,1.7587928253891238,0.7654572180720604,3,False,9.517757722844802,0.0003859335684707199,False,0
16,ElasticNet,1.0,0.5,9.541072134477753,1.7577507292984733,0.7648541227587518,3,False,9.541072134477753,0.0004162601324362303,False,0
15,ElasticNet,1.0,0.5,9.575094462119509,1.7372993515484305,0.7639249248932843,3,False,9.575094462119509,0.000354303776673226,False,0
18,ElasticNet,1e-05,0.9,9.589167826011881,12.40812823641611,0.7868473470839269,3,False,9.589167826011881,7.485150426489325e-05,False,0
14,ElasticNet,1.0,0.5,9.603837154229717,1.7465153625006093,0.7632152067715543,3,False,9.60383715422972,0.00048144648571957216,False,0
12,ElasticNet,1.0,0.5,9.718255649965517,1.738248722685257,0.7602840542622255,3,False,9.718255649965517,5.143824196363056e-05,False,0
18,LASSO,1e-05,1.0,9.742338796954396,13.303827432103326,0.7838669424136219,3,False,9.742338796954396,8.101594845995375e-05,False,0
16,ElasticNet,1e-05,0.7,9.89089609543417,14.715276339075691,0.7819054612166815,3,False,9.89089609543417,6.765727103300591e-05,False,0
16,ElasticNet,1e-05,0.5,10.189462380161897,14.811895145603337,0.7751139267958699,3,False,10.189462380161897,6.560781897334554e-05,False,0
18,ElasticNet,1e-05,0.95,10.702252431155786,14.198113347219486,0.7627060400637032,3,False,10.702252431155786,7.522000141335624e-05,False,0
17,ElasticNet,1e-05,0.9,10.919621460905406,15.480904019639123,0.7585338500987223,3,False,10.919621460905406,7.821857577427035e-05,False,0
20,ElasticNet,0.0001,0.1,10.959297303834548,15.51731458252444,0.7579703212299173,3,False,10.959297303834548,5.614177238496631e-05,False,0
20,ElasticNet,1.0,0.7,12.064542822705716,2.3544659731562283,0.7031115341028031,3,False,12.064542822705718,0.0003234035011706604,False,0
19,ElasticNet,1.0,0.7,12.077551890001807,2.3593112941383882,0.7028023309849889,3,False,12.077551890001807,0.000578873445303052,False,0
18,ElasticNet,1.0,0.7,12.101420091307736,2.352885084918886,0.7021798980805434,3,False,12.101420091307736,0.00020683159919920868,False,0
17,ElasticNet,1.0,0.7,12.1194006983322,2.356168030133213,0.70174041134787,3,False,12.1194006983322,0.00017318058662674218,False,0
18,ElasticNet,1e-05,0.7,12.123532193202763,15.982015082489763,0.7312315750805999,3,False,12.123532193202763,7.766834228584756e-05,False,0
16,ElasticNet,1.0,0.7,12.135398316539181,2.341007902669903,0.7012907166578453,3,False,12.135398316539181,0.000139878624375811,False,0
15,ElasticNet,1.0,0.7,12.168560066185629,2.3472906488356786,0.7004784231574558,3,False,12.168560066185629,0.00012300505462548017,False,0
12,ElasticNet,1.0,0.7,12.244263367328701,2.278691291611424,0.6983578824452362,3,False,12.244263367328701,9.048285839430292e-05,False,0
16,ElasticNet,1e-05,0.3,12.307561931444637,18.2433850478973,0.7289447256984024,3,False,12.307561931444637,5.126516625032285e-05,False,0
17,LASSO,1e-06,1.0,12.403480924892548,17.824344068736906,0.7244139244026623,3,False,12.40348092489255,0.00013280089156231194,False,0
19,LASSO,1e-05,1.0,13.341130956667428,17.324505442882856,0.703839413537079,3,False,13.34113095666743,9.153693163406888e-05,False,0
17,ElasticNet,1e-05,0.7,13.404222512892865,19.512314876050116,0.7043563250806519,3,False,13.404222512892865,6.776559459269974e-05,False,0
16,ElasticNet,1e-06,0.95,14.52321506806831,19.810539045078922,0.6789111109854282,3,False,14.52321506806831,5.846239492453362e-05,False,0
20,ElasticNet,1.0,0.9,14.575139207567995,3.3449359813913873,0.6428423285231729,3,False,14.575139207567995,0.00018896460749895372,False,0
19,ElasticNet,1.0,0.9,14.57986769862577,3.3602751253726733,0.6427791182800824,3,False,14.57986769862577,0.00014365077920275304,False,0
18,ElasticNet,1.0,0.9,14.606182382029777,3.3642536891887804,0.6421245095897349,3,False,14.606182382029777,0.00010514385152238237,False,0
17,ElasticNet,1.0,0.9,14.625152947010534,3.3852267519960835,0.6417262545026223,3,False,14.625152947010534,9.573112382033067e-05,False,0
16,ElasticNet,1.0,0.9,14.643131069774403,3.3847509997804623,0.6412727211715415,3,False,14.643131069774403,7.28985236716495e-05,False,0
15,ElasticNet,1.0,0.9,14.663153446782717,3.3969140818728736,0.640816268311708,3,False,14.663153446782717,0.00014119340214524545,False,0
13,ElasticNet,1.0,0.9,14.704146477256034,3.385196862248697,0.6397577358782145,3,False,14.704146477256034,5.1056603040167126e-05,False,0
18,ElasticNet,1e-05,0.5,14.80567444488724,19.78212290375373,0.6725140037224424,3,False,14.80567444488724,5.835050316097306e-05,False,0
16,ElasticNet,1e-06,0.9,14.928460326833315,20.344473393873557,0.6699266369502993,3,False,14.928460326833312,5.7882270217380514e-05,False,0
16,LASSO,1e-06,1.0,15.052992297543966,20.548564095801325,0.667348445448189,3,False,15.052992297543964,5.712191279602292e-05,False,0
19,LASSO,1e-06,1.0,15.071251959523401,20.806579132032397,0.6623556534831895,3,False,15.071251959523401,0.00018309786836944039,False,0
17,ElasticNet,1e-05,0.5,15.072257653656647,21.80305619948451,0.6674952835723121,3,False,15.072257653656647,7.017765636981649e-05,False,0
20,ElasticNet,1.0,0.95,15.188325265171477,3.5666781763917834,0.6280819388257356,3,False,15.188325265171477,0.00010442542509792041,False,0
19,ElasticNet,1.0,0.95,15.19034043520756,3.582643858223532,0.6280868911689308,3,False,15.19034043520756,0.00031142096727809765,False,0
17,ElasticNet,1.0,0.95,15.21733639523635,3.606339040799228,0.6274750229337619,3,False,15.217336395236346,0.00029856297986285973,False,0
16,ElasticNet,1.0,0.95,15.251181673976191,3.617672955224241,0.6266502456334669,3,False,15.251181673976191,6.56988447679252e-05,False,0
15,ElasticNet,1.0,0.95,15.25784083358694,3.6265115740681497,0.6265170451863695,3,False,15.25784083358694,0.0001896155511318387,False,0
15,ElasticNet,1e-06,0.95,15.306597177455236,22.623928197877763,0.6628718943603783,3,False,15.306597177455236,5.035291689719798e-05,False,0
19,ElasticNet,1e-05,0.95,15.640758160368698,21.075823445694578,0.6540546985893061,3,False,15.640758160368698,8.917521497748151e-05,False,0
19,LASSO,1.0,1.0,15.710826035408857,3.718333777900309,0.615379847858052,3,False,15.710826035408857,0.00030344589360420393,False,0
17,LASSO,1.0,1.0,15.717992088055476,3.755341800099123,0.6153037652440556,3,False,15.71799208805548,0.0001330302285464935,False,0
15,LASSO,1.0,1.0,15.725019309650861,3.7786033690774405,0.6151889977250805,3,False,15.725019309650861,0.00010730005742676241,False,0
20,LASSO,1.0,1.0,15.725166750072281,3.7064313691709403,0.6149816140160964,3,False,15.725166750072281,0.00013131631706997382,False,0
16,LASSO,1.0,1.0,15.73586324391402,3.7674744486511034,0.6148841997280511,3,False,15.73586324391402,8.094404563441238e-05,False,0
18,LASSO,1.0,1.0,15.736900507161545,3.7370612494604667,0.6147699904555533,3,False,15.736900507161545,0.00021229614986295609,False,0
14,LASSO,1.0,1.0,15.75833562382364,3.8039464766812308,0.6144117931854652,3,False,15.75833562382364,0.0001593317818233686,False,0
13,LASSO,1.0,1.0,15.77616677860169,3.82287741910825,0.6140322695401715,3,False,15.77616677860169,0.00014104504684298025,False,0
12,LASSO,1.0,1.0,15.802483150471552,3.8309675449420615,0.6133832997307579,3,False,15.802483150471552,6.642559074887533e-05,False,0
20,ElasticNet,1e-05,0.9,16.049147485555405,19.955781670993506,0.64322536078662,3,False,16.049147485555405,7.980602075907206e-05,False,0
20,ElasticNet,1e-05,0.95,16.052450571390086,19.899465575706493,0.6435162152332424,3,False,16.052450571390086,8.390127894682921e-05,False,0
19,ElasticNet,1e-05,0.9,16.18894933889411,21.149933201484387,0.6414412978023857,3,False,16.18894933889411,9.21831607137743e-05,False,0
16,ElasticNet,1e-06,0.7,16.39592244502374,22.249762185876047,0.6372178858694257,3,False,16.39592244502374,5.590853059619739e-05,False,0
17,ElasticNet,1e-05,0.3,16.68797195338843,24.261843839731107,0.632274197169416,3,False,16.68797195338843,6.585427893468297e-05,False,0
20,LASSO,1e-05,1.0,17.640013658154206,20.948830699640848,0.6074880019385781,3,False,17.640013658154206,7.385803359391604e-05,False,0
18,LASSO,1e-06,1.0,17.942291400840677,27.09418499261006,0.6037436574562612,3,False,17.942291400840677,0.00021034903899270354,False,0
19,ElasticNet,1e-05,0.7,19.685889710807455,26.055604745990873,0.5647092779932843,3,False,19.68588971080745,6.99933472332527e-05,False,0
20,ElasticNet,1e-05,0.7,21.028167456005285,25.807464445973515,0.5334126284802915,3,False,21.028167456005285,6.862224376117401e-05,False,0
18,ElasticNet,1e-06,0.95,21.163876570549785,26.191413495146545,0.5291462341556379,3,False,21.163876570549785,5.590317103809995e-05,False,0
18,ElasticNet,1e-06,0.7,21.554301297231323,26.38029667677947,0.5202952034203646,3,False,21.554301297231323,5.4552332526144073e-05,False,0
18,ElasticNet,1e-06,0.9,21.714556685899513,27.22415610660488,0.5170405417062814,3,False,21.714556685899513,5.08616250121336e-05,False,0
17,ElasticNet,1e-06,0.95,21.852198172000026,30.39704699262744,0.5172422516527581,3,False,21.852198172000026,5.028390810659517e-05,False,0
19,ElasticNet,1e-05,0.5,24.559876073641693,32.82546282683035,0.4576317960368173,3,False,24.559876073641693,6.043608993303004e-05,False,0
20,ElasticNet,1e-06,0.9,30.051626100028546,32.29752962208383,0.32701976703508523,3,False,30.051626100028543,6.290665039341726e-05,False,0
20,ElasticNet,1e-06,0.95,30.36050072128926,30.78037349909693,0.31783044949285383,3,False,30.36050072128926,5.68123488469371e-05,False,0
19,ElasticNet,1e-05,0.3,32.30427918168635,44.51445745291692,0.28795204328631746,3,False,32.30427918168634,5.535831794736082e-05,False,0
20,LASSO,1e-06,1.0,32.96810121070112,34.8512759508959,0.26140709843711735,3,False,32.96810121070113,6.414848862312082e-05,False,0
20,ElasticNet,1e-06,0.7,36.96723590484036,40.53061017019387,0.17310630829665172,3,False,36.96723590484036,5.755984822153548e-05,False,0
20,ElasticNet,1e-06,0.5,43.230630712931664,50.555997231216246,0.0362782299178361,3,False,43.230630712931664,5.072643825138527e-05,False,0
2,Ridge,10000.0,0.0,,,,2,True,25.112873757303806,0.0,False,0
2,Ridge,100000.0,0.0,,,,2,True,26.24228271224814,0.0,False,0
2,Ridge,1000000.0,0.0,,,,2,True,26.364200735659363,0.0,False,0
2,LASSO,10.0,1.0,,,,2,True,26.37785524323733,0.0,False,0
2,LASSO,100.0,1.0,,,,2,True,26.37785524323733,0.0,False,0
2,LASSO,1000.0,1.0,,,,2,True,26.37785524323733,0.0,False,0
2,LASSO,10000.0,1.0,,,,2,True,26.37785524323733,0.0,False,0
2,LASSO,100000.0,1.0,,,,2,True,26.37785524323733,0.0,False,0
2,LASSO,1000000.0,1.0,,,,2,True,26.37785524323733,0.0,False,0
2,ElasticNet,10.0,0.1,,,,2,True,25.05377068448534,4.440892098500626e-16,False,0
2,ElasticNet,100.0,0.1,,,,2,True,26.37785524323733,0.0,False,0
2,ElasticNet,1000.0,0.1,,,,2,True,26.37785524323733,0.0,False,0
2,ElasticNet,10000.0,0.1,,,,2,True,26.37785524323733,0.0,False,0
2,ElasticNet,100000.0,0.1,,,,2,True,26.37785524323733,0.0,False,0
2,ElasticNet,1000000.0,0.1,,,,2,True,26.37785524323733,0.0,False,0
2,ElasticNet,10.0,0.3,,,,2,True,26.31938615880846,0.0,False,0
2,ElasticNet,100.0,0.3,,,,2,True,26.37785524323733,0.0,False,0
2,ElasticNet,1000.0,0.3,,,,2,True,26.37785524323733,0.0,False,0
2,ElasticNet,10000.0,0.3,,,,2,True,26.37785524323733,0.0,False,0
2,ElasticNet,100000.0,0.3,,,,2,True,26.37785524323733,0.0,False,0
2,ElasticNet,1000000.0,0.3,,,,2,True,26.37785524323733,0.0,False,0
2,ElasticNet,10.0,0.5,,,,2,True,26.37785524323733,0.0,False,0
2,ElasticNet,100.0,0.5,,,,2,True,26.37785524323733,0.0,False,0
2,ElasticNet,1000.0,0.5,,,,2,True,26.37785524323733,0.0,False,0
2,ElasticNet,10000.0,0.5,,,,2,True,26.37785524323733,0.0,False,0
2,ElasticNet,100000.0,0.5,,,,2,True,26.37785524323733,0.0,False,0
2,ElasticNet,1000000.0,0.5,,,,2,True,26.37785524323733,0.0,False,0
2,ElasticNet,10.0,0.7,,,,2,True,26.37785524323733,0.0,False,0
2,ElasticNet,100.0,0.7,,,,2,True,26.37785524323733,0.0,False,0
2,ElasticNet,1000.0,0.7,,,,2,True,26.37785524323733,0.0,False,0
2,ElasticNet,10000.0,0.7,,,,2,True,26.37785524323733,0.0,False,0
2,ElasticNet,100000.0,0.7,,,,2,True,26.37785524323733,0.0,False,0
2,ElasticNet,1000000.0,0.7,,,,2,True,26.37785524323733,0.0,False,0
2,ElasticNet,10.0,0.9,,,,2,True,26.37785524323733,0.0,False,0
2,ElasticNet,100.0,0.9,,,,2,True,26.37785524323733,0.0,False,0
2,ElasticNet,1000.0,0.9,,,,2,True,26.37785524323733,0.0,False,0
2,ElasticNet,10000.0,0.9,,,,2,True,26.37785524323733,0.0,False,0
2,ElasticNet,100000.0,0.9,,,,2,True,26.37785524323733,0.0,False,0
2,ElasticNet,1000000.0,0.9,,,,2,True,26.37785524323733,0.0,False,0
2,ElasticNet,10.0,0.95,,,,2,True,26.37785524323733,0.0,False,0
2,ElasticNet,100.0,0.95,,,,2,True,26.37785524323733,0.0,False,0
2,ElasticNet,1000.0,0.95,,,,2,True,26.37785524323733,0.0,False,0
2,ElasticNet,10000.0,0.95,,,,2,True,26.37785524323733,0.0,False,0
2,ElasticNet,100000.0,0.95,,,,2,True,26.37785524323733,0.0,False,0
2,ElasticNet,1000000.0,0.95,,,,2,True,26.37785524323733,0.0,False,0
3,Ridge,1000.0,0.0,,,,2,True,14.149130854334244,0.0,False,0
3,Ridge,10000.0,0.0,,,,2,True,23.290333678413806,0.0,False,0
3,Ridge,100000.0,0.0,,,,1,True,10.742421781373737,0.0,False,0
3,Ridge,1000000.0,0.0,,,,1,True,10.896341070159691,0.0,False,0
3,LASSO,1.0,1.0,,,,2,True,13.519472238767941,3.570022055754407e-11,False,0
3,LASSO,10.0,1.0,,,,1,True,10.913840790173909,0.0,False,0
3,LASSO,100.0,1.0,,,,1,True,10.913840790173909,0.0,False,0
3,LASSO,1000.0,1.0,,,,1,True,10.913840790173909,0.0,False,0
3,LASSO,10000.0,1.0,,,,1,True,10.913840790173909,0.0,False,0
3,LASSO,100000.0,1.0,,,,1,True,10.913840790173909,0.0,False,0
3,LASSO,1000000.0,1.0,,,,1,True,10.913840790173909,0.0,False,0
3,ElasticNet,1.0,0.1,,,,2,True,11.836562614953225,6.7910423149630805e-06,False,0
3,ElasticNet,10.0,0.1,,,,2,True,23.207640990666125,8.881784197001252e-16,False,0
3,ElasticNet,100.0,0.1,,,,1,True,10.913840790173909,0.0,False,0
3,ElasticNet,1000.0,0.1,,,,1,True,10.913840790173909,0.0,False,0
3,ElasticNet,10000.0,0.1,,,,1,True,10.913840790173909,0.0,False,0
3,ElasticNet,100000.0,0.1,,,,1,True,10.913840790173909,0.0,False,0
3,ElasticNet,1000000.0,0.1,,,,1,True,10.913840790173909,0.0,False,0
3,ElasticNet,1.0,0.3,,,,2,True,12.374789714727134,8.897945240282645e-06,False,0
3,ElasticNet,10.0,0.3,,,,1,True,10.66574665539872,4.2375152942142336e-07,False,0
3,ElasticNet,100.0,0.3,,,,1,True,10.913840790173909,0.0,False,0
3,ElasticNet,1000.0,0.3,,,,1,True,10.913840790173909,0.0,False,0
3,ElasticNet,10000.0,0.3,,,,1,True,10.913840790173909,0.0,False,0
3,ElasticNet,100000.0,0.3,,,,1,True,10.913840790173909,0.0,False,0
3,ElasticNet,1000000.0,0.3,,,,1,True,10.913840790173909,0.0,False,0
3,ElasticNet,1.0,0.5,,,,2,True,12.738699011630558,9.683029916773833e-07,False,0
3,ElasticNet,10.0,0.5,,,,1,True,10.913840790173909,0.0,False,0
3,ElasticNet,100.0,0.5,,,,1,True,10.913840790173909,0.0,False,0
3,ElasticNet,1000.0,0.5,,,,1,True,10.913840790173909,0.0,False,0
3,ElasticNet,10000.0,0.5,,,,1,True,10.913840790173909,0.0,False,0
3,ElasticNet,100000.0,0.5,,,,1,True,10.913840790173909,0.0,False,0
3,ElasticNet,1000000.0,0.5,,,,1,True,10.913840790173909,0.0,False,0
3,ElasticNet,1.0,0.7,,,,2,True,13.112444029814407,1.834431848757312e-06,False,0
3,ElasticNet,10.0,0.7,,,,1,True,10.913840790173909,0.0,False,0
3,ElasticNet,100.0,0.7,,,,1,True,10.913840790173909,0.0,False,0
3,ElasticNet,1000.0,0.7,,,,1,True,10.913840790173909,0.0,False,0
3,ElasticNet,10000.0,0.7,,,,1,True,10.913840790173909,0.0,False,0
3,ElasticNet,100000.0,0.7,,,,1,True,10.913840790173909,0.0,False,0
3,ElasticNet,1000000.0,0.7,,,,1,True,10.913840790173909,0.0,False,0
3,ElasticNet,1.0,0.9,,,,2,True,13.419081374491093,2.6462165791940606e-12,False,0
3,ElasticNet,10.0,0.9,,,,1,True,10.913840790173909,0.0,False,0
3,ElasticNet,100.0,0.9,,,,1,True,10.913840790173909,0.0,False,0
3,ElasticNet,1000.0,0.9,,,,1,True,10.913840790173909,0.0,False,0
3,ElasticNet,10000.0,0.9,,,,1,True,10.913840790173909,0.0,False,0
3,ElasticNet,100000.0,0.9,,,,1,True,10.913840790173909,0.0,False,0
3,ElasticNet,1000000.0,0.9,,,,1,True,10.913840790173909,0.0,False,0
3,ElasticNet,1.0,0.95,,,,2,True,13.464476424388565,9.078737761569755e-12,False,0
3,ElasticNet,10.0,0.95,,,,1,True,10.913840790173909,0.0,False,0
3,ElasticNet,100.0,0.95,,,,1,True,10.913840790173909,0.0,False,0
3,ElasticNet,1000.0,0.95,,,,1,True,10.913840790173909,0.0,False,0
3,ElasticNet,10000.0,0.95,,,,1,True,10.913840790173909,0.0,False,0
3,ElasticNet,100000.0,0.95,,,,1,True,10.913840790173909,0.0,False,0
3,ElasticNet,1000000.0,0.95,,,,1,True,10.913840790173909,0.0,False,0
4,Ridge,100.0,0.0,,,,2,True,4.583576504693937,0.0,False,0
4,Ridge,1000.0,0.0,,,,1,True,4.4868170684453075,0.0,False,0
4,Ridge,10000.0,0.0,,,,1,True,9.034519258706194,0.0,False,0
4,Ridge,100000.0,0.0,,,,1,True,10.682679739504925,0.0,False,0
4,Ridge,1000000.0,0.0,,,,1,True,10.890184787628458,0.0,False,0
4,LASSO,0.1,1.0,,,,2,True,3.621675808605874,1.5215669391666076e-06,False,0
4,LASSO,1.0,1.0,,,,1,True,4.729282393841042,2.655595743306094e-10,False,0
4,LASSO,10.0,1.0,,,,1,True,10.913840790173909,0.0,False,0
4,LASSO,100.0,1.0,,,,1,True,10.913840790173909,0.0,False,0
4,LASSO,1000.0,1.0,,,,1,True,10.913840790173909,0.0,False,0
4,LASSO,10000.0,1.0,,,,1,True,10.913840790173909,0.0,False,0
4,LASSO,100000.0,1.0,,,,1,True,10.913840790173909,0.0,False,0
4,LASSO,1000000.0,1.0,,,,1,True,10.913840790173909,0.0,False,0
4,ElasticNet,0.1,0.1,,,,2,True,3.6320596617623084,2.0963172756224835e-06,False,0
4,ElasticNet,1.0,0.1,,,,1,True,3.650181072229041,5.539144143362762e-11,False,0
4,ElasticNet,10.0,0.1,,,,1,True,9.035772167510943,1.3322676295501878e-15,False,0
4,ElasticNet,100.0,0.1,,,,1,True,10.913840790173909,0.0,False,0
4,ElasticNet,1000.0,0.1,,,,1,True,10.913840790173909,0.0,False,0
4,ElasticNet,10000.0,0.1,,,,1,True,10.913840790173909,0.0,False,0
4,ElasticNet,100000.0,0.1,,,,1,True,10.913840790173909,0.0,False,0
4,ElasticNet,1000000.0,0.1,,,,1,True,10.913840790173909,0.0,False,0
4,ElasticNet,0.1,0.3,,,,2,True,3.6190705180171068,3.530535848231958e-06,False,0
4,ElasticNet,1.0,0.3,,,,1,True,3.9728328604945884,6.074468438421743e-06,False,0
4,ElasticNet,10.0,0.3,,,,1,True,10.665747549828543,2.7609792954130796e-06,False,0
4,ElasticNet,100.0,0.3,,,,1,True,10.913840790173909,0.0,False,0
4,ElasticNet,1000.0,0.3,,,,1,True,10.913840790173909,0.0,False,0
4,ElasticNet,10000.0,0.3,,,,1,True,10.913840790173909,0.0,False,0
4,ElasticNet,100000.0,0.3,,,,1,True,10.913840790173909,0.0,False,0
4,ElasticNet,1000000.0,0.3,,,,1,True,10.913840790173909,0.0,False,0
4,ElasticNet,0.1,0.5,,,,2,True,3.6184726250765196,6.300323678723463e-06,False,0
4,ElasticNet,1.0,0.5,,,,1,True,4.257035014823282,9.865119353524854e-06,False,0
4,ElasticNet,10.0,0.5,,,,1,True,10.913840790173909,0.0,False,0
4,ElasticNet,100.0,0.5,,,,1,True,10.913840790173909,0.0,False,0
4,ElasticNet,1000.0,0.5,,,,1,True,10.913840790173909,0.0,False,0
4,ElasticNet,10000.0,0.5,,,,1,True,10.913840790173909,0.0,False,0
4,ElasticNet,100000.0,0.5,,,,1,True,10.913840790173909,0.0,False,0
4,ElasticNet,1000000.0,0.5,,,,1,True,10.913840790173909,0.0,False,0
4,ElasticNet,1.0,0.7,,,,1,True,4.518234593420228,3.848526075600489e-08,False,0
4,ElasticNet,10.0,0.7,,,,1,True,10.913840790173909,0.0,False,0
4,ElasticNet,100.0,0.7,,,,1,True,10.913840790173909,0.0,False,0
4,ElasticNet,1000.0,0.7,,,,1,True,10.913840790173909,0.0,False,0
4,ElasticNet,10000.0,0.7,,,,1,True,10.913840790173909,0.0,False,0
4,ElasticNet,100000.0,0.7,,,,1,True,10.913840790173909,0.0,False,0
4,ElasticNet,1000000.0,0.7,,,,1,True,10.913840790173909,0.0,False,0
4,ElasticNet,0.1,0.9,,,,2,True,3.608339535612138,5.000103473720707e-06,False,0
4,ElasticNet,1.0,0.9,,,,1,True,4.634985884763322,3.986315155746212e-08,False,0
4,ElasticNet,10.0,0.9,,,,1,True,10.913840790173909,0.0,False,0
4,ElasticNet,100.0,0.9,,,,1,True,10.913840790173909,0.0,False,0
4,ElasticNet,1000.0,0.9,,,,1,True,10.913840790173909,0.0,False,0
4,ElasticNet,10000.0,0.9,,,,1,True,10.913840790173909,0.0,False,0
4,ElasticNet,100000.0,0.9,,,,1,True,10.913840790173909,0.0,False,0
4,ElasticNet,1000000.0,0.9,,,,1,True,10.913840790173909,0.0,False,0
4,ElasticNet,0.1,0.95,,,,2,True,3.617043829374976,2.2566663111650564e-06,False,0
4,ElasticNet,1.0,0.95,,,,1,True,4.6798596561995796,6.739974253155978e-07,False,0
4,ElasticNet,10.0,0.95,,,,1,True,10.913840790173909,0.0,False,0
4,ElasticNet,100.0,0.95,,,,1,True,10.913840790173909,0.0,False,0
4,ElasticNet,1000.0,0.95,,,,1,True,10.913840790173909,0.0,False,0
4,ElasticNet,10000.0,0.95,,,,1,True,10.913840790173909,0.0,False,0
4,ElasticNet,100000.0,0.95,,,,1,True,10.913840790173909,0.0,False,0
4,ElasticNet,1000000.0,0.95,,,,1,True,10.913840790173909,0.0,False,0
5,Ridge,100.0,0.0,,,,2,True,3.020050178598257,0.0,False,0
5,Ridge,1000.0,0.0,,,,1,True,3.3059966425456424,0.0,False,0
5,Ridge,10000.0,0.0,,,,1,True,7.9494519868098505,0.0,False,0
5,Ridge,100000.0,0.0,,,,1,True,10.487548131714982,0.0,False,0
5,Ridge,1000000.0,0.0,,,,1,True,10.869236465041956,0.0,False,0
5,LASSO,0.1,1.0,,,,2,True,2.5419775005543133,3.108724836345389e-06,False,0
5,LASSO,1.0,1.0,,,,1,True,4.2983822555245785,9.124288258277602e-08,False,0
5,LASSO,10.0,1.0,,,,1,True,10.913840790173909,0.0,False,0
5,LASSO,100.0,1.0,,,,1,True,10.913840790173909,0.0,False,0
5,LASSO,1000.0,1.0,,,,1,True,10.913840790173909,0.0,False,0
5,LASSO,10000.0,1.0,,,,1,True,10.913840790173909,0.0,False,0
5,LASSO,100000.0,1.0,,,,1,True,10.913840790173909,0.0,False,0
5,LASSO,1000000.0,1.0,,,,1,True,10.913840790173909,0.0,False,0
5,ElasticNet,0.1,0.1,,,,2,True,2.308269392368997,6.817855616954999e-06,False,0
5,ElasticNet,1.0,0.1,,,,1,True,2.6475722244873787,3.635649823696685e-06,False,0
5,ElasticNet,10.0,0.1,,,,1,True,8.131385433925965,4.0532022183015215e-12,False,0
5,ElasticNet,100.0,0.1,,,,1,True,10.913840790173909,0.0,False,0
5,ElasticNet,1000.0,0.1,,,,1,True,10.913840790173909,0.0,False,0
5,ElasticNet,10000.0,0.1,,,,1,True,10.913840790173909,0.0,False,0
5,ElasticNet,100000.0,0.1,,,,1,True,10.913840790173909,0.0,False,0
5,ElasticNet,1000000.0,0.1,,,,1,True,10.913840790173909,0.0,False,0
5,ElasticNet,0.1,0.3,,,,2,True,2.3500394162632916,5.766879741832265e-06,False,0
5,ElasticNet,1.0,0.3,,,,1,True,3.0790080404520648,3.820066650672693e-06,False,0
5,ElasticNet,10.0,0.3,,,,1,True,10.491089360298796,3.488098698767317e-11,False,0
5,ElasticNet,100.0,0.3,,,,1,True,10.913840790173909,0.0,False,0
5,ElasticNet,1000.0,0.3,,,,1,True,10.913840790173909,0.0,False,0
5,ElasticNet,10000.0,0.3,,,,1,True,10.913840790173909,0.0,False,0
5,ElasticNet,100000.0,0.3,,,,1,True,10.913840790173909,0.0,False,0
5,ElasticNet,1000000.0,0.3,,,,1,True,10.913840790173909,0.0,False,0
5,ElasticNet,0.1,0.5,,,,2,True,2.3940242585410174,8.362996444598314e-06,False,0
5,ElasticNet,1.0,0.5,,,,1,True,3.5524078252861138,2.6809691022755544e-08,False,0
5,ElasticNet,10.0,0.5,,,,1,True,10.913840790173909,0.0,False,0
5,ElasticNet,100.0,0.5,,,,1,True,10.913840790173909,0.0,False,0
5,ElasticNet,1000.0,0.5,,,,1,True,10.913840790173909,0.0,False,0
5,ElasticNet,10000.0,0.5,,,,1,True,10.913840790173909,0.0,False,0
5,ElasticNet,100000.0,0.5,,,,1,True,10.913840790173909,0.0,False,0
5,ElasticNet,1000000.0,0.5,,,,1,True,10.913840790173909,0.0,False,0
5,ElasticNet,0.1,0.7,,,,2,True,2.442602209589871,9.227564825159407e-07,False,0
5,ElasticNet,1.0,0.7,,,,1,True,3.909544020416668,2.3053613737999967e-06,False,0
5,ElasticNet,10.0,0.7,,,,1,True,10.913840790173909,0.0,False,0
5,ElasticNet,100.0,0.7,,,,1,True,10.913840790173909,0.0,False,0
5,ElasticNet,1000.0,0.7,,,,1,True,10.913840790173909,0.0,False,0
5,ElasticNet,10000.0,0.7,,,,1,True,10.913840790173909,0.0,False,0
5,ElasticNet,100000.0,0.7,,,,1,True,10.913840790173909,0.0,False,0
5,ElasticNet,1000000.0,0.7,,,,1,True,10.913840790173909,0.0,False,0
5,ElasticNet,0.1,0.9,,,,2,True,2.5007490067721165,7.664093229289848e-06,False,0
5,ElasticNet,1.0,0.9,,,,1,True,4.148596515204011,1.2679875910359684e-06,False,0
5,ElasticNet,10.0,0.9,,,,1,True,10.913840790173909,0.0,False,0
5,ElasticNet,100.0,0.9,,,,1,True,10.913840790173909,0.0,False,0
5,ElasticNet,1000.0,0.9,,,,1,True,10.913840790173909,0.0,False,0
5,ElasticNet,10000.0,0.9,,,,1,True,10.913840790173909,0.0,False,0
5,ElasticNet,100000.0,0.9,,,,1,True,10.913840790173909,0.0,False,0
5,ElasticNet,1000000.0,0.9,,,,1,True,10.913840790173909,0.0,False,0
5,ElasticNet,0.1,0.95,,,,2,True,2.5174919544952163,6.547169938836417e-06,False,0
5,ElasticNet,1.0,0.95,,,,1,True,4.225981307901139,1.2487313163500602e-06,False,0
5,ElasticNet,10.0,0.95,,,,1,True,10.913840790173909,0.0,False,0
5,ElasticNet,100.0,0.95,,,,1,True,10.913840790173909,0.0,False,0
5,ElasticNet,1000.0,0.95,,,,1,True,10.913840790173909,0.0,False,0
5,ElasticNet,10000.0,0.95,,,,1,True,10.913840790173909,0.0,False,0
5,ElasticNet,100000.0,0.95,,,,1,True,10.913840790173909,0.0,False,0
5,ElasticNet,1000000.0,0.95,,,,1,True,10.913840790173909,0.0,False,0
6,Ridge,100.0,0.0,,,,2,True,2.0465024811637935,0.0,False,0
6,Ridge,1000.0,0.0,,,,1,True,2.6598916717986767,0.0,False,0
6,Ridge,10000.0,0.0,,,,1,True,7.420921200519909,0.0,False,0
6,Ridge,100000.0,0.0,,,,1,True,10.391291534567774,0.0,False,0
6,Ridge,1000000.0,0.0,,,,1,True,10.858831764386354,0.0,False,0
6,LASSO,0.1,1.0,,,,1,True,0.7562936971813633,5.907510709862729e-06,False,0
6,LASSO,1.0,1.0,,,,1,True,4.113371102488553,1.0792638855949832e-06,False,0
6,LASSO,10.0,1.0,,,,1,True,10.913840790173909,0.0,False,0
6,LASSO,100.0,1.0,,,,1,True,10.913840790173909,0.0,False,0
6,LASSO,1000.0,1.0,,,,1,True,10.913840790173909,0.0,False,0
6,LASSO,10000.0,1.0,,,,1,True,10.913840790173909,0.0,False,0
6,LASSO,100000.0,1.0,,,,1,True,10.913840790173909,0.0,False,0
6,LASSO,1000000.0,1.0,,,,1,True,10.913840790173909,0.0,False,0
6,ElasticNet,0.1,0.1,,,,2,True,1.5742378083256323,8.262491340726985e-06,False,0
6,ElasticNet,1.0,0.1,,,,1,True,2.083123997767187,2.5553216773110954e-07,False,0
6,ElasticNet,10.0,0.1,,,,1,True,7.717227623495561,8.40339996077688e-06,False,0
6,ElasticNet,100.0,0.1,,,,1,True,10.913840790173909,0.0,False,0
6,ElasticNet,1000.0,0.1,,,,1,True,10.913840790173909,0.0,False,0
6,ElasticNet,10000.0,0.1,,,,1,True,10.913840790173909,0.0,False,0
6,ElasticNet,100000.0,0.1,,,,1,True,10.913840790173909,0.0,False,0
6,ElasticNet,1000000.0,0.1,,,,1,True,10.913840790173909,0.0,False,0
6,ElasticNet,0.1,0.3,,,,2,True,1.6636717866458561,6.78808338588216e-06,False,0
6,ElasticNet,1.0,0.3,,,,1,True,2.6449402368551485,7.974457649162492e-06,False,0
6,ElasticNet,10.0,0.3,,,,1,True,10.491089360298796,3.488098698767317e-11,False,0
6,ElasticNet,100.0,0.3,,,,1,True,10.913840790173909,0.0,False,0
6,ElasticNet,1000.0,0.3,,,,1,True,10.913840790173909,0.0,False,0
6,ElasticNet,10000.0,0.3,,,,1,True,10.913840790173909,0.0,False,0
6,ElasticNet,100000.0,0.3,,,,1,True,10.913840790173909,0.0,False,0
6,ElasticNet,1000000.0,0.3,,,,1,True,10.913840790173909,0.0,False,0
6,ElasticNet,0.1,0.5,,,,2,True,1.7508771242241978,9.79794039840387e-06,False,0
6,ElasticNet,1.0,0.5,,,,1,True,3.3094643511909916,9.416322800381849e-07,False,0
6,ElasticNet,10.0,0.5,,,,1,True,10.913840790173909,0.0,False,0
6,ElasticNet,100.0,0.5,,,,1,True,10.913840790173909,0.0,False,0
6,ElasticNet,1000.0,0.5,,,,1,True,10.913840790173909,0.0,False,0
6,ElasticNet,10000.0,0.5,,,,1,True,10.913840790173909,0.0,False,0
6,ElasticNet,100000.0,0.5,,,,1,True,10.913840790173909,0.0,False,0
6,ElasticNet,1000000.0,0.5,,,,1,True,10.913840790173909,0.0,False,0
6,ElasticNet,0.1,0.7,,,,2,True,1.8547146195932687,6.161362408163562e-06,False,0
6,ElasticNet,1.0,0.7,,,,1,True,3.734200721095625,3.1256164456650026e-07,False,0
6,ElasticNet,10.0,0.7,,,,1,True,10.913840790173909,0.0,False,0
6,ElasticNet,100.0,0.7,,,,1,True,10.913840790173909,0.0,False,0
6,ElasticNet,1000.0,0.7,,,,1,True,10.913840790173909,0.0,False,0
6,ElasticNet,10000.0,0.7,,,,1,True,10.913840790173909,0.0,False,0
6,ElasticNet,100000.0,0.7,,,,1,True,10.913840790173909,0.0,False,0
6,ElasticNet,1000000.0,0.7,,,,1,True,10.913840790173909,0.0,False,0
6,ElasticNet,0.1,0.9,,,,2,True,1.9743558905053036,9.08663746897187e-06,False,0
6,ElasticNet,1.0,0.9,,,,1,True,4.012908416173286,4.569100706897089e-06,False,0
6,ElasticNet,10.0,0.9,,,,1,True,10.913840790173909,0.0,False,0
6,ElasticNet,100.0,0.9,,,,1,True,10.913840790173909,0.0,False,0
6,ElasticNet,1000.0,0.9,,,,1,True,10.913840790173909,0.0,False,0
6,ElasticNet,10000.0,0.9,,,,1,True,10.913840790173909,0.0,False,0
6,ElasticNet,100000.0,0.9,,,,1,True,10.913840790173909,0.0,False,0
6,ElasticNet,1000000.0,0.9,,,,1,True,10.913840790173909,0.0,False,0
6,ElasticNet,0.1,0.95,,,,2,True,1.9941206596707006,5.4393586638584734e-06,False,0
6,ElasticNet,1.0,0.95,,,,1,True,4.06762841097479,3.3177795744077088e-06,False,0
6,ElasticNet,10.0,0.95,,,,1,True,10.913840790173909,0.0,False,0
6,ElasticNet,100.0,0.95,,,,1,True,10.913840790173909,0.0,False,0
6,ElasticNet,1000.0,0.95,,,,1,True,10.913840790173909,0.0,False,0
6,ElasticNet,10000.0,0.95,,,,1,True,10.913840790173909,0.0,False,0
6,ElasticNet,100000.0,0.95,,,,1,True,10.913840790173909,0.0,False,0
6,ElasticNet,1000000.0,0.95,,,,1,True,10.913840790173909,0.0,False,0
7,Ridge,10.0,0.0,,,,2,True,0.49365970807960463,0.0,False,0
7,Ridge,100.0,0.0,,,,1,True,0.5253003647585659,0.0,False,0
7,Ridge,1000.0,0.0,,,,1,True,2.1097006101935105,0.0,False,0
7,Ridge,10000.0,0.0,,,,1,True,6.456156217467395,0.0,False,0
7,Ridge,100000.0,0.0,,,,1,True,10.116022510369396,0.0,False,0
7,Ridge,1000000.0,0.0,,,,1,True,10.826925427542271,0.0,False,0
7,LASSO,0.01,1.0,,,,2,True,0.48874087347505646,7.982260021202614e-06,False,0
7,LASSO,0.1,1.0,,,,1,True,0.5975371894335558,1.196994914895444e-06,False,0
7,LASSO,1.0,1.0,,,,1,True,4.030632833062047,1.4234253453704326e-06,False,0
7,LASSO,10.0,1.0,,,,1,True,10.913840790173909,0.0,False,0
7,LASSO,100.0,1.0,,,,1,True,10.913840790173909,0.0,False,0
7,LASSO,1000.0,1.0,,,,1,True,10.913840790173909,0.0,False,0
7,LASSO,10000.0,1.0,,,,1,True,10.913840790173909,0.0,False,0
7,LASSO,100000.0,1.0,,,,1,True,10.913840790173909,0.0,False,0
7,LASSO,1000000.0,1.0,,,,1,True,10.913840790173909,0.0,False,0
7,ElasticNet,0.1,0.1,,,,2,True,1.058332944722374,9.276150608498665e-06,False,0
7,ElasticNet,1.0,0.1,,,,1,True,1.7030085296227266,2.240751857035539e-06,False,0
7,ElasticNet,10.0,0.1,,,,1,True,7.025818889236468,4.928884411725676e-09,False,0
7,ElasticNet,100.0,0.1,,,,1,True,10.913840790173909,0.0,False,0
7,ElasticNet,1000.0,0.1,,,,1,True,10.913840790173909,0.0,False,0
7,ElasticNet,10000.0,0.1,,,,1,True,10.913840790173909,0.0,False,0
7,ElasticNet,100000.0,0.1,,,,1,True,10.913840790173909,0.0,False,0
7,ElasticNet,1000000.0,0.1,,,,1,True,10.913840790173909,0.0,False,0
7,ElasticNet,0.1,0.3,,,,2,True,1.198021869521251,7.329939109002731e-06,False,0
7,ElasticNet,1.0,0.3,,,,1,True,2.3181008257198967,1.299135634624804e-06,False,0
7,ElasticNet,10.0,0.3,,,,1,True,10.380032956170908,1.060563636912093e-09,False,0
7,ElasticNet,100.0,0.3,,,,1,True,10.913840790173909,0.0,False,0
7,ElasticNet,1000.0,0.3,,,,1,True,10.913840790173909,0.0,False,0
7,ElasticNet,10000.0,0.3,,,,1,True,10.913840790173909,0.0,False,0
7,ElasticNet,100000.0,0.3,,,,1,True,10.913840790173909,0.0,False,0
7,ElasticNet,1000000.0,0.3,,,,1,True,10.913840790173909,0.0,False,0
7,ElasticNet,0.1,0.5,,,,1,True,0.4891170424332256,8.024773994821932e-06,False,0
7,ElasticNet,1.0,0.5,,,,1,True,3.0426220049751938,1.8937415686703929e-06,False,0
7,ElasticNet,10.0,0.5,,,,1,True,10.913840790173909,0.0,False,0
7,ElasticNet,100.0,0.5,,,,1,True,10.913840790173909,0.0,False,0
7,ElasticNet,1000.0,0.5,,,,1,True,10.913840790173909,0.0,False,0
7,ElasticNet,10000.0,0.5,,,,1,True,10.913840790173909,0.0,False,0
7,ElasticNet,100000.0,0.5,,,,1,True,10.913840790173909,0.0,False,0
7,ElasticNet,1000000.0,0.5,,,,1,True,10.913840790173909,0.0,False,0
7,ElasticNet,0.1,0.7,,,,1,True,0.5215183643797151,9.967416134196161e-06,False,0
7,ElasticNet,1.0,0.7,,,,1,True,3.53105645055469,5.419129199379924e-06,False,0
7,ElasticNet,10.0,0.7,,,,1,True,10.913840790173909,0.0,False,0
7,ElasticNet,100.0,0.7,,,,1,True,10.913840790173909,0.0,False,0
7,ElasticNet,1000.0,0.7,,,,1,True,10.913840790173909,0.0,False,0
7,ElasticNet,10000.0,0.7,,,,1,True,10.913840790173909,0.0,False,0
7,ElasticNet,100000.0,0.7,,,,1,True,10.913840790173909,0.0,False,0
7,ElasticNet,1000000.0,0.7,,,,1,True,10.913840790173909,0.0,False,0
7,ElasticNet,0.01,0.9,,,,2,True,0.4777252518851702,9.778436025426052e-06,False,0
7,ElasticNet,0.1,0.9,,,,1,True,0.5550984839439823,4.8727769585560354e-06,False,0
7,ElasticNet,1.0,0.9,,,,1,True,3.864409382056754,2.5334658350084638e-06,False,0
7,ElasticNet,10.0,0.9,,,,1,True,10.913840790173909,0.0,False,0
7,ElasticNet,100.0,0.9,,,,1,True,10.913840790173909,0.0,False,0
7,ElasticNet,1000.0,0.9,,,,1,True,10.913840790173909,0.0,False,0
7,ElasticNet,10000.0,0.9,,,,1,True,10.913840790173909,0.0,False,0
7,ElasticNet,100000.0,0.9,,,,1,True,10.913840790173909,0.0,False,0
7,ElasticNet,1000000.0,0.9,,,,1,True,10.913840790173909,0.0,False,0
7,ElasticNet,0.01,0.95,,,,2,True,0.48292914111269597,9.119574652998938e-06,False,0
7,ElasticNet,0.1,0.95,,,,1,True,0.5758786555254921,3.1025992218158827e-06,False,0
7,ElasticNet,1.0,0.95,,,,1,True,3.9533500180460224,6.837859969355264e-07,False,0
7,ElasticNet,10.0,0.95,,,,1,True,10.913840790173909,0.0,False,0
7,ElasticNet,100.0,0.95,,,,1,True,10.913840790173909,0.0,False,0
7,ElasticNet,1000.0,0.95,,,,1,True,10.913840790173909,0.0,False,0
7,ElasticNet,10000.0,0.95,,,,1,True,10.913840790173909,0.0,False,0
7,ElasticNet,100000.0,0.95,,,,1,True,10.913840790173909,0.0,False,0
7,ElasticNet,1000000.0,0.95,,,,1,True,10.913840790173909,0.0,False,0
8,Ridge,100.0,0.0,,,,1,True,0.4228337844116805,0.0,False,0
8,Ridge,1000.0,0.0,,,,1,True,1.7522218748356535,0.0,False,0
8,Ridge,10000.0,0.0,,,,1,True,5.988663451195305,0.0,False,0
8,Ridge,100000.0,0.0,,,,1,True,9.988059124089665,0.0,False,0
8,Ridge,1000000.0,0.0,,,,1,True,10.811839681271856,0.0,False,0
8,LASSO,0.1,1.0,,,,1,True,0.5030158630297301,1.846991149462296e-05,False,0
8,LASSO,1.0,1.0,,,,1,True,3.878558073927629,8.964578922521227e-06,False,0
8,LASSO,10.0,1.0,,,,1,True,10.913840790173909,0.0,False,0
8,LASSO,100.0,1.0,,,,1,True,10.913840790173909,0.0,False,0
8,LASSO,1000.0,1.0,,,,1,True,10.913840790173909,0.0,False,0
8,LASSO,10000.0,1.0,,,,1,True,10.913840790173909,0.0,False,0
8,LASSO,100000.0,1.0,,,,1,True,10.913840790173909,0.0,False,0
8,LASSO,1000000.0,1.0,,,,1,True,10.913840790173909,0.0,False,0
8,ElasticNet,0.1,0.1,,,,2,True,0.8264542282852431,9.758328952960693e-06,False,0
8,ElasticNet,1.0,0.1,,,,1,True,1.4551796969729915,6.358492337099619e-07,False,0
8,ElasticNet,10.0,0.1,,,,1,True,6.7590277406123,2.343969907059318e-09,False,0
8,ElasticNet,100.0,0.1,,,,1,True,10.913840790173909,0.0,False,0
8,ElasticNet,1000.0,0.1,,,,1,True,10.913840790173909,0.0,False,0
8,ElasticNet,10000.0,0.1,,,,1,True,10.913840790173909,0.0,False,0
8,ElasticNet,100000.0,0.1,,,,1,True,10.913840790173909,0.0,False,0
8,ElasticNet,1000000.0,0.1,,,,1,True,10.913840790173909,0.0,False,0
8,ElasticNet,0.1,0.3,,,,2,True,0.9729783511532416,5.601975084763844e-06,False,0
8,ElasticNet,1.0,0.3,,,,1,True,2.095031317109392,4.6074635907111805e-06,False,0
8,ElasticNet,10.0,0.3,,,,1,True,10.380032956170908,1.060563636912093e-09,False,0
8,ElasticNet,100.0,0.3,,,,1,True,10.913840790173909,0.0,False,0
8,ElasticNet,1000.0,0.3,,,,1,True,10.913840790173909,0.0,False,0
8,ElasticNet,10000.0,0.3,,,,1,True,10.913840790173909,0.0,False,0
8,ElasticNet,100000.0,0.3,,,,1,True,10.913840790173909,0.0,False,0
8,ElasticNet,1000000.0,0.3,,,,1,True,10.913840790173909,0.0,False,0
8,ElasticNet,0.1,0.5,,,,1,True,0.41513588311272015,4.695275739534377e-06,False,0
8,ElasticNet,1.0,0.5,,,,1,True,2.890704263665143,6.564037485168317e-06,False,0
8,ElasticNet,10.0,0.5,,,,1,True,10.913840790173909,0.0,False,0
8,ElasticNet,100.0,0.5,,,,1,True,10.913840790173909,0.0,False,0
8,ElasticNet,1000.0,0.5,,,,1,True,10.913840790173909,0.0,False,0
8,ElasticNet,10000.0,0.5,,,,1,True,10.913840790173909,0.0,False,0
8,ElasticNet,100000.0,0.5,,,,1,True,10.913840790173909,0.0,False,0
8,ElasticNet,1000000.0,0.5,,,,1,True,10.913840790173909,0.0,False,0
8,ElasticNet,0.1,0.7,,,,1,True,0.4471304652258103,4.061251924578069e-06,False,0
8,ElasticNet,1.0,0.7,,,,1,True,3.450162756135058,2.2536247981097546e-06,False,0
8,ElasticNet,10.0,0.7,,,,1,True,10.913840790173909,0.0,False,0
8,ElasticNet,100.0,0.7,,,,1,True,10.913840790173909,0.0,False,0
8,ElasticNet,1000.0,0.7,,,,1,True,10.913840790173909,0.0,False,0
8,ElasticNet,10000.0,0.7,,,,1,True,10.913840790173909,0.0,False,0
8,ElasticNet,100000.0,0.7,,,,1,True,10.913840790173909,0.0,False,0
8,ElasticNet,1000000.0,0.7,,,,1,True,10.913840790173909,0.0,False,0
8,ElasticNet,0.1,0.9,,,,1,True,0.48354098700512904,5.145788825156039e-06,False,0
8,ElasticNet,1.0,0.9,,,,1,True,3.7981503368173812,8.236252478921458e-07,False,0
8,ElasticNet,10.0,0.9,,,,1,True,10.913840790173909,0.0,False,0
8,ElasticNet,100.0,0.9,,,,1,True,10.913840790173909,0.0,False,0
8,ElasticNet,1000.0,0.9,,,,1,True,10.913840790173909,0.0,False,0
8,ElasticNet,10000.0,0.9,,,,1,True,10.913840790173909,0.0,False,0
8,ElasticNet,100000.0,0.9,,,,1,True,10.913840790173909,0.0,False,0
8,ElasticNet,1000000.0,0.9,,,,1,True,10.913840790173909,0.0,False,0
8,ElasticNet,0.01,0.95,,,,2,True,0.39205354804097103,7.514537979130126e-06,False,0
8,ElasticNet,0.1,0.95,,,,1,True,0.4999003989425141,2.1160247269530474e-06,False,0
8,ElasticNet,1.0,0.95,,,,1,True,3.865841761886296,5.376225724607053e-07,False,0
8,ElasticNet,10.0,0.95,,,,1,True,10.913840790173909,0.0,False,0
8,ElasticNet,100.0,0.95,,,,1,True,10.913840790173909,0.0,False,0
8,ElasticNet,1000.0,0.95,,,,1,True,10.913840790173909,0.0,False,0
8,ElasticNet,10000.0,0.95,,,,1,True,10.913840790173909,0.0,False,0
8,ElasticNet,100000.0,0.95,,,,1,True,10.913840790173909,0.0,False,0
8,ElasticNet,1000000.0,0.95,,,,1,True,10.913840790173909,0.0,False,0
9,Ridge,100.0,0.0,,,,2,True,0.7726333854565844,0.0,False,0
9,Ridge,1000.0,0.0,,,,1,True,1.4866439901899753,0.0,False,0
9,Ridge,10000.0,0.0,,,,1,True,5.292081213922521,0.0,False,0
9,Ridge,100000.0,0.0,,,,1,True,9.654811502093745,0.0,False,0
9,Ridge,1000000.0,0.0,,,,1,True,10.768286377434713,0.0,False,0
9,ElasticNet,1e-06,0.1,,,,2,True,0.41650170050240565,2.9501713221575113e-05,False,0
9,ElasticNet,1e-05,0.1,,,,2,True,0.41091051942645834,3.549170817039158e-05,False,0
9,ElasticNet,0.1,0.1,,,,2,True,0.632082104304725,9.419938273576983e-06,False,0
9,ElasticNet,1.0,0.1,,,,1,True,1.272182966964835,5.257438963901517e-06,False,0
9,ElasticNet,10.0,0.1,,,,1,True,6.300480356843106,1.967719009954294e-08,False,0
9,ElasticNet,100.0,0.1,,,,1,True,10.913840790173909,0.0,False,0
9,ElasticNet,1000.0,0.1,,,,1,True,10.913840790173909,0.0,False,0
9,ElasticNet,10000.0,0.1,,,,1,True,10.913840790173909,0.0,False,0
9,ElasticNet,100000.0,0.1,,,,1,True,10.913840790173909,0.0,False,0
9,ElasticNet,1000000.0,0.1,,,,1,True,10.913840790173909,0.0,False,0
9,ElasticNet,1e-06,0.3,,,,2,True,0.4402627743941454,2.6401563303959976e-05,False,0
9,ElasticNet,1e-05,0.3,,,,2,True,0.40881577227139926,3.478340062548245e-05,False,0
9,ElasticNet,0.1,0.3,,,,2,True,0.821727512602748,8.155590993423611e-06,False,0
9,ElasticNet,1.0,0.3,,,,1,True,1.9695880013847524,2.768014586707057e-06,False,0
9,ElasticNet,10.0,0.3,,,,1,True,10.316660113573823,6.350475700855895e-14,False,0
9,ElasticNet,100.0,0.3,,,,1,True,10.913840790173909,0.0,False,0
9,ElasticNet,1000.0,0.3,,,,1,True,10.913840790173909,0.0,False,0
9,ElasticNet,10000.0,0.3,,,,1,True,10.913840790173909,0.0,False,0
9,ElasticNet,100000.0,0.3,,,,1,True,10.913840790173909,0.0,False,0
9,ElasticNet,1000000.0,0.3,,,,1,True,10.913840790173909,0.0,False,0
9,ElasticNet,1e-06,0.5,,,,2,True,0.44667971162859915,3.0000881733521873e-05,False,0
9,ElasticNet,1e-05,0.5,,,,2,True,0.41891287931485005,3.7932865726133754e-05,False,0
9,ElasticNet,0.1,0.5,,,,2,True,0.9791614129331153,8.593618126634395e-06,False,0
9,ElasticNet,1.0,0.5,,,,1,True,2.8015845848440577,5.851784514177005e-07,False,0
9,ElasticNet,10.0,0.5,,,,1,True,10.913840790173909,0.0,False,0
9,ElasticNet,100.0,0.5,,,,1,True,10.913840790173909,0.0,False,0
9,ElasticNet,1000.0,0.5,,,,1,True,10.913840790173909,0.0,False,0
9,ElasticNet,10000.0,0.5,,,,1,True,10.913840790173909,0.0,False,0
9,ElasticNet,100000.0,0.5,,,,1,True,10.913840790173909,0.0,False,0
9,ElasticNet,1000000.0,0.5,,,,1,True,10.913840790173909,0.0,False,0
9,ElasticNet,1e-06,0.7,,,,2,True,0.41013801193730587,2.7539521524392406e-05,False,0
9,ElasticNet,1e-05,0.7,,,,2,True,0.43140808254189134,3.7388804299814204e-05,False,0
9,ElasticNet,0.1,0.7,,,,1,True,0.40148061809970365,1.221505292497982e-06,False,0
9,ElasticNet,1.0,0.7,,,,1,True,3.3628746880975275,1.7973696715412046e-06,False,0
9,ElasticNet,10.0,0.7,,,,1,True,10.913840790173909,0.0,False,0
9,ElasticNet,100.0,0.7,,,,1,True,10.913840790173909,0.0,False,0
9,ElasticNet,1000.0,0.7,,,,1,True,10.913840790173909,0.0,False,0
9,ElasticNet,10000.0,0.7,,,,1,True,10.913840790173909,0.0,False,0
9,ElasticNet,100000.0,0.7,,,,1,True,10.913840790173909,0.0,False,0
9,ElasticNet,1000000.0,0.7,,,,1,True,10.913840790173909,0.0,False,0
9,ElasticNet,1e-06,0.9,,,,2,True,0.46838475973528687,3.019872334339157e-05,False,0
9,ElasticNet,1e-05,0.9,,,,2,True,0.4502415183601014,5.0017793889206164e-05,False,0
9,ElasticNet,0.1,0.9,,,,1,True,0.4479729295619584,8.65632319631271e-06,False,0
9,ElasticNet,1.0,0.9,,,,1,True,3.7246129506546484,2.4652424909232806e-06,False,0
9,ElasticNet,10.0,0.9,,,,1,True,10.913840790173909,0.0,False,0
9,ElasticNet,100.0,0.9,,,,1,True,10.913840790173909,0.0,False,0
9,ElasticNet,1000.0,0.9,,,,1,True,10.913840790173909,0.0,False,0
9,ElasticNet,10000.0,0.9,,,,1,True,10.913840790173909,0.0,False,0
9,ElasticNet,100000.0,0.9,,,,1,True,10.913840790173909,0.0,False,0
9,ElasticNet,1000000.0,0.9,,,,1,True,10.913840790173909,0.0,False,0
9,ElasticNet,1e-06,0.95,,,,2,True,0.4985469840505412,3.9503537167996015e-05,False,0
9,ElasticNet,1e-05,0.95,,,,2,True,0.4384919309994177,4.686024475291669e-05,False,0
9,ElasticNet,0.1,0.95,,,,1,True,0.45549239315388673,7.492784350013326e-06,False,0
9,ElasticNet,1.0,0.95,,,,1,True,3.80773045800658,4.937446215769192e-06,False,0
9,ElasticNet,10.0,0.95,,,,1,True,10.913840790173909,0.0,False,0
9,ElasticNet,100.0,0.95,,,,1,True,10.913840790173909,0.0,False,0
9,ElasticNet,1000.0,0.95,,,,1,True,10.913840790173909,0.0,False,0
9,ElasticNet,10000.0,0.95,,,,1,True,10.913840790173909,0.0,False,0
9,ElasticNet,100000.0,0.95,,,,1,True,10.913840790173909,0.0,False,0
9,ElasticNet,1000000.0,0.95,,,,1,True,10.913840790173909,0.0,False,0
10,Ridge,1e-06,0.0,,,,2,True,1.0849608495425855,0.0,False,0
10,Ridge,1e-05,0.0,,,,2,True,1.0598017051006217,0.0,False,0
10,Ridge,0.0001,0.0,,,,2,True,0.9020894528738056,0.0,False,0
10,Ridge,0.001,0.0,,,,2,True,0.5685780096826888,0.0,False,0
10,Ridge,100.0,0.0,,,,2,True,0.6696704535263308,0.0,False,0
10,Ridge,1000.0,0.0,,,,1,True,1.3014666518933724,0.0,False,0
10,Ridge,10000.0,0.0,,,,1,True,4.927643596081732,0.0,False,0
10,Ridge,100000.0,0.0,,,,1,True,9.5056458102539,0.0,False,0
10,Ridge,1000000.0,0.0,,,,1,True,10.748123665612916,0.0,False,0
11,Ridge,1e-06,0.0,,,,1,True,0.6283646938932569,0.0,False,0
11,Ridge,1e-05,0.0,,,,1,True,0.5098501512071686,0.0,False,0
11,Ridge,0.0001,0.0,,,,2,True,4.9711159513693,0.0,False,0
11,Ridge,0.001,0.0,,,,2,True,2.0087497916987576,0.0,False,0
11,Ridge,0.01,0.0,,,,2,True,0.7023725447696485,0.0,False,0
11,Ridge,100.0,0.0,,,,2,True,0.5413625042885424,0.0,False,0
11,Ridge,1000.0,0.0,,,,1,True,1.1530813988927762,0.0,False,0
11,Ridge,10000.0,0.0,,,,1,True,4.465856369524386,0.0,False,0
11,Ridge,100000.0,0.0,,,,1,True,9.147529910385355,0.0,False,0
11,Ridge,1000000.0,0.0,,,,1,True,10.692780401123528,0.0,False,0
12,Ridge,1e-06,0.0,,,,1,True,4.972944484429218,0.0,False,0
12,Ridge,1e-05,0.0,,,,1,True,1.2248850775217979,0.0,False,0
12,Ridge,0.0001,0.0,,,,2,True,10.874415704197622,0.0,False,0
12,Ridge,0.001,0.0,,,,2,True,4.296365653628069,0.0,False,0
12,Ridge,0.01,0.0,,,,2,True,1.2609862497707165,0.0,False,0
12,Ridge,100.0,0.0,,,,2,True,0.5340540315561492,0.0,False,0
12,Ridge,1000.0,0.0,,,,1,True,1.0551775649739725,0.0,False,0
12,Ridge,10000.0,0.0,,,,1,True,4.194887675780261,0.0,False,0
12,Ridge,100000.0,0.0,,,,1,True,8.991208497451423,0.0,False,0
12,Ridge,1000000.0,0.0,,,,1,True,10.667257183514453,0.0,False,0
13,Ridge,1e-06,0.0,,,,1,True,15.561985453872873,0.0,False,0
13,Ridge,1e-05,0.0,,,,1,True,5.876081044427175,0.0,False,0
13,Ridge,0.0001,0.0,,,,1,True,0.9807005344101363,0.0,False,0
13,Ridge,0.001,0.0,,,,2,True,10.846840179957981,0.0,False,0
13,Ridge,0.01,0.0,,,,2,True,2.316225248850793,0.0,False,0
13,Ridge,0.1,0.0,,,,2,True,0.6867292380867024,0.0,False,0
13,Ridge,1000.0,0.0,,,,1,True,0.9619626280780079,0.0,False,0
13,Ridge,10000.0,0.0,,,,1,True,3.889807528592289,0.0,False,0
13,Ridge,100000.0,0.0,,,,1,True,8.641807584111499,0.0,False,0
13,Ridge,1000000.0,0.0,,,,1,True,10.600557806518276,0.0,False,0
14,Ridge,1e-06,0.0,,,,1,True,35.295544402246,0.0,False,0
14,Ridge,1e-05,0.0,,,,1,True,6.9450768191132966,0.0,False,0
14,Ridge,0.0001,0.0,,,,1,True,1.3017685103265328,0.0,False,0
14,Ridge,0.001,0.0,,,,2,True,15.665161740346008,0.0,False,0
14,Ridge,0.01,0.0,,,,2,True,3.9695710458467204,0.0,False,0
14,Ridge,0.1,0.0,,,,2,True,1.0084421815926279,0.0,False,0
14,Ridge,1000.0,0.0,,,,1,True,0.9083821056543678,0.0,False,0
14,Ridge,10000.0,0.0,,,,1,True,3.6896150619926296,0.0,False,0
14,Ridge,100000.0,0.0,,,,1,True,8.491493178801493,0.0,False,0
14,Ridge,1000000.0,0.0,,,,1,True,10.569620188228434,0.0,False,0
15,Ridge,1e-06,0.0,,,,1,True,55.70596811360213,0.0,False,0
15,Ridge,1e-05,0.0,,,,1,True,16.906544217780503,0.0,False,0
15,Ridge,0.0001,0.0,,,,1,True,4.460531733895473,0.0,False,0
15,Ridge,0.001,0.0,,,,2,True,35.50854554262561,0.0,False,0
15,Ridge,0.01,0.0,,,,2,True,7.287726482093447,0.0,False,0
15,Ridge,0.1,0.0,,,,2,True,1.4763783919782256,0.0,False,0
15,Ridge,1000.0,0.0,,,,1,True,0.8477338118531693,0.0,False,0
15,Ridge,10000.0,0.0,,,,1,True,3.480044118059952,0.0,False,0
15,Ridge,100000.0,0.0,,,,1,True,8.174938005852331,0.0,False,0
15,Ridge,1000000.0,0.0,,,,1,True,10.492611625338899,0.0,False,0
16,Ridge,1e-06,0.0,,,,1,True,82.50622700241705,0.0,False,0
16,Ridge,1e-05,0.0,,,,1,True,18.802537419940165,0.0,False,0
16,Ridge,0.0001,0.0,,,,1,True,4.600959666296389,0.0,False,0
16,Ridge,0.001,0.0,,,,2,True,43.0518451306013,0.0,False,0
16,Ridge,0.01,0.0,,,,2,True,10.242646598155408,0.0,False,0
16,Ridge,0.1,0.0,,,,2,True,2.235207136574851,0.0,False,0
16,Ridge,1000.0,0.0,,,,2,True,1.7958674300140587,0.0,False,0
16,Ridge,10000.0,0.0,,,,1,True,3.3297786488168253,0.0,False,0
16,Ridge,100000.0,0.0,,,,1,True,8.039069764027241,0.0,False,0
16,Ridge,1000000.0,0.0,,,,1,True,10.456539866416739,0.0,False,0
17,Ridge,1e-06,0.0,,,,1,True,96.35640997012212,0.0,False,0
17,Ridge,1e-05,0.0,,,,1,True,32.86554161154156,0.0,False,0
17,Ridge,0.0001,0.0,,,,1,True,11.153433733390623,0.0,False,0
17,Ridge,0.001,0.0,,,,1,True,1.704001085075472,0.0,False,0
17,Ridge,0.01,0.0,,,,2,True,17.80724444702277,0.0,False,0
17,Ridge,0.1,0.0,,,,2,True,3.2186056963020113,0.0,False,0
17,Ridge,1.0,0.0,,,,2,True,0.7991497879861832,0.0,False,0
17,Ridge,1000.0,0.0,,,,1,True,0.7797655631428607,0.0,False,0
17,Ridge,10000.0,0.0,,,,1,True,3.177803965573,0.0,False,0
17,Ridge,100000.0,0.0,,,,1,True,7.765996070999241,0.0,False,0
17,Ridge,1000000.0,0.0,,,,1,True,10.370882490005853,0.0,False,0
18,Ridge,1e-06,0.0,,,,1,True,121.04453903502987,0.0,False,0
18,Ridge,1e-05,0.0,,,,1,True,37.86436912917492,0.0,False,0
18,Ridge,0.0001,0.0,,,,1,True,9.599499670119153,0.0,False,0
18,Ridge,0.001,0.0,,,,1,True,1.8868465112875563,0.0,False,0
18,Ridge,0.01,0.0,,,,2,True,21.549019651581464,0.0,False,0
18,Ridge,0.1,0.0,,,,2,True,4.546685912945039,0.0,False,0
18,Ridge,1.0,0.0,,,,2,True,0.9494865083122531,0.0,False,0
18,Ridge,1000.0,0.0,,,,1,True,0.7639932985179511,0.0,False,0
18,Ridge,10000.0,0.0,,,,1,True,3.0621677384982284,0.0,False,0
18,Ridge,100000.0,0.0,,,,1,True,7.647358014594196,0.0,False,0
18,Ridge,1000000.0,0.0,,,,1,True,10.33034917330284,0.0,False,0
19,Ridge,1e-06,0.0,,,,1,True,135.04344601717693,0.0,False,0
19,Ridge,1e-05,0.0,,,,1,True,48.85530286777367,0.0,False,0
19,Ridge,0.0001,0.0,,,,1,True,19.32054649198766,0.0,False,0
19,Ridge,0.001,0.0,,,,1,True,4.177269047345222,0.0,False,0
19,Ridge,0.01,0.0,,,,2,True,34.81531366466526,0.0,False,0
19,Ridge,0.1,0.0,,,,2,True,6.341271341827597,0.0,False,0
19,Ridge,1.0,0.0,,,,2,True,1.1596205094981131,0.0,False,0
19,Ridge,1000.0,0.0,,,,2,True,1.5928128521622937,0.0,False,0
19,Ridge,10000.0,0.0,,,,1,True,2.9461282093470285,0.0,False,0
19,Ridge,100000.0,0.0,,,,1,True,7.4172444693979385,0.0,False,0
19,Ridge,1000000.0,0.0,,,,1,True,10.238247943152523,0.0,False,0
20,Ridge,1e-06,0.0,,,,1,True,191.57134069816786,0.0,False,0
20,Ridge,1e-05,0.0,,,,1,True,54.770529982579866,0.0,False,0
20,Ridge,0.0001,0.0,,,,1,True,15.311704575765512,0.0,False,0
20,Ridge,0.001,0.0,,,,1,True,4.186887449831577,0.0,False,0
20,Ridge,0.01,0.0,,,,2,True,38.37977307678849,0.0,False,0
20,Ridge,0.1,0.0,,,,2,True,8.163905203552414,0.0,False,0
20,Ridge,1.0,0.0,,,,2,True,1.391943862902484,0.0,False,0
20,Ridge,1000.0,0.0,,,,2,True,1.5970041787904308,0.0,False,0
20,Ridge,10000.0,0.0,,,,1,True,2.854968735790853,0.0,False,0
20,Ridge,100000.0,0.0,,,,1,True,7.314573989533752,0.0,False,0
20,Ridge,1000000.0,0.0,,,,1,True,10.19430571687678,0.0,False,0
11,LASSO,0.0001,1.0,,,,2,True,0.4257793684416636,9.979986621895938e-06,False,0
