degree,model,alpha,l1_ratio,mean_mse,std_mse,mean_r2,evaluated_folds,pruned,mse_lower_bound,max_kkt,converged,warning_count
11,ElasticNet,0.001,0.3,0.263670887944227,0.026360337279256373,0.9939657252923132,3,False,0.263670887944227,9.937962981803087e-06,True,0
11,ElasticNet,0.001,0.1,0.26372230082226733,0.02561133569956431,0.9939626901621965,3,False,0.26372230082226733,9.979977570265765e-06,True,0
11,ElasticNet,0.001,0.3,0.2637717471676653,0.026350637184705244,0.9939635972365339,3,False,0.2637717471676653,9.915103105704302e-06,True,0
11,ElasticNet,0.001,0.1,0.26378563911055886,0.025595144302793235,0.9939613731747875,3,False,0.26378563911055886,1.9753303692604158e-05,True,0
11,ElasticNet,0.0005623413251903491,0.3,0.2639099124278535,0.022444233435577096,0.9939626040587308,3,False,0.2639099124278535,9.990750736264825e-06,True,0
12,Ridge,1.0,0.0,0.2642681575369546,0.024552928359571492,0.9939505168063163,3,False,0.2642681575369546,0.0,True,0
12,Ridge,1.0,0.0,0.26426815753695465,0.02455292835957151,0.9939505168063163,3,False,0.26426815753695465,0.0,True,0
12,ElasticNet,0.001,0.1,0.26430202469570885,0.02363170225579969,0.9939522316187563,3,False,0.26430202469570885,2.5339076951784987e-05,True,0
13,ElasticNet,0.001,0.5,0.26458641867634963,0.023870965357164264,0.9939502768455603,3,False,0.26458641867634963,1.2110482301071548e-05,True,0
13,ElasticNet,0.001,0.7,0.26462393838396436,0.026664497622584334,0.9939486503536216,3,False,0.26462393838396436,8.626464788758447e-06,True,0
13,ElasticNet,0.001,0.3,0.26469048440430026,0.020995495906629996,0.9939473134224507,3,False,0.26469048440430026,4.2015745723578113e-05,True,0
12,ElasticNet,0.001,0.3,0.26473880239680925,0.02556386428380152,0.9939454489300057,3,False,0.2647388023968093,2.4909001847654288e-05,True,0
11,ElasticNet,0.0005623413251903491,0.5,0.26474997052532295,0.022379867437878963,0.993946079468467,3,False,0.26474997052532295,9.948610068280907e-06,True,0
11,Ridge,1.0,0.0,0.2649288853754343,0.027045681763583344,0.9939332873147103,3,False,0.2649288853754343,0.0,True,0
11,ElasticNet,0.001,0.5,0.2649875805161359,0.02756917173310017,0.9939379990559862,3,False,0.2649875805161359,1.3174232746129139e-05,True,0
11,ElasticNet,0.001,0.5,0.26504620509125215,0.027581047833249505,0.9939367070488062,3,False,0.26504620509125215,9.884300778290555e-06,True,0
14,ElasticNet,0.001,0.7,0.26514120758318954,0.02520025466396148,0.9939415530303379,3,False,0.26514120758318954,2.054926332889788e-05,True,0
11,ElasticNet,0.0005623413251903491,0.1,0.2651687632795298,0.02148785241727372,0.9939316451288174,3,False,0.2651687632795298,9.998757551616592e-06,True,0
11,ElasticNet,0.0017782794100389228,0.1,0.2654307089502114,0.02938945561861661,0.9939223449835058,3,False,0.26543070895021137,9.881483515025106e-06,True,0
12,Ridge,1.7782794100389228,0.0,0.2657159438947219,0.02920615511164976,0.9939183591897659,3,False,0.2657159438947219,0.0,True,0
14,ElasticNet,0.001,0.5,0.26587163077598946,0.023368862619177047,0.9939243501573838,3,False,0.26587163077598946,2.1326144471248447e-05,True,0
11,ElasticNet,0.0005623413251903491,0.7,0.26604419149400305,0.022917954268144802,0.9939174724331203,3,False,0.26604419149400305,9.836410178758518e-06,True,0
13,ElasticNet,0.001,0.9,0.2660755509605491,0.029376381663178894,0.993915020800809,3,False,0.2660755509605491,1.985802134746382e-05,True,0
12,ElasticNet,0.001,0.5,0.2662147005473377,0.028300268182037333,0.9939147181020359,3,False,0.2662147005473377,1.9017766643109426e-05,True,0
13,Ridge,1.0,0.0,0.2662186653888248,0.01938830875926316,0.9939120612160918,3,False,0.2662186653888248,0.0,True,0
13,ElasticNet,0.001,0.1,0.26636291356510805,0.019781318398356503,0.9939085817954325,3,False,0.26636291356510805,3.0656042524067586e-05,True,0
14,ElasticNet,0.001,0.3,0.2664511698572803,0.020007469591381354,0.993909434622927,3,False,0.2664511698572803,3.205742724411806e-05,True,0
11,ElasticNet,0.00031622776601683794,0.5,0.2665202581576207,0.019033945232156752,0.9939055198318033,3,False,0.2665202581576207,9.87910638062991e-06,True,0
11,ElasticNet,0.00031622776601683794,0.7,0.26658731438827316,0.018140657847323778,0.9939071135250511,3,False,0.26658731438827316,9.960735109331337e-06,True,0
13,ElasticNet,0.001,0.95,0.26675324104508713,0.029886948784600412,0.9938987320193345,3,False,0.2667532410450871,9.896673673080443e-06,True,0
12,Ridge,0.5623413251903491,0.0,0.26688960511322385,0.020674486434426313,0.9938923769229283,3,False,0.26688960511322385,0.0,True,0
11,ElasticNet,0.001,0.7,0.2669334402566174,0.029980145640654817,0.9938940537017066,3,False,0.2669334402566174,9.942348783552042e-06,True,0
13,LASSO,0.001,1.0,0.26693421547766766,0.030351916873360293,0.9938936378046824,3,False,0.26693421547766766,8.306142628537695e-06,True,0
11,ElasticNet,0.001,0.7,0.26696706750014826,0.029968096854973914,0.9938931101804703,3,False,0.26696706750014826,9.943354526472195e-06,True,0
12,ElasticNet,0.001,0.7,0.2671108814727459,0.032016118493152924,0.9938952972843706,3,False,0.2671108814727459,6.966973966441746e-06,True,0
13,LASSO,0.001,1.0,0.2671284310998639,0.030523178491839078,0.9938888077763727,3,False,0.26712843109986384,9.994079910550981e-06,True,0
11,ElasticNet,0.0005623413251903491,0.9,0.267326641267796,0.02429151407724596,0.9938871654772843,3,False,0.267326641267796,6.5746091367180305e-06,True,0
13,LASSO,0.0005623413251903491,1.0,0.26747835229229366,0.024730704399243273,0.9938839352934759,3,False,0.26747835229229366,5.23104987767563e-06,True,0
11,ElasticNet,0.0017782794100389228,0.3,0.2675134188189279,0.031512218667789645,0.9938779058196743,3,False,0.2675134188189278,9.947638488080174e-06,True,0
11,ElasticNet,0.0005623413251903491,0.95,0.26757224659048867,0.02495884167137387,0.9938808952026762,3,False,0.26757224659048867,6.37125993882613e-06,True,0
11,ElasticNet,0.00031622776601683794,0.3,0.2675890713833569,0.018777201336374068,0.9938795114134126,3,False,0.2675890713833569,9.97504216708166e-06,True,0
15,ElasticNet,0.001,0.7,0.2678191578007636,0.024666720909800093,0.9938821675566317,3,False,0.2678191578007636,2.490860315594568e-05,True,0
14,ElasticNet,0.001,0.9,0.2678447379339908,0.02773528858919929,0.9938808036229064,3,False,0.2678447379339908,3.8126550586302984e-05,True,0
15,LASSO,0.001,1.0,0.26815145968548937,0.027315381636904782,0.9938709611870151,3,False,0.26815145968548937,9.669724673063871e-06,True,0
14,LASSO,0.001,1.0,0.26819634298334666,0.027991715193776558,0.9938719346228081,3,False,0.26819634298334666,4.722465914212132e-06,True,0
11,ElasticNet,0.00031622776601683794,0.9,0.2683549618093779,0.017765422908403914,0.9938682760297072,3,False,0.2683549618093779,9.909263647851654e-06,True,0
16,ElasticNet,0.001,0.7,0.2685030928672533,0.023596834515577005,0.9938684210116944,3,False,0.2685030928672533,3.3698047234866925e-05,True,0
16,ElasticNet,0.001,0.95,0.26863137844004004,0.025676393433302,0.9938639088580666,3,False,0.26863137844004004,9.895257829904886e-06,True,0
15,ElasticNet,0.001,0.9,0.26870541620922306,0.026251778331118792,0.9938605774669753,3,False,0.26870541620922306,3.0351299941105015e-05,True,0
11,ElasticNet,0.00031622776601683794,0.95,0.26894757102632955,0.018048479337441463,0.9938547167209846,3,False,0.26894757102632955,9.996923533352729e-06,True,0
11,ElasticNet,0.00031622776601683794,0.1,0.26924244256246005,0.017397836446851767,0.993842241838555,3,False,0.26924244256246,9.899669267074216e-06,True,0
15,ElasticNet,0.001,0.5,0.2692788344204731,0.023683368755800828,0.9938499389609263,3,False,0.2692788344204732,1.7099789733953817e-05,True,0
12,ElasticNet,0.001,0.9,0.26940348580768825,0.03545614778129839,0.993842571439871,3,False,0.26940348580768825,2.592965579220998e-05,True,0
11,ElasticNet,0.0017782794100389228,0.5,0.26943110933728526,0.03257016782895527,0.9938354235501069,3,False,0.26943110933728526,9.865398752757337e-06,True,0
11,ElasticNet,0.001,0.9,0.269575696937104,0.03136038177275935,0.993834913469145,3,False,0.269575696937104,7.661449615062473e-06,True,0
11,ElasticNet,0.001,0.9,0.2695821553770943,0.03134980772087878,0.9938345753342329,3,False,0.2695821553770943,1.8698575593248997e-05,True,0
11,ElasticNet,0.001,0.95,0.27026655747269285,0.031292190163229254,0.9938185883085987,3,False,0.27026655747269285,1.0284106221839428e-05,True,0
11,ElasticNet,0.001,0.95,0.2702780935844582,0.03127861832893543,0.9938185837851918,3,False,0.2702780935844582,5.602998124388213e-06,True,0
14,ElasticNet,0.001,0.1,0.2703230603742685,0.017131869664954197,0.9938224473227008,3,False,0.2703230603742685,2.685423025919238e-05,True,0
11,ElasticNet,0.00017782794100389227,0.95,0.2709673054156359,0.014930973948732761,0.9938062996196164,3,False,0.2709673054156359,9.93223222140084e-06,True,0
14,Ridge,1.0,0.0,0.2711051691016814,0.017008466851137116,0.9938064470702891,3,False,0.2711051691016814,0.0,True,0
11,ElasticNet,0.00017782794100389227,0.9,0.27112636756503256,0.015123966065525895,0.9938023461219591,3,False,0.27112636756503256,9.930983592650207e-06,True,0
16,ElasticNet,0.001,0.5,0.27139978887571353,0.02224437027897185,0.9938054359933411,3,False,0.27139978887571353,3.362711498355398e-05,True,0
13,LASSO,0.0017782794100389228,1.0,0.2718805021850169,0.03547934036432283,0.9937801997344765,3,False,0.2718805021850169,9.905222096353835e-06,True,0
11,ElasticNet,0.00017782794100389227,0.7,0.27195780349795107,0.015207016646573167,0.993783194078191,3,False,0.271957803497951,9.959646673582268e-06,True,0
12,Ridge,3.1622776601683795,0.0,0.2719824631544819,0.03471009327196018,0.9937785496864645,3,False,0.2719824631544819,0.0,True,0
10,ElasticNet,0.001,0.1,0.272047083308866,0.034739287574998445,0.9937737010454258,3,False,0.272047083308866,2.7480376901335758e-05,True,0
15,ElasticNet,0.001,0.3,0.2720599506604681,0.020392670540814912,0.9937888086875241,3,False,0.2720599506604681,2.8932528468256853e-05,True,0
11,ElasticNet,0.0031622776601683794,0.1,0.27209932827916933,0.03382232083457992,0.9937712540312488,3,False,0.2720993282791694,9.955212024566167e-06,True,0
11,ElasticNet,0.0017782794100389228,0.7,0.27234060507275176,0.03489344566100462,0.9937716969880395,3,False,0.27234060507275176,9.999624130488946e-06,True,0
13,LASSO,0.00031622776601683794,1.0,0.2729673567656901,0.018386434151849217,0.9937647460656177,3,False,0.27296735676569006,5.339709771961512e-06,True,0
11,ElasticNet,0.00017782794100389227,0.5,0.2730041115077971,0.014352163176379933,0.9937605595460367,3,False,0.2730041115077971,9.800181851688392e-06,True,0
12,Ridge,0.31622776601683794,0.0,0.2730105823006638,0.016940863389355132,0.9937576313779477,3,False,0.2730105823006638,0.0,True,0
9,Ridge,0.1,0.0,0.2733315259948726,0.022796595224812474,0.9937441652770151,3,False,0.2733315259948726,0.0,True,0
9,ElasticNet,0.0001,0.1,0.273484688444844,0.019352214929209268,0.9937435544950833,3,False,0.273484688444844,3.898042483423665e-05,True,0
11,ElasticNet,0.00017782794100389227,0.3,0.2742464286003716,0.013292385405284114,0.9937344310450938,3,False,0.27424642860037163,9.992832994098071e-06,True,0
10,ElasticNet,0.001,0.3,0.27429652507054514,0.03647392607542288,0.9937259823763251,3,False,0.27429652507054514,9.954383668196124e-06,True,0
9,ElasticNet,0.0001,0.3,0.2744717224975637,0.018756992624664875,0.9937216709976836,3,False,0.2744717224975637,2.4864188683897534e-05,True,0
16,ElasticNet,0.001,0.3,0.27465627739016546,0.01964988754709219,0.9937349756161153,3,False,0.27465627739016546,4.386714387036203e-05,True,0
9,ElasticNet,0.0001,0.5,0.27526421522061123,0.018552155334559277,0.9937027757285007,3,False,0.27526421522061123,1.4957719963824973e-05,True,0
10,Ridge,0.1,0.0,0.2752851084346037,0.020340244515829876,0.9937032212049782,3,False,0.27528510843460374,0.0,True,0
10,Ridge,1.0,0.0,0.27540770598362085,0.03683656870396035,0.993698474831611,3,False,0.27540770598362085,0.0,True,0
11,ElasticNet,0.0031622776601683794,0.3,0.2756939627832942,0.03594360605028689,0.9936925435203859,3,False,0.2756939627832942,9.86656030803302e-06,True,0
17,ElasticNet,0.001,0.7,0.2757411592871413,0.02664108164910381,0.9937144766644991,3,False,0.2757411592871413,3.339806881393504e-05,True,0
9,ElasticNet,0.0001,0.7,0.27590254388101004,0.017815005866009075,0.9936877964663576,3,False,0.27590254388101004,3.021701211781005e-05,True,0
10,ElasticNet,0.001,0.5,0.27667949056242697,0.03839580140478136,0.9936749009763733,3,False,0.27667949056242697,9.851641257175464e-06,True,0
11,ElasticNet,0.00017782794100389227,0.1,0.2770643586021967,0.012999083915438464,0.9936721373712563,3,False,0.2770643586021967,9.885160408653124e-06,True,0
9,ElasticNet,0.0001,0.9,0.27713148572167107,0.017287296107634756,0.9936591077604585,3,False,0.27713148572167107,1.5764501773472646e-05,True,0
9,ElasticNet,0.0001,0.95,0.27726334781737777,0.017094511655132632,0.9936561074759639,3,False,0.27726334781737777,1.688993928574118e-05,True,0
11,ElasticNet,0.0017782794100389228,0.9,0.27751902697443837,0.037914949305954584,0.9936562569687503,3,False,0.27751902697443837,8.2148963338692e-06,True,0
9,LASSO,0.0001,1.0,0.2775325483081792,0.01687346719032262,0.9936498855068208,3,False,0.27753254830817914,2.4975595169157702e-05,True,0
10,ElasticNet,0.001,0.7,0.27850271080038125,0.03983994156734824,0.9936338065406175,3,False,0.2785027108003813,9.970867505073081e-06,True,0
10,ElasticNet,0.0001,0.3,0.2788447985479068,0.01587175877152582,0.9936262522824633,3,False,0.2788447985479068,4.7592307560129736e-05,True,0
18,ElasticNet,0.001,0.7,0.27898398016361803,0.028367278300816944,0.9936447619725447,3,False,0.278983980163618,3.64716226953464e-05,True,0
11,ElasticNet,0.0017782794100389228,0.95,0.2792773499730326,0.03802305367030048,0.9936165206297765,3,False,0.2792773499730326,7.821846425711725e-06,True,0
15,ElasticNet,0.001,0.1,0.2794553796376289,0.021159256793869263,0.993631580129385,3,False,0.27945537963762884,3.7017564313906085e-05,True,0
17,ElasticNet,0.001,0.5,0.2799854259288519,0.029255250559663586,0.9936250796518861,3,False,0.2799854259288519,3.679886749327556e-05,True,0
10,ElasticNet,0.001,0.9,0.28017375325300686,0.041092944409489775,0.9935965894633519,3,False,0.28017375325300686,3.918549428580625e-05,True,0
11,ElasticNet,0.0031622776601683794,0.5,0.2805627612196593,0.03694186251212651,0.9935873623056747,3,False,0.2805627612196593,9.614666042685434e-06,True,0
11,Ridge,0.1,0.0,0.2815555348640237,0.011579661029022432,0.9935742960586444,3,False,0.2815555348640237,0.0,True,0
15,Ridge,1.0,0.0,0.2819471767747934,0.02221361344297039,0.9935819787407209,3,False,0.2819471767747934,0.0,True,0
12,Ridge,0.1778279410038923,0.0,0.282543816310236,0.013217554418493711,0.9935490430428281,3,False,0.282543816310236,0.0,True,0
13,LASSO,0.00017782794100389227,1.0,0.28368354558886194,0.020220314346337715,0.9935394822927469,3,False,0.28368354558886194,4.370799206376982e-06,True,0
11,ElasticNet,0.0001,0.95,0.28420538979140153,0.012854829831438945,0.9935198119891298,3,False,0.28420538979140153,9.992044389826662e-06,True,0
11,ElasticNet,0.0001,0.9,0.2842214097770676,0.012478067685493255,0.9935188768693406,3,False,0.2842214097770676,9.971546139082177e-06,True,0
11,ElasticNet,0.0001,0.7,0.2843010278460734,0.011634399180057927,0.9935179560386946,3,False,0.2843010278460734,9.917642521628262e-06,True,0
12,Ridge,5.623413251903491,0.0,0.2844107768268638,0.04006302290539619,0.9935014911575154,3,False,0.2844107768268638,0.0,True,0
11,ElasticNet,0.005623413251903491,0.1,0.2844877581110804,0.03654608402669416,0.9934946604425754,3,False,0.2844877581110804,9.973867049351296e-06,True,0
11,ElasticNet,0.0001,0.5,0.28524654519093745,0.01067358287598319,0.9934961139060814,3,False,0.28524654519093745,3.25112022600684e-05,True,0
8,Ridge,0.01,0.0,0.2852510100508887,0.031069872666046303,0.9934907134600427,3,False,0.2852510100508887,0.0,True,0
11,ElasticNet,0.0001,0.5,0.2852913764944303,0.011168756237914045,0.9934962832046885,3,False,0.2852913764944303,9.850605965065007e-06,True,0
16,ElasticNet,0.001,0.1,0.2853392055000641,0.023360306923205322,0.9935084606887923,3,False,0.2853392055000641,3.826658536120089e-05,True,0
9,ElasticNet,0.001,0.1,0.2856071148700041,0.03255865719818925,0.9934563295798234,3,False,0.2856071148700041,9.953782842700472e-06,True,0
11,ElasticNet,0.0031622776601683794,0.7,0.2858318116673257,0.038848340389766346,0.9934708398656565,3,False,0.28583181166732563,9.688311447536482e-06,True,0
8,ElasticNet,0.0001,0.1,0.2858479565281276,0.0386506070416917,0.9934635436318077,3,False,0.2858479565281276,4.635847305985563e-05,True,0
9,Ridge,0.01,0.0,0.2861841265512323,0.008814474380756047,0.9934708563811517,3,False,0.2861841265512323,0.0,True,0
8,ElasticNet,0.0001,0.3,0.28626103192485647,0.03860422873037198,0.9934559661337069,3,False,0.28626103192485647,2.3656766452112866e-05,True,0
13,LASSO,0.0031622776601683794,1.0,0.28660986859538684,0.03929487335817138,0.9934515342431616,3,False,0.2866098685953868,5.1849670039479274e-06,True,0
8,ElasticNet,1e-05,0.1,0.2869095754302196,0.029175906356873522,0.9934555489775123,3,False,0.2869095754302196,1.1386382723903455e-05,True,0
11,ElasticNet,0.0001,0.3,0.28707238860338596,0.011315937454170963,0.9934572282453203,3,False,0.28707238860338596,9.973638061547253e-06,True,0
17,ElasticNet,0.001,0.3,0.28733162233876497,0.0340805856203579,0.9934677890373195,3,False,0.28733162233876497,2.4688231011800595e-05,True,0
8,ElasticNet,0.0001,0.5,0.28736100584578206,0.03879360670196086,0.993433156268431,3,False,0.287361005845782,2.3759391592810147e-05,True,0
11,ElasticNet,0.0001,0.3,0.2874207610331019,0.010634612313187108,0.993449139018424,3,False,0.2874207610331019,3.433545467036962e-05,True,0
8,ElasticNet,1e-05,0.3,0.2881203236953705,0.02781407952298461,0.993429316154533,3,False,0.2881203236953705,2.240998513839406e-05,True,0
8,ElasticNet,0.0001,0.7,0.28828075872294406,0.038892107537581974,0.9934139608768898,3,False,0.28828075872294406,2.2872870351252163e-05,True,0
8,ElasticNet,1e-05,0.5,0.2886621907944881,0.02734313650057364,0.9934181337705482,3,False,0.2886621907944881,1.9023878680111853e-05,True,0
9,ElasticNet,0.001,0.3,0.28889452467089827,0.033290047571747174,0.9933839940805541,3,False,0.2888945246708983,9.986878005720722e-06,True,0
11,ElasticNet,0.0001,0.1,0.28914084645487503,0.011423607171040689,0.9934110035681584,3,False,0.28914084645487503,9.994142924587883e-06,True,0
13,ElasticNet,0.01,0.1,0.2892665538994104,0.039922108378346206,0.9933928773019575,3,False,0.2892665538994104,1.312656782369412e-05,True,0
8,ElasticNet,0.0001,0.9,0.2895919022410615,0.03995794023448848,0.993387169670798,3,False,0.2895919022410615,9.962783120271278e-06,True,0
8,Ridge,0.1,0.0,0.2898130844500209,0.04044901412213676,0.9933718409400307,3,False,0.2898130844500209,0.0,True,0
8,ElasticNet,1e-05,0.7,0.28997595978261703,0.02637711412128396,0.9933893735567411,3,False,0.28997595978261703,2.704508796107897e-05,True,0
11,ElasticNet,0.0001,0.1,0.28999689253100996,0.010747933904947354,0.993392934386854,3,False,0.28999689253100996,4.062754455851753e-05,True,0
9,Ridge,1.0,0.0,0.2901302707638875,0.03326843134236193,0.9933526738653892,3,False,0.2901302707638875,0.0,True,0
8,ElasticNet,0.0001,0.95,0.2901852150886176,0.03943520564663101,0.9933747656202391,3,False,0.2901852150886176,4.3600236070930995e-05,True,0
11,ElasticNet,0.0031622776601683794,0.9,0.29069590597795525,0.03994605648413962,0.9933647377421503,3,False,0.29069590597795525,4.932277791310381e-06,True,0
18,ElasticNet,0.001,0.3,0.29081857654994964,0.03721336951067318,0.9933960753400081,3,False,0.29081857654994964,4.3533095042444135e-05,True,0
8,Ridge,0.001,0.0,0.2916478513738111,0.025464526402242442,0.9933528211704274,3,False,0.29164785137381116,0.0,True,0
8,ElasticNet,1e-05,0.9,0.2916793948976238,0.02612576908325534,0.9933501171774365,3,False,0.2916793948976238,3.707888163723046e-05,True,0
8,ElasticNet,1e-05,0.95,0.29177356026874096,0.025825463932113272,0.9933480809706392,3,False,0.29177356026874096,3.5878104565539425e-05,True,0
9,ElasticNet,0.001,0.5,0.2917784695899925,0.034361026236308344,0.993320867588135,3,False,0.2917784695899925,9.856072087757782e-06,True,0
11,ElasticNet,0.0031622776601683794,0.95,0.29225642703393345,0.03957182709027879,0.9933310119688735,3,False,0.29225642703393345,6.393632445591494e-06,True,0
12,ElasticNet,0.0001,0.5,0.29239649919222843,0.011361115437766422,0.9933364932991108,3,False,0.2923964991922285,4.416324229129122e-05,True,0
8,ElasticNet,1e-06,0.3,0.2926779399616252,0.02560281906842037,0.9933302718222028,3,False,0.2926779399616252,9.971675709662695e-06,True,0
11,ElasticNet,0.005623413251903491,0.3,0.292703659593696,0.03826081366543944,0.9933170859809849,3,False,0.292703659593696,9.6106930967232e-06,True,0
8,ElasticNet,1e-06,0.5,0.2927271857295642,0.025527219628909678,0.9933291718492375,3,False,0.2927271857295642,9.981048026625908e-06,True,0
8,LASSO,1e-05,1.0,0.29281765608050697,0.026932499988077268,0.9933265868290432,3,False,0.29281765608050697,3.282484424995174e-05,True,0
8,LASSO,1e-06,1.0,0.292826071290693,0.024796948674024058,0.9933270944449579,3,False,0.292826071290693,9.957079691537857e-06,True,0
8,ElasticNet,1e-06,0.1,0.2928700141154333,0.025011743704299066,0.9933259499814189,3,False,0.2928700141154333,9.819703687666092e-06,True,0
8,Ridge,0.0001,0.0,0.2929206437392344,0.024450949386074235,0.9933249337888145,3,False,0.2929206437392344,0.0,True,0
8,ElasticNet,1e-06,0.7,0.29294754208855284,0.024948389609628096,0.9933245002529002,3,False,0.2929475420885528,9.99797956285504e-06,True,0
8,Ridge,1e-05,0.0,0.29306065970200307,0.02434059913503227,0.99332185890542,3,False,0.29306065970200307,0.0,True,0
8,Ridge,1e-06,0.0,0.2930748028929199,0.02432946467729328,0.9933215482308935,3,False,0.2930748028929199,0.0,True,0
15,Ridge,10.0,0.0,0.2930942847393161,0.03195079074664033,0.9933050826302087,3,False,0.2930942847393161,0.0,True,0
8,ElasticNet,1e-06,0.95,0.29312808517344413,0.024283641916245772,0.993320558523841,3,False,0.29312808517344413,1.0035714623888712e-05,True,0
8,ElasticNet,1e-06,0.9,0.2931880851509077,0.02435362944069204,0.9933193026644714,3,False,0.2931880851509077,9.968164150084327e-06,True,0
16,Ridge,10.0,0.0,0.2933018662892259,0.028113167536375914,0.9933004639310221,3,False,0.2933018662892259,0.0,True,0
9,ElasticNet,1e-05,0.3,0.29334184855013823,0.008211014306897479,0.9933134279900061,3,False,0.29334184855013823,4.213476089508248e-05,True,0
16,Ridge,1.0,0.0,0.29335674504057213,0.03198333811723429,0.9933425787076228,3,False,0.29335674504057213,0.0,True,0
9,ElasticNet,1e-05,0.1,0.2942095678379861,0.01082337935084155,0.9932968909906449,3,False,0.2942095678379861,3.992952697585239e-05,True,0
9,ElasticNet,0.001,0.7,0.29441859056540415,0.03523182069285218,0.9932633246122,3,False,0.29441859056540415,9.899095562241667e-06,True,0
14,Ridge,10.0,0.0,0.29497653750096786,0.0368734126948007,0.9932642771170377,3,False,0.29497653750096786,0.0,True,0
13,Ridge,10.0,0.0,0.29561676885608246,0.0372909823946803,0.9932482633250967,3,False,0.29561676885608246,0.0,True,0
9,ElasticNet,1e-05,0.5,0.29590831119086575,0.0075537747895548036,0.9932563152046684,3,False,0.29590831119086575,3.846731566217913e-05,True,0
12,Ridge,0.1,0.0,0.2963477939023273,0.011863236655609354,0.9932480501884035,3,False,0.2963477939023273,0.0,True,0
12,Ridge,0.1,0.0,0.2963477939023273,0.011863236655609354,0.9932480501884035,3,False,0.2963477939023273,0.0,True,0
9,ElasticNet,0.001,0.9,0.2963839349273547,0.03647205214309322,0.9932197423619419,3,False,0.2963839349273547,9.892412784379872e-06,True,0
17,Ridge,10.0,0.0,0.2964523780468173,0.025572089458700396,0.9932339467308342,3,False,0.2964523780468173,0.0,True,0
9,ElasticNet,1e-05,0.7,0.2965844610069441,0.006363913389084741,0.9932389488356477,3,False,0.29658446100694413,4.5084771497236515e-05,True,0
9,ElasticNet,0.001,0.95,0.2966092534604739,0.036549718399157015,0.9932145503074743,3,False,0.2966092534604739,9.956151358561953e-06,True,0
9,LASSO,0.001,1.0,0.2967352859651249,0.03662505547561246,0.9932117886762207,3,False,0.29673528596512483,3.235296327728035e-05,True,0
9,ElasticNet,1e-05,0.9,0.2974800286651528,0.005032484571055695,0.9932156682686267,3,False,0.2974800286651528,4.7391578588981184e-05,True,0
18,Ridge,10.0,0.0,0.2986601485425365,0.02302822746018079,0.9931877593896156,3,False,0.2986601485425365,0.0,True,0
12,ElasticNet,0.01,0.1,0.30016672771856084,0.04563184862334587,0.9931552644618217,3,False,0.3001667277185609,9.858346651441885e-06,True,0
18,ElasticNet,0.01,0.3,0.3018997294073662,0.03349573504720178,0.9931053337187422,3,False,0.3018997294073662,2.7329243991949456e-05,True,0
15,ElasticNet,0.01,0.3,0.3023683741409932,0.037677360904654796,0.9931035750963554,3,False,0.3023683741409932,2.1773644899646376e-05,True,0
11,ElasticNet,0.005623413251903491,0.5,0.30241479929764054,0.04059156034018705,0.9931061301989196,3,False,0.30241479929764054,9.915986338720865e-06,True,0
16,ElasticNet,0.01,0.3,0.3031943846131089,0.037666641705981316,0.9930844340389319,3,False,0.3031943846131089,4.051759423022612e-05,True,0
11,ElasticNet,0.01,0.1,0.30418598943448644,0.037260001751725086,0.9930550476658718,3,False,0.30418598943448644,9.985821323620992e-06,True,0
11,ElasticNet,0.01,0.1,0.30422234383223623,0.03730125165863055,0.9930542834897932,3,False,0.30422234383223623,9.886669844986085e-06,True,0
12,Ridge,10.0,0.0,0.30598371266285546,0.04391648200796278,0.9930216180834375,3,False,0.30598371266285546,0.0,True,0
12,Ridge,10.0,0.0,0.30598371266285546,0.043916482007962804,0.9930216180834375,3,False,0.30598371266285546,0.0,True,0
19,Ridge,10.0,0.0,0.306348706474127,0.026305883681857985,0.9930256169096491,3,False,0.306348706474127,0.0,True,0
17,ElasticNet,0.001,0.1,0.3066907444222074,0.05428055283680104,0.9930669754437886,3,False,0.3066907444222074,3.324348121650345e-05,True,0
14,ElasticNet,0.01,0.3,0.30839603191130804,0.04265356829560698,0.9929767585369081,3,False,0.30839603191130804,9.14993952694709e-06,True,0
13,ElasticNet,0.01,0.3,0.30845449997863567,0.04017169347683396,0.9929729233494907,3,False,0.30845449997863567,9.370946866944091e-06,True,0
12,ElasticNet,0.0001,0.1,0.3084949936233295,0.016301926692541994,0.9929850140184512,3,False,0.3084949936233295,3.924075223684767e-05,True,0
13,LASSO,0.0001,1.0,0.30875262235030104,0.0356064449021596,0.9930046421351123,3,False,0.30875262235030104,7.074154197418716e-06,True,0
11,ElasticNet,0.005623413251903491,0.7,0.30926100903647463,0.040490438216072094,0.9929539178092299,3,False,0.30926100903647463,8.114664128491822e-06,True,0
19,ElasticNet,0.001,0.3,0.31000795200022324,0.06705846340117175,0.9929986573116939,3,False,0.31000795200022324,3.1597635899948274e-05,True,0
11,Ridge,10.0,0.0,0.31254948140875083,0.036824312133155054,0.9928657150418337,3,False,0.31254948140875083,0.0,True,0
20,Ridge,10.0,0.0,0.3127750193735281,0.031001781971893235,0.992892529073158,3,False,0.3127750193735281,0.0,True,0
9,Ridge,0.001,0.0,0.3157353711003843,0.017774004071588037,0.9928299694024885,3,False,0.3157353711003843,0.0,True,0
13,LASSO,0.005623413251903491,1.0,0.31615115252908765,0.03961525016171809,0.9927935665410529,3,False,0.31615115252908765,6.334119666455765e-06,True,0
10,Ridge,0.01,0.0,0.31639022604630807,0.0022464090769823927,0.992794419349779,3,False,0.31639022604630807,0.0,True,0
17,Ridge,1.0,0.0,0.3171686209650038,0.06510140880730728,0.9928486350000569,3,False,0.3171686209650038,0.0,True,0
9,ElasticNet,1e-06,0.95,0.31739274049550276,0.0151048020388265,0.9927868940213734,3,False,0.31739274049550276,3.920945972771157e-05,True,0
11,ElasticNet,0.005623413251903491,0.9,0.31867731893564283,0.04129172840486516,0.9927434027312178,3,False,0.31867731893564283,8.80546441995797e-06,True,0
12,ElasticNet,0.01,0.3,0.3186822308742208,0.049982536118833035,0.9927513747174217,3,False,0.3186822308742208,1.0019647145231066e-05,True,0
9,ElasticNet,1e-06,0.9,0.3203646300972051,0.02112851710914428,0.9927272902821104,3,False,0.3203646300972051,3.93071377479226e-05,True,0
9,LASSO,1e-06,1.0,0.32096412170830285,0.0182910666549353,0.992708588394934,3,False,0.32096412170830285,3.5291275554568195e-05,True,0
11,ElasticNet,0.01,0.3,0.32124997624195367,0.04130924995394194,0.9926841715244237,3,False,0.32124997624195367,9.905884066253087e-06,True,0
11,ElasticNet,0.01,0.3,0.321253058870216,0.041331848477592394,0.9926841369757792,3,False,0.321253058870216,9.942028181033659e-06,True,0
11,ElasticNet,0.005623413251903491,0.95,0.32136633950898624,0.041156197909905635,0.9926837596687853,3,False,0.32136633950898624,5.70035551175109e-06,True,0
17,ElasticNet,0.01,0.5,0.3216111247312213,0.03424507606467012,0.9926679627150373,3,False,0.3216111247312213,3.466251231614911e-05,True,0
18,ElasticNet,0.01,0.5,0.3223882965933416,0.03289601479285932,0.9926500626057649,3,False,0.3223882965933416,4.205731791912231e-05,True,0
16,ElasticNet,0.01,0.5,0.32322247220948247,0.037801376487512944,0.992640281961485,3,False,0.32322247220948247,2.9585089185825766e-05,True,0
9,ElasticNet,1e-06,0.7,0.3235171248062298,0.027674091808573338,0.9926621841547022,3,False,0.3235171248062298,4.133702191280493e-05,True,0
9,ElasticNet,1e-06,0.1,0.323846532208109,0.022881636912318447,0.9926520829734574,3,False,0.323846532208109,2.4740369294906372e-05,True,0
9,ElasticNet,1e-06,0.5,0.32415424990375524,0.023501504137777685,0.9926455876291862,3,False,0.3241542499037553,2.8135822695751138e-05,True,0
9,ElasticNet,1e-06,0.3,0.32418102337928656,0.025903385372713594,0.9926476809571634,3,False,0.32418102337928656,2.8033400596235187e-05,True,0
13,ElasticNet,0.01,0.5,0.32487177502260023,0.04346885830519752,0.9926107035817967,3,False,0.32487177502260023,7.704264453459002e-06,True,0
13,Ridge,0.1,0.0,0.32540953462457306,0.045065234720539984,0.9926402310007673,3,False,0.32540953462457306,0.0,True,0
14,ElasticNet,0.01,0.5,0.32568394992218797,0.04443766105682339,0.9925939600079866,3,False,0.32568394992218797,8.521603644891934e-06,True,0
13,ElasticNet,0.0001,0.3,0.3272825424189098,0.047234855403039254,0.9926008650606266,3,False,0.3272825424189098,4.124646441625438e-05,True,0
9,Ridge,0.0001,0.0,0.32796671905745917,0.025100627349932632,0.9925651149114877,3,False,0.32796671905745917,0.0,True,0
10,ElasticNet,0.01,0.1,0.32956604328736455,0.052564877709515394,0.9924897837718539,3,False,0.32956604328736455,9.259020764780697e-06,True,0
9,Ridge,1e-05,0.0,0.32981356949363444,0.026027745875588208,0.9925248828589042,3,False,0.3298135694936344,0.0,True,0
9,Ridge,1e-06,0.0,0.33001103336457,0.026122131035072108,0.9925205750779402,3,False,0.33001103336457,0.0,True,0
8,ElasticNet,0.001,0.1,0.33112283625301037,0.05321845029384184,0.9924317245421497,3,False,0.33112283625301037,9.475338934445654e-06,True,0
10,ElasticNet,1e-05,0.5,0.33236785815983466,0.010520551447411899,0.9924389763629314,3,False,0.33236785815983466,3.9575869080644296e-05,True,0
10,ElasticNet,1e-05,0.1,0.3332403128767627,0.011223526662079403,0.9924193287509611,3,False,0.3332403128767627,3.9658003116301486e-05,True,0
12,ElasticNet,0.01,0.5,0.334577946633781,0.05129601188473864,0.9923989449918307,3,False,0.334577946633781,6.104358593089949e-06,True,0
10,ElasticNet,1e-05,0.3,0.3346509742391302,0.01161537808815241,0.9923915083936646,3,False,0.33465097423913015,4.2340129180580456e-05,True,0
10,ElasticNet,1e-05,0.7,0.33494872405052684,0.011637697904250264,0.9923793946263405,3,False,0.33494872405052684,4.02455770192308e-05,True,0
8,ElasticNet,0.001,0.3,0.33576311869249675,0.05470934581922615,0.9923289543065893,3,False,0.33576311869249675,9.020478232398769e-06,True,0
11,ElasticNet,0.01,0.5,0.3385635074772901,0.04457099916525814,0.9923034767039235,3,False,0.3385635074772901,9.2658820001661e-06,True,0
11,ElasticNet,0.01,0.5,0.33856412565612953,0.04458483748453118,0.9923034698477955,3,False,0.3385641256561296,9.144578391310533e-06,True,0
8,ElasticNet,0.001,0.5,0.33929374638653725,0.054939718411119394,0.9922486749164507,3,False,0.33929374638653725,9.804036564619364e-06,True,0
15,ElasticNet,0.01,0.7,0.34012957774396874,0.0433285247825641,0.9922683974876287,3,False,0.34012957774396874,3.332498882167075e-05,True,0
18,Ridge,1.0,0.0,0.3405528432805291,0.09570218887935278,0.9923613198913567,3,False,0.3405528432805291,0.0,True,0
8,Ridge,1.0,0.0,0.3405837788926491,0.05558130519874945,0.9922161995191948,3,False,0.3405837788926491,0.0,True,0
17,ElasticNet,0.01,0.7,0.3410729901107962,0.03974982308594887,0.9922411551024387,3,False,0.3410729901107962,3.925103715962056e-05,True,0
13,ElasticNet,0.01,0.7,0.34125272332744633,0.04740047053344821,0.9922501288494002,3,False,0.34125272332744644,5.191344258134896e-06,True,0
14,ElasticNet,0.01,0.7,0.3427267277620169,0.047799731312702855,0.9922171494465064,3,False,0.3427267277620169,9.59831269047376e-06,True,0
8,ElasticNet,0.001,0.7,0.34284269452795474,0.05562034942040811,0.9921660026494,3,False,0.34284269452795474,9.506578171167139e-06,True,0
7,Ridge,0.01,0.0,0.3441861708870762,0.01884842974755814,0.9921297822338094,3,False,0.3441861708870762,0.0,True,0
10,Ridge,10.0,0.0,0.3445938652430736,0.05120241525029661,0.9921506201693813,3,False,0.3445938652430736,0.0,True,0
7,ElasticNet,1e-05,0.3,0.3446521810023655,0.01692697333295188,0.9921221153213698,3,False,0.3446521810023655,9.447659343267478e-06,True,0
7,ElasticNet,1e-05,0.1,0.34466395093774677,0.017426912078439397,0.9921210903069074,3,False,0.3446639509377467,9.939230713892073e-06,True,0
7,ElasticNet,1e-05,0.5,0.34488152514407844,0.016612056475397752,0.9921172890793838,3,False,0.34488152514407844,9.822612197372503e-06,True,0
7,ElasticNet,1e-05,0.7,0.3451987918834796,0.016344696399620523,0.9921104145843622,3,False,0.3451987918834796,9.898433863421785e-06,True,0
7,Ridge,0.001,0.0,0.3453125581289303,0.015454483537287261,0.992108883472984,3,False,0.3453125581289303,0.0,True,0
7,ElasticNet,1e-05,0.9,0.3454604931078156,0.01597204475927537,0.9921048807077639,3,False,0.3454604931078156,9.926721971754329e-06,True,0
7,ElasticNet,1e-06,0.1,0.3454887474414175,0.015255653412391955,0.9921051079424549,3,False,0.3454887474414175,9.863259061136848e-06,True,0
7,Ridge,0.0001,0.0,0.34551802484445066,0.014994953625103119,0.9921048663645123,3,False,0.3455180248444507,0.0,True,0
7,Ridge,1e-05,0.0,0.3455398772702778,0.014947357844893913,0.992104437467899,3,False,0.3455398772702778,0.0,True,0
7,Ridge,1e-06,0.0,0.345542076092568,0.01494258124135286,0.9921043942954094,3,False,0.345542076092568,0.0,True,0
7,ElasticNet,1e-06,0.95,0.34560906467875424,0.015609738751172404,0.9921018311694546,3,False,0.34560906467875424,9.996484833443328e-06,True,0
7,ElasticNet,1e-05,0.95,0.3456175276742191,0.01591414872864212,0.9921014907304094,3,False,0.3456175276742191,9.95088109531479e-06,True,0
7,LASSO,1e-06,1.0,0.3456180900266698,0.01561449330237778,0.9921015972636426,3,False,0.3456180900266698,9.97670485522628e-06,True,0
7,ElasticNet,1e-06,0.9,0.34563325878236495,0.015517569334156085,0.9921013202290174,3,False,0.34563325878236495,9.993096711569518e-06,True,0
7,ElasticNet,1e-06,0.7,0.34565979143294473,0.015499761302390364,0.9921007222658962,3,False,0.34565979143294473,9.975417660280003e-06,True,0
7,ElasticNet,1e-06,0.5,0.34568274365449403,0.015505766662564402,0.9921001586028823,3,False,0.34568274365449403,9.955176946245635e-06,True,0
7,ElasticNet,1e-06,0.3,0.345693714003547,0.015413314287384496,0.9921000917454733,3,False,0.345693714003547,9.950789745290348e-06,True,0
7,LASSO,1e-05,1.0,0.3457562638191505,0.015858663944975385,0.9920984913606551,3,False,0.3457562638191505,9.817162984718298e-06,True,0
8,ElasticNet,0.001,0.9,0.34606430103240743,0.055297025984160836,0.9920914642000728,3,False,0.34606430103240743,9.737157767436707e-06,True,0
8,ElasticNet,0.001,0.95,0.34668928508820795,0.05497342085898443,0.9920761209041532,3,False,0.34668928508820795,9.91019909733987e-06,True,0
7,ElasticNet,0.0001,0.1,0.3471206499064501,0.025897982413822126,0.9920552260686897,3,False,0.34712064990645003,9.994183000600907e-06,True,0
7,ElasticNet,0.0001,0.5,0.347242971594095,0.025566740166875403,0.992053923245745,3,False,0.347242971594095,9.841174414278426e-06,True,0
7,ElasticNet,0.0001,0.7,0.3472784269766158,0.025213926784137353,0.9920540000053281,3,False,0.3472784269766158,9.726288704792692e-06,True,0
7,ElasticNet,0.0001,0.3,0.34729289685191844,0.02589803870579458,0.9920517391636569,3,False,0.34729289685191844,9.890764760815525e-06,True,0
8,LASSO,0.001,1.0,0.34738115025733113,0.054902395478102155,0.9920591390124981,3,False,0.34738115025733113,9.159670956136474e-06,True,0
7,ElasticNet,0.0001,0.9,0.3475243785086279,0.024491029641599774,0.9920496318403765,3,False,0.3475243785086279,9.791874098052147e-06,True,0
7,ElasticNet,0.0001,0.95,0.3477436076562707,0.02405983948582784,0.9920454682131457,3,False,0.3477436076562707,9.943429782597121e-06,True,0
7,LASSO,0.0001,1.0,0.3479171122792378,0.023873158852273275,0.9920418986299325,3,False,0.3479171122792379,9.94149125754966e-06,True,0
10,ElasticNet,0.01,0.3,0.3482963853929541,0.05852722697116412,0.9920823345784896,3,False,0.3482963853929541,9.663484022190416e-06,True,0
14,ElasticNet,0.0001,0.3,0.348563931681748,0.05735431626547358,0.9921352415938586,3,False,0.348563931681748,4.922066393611859e-05,True,0
19,ElasticNet,0.001,0.1,0.3501330095414872,0.11934681705793324,0.9921672358785655,3,False,0.3501330095414872,4.154253073586631e-05,True,0
7,Ridge,0.1,0.0,0.3504874885323391,0.02767826599975357,0.9919772396426355,3,False,0.3504874885323391,0.0,True,0
13,ElasticNet,0.0001,0.1,0.3516190066445633,0.07340805486885346,0.9920824138315746,3,False,0.3516190066445633,3.470899997672081e-05,True,0
12,ElasticNet,0.01,0.7,0.35291395712047363,0.05535795057619488,0.9919963393942274,3,False,0.35291395712047363,9.634098545726819e-06,True,0
11,ElasticNet,0.01,0.7,0.3543039541349424,0.05013896728249697,0.9919561900552628,3,False,0.3543039541349424,8.915836792227488e-06,True,0
11,ElasticNet,0.01,0.7,0.35430536813867014,0.05012438121689445,0.9919561527249474,3,False,0.35430536813867014,9.94874027751818e-06,True,0
11,Ridge,0.01,0.0,0.3609777967549414,0.04802291226263698,0.9918460394552678,3,False,0.3609777967549414,0.0,True,0
15,ElasticNet,0.01,0.9,0.36141343902580897,0.0513625775117639,0.9917941801939808,3,False,0.36141343902580897,2.5242006750046675e-05,True,0
9,ElasticNet,0.01,0.1,0.36199346961505213,0.03897539253642423,0.9917340091389617,3,False,0.36199346961505213,9.756037356806104e-06,True,0
13,ElasticNet,0.01,0.9,0.3626606819786547,0.05591491421623344,0.9917736782267518,3,False,0.3626606819786547,7.000965358871028e-06,True,0
14,Ridge,0.1,0.0,0.3634345740310745,0.07927937400609324,0.991822348654285,3,False,0.3634345740310745,0.0,True,0
20,ElasticNet,0.001,0.1,0.3667239998865776,0.14455551887791934,0.991824851751626,3,False,0.3667239998865776,4.4495784410894325e-05,True,0
15,ElasticNet,0.01,0.95,0.36748239809715977,0.05332784761711314,0.9916591591355157,3,False,0.36748239809715977,4.6623967168783406e-05,True,0
10,ElasticNet,0.01,0.5,0.36845480511472556,0.06369511088977706,0.9916397683578074,3,False,0.36845480511472556,9.540409880340328e-06,True,0
13,ElasticNet,0.01,0.95,0.3697158675659841,0.05912453005901281,0.9916161361707432,3,False,0.3697158675659841,9.124091429189851e-06,True,0
14,ElasticNet,0.01,0.95,0.370603151266085,0.058367375106502584,0.9915967693341384,3,False,0.37060315126608506,4.739177541522588e-05,True,0
12,ElasticNet,0.01,0.9,0.3730139238369327,0.06259863929014692,0.9915483090427939,3,False,0.3730139238369327,9.322694018572622e-06,True,0
11,ElasticNet,1e-05,0.1,0.37364718553136794,0.04068279987069556,0.9915479535239603,3,False,0.37364718553136805,3.868597644768429e-05,True,0
11,ElasticNet,0.01,0.9,0.373746831107634,0.05979122813264588,0.991522870962716,3,False,0.373746831107634,9.915076895938499e-06,True,0
11,ElasticNet,0.01,0.9,0.3737572427462075,0.05978344493662259,0.9915225984841696,3,False,0.3737572427462075,6.734830841938211e-06,True,0
11,ElasticNet,1e-05,0.3,0.3759784616840567,0.04240325326633415,0.9914934714958578,3,False,0.3759784616840567,4.526830729469236e-05,True,0
13,LASSO,0.01,1.0,0.3762072549621956,0.05847617616198869,0.9914693995215412,3,False,0.3762072549621956,6.130753435430389e-06,True,0
9,ElasticNet,0.01,0.3,0.3763259809756156,0.041434844600425326,0.9914197266546395,3,False,0.3763259809756156,9.828467763001864e-06,True,0
11,ElasticNet,1e-05,0.5,0.37785069418372835,0.04121881281818491,0.9914537596939018,3,False,0.37785069418372846,4.809198833612701e-05,True,0
19,Ridge,1.0,0.0,0.37959425325982127,0.1528365857694583,0.9915484771478291,3,False,0.37959425325982116,0.0,True,0
12,ElasticNet,0.01,0.95,0.38024024445761917,0.0655529454064895,0.9913887606669864,3,False,0.38024024445761917,7.821108789579645e-06,True,0
11,ElasticNet,0.01,0.95,0.38051097998830147,0.06293768015756618,0.991373487725205,3,False,0.38051097998830147,9.79979958602023e-06,True,0
11,ElasticNet,0.01,0.95,0.380515722807981,0.06296782426888065,0.9913733097805428,3,False,0.380515722807981,6.01519733588185e-06,True,0
9,Ridge,10.0,0.0,0.38528475028304615,0.04026858288782724,0.991209060291168,3,False,0.38528475028304615,0.0,True,0
10,ElasticNet,0.01,0.7,0.38599272839864707,0.068282366005637,0.9912536093542729,3,False,0.38599272839864707,3.0422194076911227e-05,True,0
9,ElasticNet,0.01,0.5,0.3944092803270293,0.04568589930232627,0.9910271749649163,3,False,0.3944092803270293,9.014486809354877e-06,True,0
7,LASSO,0.001,1.0,0.40092967101264315,0.042974472063294966,0.9908352353869169,3,False,0.40092967101264315,9.919866213852326e-06,True,0
7,ElasticNet,0.001,0.7,0.400997487691436,0.041826796329110086,0.9908358328244363,3,False,0.40099748769143595,9.933651176445937e-06,True,0
7,ElasticNet,0.001,0.5,0.4010086816729797,0.04081945133290617,0.9908338684287511,3,False,0.4010086816729797,9.654778335219842e-06,True,0
7,ElasticNet,0.001,0.1,0.4010152262442334,0.039809592423890865,0.9908268401174171,3,False,0.4010152262442334,9.954115819467454e-06,True,0
7,ElasticNet,0.001,0.95,0.4010867569632544,0.04290149717876081,0.9908325477557561,3,False,0.4010867569632544,9.651820667464818e-06,True,0
7,ElasticNet,0.001,0.3,0.4011506733822278,0.04006356694570557,0.9908270838294481,3,False,0.4011506733822278,9.851892067705306e-06,True,0
7,ElasticNet,0.001,0.9,0.4012225404405756,0.042693623332054106,0.9908299948808207,3,False,0.4012225404405756,9.829127191277411e-06,True,0
9,ElasticNet,0.01,0.7,0.4089998774522219,0.05213461906557959,0.9907057110464642,3,False,0.4089998774522219,8.733059348575017e-06,True,0
10,LASSO,1e-06,1.0,0.4093471210879968,0.0443276395915489,0.9907514973624437,3,False,0.4093471210879968,4.5501627566173273e-05,True,0
10,LASSO,0.01,1.0,0.409572139713291,0.06832853545783349,0.9907204252910593,3,False,0.409572139713291,2.4453528113784276e-05,True,0
7,Ridge,1.0,0.0,0.4242317519603214,0.04373985408668327,0.9903008642557256,3,False,0.4242317519603214,0.0,True,0
11,ElasticNet,1e-06,0.1,0.43863129590892136,0.048593759440565466,0.9900816635149391,3,False,0.43863129590892136,4.501701086294164e-05,True,0
11,ElasticNet,1e-06,0.3,0.44420061790260673,0.048232970500425076,0.9899535216516074,3,False,0.44420061790260673,4.60345743007672e-05,True,0
15,ElasticNet,0.0001,0.1,0.47350067226707565,0.22559632760759823,0.9894999451796661,3,False,0.47350067226707565,3.641007185977157e-05,True,0
8,LASSO,0.01,1.0,0.5337014438602162,0.09726529866540011,0.9879036970998688,3,False,0.5337014438602162,9.955299804145779e-06,True,0
13,ElasticNet,1e-05,0.3,0.5362674600539781,0.17350656783231125,0.9879812934967142,3,False,0.5362674600539782,4.83811245783002e-05,True,0
16,ElasticNet,0.0001,0.1,0.5656201241160264,0.3220238651662411,0.9875143741339182,3,False,0.5656201241160264,3.724929295288659e-05,True,0
13,ElasticNet,1e-05,0.1,0.5962876469555615,0.2653044257022824,0.9867313037686379,3,False,0.5962876469555615,4.318293542215782e-05,True,0
20,ElasticNet,0.1,0.1,0.6018107564717444,0.07199770192963385,0.9864172338987012,3,False,0.6018107564717444,1.914828954998997e-05,True,0
18,ElasticNet,0.1,0.1,0.6019172858306615,0.07797391350548931,0.9864246566835134,3,False,0.6019172858306615,9.655119161374251e-06,True,0
19,ElasticNet,0.1,0.1,0.6030158109375076,0.07616522204789393,0.9863947937532248,3,False,0.6030158109375076,2.2885565265048577e-05,True,0
17,ElasticNet,0.1,0.1,0.60601495803636,0.08472984874003807,0.9863404031161133,3,False,0.60601495803636,9.834690803588175e-06,True,0
16,ElasticNet,0.1,0.1,0.6077178958116418,0.085707741821608,0.9863059423664083,3,False,0.6077178958116419,9.816039065836668e-06,True,0
15,ElasticNet,0.1,0.1,0.6128180446162463,0.09151309418244355,0.9861976539076845,3,False,0.6128180446162464,9.846512738127117e-06,True,0
14,ElasticNet,0.1,0.1,0.6246281978330831,0.09388095048086297,0.9859337128386635,3,False,0.6246281978330832,9.539055844099559e-06,True,0
13,ElasticNet,0.1,0.1,0.6301731981564878,0.09277909885422267,0.9858040570583176,3,False,0.6301731981564878,9.706592915324427e-06,True,0
6,ElasticNet,0.0001,0.1,0.65467817122211,0.10806234423139198,0.985164715861501,3,False,0.6546781712221099,9.934210317881229e-06,True,0
6,ElasticNet,0.0001,0.3,0.6548423446453048,0.10827409240487136,0.9851616083796779,3,False,0.6548423446453048,9.479884832478492e-06,True,0
6,Ridge,0.1,0.0,0.6549222566609753,0.10931852756629809,0.9851570019896707,3,False,0.6549222566609753,0.0,True,0
6,ElasticNet,0.0001,0.5,0.6550556606746523,0.10848644384279094,0.9851574116361791,3,False,0.6550556606746523,9.755740736287823e-06,True,0
6,Ridge,0.01,0.0,0.6553042302942789,0.10529444633287618,0.9851544576461414,3,False,0.6553042302942789,0.0,True,0
6,ElasticNet,0.0001,0.7,0.6553276487217135,0.10870883994216624,0.9851518999959442,3,False,0.6553276487217135,9.425572896353023e-06,True,0
6,ElasticNet,1e-05,0.1,0.6554553007854415,0.1050469203532338,0.9851511965830877,3,False,0.6554553007854415,9.333494046634793e-06,True,0
6,ElasticNet,1e-05,0.3,0.655502667880349,0.10504922546257138,0.9851502216824346,3,False,0.6555026678803492,9.319839806981653e-06,True,0
6,ElasticNet,1e-05,0.5,0.6555338760428786,0.10505962181329323,0.9851495802360688,3,False,0.6555338760428787,9.87091377670578e-06,True,0
6,ElasticNet,0.0001,0.9,0.6555662579263665,0.10892406608360448,0.9851471955101375,3,False,0.6555662579263665,9.989224442648524e-06,True,0
6,ElasticNet,1e-05,0.7,0.6555838439239038,0.10509795382479113,0.9851485657775,3,False,0.6555838439239038,9.57516838579103e-06,True,0
6,ElasticNet,1e-05,0.95,0.6556006072324636,0.1051083810380609,0.985148250106834,3,False,0.6556006072324636,9.459988702224484e-06,True,0
6,ElasticNet,1e-05,0.9,0.655610936708014,0.10511967874269132,0.9851480252257018,3,False,0.655610936708014,9.744652722001301e-06,True,0
6,LASSO,1e-05,1.0,0.6556197011070793,0.10510259863060156,0.9851478414548137,3,False,0.6556197011070793,9.858867967116997e-06,True,0
6,ElasticNet,0.0001,0.95,0.6556205543804269,0.10894651852820222,0.9851461650813754,3,False,0.6556205543804269,9.021650312333911e-06,True,0
6,ElasticNet,1e-06,0.1,0.6556219854245807,0.10489977905090787,0.9851481170661169,3,False,0.6556219854245806,9.891067256411172e-06,True,0
6,Ridge,0.001,0.0,0.6556231434621851,0.10482628508500168,0.9851480024865052,3,False,0.6556231434621851,0.0,True,0
6,ElasticNet,1e-06,0.9,0.6556253684128319,0.10490543021841046,0.9851479864734216,3,False,0.655625368412832,9.956553015508035e-06,True,0
6,ElasticNet,1e-06,0.7,0.6556268273602216,0.1049081061070056,0.9851479627130679,3,False,0.6556268273602216,9.799119846189495e-06,True,0
6,ElasticNet,1e-06,0.5,0.6556291372743875,0.10491523783998587,0.9851479487149244,3,False,0.6556291372743875,9.919265175684932e-06,True,0
6,ElasticNet,1e-06,0.3,0.6556337348142408,0.10490107705066028,0.9851478752682293,3,False,0.6556337348142408,9.629298608090017e-06,True,0
6,ElasticNet,1e-06,0.95,0.6556344225165964,0.10492403127440578,0.9851477796999303,3,False,0.6556344225165964,9.491117344448517e-06,True,0
6,LASSO,1e-06,1.0,0.6556361042242297,0.10492886609164191,0.9851477579402258,3,False,0.6556361042242297,9.930689280726561e-06,True,0
6,Ridge,0.0001,0.0,0.6556588938107489,0.10477858883699633,0.985147271630701,3,False,0.6556588938107489,0.0,True,0
6,Ridge,1e-05,0.0,0.6556625088735539,0.10477381010570991,0.9851471976598188,3,False,0.6556625088735539,0.0,True,0
6,Ridge,1e-06,0.0,0.6556628707816042,0.10477333214119958,0.9851471902538446,3,False,0.6556628707816042,0.0,True,0
6,LASSO,0.0001,1.0,0.6556886331852092,0.10904479415121794,0.985144778986629,3,False,0.6556886331852092,9.466810270332703e-06,True,0
12,ElasticNet,0.1,0.1,0.6708759826236129,0.10139540679529681,0.9848888563550763,3,False,0.6708759826236129,9.636198336760576e-06,True,0
6,LASSO,0.001,1.0,0.6769658531658916,0.13532009613323662,0.9846527606260209,3,False,0.6769658531658916,9.658911960006922e-06,True,0
6,ElasticNet,0.001,0.95,0.6774255112252122,0.13534060531204484,0.9846424885556918,3,False,0.6774255112252122,9.507919654391339e-06,True,0
6,ElasticNet,0.001,0.9,0.6776861855822912,0.13498558819951081,0.9846362590330737,3,False,0.6776861855822912,8.800721257865062e-06,True,0
6,ElasticNet,0.001,0.7,0.6787666926708814,0.13269691093286287,0.9846096074566516,3,False,0.6787666926708814,9.832407069378514e-06,True,0
6,ElasticNet,0.001,0.5,0.6800556907568471,0.13007154712706914,0.9845777240776316,3,False,0.6800556907568471,9.518089446870076e-06,True,0
6,ElasticNet,0.001,0.3,0.6817354775915062,0.12782733894948242,0.984537389761526,3,False,0.6817354775915064,7.559325739847666e-06,True,0
6,ElasticNet,0.001,0.1,0.6835061454065428,0.12581929222609692,0.9844953260552926,3,False,0.6835061454065428,9.107417590427616e-06,True,0
12,ElasticNet,1e-06,0.1,0.6837827645796025,0.25442967339838607,0.9845747518910639,3,False,0.6837827645796025,4.08282474652592e-05,True,0
11,ElasticNet,0.1,0.1,0.6900801657312292,0.08696930420120352,0.9844265298577849,3,False,0.6900801657312292,8.973071119373205e-06,True,0
17,ElasticNet,0.0001,0.1,0.6946984689764673,0.5190535424493475,0.9848017778733681,3,False,0.6946984689764673,4.49109447570695e-05,True,0
6,Ridge,1.0,0.0,0.7052097146189392,0.1310343721735623,0.9840008504693194,3,False,0.7052097146189392,0.0,True,0
18,ElasticNet,0.0001,0.1,0.750260807564743,0.523361858716259,0.9835226634591844,3,False,0.750260807564743,4.797044944923889e-05,True,0
20,ElasticNet,0.1,0.3,0.8410782419632685,0.17007963907202686,0.9811451610734107,3,False,0.8410782419632685,7.864599084923818e-06,True,0
18,ElasticNet,0.1,0.3,0.8436930797413232,0.16943450710704314,0.981082127060108,3,False,0.8436930797413232,7.870058003942026e-06,True,0
19,ElasticNet,0.1,0.3,0.8462857745440568,0.17515864183103944,0.9810328640283724,3,False,0.8462857745440568,1.5025686374608299e-05,True,0
17,ElasticNet,0.1,0.3,0.850616116347001,0.1753871058281879,0.9809320131312661,3,False,0.850616116347001,5.688844136538668e-06,True,0
16,ElasticNet,0.1,0.3,0.8520863817803129,0.16994751262712787,0.9808897546144378,3,False,0.8520863817803129,8.501497529615765e-06,True,0
15,ElasticNet,0.1,0.3,0.859822458179135,0.17645183738686163,0.9807214960418191,3,False,0.859822458179135,9.583690096771902e-06,True,0
14,ElasticNet,0.1,0.3,0.8722738565930578,0.17295002187791722,0.9804316179234296,3,False,0.8722738565930578,3.918139748579352e-06,True,0
13,ElasticNet,1e-06,0.5,0.8751509695752874,0.5079368280930282,0.9805736202059351,3,False,0.8751509695752874,4.347456972750123e-05,True,0
14,ElasticNet,1e-05,0.1,0.8785073770295275,0.5385962221454,0.9805180680976299,3,False,0.8785073770295275,4.392467356683972e-05,True,0
13,ElasticNet,0.1,0.3,0.8796500833744451,0.17358481878109636,0.9802595644971918,3,False,0.8796500833744451,5.5838403854729934e-06,True,0
13,ElasticNet,1e-06,0.3,0.8808129620670991,0.4881733767904799,0.9803764714595017,3,False,0.8808129620670991,4.178033281668762e-05,True,0
13,ElasticNet,1e-06,0.95,0.888119901150661,0.5331317393335069,0.9802731898229999,3,False,0.888119901150661,4.34161780773493e-05,True,0
12,ElasticNet,0.1,0.3,0.9185439445721727,0.17642608180892216,0.9793718271792343,3,False,0.9185439445721726,7.621796678881909e-06,True,0
11,ElasticNet,0.1,0.3,0.9393150676348075,0.1644273220179861,0.9788690764920536,3,False,0.9393150676348075,9.657849543077968e-06,True,0
6,ElasticNet,0.01,0.7,0.9494322216667589,0.15831714984612028,0.9784637023546178,3,False,0.9494322216667589,8.578359240846677e-06,True,0
6,ElasticNet,0.01,0.5,0.9505379734788123,0.163906963004961,0.9784530129484484,3,False,0.9505379734788123,9.809969878688159e-06,True,0
13,ElasticNet,1e-06,0.1,0.9522790909363992,0.6091191587611309,0.9789141761442502,3,False,0.9522790909363993,3.9760167789816043e-05,True,0
6,ElasticNet,0.01,0.9,0.9527525505288893,0.15669275886548886,0.9783774577130337,3,False,0.9527525505288893,7.80565889674234e-06,True,0
6,ElasticNet,0.01,0.3,0.9530534933345427,0.164197004569124,0.97840300425394,3,False,0.9530534933345427,8.322421365983181e-06,True,0
6,ElasticNet,0.01,0.95,0.9531210441515873,0.15608127908573233,0.978368498762833,3,False,0.9531210441515873,9.65654269210331e-06,True,0
6,LASSO,0.01,1.0,0.9531870697810098,0.15504012411874524,0.9783694485311777,3,False,0.9531870697810098,8.665665704041953e-06,True,0
6,ElasticNet,0.01,0.1,0.955259133196642,0.1653318070609,0.9783573348208866,3,False,0.955259133196642,7.91926293657345e-06,True,0
18,ElasticNet,0.1,0.5,1.0594325035801093,0.26163058455669275,0.9763348091547838,3,False,1.0594325035801093,9.658937951829982e-06,True,0
20,ElasticNet,0.1,0.5,1.0617033318784068,0.265106477022205,0.9762950851887725,3,False,1.0617033318784068,1.0373793256364394e-05,True,0
16,ElasticNet,0.1,0.5,1.0619916604514303,0.26022527461235984,0.9762655123190637,3,False,1.0619916604514303,6.992643011516364e-06,True,0
15,ElasticNet,0.1,0.5,1.0632843474968565,0.2630393494380895,0.9762350865115925,3,False,1.0632843474968565,7.166401672184519e-06,True,0
17,ElasticNet,0.1,0.5,1.0642590674775205,0.26932117591885807,0.9762329721751094,3,False,1.0642590674775205,7.78468099134344e-06,True,0
19,ElasticNet,0.1,0.5,1.0653922648338403,0.27113838158126286,0.9762180200134623,3,False,1.0653922648338403,6.981144127053696e-06,True,0
13,ElasticNet,0.1,0.5,1.0669618480637026,0.2530958198329494,0.9761178379488876,3,False,1.0669618480637026,8.123769069778852e-06,True,0
14,ElasticNet,0.1,0.5,1.069992380979597,0.25824177282217475,0.9760669617603427,3,False,1.069992380979597,7.096901782174814e-06,True,0
12,ElasticNet,0.1,0.5,1.0931483633423278,0.25661745030012023,0.9755152396688699,3,False,1.0931483633423278,5.305096449803592e-06,True,0
11,ElasticNet,0.1,0.5,1.1018087743688685,0.2396629326884591,0.975276980264506,3,False,1.1018087743688683,9.922083813687643e-06,True,0
13,ElasticNet,0.1,0.7,1.2360468647937257,0.30846981199534623,0.9723628687169845,3,False,1.2360468647937257,7.780506030244383e-06,True,0
15,ElasticNet,0.1,0.7,1.2372632112748,0.3222094690934887,0.9723766990321953,3,False,1.2372632112748,6.9014976421949426e-06,True,0
14,ElasticNet,0.1,0.7,1.2400207605833007,0.31734362245528447,0.9722976771641357,3,False,1.2400207605833007,5.035076042908537e-06,True,0
16,ElasticNet,0.1,0.7,1.241057934217842,0.327599103222116,0.9723041843014856,3,False,1.241057934217842,1.0853195814480854e-05,True,0
17,ElasticNet,0.1,0.7,1.246311016293968,0.3358992317909461,0.9722040294820103,3,False,1.246311016293968,3.158425522339914e-05,True,0
18,ElasticNet,0.1,0.7,1.2489694918676164,0.33911112454236514,0.9721510341427672,3,False,1.2489694918676164,1.4105409336648278e-05,True,0
12,ElasticNet,0.1,0.7,1.2551065723290247,0.3126112510826858,0.9719178978638303,3,False,1.2551065723290247,4.14708984079748e-06,True,0
19,ElasticNet,0.1,0.7,1.2568847465979662,0.3480648681913294,0.9719895462931308,3,False,1.2568847465979662,1.4233281522460506e-05,True,0
20,ElasticNet,0.1,0.7,1.2582589881679767,0.34897189861416744,0.971961175836657,3,False,1.2582589881679767,3.3942854523932864e-05,True,0
11,ElasticNet,0.1,0.7,1.2609974156434858,0.2975327232561347,0.9717408461171152,3,False,1.2609974156434858,6.407770793484535e-06,True,0
15,ElasticNet,1e-05,0.1,1.273194874796669,1.1407260693887764,0.9722176993758257,3,False,1.2731948747966693,4.191822834381593e-05,True,0
5,ElasticNet,0.001,0.5,1.3739824993414895,0.11806336688702997,0.9687141148258035,3,False,1.3739824993414895,8.944479122757407e-06,True,0
5,ElasticNet,0.001,0.7,1.3741027508234014,0.11773880958570647,0.9687102270401252,3,False,1.3741027508234014,8.69526501359318e-06,True,0
5,ElasticNet,0.001,0.3,1.3741329883706055,0.11817837995033886,0.9687118620209675,3,False,1.3741329883706055,9.829886396006823e-06,True,0
5,ElasticNet,0.001,0.1,1.3745029754910085,0.11816790945436692,0.9687046746868638,3,False,1.3745029754910083,9.551584378882596e-06,True,0
5,ElasticNet,0.001,0.9,1.3746632857821999,0.11721224961493518,0.9686963470870942,3,False,1.3746632857821999,9.775524286309415e-06,True,0
5,ElasticNet,0.001,0.95,1.3749062433420611,0.11702482224851642,0.9686905748296358,3,False,1.3749062433420611,7.155728542595835e-06,True,0
5,LASSO,0.001,1.0,1.3751972135162085,0.1168438301432248,0.968683689527194,3,False,1.3751972135162085,9.767579665993092e-06,True,0
5,Ridge,0.1,0.0,1.378099419766081,0.11898908007421716,0.9686299067115879,3,False,1.378099419766081,0.0,True,0
5,Ridge,1.0,0.0,1.378157130160232,0.11584103265306227,0.96862203841979,3,False,1.378157130160232,0.0,True,0
5,ElasticNet,0.0001,0.1,1.3791038339866717,0.1187849929788193,0.9686079130009689,3,False,1.3791038339866717,7.4025322609622264e-06,True,0
5,ElasticNet,0.0001,0.3,1.3793422152240524,0.11867768182843617,0.9686025722878987,3,False,1.3793422152240524,9.858410246851189e-06,True,0
5,ElasticNet,0.0001,0.5,1.3796417667814829,0.11854081380393652,0.9685956403373502,3,False,1.3796417667814829,9.995447526546218e-06,True,0
5,ElasticNet,0.0001,0.7,1.3798735704026204,0.11841463903631137,0.9685905414581392,3,False,1.3798735704026204,9.188999289542574e-06,True,0
5,ElasticNet,0.0001,0.9,1.3801613268017423,0.11828811097832008,0.968583972996484,3,False,1.3801613268017423,7.5152122802686925e-06,True,0
5,ElasticNet,0.0001,0.95,1.3802222691175559,0.11824596579445068,0.9685826636945732,3,False,1.3802222691175559,9.538595048644963e-06,True,0
5,LASSO,0.0001,1.0,1.3803324289865788,0.11821051479417509,0.9685800112099138,3,False,1.3803324289865788,7.914385656233083e-06,True,0
5,Ridge,0.01,0.0,1.3808786830893567,0.11846125168980544,0.9685689634000482,3,False,1.3808786830893567,0.0,True,0
5,ElasticNet,1e-05,0.1,1.381028999479697,0.11842762806577771,0.9685657177326467,3,False,1.381028999479697,9.361678513035309e-06,True,0
5,ElasticNet,1e-05,0.3,1.3810633217065622,0.11841101540877008,0.9685649241243182,3,False,1.3810633217065622,7.605055609173616e-06,True,0
5,ElasticNet,1e-05,0.5,1.3810903314406229,0.11840112601467224,0.9685643113801715,3,False,1.3810903314406229,7.5434735192904205e-06,True,0
5,ElasticNet,1e-05,0.7,1.3811202607573652,0.11838791895671645,0.9685636265428837,3,False,1.3811202607573654,9.960730420470663e-06,True,0
5,ElasticNet,1e-05,0.9,1.3811485613372192,0.11836817164686604,0.9685629858781164,3,False,1.3811485613372192,9.838864926341057e-06,True,0
5,ElasticNet,1e-05,0.95,1.3811514000634209,0.11836604639534282,0.9685629319632456,3,False,1.3811514000634209,9.343503559738827e-06,True,0
5,LASSO,1e-05,1.0,1.3811610164709933,0.11835982658527124,0.9685627002364816,3,False,1.3811610164709933,8.738866241551998e-06,True,0
5,Ridge,0.001,0.0,1.3812174388585443,0.11839247278885108,0.9685615160071542,3,False,1.3812174388585443,0.0,True,0
5,LASSO,1e-06,1.0,1.3812308137899916,0.11839528617292175,0.9685611897259577,3,False,1.3812308137899916,9.031483244917634e-06,True,0
5,ElasticNet,1e-06,0.95,1.3812352904444551,0.1183822682111599,0.9685611037348769,3,False,1.3812352904444554,9.702887755699285e-06,True,0
5,ElasticNet,1e-06,0.9,1.3812407638273878,0.11838848177988165,0.9685609929059987,3,False,1.3812407638273878,8.410988845432594e-06,True,0
5,ElasticNet,1e-06,0.3,1.3812409497784266,0.11838688273485162,0.9685610283210875,3,False,1.3812409497784266,7.41963097767169e-06,True,0
5,ElasticNet,1e-06,0.5,1.3812411881385211,0.1183942552411454,0.9685610195057648,3,False,1.3812411881385211,9.161912209673403e-06,True,0
5,ElasticNet,1e-06,0.1,1.381245239479676,0.11839066211115011,0.9685609460339055,3,False,1.381245239479676,7.5897186474703565e-06,True,0
5,ElasticNet,1e-06,0.7,1.3812479949029643,0.1183838370605692,0.9685608582900568,3,False,1.381247994902964,9.043586917824259e-06,True,0
5,Ridge,0.0001,0.0,1.3812519968100283,0.11838542012551181,0.9685607560777104,3,False,1.3812519968100283,0.0,True,0
5,Ridge,1e-05,0.0,1.3812554595119648,0.11838471309514381,0.9685606799310031,3,False,1.3812554595119648,0.0,True,0
5,Ridge,1e-06,0.0,1.3812558058513105,0.11838464237444973,0.9685606723147928,3,False,1.3812558058513105,0.0,True,0
13,ElasticNet,0.1,0.9,1.4079195479709705,0.34937303851195434,0.9685216630914045,3,False,1.4079195479709705,8.205175150974298e-06,True,0
14,ElasticNet,0.1,0.9,1.4188326144371863,0.3577644360159685,0.9683002107196614,3,False,1.4188326144371863,2.697168927795479e-05,True,0
11,ElasticNet,0.1,0.9,1.4196412844739783,0.34213265122387654,0.9682070180237498,3,False,1.4196412844739783,7.438358861758254e-06,True,0
15,ElasticNet,0.1,0.9,1.4199629246287337,0.36635323094851235,0.9682955707324443,3,False,1.4199629246287335,4.227700522030364e-05,True,0
16,ElasticNet,0.1,0.9,1.4256550966656134,0.36931726541536686,0.9681759498743471,3,False,1.4256550966656134,3.694487422398196e-05,True,0
12,ElasticNet,0.1,0.9,1.4267505597447487,0.3533327494929465,0.9680846206910584,3,False,1.4267505597447487,8.594486737178997e-06,True,0
16,ElasticNet,1e-05,0.1,1.436998553803216,1.094528784464142,0.9683127912744266,3,False,1.436998553803216,4.116259659904074e-05,True,0
13,ElasticNet,0.1,0.95,1.4504779910099967,0.34960728393667306,0.9675618727965581,3,False,1.4504779910099967,1.484629703385476e-05,True,0
11,ElasticNet,0.1,0.95,1.4574820672698872,0.34992330450034914,0.9673621530027923,3,False,1.4574820672698872,1.3767346215109999e-05,True,0
12,ElasticNet,0.1,0.95,1.4688894945238615,0.35652370917945725,0.9671364160611873,3,False,1.468889494523861,3.6096061812054825e-05,True,0
15,ElasticNet,0.1,0.95,1.4700351969146948,0.36916126247802633,0.9671662060686667,3,False,1.4700351969146948,3.358813882017864e-05,True,0
5,LASSO,0.01,1.0,1.493944832190106,0.060814149487699594,0.9659748190476535,3,False,1.493944832190106,9.72866300586947e-06,True,0
5,ElasticNet,0.01,0.95,1.4955739136789028,0.06119767287772641,0.9659384656219591,3,False,1.4955739136789028,6.941126592519345e-06,True,0
5,ElasticNet,0.01,0.9,1.4974206513828185,0.061647819172351556,0.9658973332304736,3,False,1.4974206513828185,6.742329475241046e-06,True,0
11,LASSO,0.1,1.0,1.499207373356512,0.369865321947699,0.9664440177633192,3,False,1.499207373356512,3.2083039473038144e-05,True,0
5,ElasticNet,0.01,0.7,1.5066314207315905,0.06078526529121647,0.9657025758354156,3,False,1.5066314207315905,5.2396567571146024e-06,True,0
5,ElasticNet,0.01,0.5,1.5159764534799016,0.06260868826942684,0.9655037065461446,3,False,1.5159764534799016,6.718839870484966e-06,True,0
5,ElasticNet,0.01,0.3,1.5283828703648557,0.06327712162881143,0.9652285964397048,3,False,1.5283828703648557,9.55293921613403e-06,True,0
5,ElasticNet,0.01,0.1,1.5434503315584465,0.06454863078512918,0.9648913284568427,3,False,1.5434503315584465,9.682816672234619e-06,True,0
14,ElasticNet,1e-06,0.1,1.597336522891112,1.014002927135852,0.9643051423769945,3,False,1.597336522891112,4.7961097146205994e-05,True,0
5,Ridge,10.0,0.0,1.673885532350881,0.05796691128700373,0.9619497745569857,3,False,1.673885532350881,0.0,True,0
8,LASSO,0.1,1.0,1.727461423018033,0.42791482080978915,0.9612645524269797,3,False,1.727461423018033,4.912696376660475e-06,True,0
15,ElasticNet,1e-06,0.5,1.9349379892680905,1.780478575125567,0.9577485030976742,3,False,1.934937989268091,4.767561144341808e-05,True,0
15,ElasticNet,1e-06,0.3,2.1242792927847143,2.0771654949755427,0.9538080967379164,3,False,2.1242792927847143,4.656378568045899e-05,True,0
15,ElasticNet,1e-06,0.7,2.1296179683668686,2.039431544149868,0.953763087564047,3,False,2.1296179683668686,4.902399979212621e-05,True,0
17,ElasticNet,1e-05,0.1,2.3770703787403322,2.4225266926137468,0.9483658324165593,3,False,2.3770703787403322,4.2532888065318886e-05,True,0
15,ElasticNet,1e-06,0.1,2.3999400060928537,2.423456126221231,0.9479346591057665,3,False,2.3999400060928537,4.0261152115272045e-05,True,0
16,ElasticNet,1e-06,0.7,2.417322194140913,1.5905449418329487,0.9460434903192528,3,False,2.417322194140913,4.442866463744621e-05,True,0
18,ElasticNet,1e-05,0.1,2.5454513251489304,2.4391648899973273,0.9444531951456292,3,False,2.5454513251489304,4.997599496067471e-05,True,0
20,ElasticNet,1.0,0.1,2.818047068717411,0.5830920960417245,0.9368464343049631,3,False,2.818047068717411,5.011597165538451e-06,True,0
19,ElasticNet,1.0,0.1,2.8217514052095916,0.573835034840333,0.9367380515197302,3,False,2.8217514052095916,8.129723078120765e-06,True,0
20,ElasticNet,1e-05,0.1,2.8242892564718804,2.1020041553761466,0.9375017237619444,3,False,2.8242892564718804,4.287969078077189e-05,True,0
18,ElasticNet,1.0,0.1,2.8539929745625634,0.5692878450003891,0.9359940764175754,3,False,2.853992974562564,8.030760387273128e-06,True,0
17,ElasticNet,1.0,0.1,2.867792044692615,0.5552273535760375,0.9356475624170043,3,False,2.867792044692615,9.901736884976309e-06,True,0
16,ElasticNet,1e-06,0.3,2.8924790161747786,2.505884502284804,0.9365270875410084,3,False,2.8924790161747786,4.3393184736123205e-05,True,0
16,ElasticNet,1.0,0.1,2.9295940295702985,0.5567488858113321,0.9342388709823344,3,False,2.9295940295702994,9.204355098185735e-06,True,0
15,ElasticNet,1.0,0.1,2.970463108978047,0.5334763988179725,0.9332640016212137,3,False,2.970463108978047,7.454063321726823e-06,True,0
14,ElasticNet,1.0,0.1,3.079059413574045,0.5419783421131866,0.9307974900993045,3,False,3.079059413574045,7.99124032188625e-06,True,0
13,ElasticNet,1.0,0.1,3.18204435457246,0.5042397259394052,0.9283918307377257,3,False,3.18204435457246,6.536896116696167e-06,True,0
4,LASSO,0.001,1.0,3.3300838711870018,0.41172672380843345,0.9248581221235029,3,False,3.3300838711870018,4.3410289937303136e-06,True,0
4,ElasticNet,0.001,0.95,3.3301808925708625,0.4117274825608697,0.9248559173800208,3,False,3.3301808925708625,3.1323445715528055e-06,True,0
4,ElasticNet,0.001,0.9,3.3302795975620367,0.41172635138781205,0.9248536735611257,3,False,3.3302795975620367,4.430588953099977e-06,True,0
4,ElasticNet,0.001,0.7,3.330714412177784,0.41172120296304704,0.9248437796714525,3,False,3.330714412177784,3.1117900557878046e-06,True,0
4,ElasticNet,0.001,0.5,3.331203319580974,0.41170800655683304,0.9248326457587378,3,False,3.331203319580974,3.6130720518605386e-06,True,0
4,ElasticNet,0.001,0.3,3.331745717381176,0.4116888176396155,0.924820289824417,3,False,3.331745717381176,8.74577460246496e-06,True,0
4,LASSO,0.0001,1.0,3.3322363833347968,0.4142822461915091,0.9248136629588303,3,False,3.3322363833347968,4.239171222847788e-06,True,0
4,ElasticNet,0.0001,0.95,3.3322415466563737,0.4142824291946456,0.9248135460195864,3,False,3.3322415466563737,4.458462332000338e-06,True,0
4,ElasticNet,0.0001,0.9,3.3322476981894593,0.41428294495574475,0.9248134065886279,3,False,3.3322476981894593,2.375111200786023e-06,True,0
4,ElasticNet,0.0001,0.7,3.3322691090863397,0.4142818470976304,0.9248129181548151,3,False,3.3322691090863397,2.710660881170501e-06,True,0
4,Ridge,0.1,0.0,3.3322803212922794,0.4141453639540921,0.924812428226185,3,False,3.3322803212922794,0.0,True,0
4,ElasticNet,0.0001,0.5,3.332291301146357,0.4142827940199558,0.9248124157159076,3,False,3.332291301146357,3.1638232995241804e-06,True,0
4,ElasticNet,0.0001,0.3,3.3323149042098996,0.414284148577042,0.9248118818718738,3,False,3.3323149042098996,3.259086202921036e-06,True,0
4,ElasticNet,0.001,0.1,3.332332563746301,0.4116610525799531,0.9248069073777292,3,False,3.332332563746301,5.555125012295366e-06,True,0
4,ElasticNet,0.0001,0.1,3.3323390654296845,0.4142863208888359,0.9248113359472967,3,False,3.3323390654296845,3.6587665881114568e-06,True,0
4,Ridge,0.01,0.0,3.3325060262265347,0.4145267938109384,0.9248079562069474,3,False,3.3325060262265347,0.0,True,0
4,LASSO,1e-05,1.0,3.3325075157173045,0.41454205926379867,0.9248079497458627,3,False,3.3325075157173045,1.8151628674049843e-06,True,0
4,ElasticNet,1e-05,0.95,3.3325080372334948,0.4145423077655996,0.9248079384402947,3,False,3.332508037233495,1.9153746200584285e-06,True,0
4,ElasticNet,1e-05,0.9,3.3325087057047384,0.4145427405033962,0.9248079240246087,3,False,3.3325087057047384,2.0107962128682017e-06,True,0
4,ElasticNet,1e-05,0.7,3.332511827295017,0.4145446919872858,0.9248078563334406,3,False,3.332511827295017,2.4160580715820824e-06,True,0
4,ElasticNet,1e-05,0.5,3.3325144701912386,0.41454534705035245,0.9248077976142454,3,False,3.3325144701912386,2.8796943777448253e-06,True,0
4,ElasticNet,1e-05,0.3,3.332516836141076,0.4145457276413001,0.9248077446817703,3,False,3.332516836141076,3.2114133071717884e-06,True,0
4,ElasticNet,1e-05,0.1,3.3325189318887367,0.414546193798093,0.9248076979711152,3,False,3.3325189318887367,3.373615376114285e-06,True,0
4,Ridge,0.001,0.0,3.332533109887533,0.41456467878345243,0.9248074058754477,3,False,3.332533109887533,0.0,True,0
4,Ridge,0.0001,0.0,3.3325358638341136,0.414568464631428,0.9248073498006669,3,False,3.3325358638341136,0.0,True,0
4,LASSO,1e-06,1.0,3.332536080596615,0.41457448020910675,0.9248073541461865,3,False,3.332536080596615,6.901279825355724e-06,True,0
4,Ridge,1e-05,0.0,3.3325361396850295,0.41456884318966347,0.9248073441827621,3,False,3.3325361396850295,0.0,True,0
4,Ridge,1e-06,0.0,3.3325361672746845,0.4145688810452211,0.9248073436208673,3,False,3.3325361672746845,0.0,True,0
4,ElasticNet,1e-06,0.95,3.332536271282971,0.41457502040885896,0.9248073507009723,3,False,3.332536271282971,7.554774819536341e-06,True,0
4,ElasticNet,1e-06,0.9,3.332536559686549,0.4145757147277806,0.9248073452473432,3,False,3.332536559686549,8.170326001874026e-06,True,0
4,ElasticNet,1e-06,0.7,3.3325401368749037,0.41457607965716137,0.9248072624409711,3,False,3.3325401368749037,5.068943917342038e-06,True,0
4,ElasticNet,1e-06,0.5,3.332541667642706,0.41457804620012956,0.9248072303664264,3,False,3.332541667642706,5.320036406181393e-06,True,0
4,ElasticNet,1e-06,0.3,3.3325423658203177,0.4145787868966745,0.9248072155414532,3,False,3.3325423658203177,6.031904385346567e-06,True,0
4,ElasticNet,1e-06,0.1,3.3325427571476802,0.41457911347948695,0.9248072071257644,3,False,3.3325427571476802,8.165605062127736e-06,True,0
4,Ridge,1.0,0.0,3.3341254671436134,0.4101345694483147,0.9247634792064402,3,False,3.3341254671436134,0.0,True,0
4,LASSO,0.01,1.0,3.351541412054251,0.3719924868561554,0.9243064094608586,3,False,3.351541412054251,3.0884222116580456e-06,True,0
4,ElasticNet,0.01,0.95,3.3543472645412495,0.3714985744740685,0.9242412676610527,3,False,3.3543472645412495,5.1052891859876964e-06,True,0
4,ElasticNet,0.01,0.9,3.3574402376349384,0.3710404851236158,0.9241697823243117,3,False,3.3574402376349384,2.1076965146336196e-06,True,0
12,ElasticNet,1.0,0.1,3.3730607097400855,0.5252064699445216,0.9240686939613104,3,False,3.3730607097400855,8.117555147207911e-06,True,0
4,ElasticNet,0.01,0.7,3.3747616303633996,0.37372459737200536,0.9237784549917992,3,False,3.3747616303633996,2.369832751888609e-06,True,0
4,ElasticNet,0.01,0.5,3.3936720306498427,0.37684551108993036,0.9233517249595738,3,False,3.3936720306498427,7.440678333496195e-07,True,0
4,ElasticNet,0.01,0.3,3.414653647508914,0.38009673453654813,0.9228795479544573,3,False,3.414653647508914,7.647448932798437e-06,True,0
4,ElasticNet,0.01,0.1,3.435944921891609,0.38291197703437047,0.9223999966862887,3,False,3.4359449218916094,5.8920877069029015e-06,True,0
4,Ridge,10.0,0.0,3.550207853795732,0.375328187985317,0.9197875032273641,3,False,3.550207853795732,0.0,True,0
11,ElasticNet,1.0,0.1,3.5923323426295455,0.4556135949446665,0.9189792657442465,3,False,3.5923323426295455,9.565368811192965e-06,True,0
17,ElasticNet,1e-06,0.5,3.608949575391833,3.465262881716826,0.9210749841899729,3,False,3.608949575391833,4.877370080961144e-05,True,0
16,ElasticNet,1e-06,0.1,4.020061101765207,4.192751103491481,0.9128803377361603,3,False,4.020061101765207,3.716633611556214e-05,True,0
17,ElasticNet,1e-06,0.3,4.5313656333056676,4.957683821765828,0.901819087247086,3,False,4.5313656333056676,4.489935924278103e-05,True,0
20,ElasticNet,1e-06,0.7,5.307679687537143,4.730910253118977,0.8839292575945489,3,False,5.307679687537143,4.8637470770136614e-05,True,0
19,ElasticNet,1e-06,0.7,5.377824728939018,5.598279600249486,0.8838870332939955,3,False,5.377824728939018,4.921302502442622e-05,True,0
18,ElasticNet,1e-06,0.1,5.418620201590502,5.260692412463204,0.8820805250302319,3,False,5.418620201590502,3.5108463830090143e-05,True,0
19,ElasticNet,1e-06,0.5,5.555375394874201,6.0196234929617916,0.8799032324886312,3,False,5.555375394874201,4.6884829982288105e-05,True,0
14,ElasticNet,1.0,0.3,6.1023726198145285,1.0020796134316123,0.8628423631846941,3,False,6.1023726198145285,1.3307840110832192e-05,True,0
13,ElasticNet,1.0,0.3,6.153538919224932,0.9394298736201225,0.8615787026084386,3,False,6.153538919224931,7.828907203855096e-06,True,0
12,ElasticNet,1.0,0.3,6.283251485280862,1.0070838383063248,0.8587420342061591,3,False,6.283251485280862,1.1078198400793493e-05,True,0
11,ElasticNet,1.0,0.3,6.413896161831914,0.9258194157920865,0.8556289180280996,3,False,6.413896161831914,5.71923193559698e-06,True,0
20,ElasticNet,1e-06,0.5,6.514564987789111,6.424558883524745,0.8585036318527455,3,False,6.51456498778911,4.4787724389762337e-05,True,0
20,ElasticNet,1e-06,0.3,6.673318496623815,6.232731578789815,0.854846400749552,3,False,6.673318496623814,3.975020876786404e-05,True,0
20,ElasticNet,1e-06,0.1,6.812633262305947,6.447535232662553,0.8519076496846637,3,False,6.812633262305947,3.6036799425019765e-05,True,0
19,ElasticNet,1e-06,0.3,7.0251181762860355,7.918442597837422,0.8486674714788071,3,False,7.0251181762860355,3.905868380193061e-05,True,0
19,ElasticNet,1e-06,0.1,7.137483548241295,7.817912980063437,0.8459520870687599,3,False,7.1374835482412955,3.852903674278284e-05,True,0
17,ElasticNet,1e-06,0.1,8.12584980090566,10.788563276440021,0.8268677926353126,3,False,8.12584980090566,3.789317944844443e-05,True,0
12,ElasticNet,1.0,0.5,9.161315923844294,1.3814225821245982,0.793878134765512,3,False,9.161315923844294,8.772843218651794e-06,True,0
11,ElasticNet,1.0,0.5,9.248553402825225,1.4023818453315902,0.7918815489053864,3,False,9.248553402825225,7.484159818993419e-06,True,0
3,Ridge,1.0,0.0,10.400967390136026,0.9883619962829673,0.7646963677009809,3,False,10.400967390136026,0.0,True,0
3,ElasticNet,0.001,0.1,10.401972167593263,0.9919943745274811,0.7646782331897786,3,False,10.401972167593263,1.1788041666867401e-06,True,0
3,ElasticNet,0.001,0.3,10.402363888711648,0.992822559679744,0.7646704015235418,3,False,10.402363888711648,1.4426932192180219e-06,True,0
3,ElasticNet,0.001,0.5,10.402789415161896,0.9936647808309645,0.7646618213983122,3,False,10.402789415161896,3.7457111895527638e-06,True,0
3,ElasticNet,0.001,0.7,10.403250434125002,0.9945229386977035,0.7646524599391403,3,False,10.403250434125004,1.0295613235112655e-06,True,0
3,ElasticNet,0.001,0.9,10.403746713255627,0.9953952077867694,0.7646423172366053,3,False,10.403746713255627,7.860975862423797e-07,True,0
3,ElasticNet,0.001,0.95,10.403876357603705,0.9956155122710236,0.7646396582383219,3,False,10.403876357603707,7.963516893179238e-07,True,0
3,LASSO,0.001,1.0,10.404009710537984,0.9958348876232459,0.7646369124812812,3,False,10.404009710537984,2.3740362377572353e-06,True,0
3,Ridge,0.1,0.0,10.404226866600148,0.9974329251096091,0.7646340925073526,3,False,10.404226866600148,0.0,True,0
3,ElasticNet,0.0001,0.1,10.40444342637082,0.997830805403997,0.7646296916445149,3,False,10.40444342637082,1.2398685539998025e-07,True,0
3,ElasticNet,0.0001,0.3,10.404502348694354,0.9979204046541595,0.7646284693088005,3,False,10.404502348694356,1.6407418408184138e-07,True,0
3,ElasticNet,0.0001,0.5,10.404561648313106,0.9980101685692835,0.7646272386355881,3,False,10.404561648313106,1.4533372292727602e-07,True,0
3,ElasticNet,0.0001,0.7,10.404621347327575,0.9981001198287514,0.7646259991462255,3,False,10.404621347327575,1.1255342485402776e-07,True,0
3,ElasticNet,0.0001,0.9,10.40468141430559,0.998190198736878,0.764624751496522,3,False,10.40468141430559,8.064898250826269e-08,True,0
3,ElasticNet,0.0001,0.95,10.40469648213629,0.9982127291852648,0.7646244384442645,3,False,10.40469648213629,8.021681751119625e-08,True,0
3,LASSO,0.0001,1.0,10.404711584885925,0.9982352844954432,0.7646241246259278,3,False,10.404711584885925,7.399326049904742e-08,True,0
3,Ridge,0.01,0.0,10.404742811360922,0.9983945770174172,0.7646236250911681,3,False,10.40474281136092,0.0,True,0
3,ElasticNet,1e-05,0.1,10.404767193614171,0.9984352707154287,0.764623126602574,3,False,10.404767193614173,9.519426650555866e-06,True,0
3,ElasticNet,1e-05,0.3,10.404772442405088,0.9984434166183648,0.7646230181598509,3,False,10.404772442405088,8.873212467666492e-06,True,0
3,ElasticNet,1e-05,0.5,10.404778903182484,0.9984529458235241,0.7646228832343857,3,False,10.404778903182484,7.044303618501869e-06,True,0
3,ElasticNet,1e-05,0.7,10.404785068182276,0.9984621977386599,0.7646227548298068,3,False,10.404785068182276,5.822028361457944e-06,True,0
3,ElasticNet,1e-05,0.9,10.40479086908103,0.9984709714445524,0.7646226342909714,3,False,10.404790869081028,4.7090593555706296e-06,True,0
3,Ridge,0.001,0.0,10.40479641019872,0.9984913068218909,0.7646225336050382,3,False,10.40479641019872,0.0,True,0
3,ElasticNet,1e-05,0.95,10.404797037039136,0.9984652279206744,0.7646224809011181,3,False,10.404797037039136,9.451312598029704e-06,True,0
3,LASSO,1e-05,1.0,10.404798087729013,0.9984678952742521,0.7646224609101839,3,False,10.404798087729013,8.679855010691346e-06,True,0
3,ElasticNet,1e-06,0.1,10.404799779900491,0.9984933827736577,0.7646224586697968,3,False,10.404799779900491,2.2228806683496274e-06,True,0
3,ElasticNet,1e-06,0.3,10.404800408175587,0.9984947485947863,0.7646224462417731,3,False,10.404800408175587,1.9199400843769336e-06,True,0
3,ElasticNet,1e-06,0.5,10.404800872852555,0.9984959038102009,0.7646224373417833,3,False,10.404800872852555,1.6231835724191361e-06,True,0
3,ElasticNet,1e-06,0.7,10.404801321315917,0.9984970403174599,0.7646224287942621,3,False,10.404801321315917,1.324403369828274e-06,True,0
3,ElasticNet,1e-06,0.9,10.404801752644792,0.998498142432694,0.7646224206033382,3,False,10.404801752644792,1.0219898159035452e-06,True,0
3,Ridge,0.0001,0.0,10.404801790235137,0.9985009854681133,0.76462242400653,3,False,10.404801790235139,0.0,True,0
3,ElasticNet,1e-06,0.95,10.404801811492726,0.9984984916580247,0.7646224198240464,3,False,10.404801811492726,1.207382916101884e-06,True,0
3,LASSO,1e-06,1.0,10.404801923255834,0.9984987544885577,0.7646224176673498,3,False,10.404801923255835,1.0996518731722342e-06,True,0
3,Ridge,1e-05,0.0,10.404802328440416,0.9985019533894112,0.7646224130421778,3,False,10.404802328440416,0.0,True,0
3,Ridge,1e-06,0.0,10.40480238226296,0.9985020501821091,0.7646224119456976,3,False,10.40480238226296,0.0,True,0
3,LASSO,0.01,1.0,10.408271441641359,0.972118960008295,0.7645083023628786,3,False,10.408271441641357,1.5928242513216229e-06,True,0
3,ElasticNet,0.01,0.95,10.408637687574823,0.9703206641070475,0.7644976316981283,3,False,10.408637687574823,8.514069324321721e-06,True,0
3,ElasticNet,0.01,0.9,10.409163826696895,0.9686098179663778,0.764483465280121,3,False,10.409163826696895,7.848611907619596e-06,True,0
3,ElasticNet,0.01,0.7,10.412673737152152,0.9625490289736517,0.7643960449837747,3,False,10.412673737152152,5.254489366348335e-06,True,0
3,ElasticNet,0.01,0.5,10.41808449096721,0.9576018023667182,0.7642671067345398,3,False,10.418084490967209,7.70644558896385e-06,True,0
3,ElasticNet,0.01,0.3,10.42498151699161,0.9536196533713872,0.7641058246250405,3,False,10.42498151699161,5.125290704877626e-06,True,0
3,ElasticNet,0.01,0.1,10.433060576866874,0.9504816693280851,0.7639189428484635,3,False,10.433060576866874,4.356243417440349e-06,True,0
3,Ridge,10.0,0.0,10.486865347458407,0.9378615098018335,0.7626837829160827,3,False,10.486865347458407,0.0,True,0
15,ElasticNet,1.0,0.7,11.436396756225298,1.827784293876172,0.7428769595242675,3,False,11.436396756225298,4.879480104269529e-05,True,0
3,LASSO,0.1,1.0,11.48597675949628,0.7679697707391182,0.7396828284514313,3,False,11.48597675949628,2.1676989105934297e-06,True,0
3,ElasticNet,0.1,0.95,11.50026932794978,0.7959812631167156,0.7394122791293878,3,False,11.50026932794978,4.0275900295427824e-07,True,0
3,ElasticNet,0.1,0.9,11.513908612472152,0.8205348981791241,0.7391491685221899,3,False,11.513908612472152,3.848726342792208e-06,True,0
12,ElasticNet,1.0,0.7,11.546718762528913,1.9589193348141904,0.7406262447425273,3,False,11.546718762528913,8.065272446566851e-06,True,0
3,ElasticNet,0.1,0.7,11.558679655897157,0.8945650816057291,0.7382714558536417,3,False,11.558679655897157,3.236204546869237e-06,True,0
3,ElasticNet,0.1,0.5,11.572625818906749,0.9535541394221912,0.7380600633535437,3,False,11.572625818906749,1.7389304472203992e-06,True,0
3,ElasticNet,0.1,0.3,11.59345192667289,1.002847567754346,0.737670101110178,3,False,11.59345192667289,6.597415848352828e-07,True,0
11,ElasticNet,1.0,0.7,11.60409452607072,1.9868647263085333,0.739341788152566,3,False,11.60409452607072,1.5892658302263385e-05,True,0
3,ElasticNet,0.1,0.1,11.619661649495399,1.0469466887477856,0.7371458588547043,3,False,11.619661649495399,2.419229457317762e-07,True,0
3,Ridge,100.0,0.0,12.226283998157236,1.2013496041015843,0.7236111834141962,3,False,12.226283998157236,0.0,True,0
15,ElasticNet,1.0,0.9,13.824455727892598,2.293612504999581,0.6893370844837067,3,False,13.824455727892598,4.8491201341205326e-05,True,0
14,ElasticNet,1.0,0.9,13.865569411185561,2.324053193656428,0.6884744042398766,3,False,13.865569411185561,4.628310693510773e-05,True,0
13,ElasticNet,1.0,0.9,13.90204017780142,2.3653250528157925,0.6877176832405416,3,False,13.90204017780142,3.3542311270950975e-05,True,0
12,LASSO,1.0,1.0,15.134854947450492,2.7270070972614433,0.6603189945430551,3,False,15.134854947450492,9.515803338855378e-06,True,0
11,LASSO,1.0,1.0,15.158210395250615,2.756214461477613,0.6598355224522386,3,False,15.158210395250615,2.1755105480969483e-05,True,0
10,LASSO,1.0,1.0,15.241671115785685,2.816582775252515,0.6580735028533716,3,False,15.241671115785685,2.4665629240749887e-05,True,0
8,LASSO,1.0,1.0,15.363865361085223,2.906180217426956,0.655422701012177,3,False,15.363865361085223,9.83265482545903e-06,True,0
20,ElasticNet,10.0,0.1,19.53007122912614,2.501140441596493,0.559674379154015,3,False,19.53007122912614,2.0594935829842953e-05,True,0
19,ElasticNet,10.0,0.1,19.623569804704328,2.5288528641373302,0.5575685568768225,3,False,19.623569804704328,2.8618098673049985e-06,True,0
18,ElasticNet,10.0,0.1,19.75435104185569,2.575327158924566,0.5546541457536612,3,False,19.75435104185569,1.266967393442897e-06,True,0
17,ElasticNet,10.0,0.1,19.902305240642146,2.6034094954062112,0.551289110402275,3,False,19.902305240642146,8.77559281964313e-06,True,0
16,ElasticNet,10.0,0.1,20.102334306690015,2.6646369953498237,0.5468117496267386,3,False,20.102334306690015,8.74638302827968e-06,True,0
15,ElasticNet,10.0,0.1,20.335692951555497,2.693979324201459,0.5414825735058729,3,False,20.335692951555497,2.472140082421248e-06,True,0
14,ElasticNet,10.0,0.1,20.650190588948135,2.7714654073275136,0.5344121173724259,3,False,20.650190588948135,1.5103522095216704e-06,True,0
2,Ridge,10.0,0.0,20.68180259397057,1.703991782557173,0.5318955186375711,3,False,20.68180259397057,0.0,True,0
2,ElasticNet,0.01,0.1,20.683289648488728,1.6896292176492596,0.5318211968872167,3,False,20.683289648488728,3.3610267347050637e-15,True,0
2,ElasticNet,0.01,0.3,20.683600659259067,1.6849139942567632,0.5318042281737687,3,False,20.683600659259067,1.964574336543734e-15,True,0
2,ElasticNet,0.01,0.5,20.683990195991598,1.6801895437590562,0.5317854348862315,3,False,20.683990195991598,3.1736765992995686e-15,True,0
2,ElasticNet,0.01,0.7,20.684459198285687,1.6754559910544655,0.5317647954801846,3,False,20.684459198285683,2.2811613709095013e-15,True,0
2,ElasticNet,0.01,0.9,20.685008617211263,1.6707134660269571,0.5317422881499213,3,False,20.685008617211263,2.1718737919229625e-15,True,0
2,ElasticNet,0.01,0.95,20.685158649599774,1.6695264485521482,0.5317363668736729,3,False,20.685158649599774,1.3270634591222574e-15,True,0
2,LASSO,0.01,1.0,20.685313783295555,1.6683388808807744,0.5317303271265993,3,False,20.685313783295555,1.0755285551056204e-15,True,0
2,Ridge,1.0,0.0,20.68847108047916,1.671803712310419,0.5316456267699895,3,False,20.68847108047916,0.0,True,0
2,ElasticNet,0.001,0.1,20.688930929258145,1.670466175077273,0.5316310403633168,3,False,20.688930929258145,1.2882083637658082e-15,True,0
2,ElasticNet,0.001,0.3,20.68900260657087,1.6699964590600864,0.5316284001393243,3,False,20.68900260657087,1.5206477570195442e-15,True,0
2,ElasticNet,0.001,0.5,20.689075109102312,1.669526666401931,0.531625740752444,3,False,20.68907510910231,1.6137265135274248e-15,True,0
2,ElasticNet,0.001,0.7,20.689148437833044,1.6690567972646035,0.5316230621801963,3,False,20.689148437833044,1.3200161450011016e-15,True,0
2,ElasticNet,0.001,0.9,20.68922259374486,1.6685868518104625,0.5316203644000753,3,False,20.68922259374486,2.5380088655713173e-15,True,0
2,ElasticNet,0.001,0.95,20.689241262085023,1.6684693535415094,0.5316196869511748,3,False,20.689241262085023,1.2202695451324352e-15,True,0
2,LASSO,0.001,1.0,20.689259982200806,1.6683518505154833,0.5316190083000216,3,False,20.689259982200806,2.6389480878297178e-15,True,0
2,Ridge,0.1,0.0,20.689655602156428,1.6687568016534147,0.5316087329045022,3,False,20.68965560215643,0.0,True,0
2,ElasticNet,0.0001,0.1,20.689704819213333,1.6686241406127635,0.531607199968594,3,False,20.689704819213333,1.988509793567246e-15,True,0
2,ElasticNet,0.0001,0.3,20.689712406996616,1.6685771968809684,0.5316069261856212,3,False,20.689712406996616,1.1273839121365287e-15,True,0
2,ElasticNet,0.0001,0.5,20.689720003073244,1.6685302523999166,0.5316066522100752,3,False,20.689720003073244,1.5137291919063711e-15,True,0
2,ElasticNet,0.0001,0.7,20.689727607444198,1.6684833071697616,0.5316063780419333,3,False,20.689727607444198,2.290133143886819e-15,True,0
2,ElasticNet,0.0001,0.9,20.689735220110464,1.6684363611906812,0.5316061036811729,3,False,20.689735220110464,1.781588114882493e-15,True,0
2,ElasticNet,0.0001,0.95,20.689737124573288,1.6684246245789058,0.5316060350608836,3,False,20.689737124573288,1.6855549074545895e-15,True,0
2,LASSO,0.0001,1.0,20.689739029554648,1.6684128879203415,0.5316059664285538,3,False,20.689739029554648,8.925423334443794e-16,True,0
2,Ridge,0.01,0.0,20.689779390289452,1.6684539704635744,0.5316049208391239,3,False,20.68977939028945,0.0,True,0
2,ElasticNet,1e-05,0.1,20.689779410129407,1.6684368977814419,0.5316048748708417,3,False,20.689779410129407,7.308783542022006e-06,True,0
2,ElasticNet,1e-05,0.3,20.689780251865514,1.6684340221900882,0.5316048488315301,3,False,20.689780251865514,6.631940319015655e-06,True,0
2,ElasticNet,1e-05,0.5,20.689781093699732,1.6684311466905986,0.531604822790117,3,False,20.689781093699732,8.641574831912221e-06,True,0
2,ElasticNet,1e-05,0.7,20.68978475388991,1.6684239111955539,0.5316047232560478,3,False,20.68978475388991,4.835640350977226e-06,True,0
2,ElasticNet,1e-05,0.9,20.68978616508966,1.6684201553305675,0.5316046823684369,3,False,20.68978616508966,4.0111745276617515e-06,True,0
2,ElasticNet,1e-05,0.95,20.689787781129194,1.6684193415337862,0.531604644867412,3,False,20.689787781129194,9.577535998235327e-06,True,0
2,LASSO,1e-05,1.0,20.689788093469584,1.6684183985667924,0.531604635519194,3,False,20.689788093469584,9.142029939121588e-06,True,0
2,Ridge,0.001,0.0,20.689791822625374,1.668423706089598,0.5316045384020809,3,False,20.689791822625374,0.0,True,0
2,ElasticNet,1e-06,0.1,20.68979195231234,1.668421887666418,0.5316045309273181,3,False,20.689791952312337,2.521852155240352e-06,True,0
2,ElasticNet,1e-06,0.3,20.68979198317139,1.668421631837475,0.5316045295977282,3,False,20.68979198317139,2.0764831716967333e-06,True,0
2,ElasticNet,1e-06,0.5,20.689792014029532,1.6684213760108322,0.5316045282681642,3,False,20.689792014029532,1.6311124104759676e-06,True,0
2,ElasticNet,1e-06,0.7,20.689792121293944,1.6684210019795722,0.531604524946187,3,False,20.689792121293948,1.1857398717707134e-06,True,0
2,ElasticNet,1e-06,0.95,20.689792309883682,1.6684206371806642,0.531604519881655,3,False,20.689792309883682,1.8826336596277884e-06,True,0
2,ElasticNet,1e-06,0.9,20.68979275408733,1.6684205159805792,0.5316045091812767,3,False,20.68979275408733,1.001313740904974e-06,True,0
2,LASSO,1e-06,1.0,20.68979292041893,1.6684202939703703,0.5316045050393949,3,False,20.68979292041893,1.7491075630068988e-06,True,0
2,Ridge,0.0001,0.0,20.68979306639436,1.668420679839798,0.5316045001460677,3,False,20.68979306639436,0.0,True,0
2,Ridge,1e-05,0.0,20.689793190776612,1.6684203772166957,0.5316044963203433,3,False,20.68979319077661,0.0,True,0
2,Ridge,1e-06,0.0,20.689793203214887,1.6684203469544026,0.5316044959377698,3,False,20.689793203214887,0.0,True,0
2,ElasticNet,0.1,0.9,20.754707443132826,1.775093181101283,0.5304709916337956,3,False,20.754707443132826,2.1371793224034263e-14,True,0
2,ElasticNet,0.1,0.95,20.754840997876894,1.7652519850914936,0.5304486319130309,3,False,20.754840997876894,2.3245294578089215e-14,True,0
2,LASSO,0.1,1.0,20.75540594585019,1.755358003722987,0.5304163142928956,3,False,20.755405945850192,5.928174617864101e-13,True,0
2,ElasticNet,0.1,0.7,20.757797063543013,1.8146580501513223,0.5304780300558823,3,False,20.757797063543013,3.2056302057270614e-13,True,0
2,ElasticNet,0.1,0.5,20.767030246186543,1.8530001048579658,0.5303424072611979,3,False,20.767030246186547,1.7457563172840196e-13,True,0
2,ElasticNet,0.1,0.3,20.781802481955157,1.8899816035045869,0.5300777008340237,3,False,20.781802481955154,2.5056345887009002e-14,True,0
2,ElasticNet,0.1,0.1,20.80284126628585,1.927227603640717,0.5296702946907669,3,False,20.80284126628585,1.7872855972989043e-14,True,0
2,Ridge,100.0,0.0,21.0043510420353,2.101751289554603,0.5254218656598012,3,False,21.0043510420353,0.0,True,0
13,ElasticNet,10.0,0.1,21.035626774989705,2.8098004443664113,0.5256176569276306,3,False,21.035626774989705,2.576843318724542e-07,True,0
12,ElasticNet,10.0,0.1,21.537941346793435,2.9121236575303344,0.5142986776333438,3,False,21.537941346793435,7.1755409144502735e-06,True,0
11,ElasticNet,10.0,0.1,22.18353153983634,2.97272614300592,0.49963299410296447,3,False,22.18353153983634,7.273069737800952e-06,True,0
2,LASSO,1.0,1.0,26.141828950620077,3.721169146770915,0.41134263174715474,3,False,26.141828950620077,1.3322676295501878e-15,True,0
2,ElasticNet,1.0,0.95,26.163099542156534,3.709322433660265,0.41081986112506336,3,False,26.163099542156534,8.881784197001252e-16,True,0
2,ElasticNet,1.0,0.9,26.191461473281155,3.6977191367383453,0.4101361573367077,3,False,26.191461473281155,1.6653345369377348e-15,True,0
2,ElasticNet,1.0,0.7,26.293039985344574,3.743626288604627,0.40785183759480653,3,False,26.293039985344574,1.1102230246251565e-15,True,0
2,ElasticNet,1.0,0.5,26.426698808952107,3.787357439795975,0.40486679027136874,3,False,26.426698808952107,1.2212453270876722e-15,True,0
2,ElasticNet,1.0,0.3,26.436812506429163,3.7091403329598465,0.40452893202355544,3,False,26.436812506429163,1.1657341758564144e-15,True,0
2,ElasticNet,1.0,0.1,26.469075352900948,3.6621103428076727,0.40374925532879075,3,False,26.469075352900948,1.2490009027033011e-15,True,0
1,Ridge,10.0,0.0,32.369398975752965,3.3455668860881267,0.26853892009287866,3,False,32.369398975752965,0.0,True,0
1,ElasticNet,0.01,0.1,32.36958548048982,3.3287403082375064,0.2684933098276518,3,False,32.369585480489825,2.5439719775199876e-15,True,0
1,ElasticNet,0.01,0.3,32.36990709153999,3.3253817267467114,0.26847777818386304,3,False,32.36990709153999,2.3375398838787476e-15,True,0
1,ElasticNet,0.01,0.5,32.370274686896174,3.322006245856012,0.2684611513988492,3,False,32.370274686896174,1.7008963681952594e-15,True,0
1,ElasticNet,0.01,0.7,32.370688797004895,3.318613755586967,0.26844341700228674,3,False,32.370688797004895,1.8301332671555315e-15,True,0
1,ElasticNet,0.01,0.9,32.37114995852153,3.3152041452343806,0.2684245623784122,3,False,32.37114995852152,2.1354445989274495e-15,True,0
1,ElasticNet,0.01,0.95,32.37127266417021,3.31434905459061,0.26841967219451457,3,False,32.37127266417021,2.060851489460447e-15,True,0
1,LASSO,0.01,1.0,32.37139835298034,3.313492885232341,0.26841471099857034,3,False,32.37139835298034,1.6982942829812941e-15,True,0
1,Ridge,1.0,0.0,32.371557206448394,3.3041051325055832,0.2683877168555068,3,False,32.371557206448394,0.0,True,0
1,ElasticNet,0.001,0.1,32.371730255464946,3.3023830884969496,0.26837949300340813,3,False,32.371730255464946,1.8065383173768157e-15,True,0
1,ElasticNet,0.001,0.3,32.37178620097495,3.3020384743313653,0.2683773700647961,3,False,32.37178620097495,1.1380328103494097e-15,True,0
1,ElasticNet,0.001,0.5,32.371842629140296,3.3016936875526537,0.2683752356363949,3,False,32.3718426291403,9.75781955236954e-16,True,0
1,ElasticNet,0.001,0.7,32.37189954051403,3.301348728050568,0.2683730897052034,3,False,32.37189954051403,1.288357441564525e-15,True,0
1,ElasticNet,0.001,0.9,32.371956935649806,3.3010035957147994,0.2683709322582057,3,False,32.371956935649806,2.247225842910705e-15,True,0
1,ElasticNet,0.001,0.95,32.37197136008652,3.3009172856126727,0.26837039109558475,3,False,32.37197136008652,2.747910406164511e-15,True,0
1,LASSO,0.001,1.0,32.37198581480167,3.300830964699806,0.2683698492122077,3,False,32.37198581480167,1.3019099687205937e-15,True,0
1,Ridge,0.1,0.0,32.372027552009385,3.2998950061667793,0.26836656025693967,3,False,32.37202755200938,0.0,True,0
1,ElasticNet,0.0001,0.1,32.372046459579856,3.2997224070298814,0.26836569986807574,3,False,32.372046459579856,1.7370833097678576e-15,True,0
1,ElasticNet,0.0001,0.3,32.37205229935351,3.2996878574967132,0.2683654817028585,3,False,32.37205229935351,8.095161639545129e-16,True,0
1,ElasticNet,0.0001,0.5,32.37205814397716,3.2996533062338638,0.2683652634221904,3,False,32.37205814397716,8.771805439129754e-16,True,0
1,ElasticNet,0.0001,0.7,32.37206399345134,3.299618753241202,0.26836504502605857,3,False,32.372063993451334,1.7329751999736742e-15,True,0
1,ElasticNet,0.0001,0.9,32.37206984777661,3.2995841985186485,0.2683648265144499,3,False,32.37206984777661,1.4328138285210623e-15,True,0
1,ElasticNet,0.0001,0.95,32.37207131211598,3.299575559567697,0.2683647718685029,3,False,32.37207131211598,7.386127300057499e-16,True,0
1,LASSO,0.0001,1.0,32.37207277675858,3.29956692050862,0.2683647172153376,3,False,32.37207277675858,1.2401375499432321e-15,True,0
1,ElasticNet,1e-05,0.5,32.37207707424213,3.2994540152820044,0.26836433455441566,3,False,32.37207707424213,9.621427157790396e-06,True,0
1,Ridge,0.01,0.0,32.37207720891899,3.299473353034542,0.2683643824262525,3,False,32.37207720891899,0.0,True,0
1,ElasticNet,1e-05,0.7,32.37207790052585,3.299449788932754,0.2683643055853157,3,False,32.37207790052585,7.694527258483091e-06,True,0
1,ElasticNet,1e-05,0.9,32.3720786363829,3.2994454629008083,0.2683642785687302,3,False,32.3720786363829,8.45164832089864e-06,True,0
1,ElasticNet,1e-05,0.95,32.37207885608882,3.2994444207250244,0.26836427104272564,3,False,32.37207885608882,7.53494018507446e-06,True,0
1,LASSO,1e-05,1.0,32.372079075798915,3.2994433785461665,0.26836426351661763,3,False,32.372079075798915,6.618222187877724e-06,True,0
1,ElasticNet,1e-05,0.1,32.372079145021225,3.2994561069462653,0.2683642954005933,3,False,32.372079145021225,8.10030472185913e-06,True,0
1,ElasticNet,1e-05,0.3,32.37207957565342,3.299452556466148,0.2683642767486301,3,False,32.37207957565342,6.785923525222683e-06,True,0
1,ElasticNet,1e-06,0.1,32.37208197995191,3.2994300522871667,0.2683641659270338,3,False,32.37208197995191,2.311976213410032e-06,True,0
1,ElasticNet,1e-06,0.3,32.372082067785676,3.2994296353665327,0.2683641629175714,3,False,32.372082067785676,1.945278086991749e-06,True,0
1,ElasticNet,1e-06,0.5,32.37208212451595,3.299429271585325,0.26836416071918334,3,False,32.37208212451595,1.5785783828198637e-06,True,0
1,Ridge,0.001,0.0,32.37208220091238,3.2994311813157924,0.2683641640196261,3,False,32.37208220091238,0.0,True,0
1,ElasticNet,1e-06,0.7,32.372082215097166,3.2994288499720876,0.2683641576380788,3,False,32.37208221509716,1.21187710059757e-06,True,0
1,ElasticNet,1e-06,0.9,32.372082304754315,3.2994284273398042,0.2683641545769261,3,False,32.372082304754315,8.986146433021616e-07,True,0
1,ElasticNet,1e-06,0.95,32.37208232755277,3.2994283221044385,0.2683641538033416,3,False,32.37208232755277,7.976494181069813e-07,True,0
1,LASSO,1e-06,1.0,32.372082350351285,3.299428216869036,0.26836415302975564,3,False,32.372082350351285,6.966839754426171e-07,True,0
1,Ridge,0.0001,0.0,32.37208270037482,3.299426964079866,0.26836414217272603,3,False,32.37208270037482,0.0,True,0
1,Ridge,1e-05,0.0,32.37208275032369,3.299426542355631,0.26836413998797365,3,False,32.37208275032369,0.0,True,0
1,Ridge,1e-06,0.0,32.37208275531861,3.2994265001832024,0.26836413976949774,3,False,32.37208275531861,0.0,True,0
1,LASSO,0.1,1.0,32.39373950954835,3.442057478228398,0.2682175106283714,3,False,32.39373950954835,2.345346139520643e-15,True,0
1,ElasticNet,0.1,0.95,32.39405813336993,3.4498511486330865,0.26822849274175026,3,False,32.39405813336993,2.6645352591003757e-15,True,0
1,ElasticNet,0.1,0.9,32.394635865305936,3.4575419457028436,0.26823331073835416,3,False,32.394635865305936,1.2073675392798577e-15,True,0
1,ElasticNet,0.1,0.7,32.39939180319363,3.487312818230558,0.26819437129088236,3,False,32.39939180319363,2.42861286636753e-15,True,0
1,ElasticNet,0.1,0.5,32.40773341302045,3.5155787966484717,0.26806995813181816,3,False,32.407733413020445,2.067790383364354e-15,True,0
1,ElasticNet,0.1,0.3,32.41926400819899,3.542442837797102,0.2678693913025613,3,False,32.419264008198994,1.1102230246251565e-15,True,0
1,ElasticNet,0.1,0.1,32.433629435376524,3.5679994226629295,0.2676009954989857,3,False,32.433629435376524,1.7139067942650854e-15,True,0
1,Ridge,100.0,0.0,32.53985943505489,3.6999583429003646,0.26548041215868906,3,False,32.53985943505489,0.0,True,0
1,LASSO,1.0,1.0,34.34464756122585,4.396810292353013,0.22584246053264678,3,False,34.34464756122585,8.881784197001252e-16,True,0
1,ElasticNet,1.0,0.95,34.3953378017826,4.421567558894308,0.22473560488742783,3,False,34.3953378017826,9.992007221626409e-16,True,0
1,ElasticNet,1.0,0.9,34.449291870679815,4.443841344854156,0.2235494874578914,3,False,34.449291870679815,1.6653345369377348e-15,True,0
1,ElasticNet,1.0,0.7,34.674822064744376,4.513720645536005,0.2185459789859754,3,False,34.674822064744376,1.6653345369377348e-15,True,0
1,ElasticNet,1.0,0.5,34.88990904330593,4.562260257351938,0.21373874757582545,3,False,34.88990904330593,1.3322676295501878e-15,True,0
1,ElasticNet,1.0,0.3,35.082757277015574,4.597393895775186,0.20941217423655578,3,False,35.08275727701558,2.1649348980190553e-15,True,0
1,ElasticNet,1.0,0.1,35.25389934310641,4.621087058111292,0.20555808293577726,3,False,35.25389934310641,5.828670879282072e-16,True,0
1,Ridge,1000.0,0.0,36.662870177926145,4.827968449918466,0.17385801110526553,3,False,36.662870177926145,0.0,True,0
20,ElasticNet,10.0,0.3,41.43775125136285,5.678840154002444,0.06669070033980747,3,False,41.43775125136285,6.0463663449361604e-06,True,0
19,ElasticNet,10.0,0.3,41.44363951869053,5.682549691381209,0.06656350637690156,3,False,41.44363951869054,4.503302604152992e-06,True,0
18,ElasticNet,10.0,0.3,41.55751085901349,5.677219490344776,0.06395572799962301,3,False,41.55751085901349,2.8586317579737397e-07,True,0
17,ElasticNet,10.0,0.3,41.56480409352742,5.685443019681682,0.06380485941832226,3,False,41.56480409352742,4.755891023222603e-06,True,0
16,ElasticNet,10.0,0.3,41.680209932258556,5.669751227712081,0.06114101144559436,3,False,41.680209932258556,2.613331348655379e-06,True,0
15,ElasticNet,10.0,0.3,41.686965490479345,5.6774638064569425,0.06100123366610355,3,False,41.686965490479345,3.352386412913688e-08,True,0
14,ElasticNet,10.0,0.3,41.80107915303305,5.650059086189699,0.05834471570040789,3,False,41.80107915303305,1.0060564825664642e-07,True,0
13,ElasticNet,10.0,0.3,41.804385824414155,5.653874461439227,0.05827630383320918,3,False,41.804385824414155,1.231822732705723e-08,True,0
12,ElasticNet,10.0,0.3,41.92020972118845,5.609625888764076,0.05555026074573995,3,False,41.92020972118845,3.962234984555835e-09,True,0
11,ElasticNet,10.0,0.3,41.9202097232876,5.609625885208643,0.05555026069100366,3,False,41.9202097232876,6.451585932154558e-10,True,0
1,Ridge,10000.0,0.0,42.97248870058277,5.278048323104049,0.03093876913811437,3,False,42.97248870058277,0.0,True,0
1,ElasticNet,10.0,0.1,42.97519022733201,5.285399556722374,0.030889249506457512,3,False,42.97519022733201,1.5543122344752192e-15,True,0
1,ElasticNet,10.0,0.3,44.26898134200908,5.431647442458391,0.0016804708581348675,3,False,44.26898134200908,1.7763568394002505e-15,True,0
1,Ridge,100000.0,0.0,44.28546922825006,5.326757627611038,0.0011109952138458334,3,False,44.28546922825006,0.0,True,0
1,Ridge,1000000.0,0.0,44.4299265752041,5.331561414767423,-0.0021717813412160947,3,False,44.4299265752041,0.0,True,0
1,LASSO,10.0,1.0,44.44613831768717,5.332094163517019,-0.0025402033118682907,3,False,44.44613831768717,0.0,True,0
1,LASSO,100.0,1.0,44.44613831768717,5.332094163517019,-0.0025402033118682907,3,False,44.44613831768717,0.0,True,0
1,LASSO,1000.0,1.0,44.44613831768717,5.332094163517019,-0.0025402033118682907,3,False,44.44613831768717,0.0,True,0
1,LASSO,10000.0,1.0,44.44613831768717,5.332094163517019,-0.0025402033118682907,3,False,44.44613831768717,0.0,True,0
1,LASSO,100000.0,1.0,44.44613831768717,5.332094163517019,-0.0025402033118682907,3,False,44.44613831768717,0.0,True,0
1,LASSO,1000000.0,1.0,44.44613831768717,5.332094163517019,-0.0025402033118682907,3,False,44.44613831768717,0.0,True,0
1,ElasticNet,100.0,0.1,44.44613831768717,5.332094163517019,-0.0025402033118682907,3,False,44.44613831768717,0.0,True,0
1,ElasticNet,1000.0,0.1,44.44613831768717,5.332094163517019,-0.0025402033118682907,3,False,44.44613831768717,0.0,True,0
1,ElasticNet,10000.0,0.1,44.44613831768717,5.332094163517019,-0.0025402033118682907,3,False,44.44613831768717,0.0,True,0
1,ElasticNet,100000.0,0.1,44.44613831768717,5.332094163517019,-0.0025402033118682907,3,False,44.44613831768717,0.0,True,0
1,ElasticNet,1000000.0,0.1,44.44613831768717,5.332094163517019,-0.0025402033118682907,3,False,44.44613831768717,0.0,True,0
1,ElasticNet,100.0,0.3,44.44613831768717,5.332094163517019,-0.0025402033118682907,3,False,44.44613831768717,0.0,True,0
1,ElasticNet,1000.0,0.3,44.44613831768717,5.332094163517019,-0.0025402033118682907,3,False,44.44613831768717,0.0,True,0
1,ElasticNet,10000.0,0.3,44.44613831768717,5.332094163517019,-0.0025402033118682907,3,False,44.44613831768717,0.0,True,0
1,ElasticNet,100000.0,0.3,44.44613831768717,5.332094163517019,-0.0025402033118682907,3,False,44.44613831768717,0.0,True,0
1,ElasticNet,1000000.0,0.3,44.44613831768717,5.332094163517019,-0.0025402033118682907,3,False,44.44613831768717,0.0,True,0
1,ElasticNet,10.0,0.5,44.44613831768717,5.332094163517019,-0.0025402033118682907,3,False,44.44613831768717,0.0,True,0
1,ElasticNet,100.0,0.5,44.44613831768717,5.332094163517019,-0.0025402033118682907,3,False,44.44613831768717,0.0,True,0
1,ElasticNet,1000.0,0.5,44.44613831768717,5.332094163517019,-0.0025402033118682907,3,False,44.44613831768717,0.0,True,0
1,ElasticNet,10000.0,0.5,44.44613831768717,5.332094163517019,-0.0025402033118682907,3,False,44.44613831768717,0.0,True,0
1,ElasticNet,100000.0,0.5,44.44613831768717,5.332094163517019,-0.0025402033118682907,3,False,44.44613831768717,0.0,True,0
1,ElasticNet,1000000.0,0.5,44.44613831768717,5.332094163517019,-0.0025402033118682907,3,False,44.44613831768717,0.0,True,0
1,ElasticNet,10.0,0.7,44.44613831768717,5.332094163517019,-0.0025402033118682907,3,False,44.44613831768717,0.0,True,0
1,ElasticNet,100.0,0.7,44.44613831768717,5.332094163517019,-0.0025402033118682907,3,False,44.44613831768717,0.0,True,0
1,ElasticNet,1000.0,0.7,44.44613831768717,5.332094163517019,-0.0025402033118682907,3,False,44.44613831768717,0.0,True,0
1,ElasticNet,10000.0,0.7,44.44613831768717,5.332094163517019,-0.0025402033118682907,3,False,44.44613831768717,0.0,True,0
1,ElasticNet,100000.0,0.7,44.44613831768717,5.332094163517019,-0.0025402033118682907,3,False,44.44613831768717,0.0,True,0
1,ElasticNet,1000000.0,0.7,44.44613831768717,5.332094163517019,-0.0025402033118682907,3,False,44.44613831768717,0.0,True,0
1,ElasticNet,10.0,0.9,44.44613831768717,5.332094163517019,-0.0025402033118682907,3,False,44.44613831768717,0.0,True,0
1,ElasticNet,100.0,0.9,44.44613831768717,5.332094163517019,-0.0025402033118682907,3,False,44.44613831768717,0.0,True,0
1,ElasticNet,1000.0,0.9,44.44613831768717,5.332094163517019,-0.0025402033118682907,3,False,44.44613831768717,0.0,True,0
1,ElasticNet,10000.0,0.9,44.44613831768717,5.332094163517019,-0.0025402033118682907,3,False,44.44613831768717,0.0,True,0
1,ElasticNet,100000.0,0.9,44.44613831768717,5.332094163517019,-0.0025402033118682907,3,False,44.44613831768717,0.0,True,0
1,ElasticNet,1000000.0,0.9,44.44613831768717,5.332094163517019,-0.0025402033118682907,3,False,44.44613831768717,0.0,True,0
1,ElasticNet,10.0,0.95,44.44613831768717,5.332094163517019,-0.0025402033118682907,3,False,44.44613831768717,0.0,True,0
1,ElasticNet,100.0,0.95,44.44613831768717,5.332094163517019,-0.0025402033118682907,3,False,44.44613831768717,0.0,True,0
1,ElasticNet,1000.0,0.95,44.44613831768717,5.332094163517019,-0.0025402033118682907,3,False,44.44613831768717,0.0,True,0
1,ElasticNet,10000.0,0.95,44.44613831768717,5.332094163517019,-0.0025402033118682907,3,False,44.44613831768717,0.0,True,0
1,ElasticNet,100000.0,0.95,44.44613831768717,5.332094163517019,-0.0025402033118682907,3,False,44.44613831768717,0.0,True,0
1,ElasticNet,1000000.0,0.95,44.44613831768717,5.332094163517019,-0.0025402033118682907,3,False,44.44613831768717,0.0,True,0
8,LASSO,10.0,1.0,44.44613831768717,5.332094163517019,-0.0025402033118682907,3,False,44.44613831768717,0.0,True,0
8,LASSO,100.0,1.0,44.44613831768717,5.332094163517019,-0.0025402033118682907,3,False,44.44613831768717,0.0,True,0
8,LASSO,1000.0,1.0,44.44613831768717,5.332094163517019,-0.0025402033118682907,3,False,44.44613831768717,0.0,True,0
8,LASSO,10000.0,1.0,44.44613831768717,5.332094163517019,-0.0025402033118682907,3,False,44.44613831768717,0.0,True,0
8,LASSO,100000.0,1.0,44.44613831768717,5.332094163517019,-0.0025402033118682907,3,False,44.44613831768717,0.0,True,0
8,LASSO,1000000.0,1.0,44.44613831768717,5.332094163517019,-0.0025402033118682907,3,False,44.44613831768717,0.0,True,0
10,LASSO,10.0,1.0,44.44613831768717,5.332094163517019,-0.0025402033118682907,3,False,44.44613831768717,0.0,True,0
10,LASSO,100.0,1.0,44.44613831768717,5.332094163517019,-0.0025402033118682907,3,False,44.44613831768717,0.0,True,0
10,LASSO,1000.0,1.0,44.44613831768717,5.332094163517019,-0.0025402033118682907,3,False,44.44613831768717,0.0,True,0
10,LASSO,10000.0,1.0,44.44613831768717,5.332094163517019,-0.0025402033118682907,3,False,44.44613831768717,0.0,True,0
10,LASSO,100000.0,1.0,44.44613831768717,5.332094163517019,-0.0025402033118682907,3,False,44.44613831768717,0.0,True,0
10,LASSO,1000000.0,1.0,44.44613831768717,5.332094163517019,-0.0025402033118682907,3,False,44.44613831768717,0.0,True,0
11,LASSO,10.0,1.0,44.44613831768717,5.332094163517019,-0.0025402033118682907,3,False,44.44613831768717,0.0,True,0
11,LASSO,100.0,1.0,44.44613831768717,5.332094163517019,-0.0025402033118682907,3,False,44.44613831768717,0.0,True,0
11,LASSO,1000.0,1.0,44.44613831768717,5.332094163517019,-0.0025402033118682907,3,False,44.44613831768717,0.0,True,0
11,LASSO,10000.0,1.0,44.44613831768717,5.332094163517019,-0.0025402033118682907,3,False,44.44613831768717,0.0,True,0
11,LASSO,100000.0,1.0,44.44613831768717,5.332094163517019,-0.0025402033118682907,3,False,44.44613831768717,0.0,True,0
11,LASSO,1000000.0,1.0,44.44613831768717,5.332094163517019,-0.0025402033118682907,3,False,44.44613831768717,0.0,True,0
11,ElasticNet,100.0,0.1,44.44613831768717,5.332094163517019,-0.0025402033118682907,3,False,44.44613831768717,0.0,True,0
11,ElasticNet,1000.0,0.1,44.44613831768717,5.332094163517019,-0.0025402033118682907,3,False,44.44613831768717,0.0,True,0
11,ElasticNet,10000.0,0.1,44.44613831768717,5.332094163517019,-0.0025402033118682907,3,False,44.44613831768717,0.0,True,0
11,ElasticNet,100000.0,0.1,44.44613831768717,5.332094163517019,-0.0025402033118682907,3,False,44.44613831768717,0.0,True,0
11,ElasticNet,1000000.0,0.1,44.44613831768717,5.332094163517019,-0.0025402033118682907,3,False,44.44613831768717,0.0,True,0
11,ElasticNet,100.0,0.3,44.44613831768717,5.332094163517019,-0.0025402033118682907,3,False,44.44613831768717,0.0,True,0
11,ElasticNet,1000.0,0.3,44.44613831768717,5.332094163517019,-0.0025402033118682907,3,False,44.44613831768717,0.0,True,0
11,ElasticNet,10000.0,0.3,44.44613831768717,5.332094163517019,-0.0025402033118682907,3,False,44.44613831768717,0.0,True,0
11,ElasticNet,100000.0,0.3,44.44613831768717,5.332094163517019,-0.0025402033118682907,3,False,44.44613831768717,0.0,True,0
11,ElasticNet,1000000.0,0.3,44.44613831768717,5.332094163517019,-0.0025402033118682907,3,False,44.44613831768717,0.0,True,0
11,ElasticNet,10.0,0.5,44.44613831768717,5.332094163517019,-0.0025402033118682907,3,False,44.44613831768717,0.0,True,0
11,ElasticNet,100.0,0.5,44.44613831768717,5.332094163517019,-0.0025402033118682907,3,False,44.44613831768717,0.0,True,0
11,ElasticNet,1000.0,0.5,44.44613831768717,5.332094163517019,-0.0025402033118682907,3,False,44.44613831768717,0.0,True,0
11,ElasticNet,10000.0,0.5,44.44613831768717,5.332094163517019,-0.0025402033118682907,3,False,44.44613831768717,0.0,True,0
11,ElasticNet,100000.0,0.5,44.44613831768717,5.332094163517019,-0.0025402033118682907,3,False,44.44613831768717,0.0,True,0
11,ElasticNet,1000000.0,0.5,44.44613831768717,5.332094163517019,-0.0025402033118682907,3,False,44.44613831768717,0.0,True,0
11,ElasticNet,10.0,0.7,44.44613831768717,5.332094163517019,-0.0025402033118682907,3,False,44.44613831768717,0.0,True,0
11,ElasticNet,100.0,0.7,44.44613831768717,5.332094163517019,-0.0025402033118682907,3,False,44.44613831768717,0.0,True,0
11,ElasticNet,1000.0,0.7,44.44613831768717,5.332094163517019,-0.0025402033118682907,3,False,44.44613831768717,0.0,True,0
11,ElasticNet,10000.0,0.7,44.44613831768717,5.332094163517019,-0.0025402033118682907,3,False,44.44613831768717,0.0,True,0
11,ElasticNet,100000.0,0.7,44.44613831768717,5.332094163517019,-0.0025402033118682907,3,False,44.44613831768717,0.0,True,0
11,ElasticNet,1000000.0,0.7,44.44613831768717,5.332094163517019,-0.0025402033118682907,3,False,44.44613831768717,0.0,True,0
11,ElasticNet,10.0,0.9,44.44613831768717,5.332094163517019,-0.0025402033118682907,3,False,44.44613831768717,0.0,True,0
11,ElasticNet,100.0,0.9,44.44613831768717,5.332094163517019,-0.0025402033118682907,3,False,44.44613831768717,0.0,True,0
11,ElasticNet,1000.0,0.9,44.44613831768717,5.332094163517019,-0.0025402033118682907,3,False,44.44613831768717,0.0,True,0
11,ElasticNet,10000.0,0.9,44.44613831768717,5.332094163517019,-0.0025402033118682907,3,False,44.44613831768717,0.0,True,0
11,ElasticNet,100000.0,0.9,44.44613831768717,5.332094163517019,-0.0025402033118682907,3,False,44.44613831768717,0.0,True,0
11,ElasticNet,1000000.0,0.9,44.44613831768717,5.332094163517019,-0.0025402033118682907,3,False,44.44613831768717,0.0,True,0
11,ElasticNet,10.0,0.95,44.44613831768717,5.332094163517019,-0.0025402033118682907,3,False,44.44613831768717,0.0,True,0
11,ElasticNet,100.0,0.95,44.44613831768717,5.332094163517019,-0.0025402033118682907,3,False,44.44613831768717,0.0,True,0
11,ElasticNet,1000.0,0.95,44.44613831768717,5.332094163517019,-0.0025402033118682907,3,False,44.44613831768717,0.0,True,0
11,ElasticNet,10000.0,0.95,44.44613831768717,5.332094163517019,-0.0025402033118682907,3,False,44.44613831768717,0.0,True,0
11,ElasticNet,100000.0,0.95,44.44613831768717,5.332094163517019,-0.0025402033118682907,3,False,44.44613831768717,0.0,True,0
11,ElasticNet,1000000.0,0.95,44.44613831768717,5.332094163517019,-0.0025402033118682907,3,False,44.44613831768717,0.0,True,0
12,LASSO,10.0,1.0,44.44613831768717,5.332094163517019,-0.0025402033118682907,3,False,44.44613831768717,0.0,True,0
12,LASSO,100.0,1.0,44.44613831768717,5.332094163517019,-0.0025402033118682907,3,False,44.44613831768717,0.0,True,0
12,LASSO,1000.0,1.0,44.44613831768717,5.332094163517019,-0.0025402033118682907,3,False,44.44613831768717,0.0,True,0
12,LASSO,10000.0,1.0,44.44613831768717,5.332094163517019,-0.0025402033118682907,3,False,44.44613831768717,0.0,True,0
12,LASSO,100000.0,1.0,44.44613831768717,5.332094163517019,-0.0025402033118682907,3,False,44.44613831768717,0.0,True,0
12,LASSO,1000000.0,1.0,44.44613831768717,5.332094163517019,-0.0025402033118682907,3,False,44.44613831768717,0.0,True,0
12,ElasticNet,100.0,0.1,44.44613831768717,5.332094163517019,-0.0025402033118682907,3,False,44.44613831768717,0.0,True,0
12,ElasticNet,1000.0,0.1,44.44613831768717,5.332094163517019,-0.0025402033118682907,3,False,44.44613831768717,0.0,True,0
12,ElasticNet,10000.0,0.1,44.44613831768717,5.332094163517019,-0.0025402033118682907,3,False,44.44613831768717,0.0,True,0
12,ElasticNet,100000.0,0.1,44.44613831768717,5.332094163517019,-0.0025402033118682907,3,False,44.44613831768717,0.0,True,0
12,ElasticNet,1000000.0,0.1,44.44613831768717,5.332094163517019,-0.0025402033118682907,3,False,44.44613831768717,0.0,True,0
12,ElasticNet,100.0,0.3,44.44613831768717,5.332094163517019,-0.0025402033118682907,3,False,44.44613831768717,0.0,True,0
12,ElasticNet,1000.0,0.3,44.44613831768717,5.332094163517019,-0.0025402033118682907,3,False,44.44613831768717,0.0,True,0
12,ElasticNet,10000.0,0.3,44.44613831768717,5.332094163517019,-0.0025402033118682907,3,False,44.44613831768717,0.0,True,0
12,ElasticNet,100000.0,0.3,44.44613831768717,5.332094163517019,-0.0025402033118682907,3,False,44.44613831768717,0.0,True,0
12,ElasticNet,1000000.0,0.3,44.44613831768717,5.332094163517019,-0.0025402033118682907,3,False,44.44613831768717,0.0,True,0
12,ElasticNet,10.0,0.5,44.44613831768717,5.332094163517019,-0.0025402033118682907,3,False,44.44613831768717,0.0,True,0
12,ElasticNet,100.0,0.5,44.44613831768717,5.332094163517019,-0.0025402033118682907,3,False,44.44613831768717,0.0,True,0
12,ElasticNet,1000.0,0.5,44.44613831768717,5.332094163517019,-0.0025402033118682907,3,False,44.44613831768717,0.0,True,0
12,ElasticNet,10000.0,0.5,44.44613831768717,5.332094163517019,-0.0025402033118682907,3,False,44.44613831768717,0.0,True,0
12,ElasticNet,100000.0,0.5,44.44613831768717,5.332094163517019,-0.0025402033118682907,3,False,44.44613831768717,0.0,True,0
12,ElasticNet,1000000.0,0.5,44.44613831768717,5.332094163517019,-0.0025402033118682907,3,False,44.44613831768717,0.0,True,0
12,ElasticNet,10.0,0.7,44.44613831768717,5.332094163517019,-0.0025402033118682907,3,False,44.44613831768717,0.0,True,0
12,ElasticNet,100.0,0.7,44.44613831768717,5.332094163517019,-0.0025402033118682907,3,False,44.44613831768717,0.0,True,0
12,ElasticNet,1000.0,0.7,44.44613831768717,5.332094163517019,-0.0025402033118682907,3,False,44.44613831768717,0.0,True,0
12,ElasticNet,10000.0,0.7,44.44613831768717,5.332094163517019,-0.0025402033118682907,3,False,44.44613831768717,0.0,True,0
12,ElasticNet,100000.0,0.7,44.44613831768717,5.332094163517019,-0.0025402033118682907,3,False,44.44613831768717,0.0,True,0
12,ElasticNet,1000000.0,0.7,44.44613831768717,5.332094163517019,-0.0025402033118682907,3,False,44.44613831768717,0.0,True,0
12,ElasticNet,10.0,0.9,44.44613831768717,5.332094163517019,-0.0025402033118682907,3,False,44.44613831768717,0.0,True,0
12,ElasticNet,100.0,0.9,44.44613831768717,5.332094163517019,-0.0025402033118682907,3,False,44.44613831768717,0.0,True,0
12,ElasticNet,1000.0,0.9,44.44613831768717,5.332094163517019,-0.0025402033118682907,3,False,44.44613831768717,0.0,True,0
12,ElasticNet,10000.0,0.9,44.44613831768717,5.332094163517019,-0.0025402033118682907,3,False,44.44613831768717,0.0,True,0
12,ElasticNet,100000.0,0.9,44.44613831768717,5.332094163517019,-0.0025402033118682907,3,False,44.44613831768717,0.0,True,0
12,ElasticNet,1000000.0,0.9,44.44613831768717,5.332094163517019,-0.0025402033118682907,3,False,44.44613831768717,0.0,True,0
12,ElasticNet,10.0,0.95,44.44613831768717,5.332094163517019,-0.0025402033118682907,3,False,44.44613831768717,0.0,True,0
12,ElasticNet,100.0,0.95,44.44613831768717,5.332094163517019,-0.0025402033118682907,3,False,44.44613831768717,0.0,True,0
12,ElasticNet,1000.0,0.95,44.44613831768717,5.332094163517019,-0.0025402033118682907,3,False,44.44613831768717,0.0,True,0
12,ElasticNet,10000.0,0.95,44.44613831768717,5.332094163517019,-0.0025402033118682907,3,False,44.44613831768717,0.0,True,0
12,ElasticNet,100000.0,0.95,44.44613831768717,5.332094163517019,-0.0025402033118682907,3,False,44.44613831768717,0.0,True,0
12,ElasticNet,1000000.0,0.95,44.44613831768717,5.332094163517019,-0.0025402033118682907,3,False,44.44613831768717,0.0,True,0
13,LASSO,10.0,1.0,44.44613831768717,5.332094163517019,-0.0025402033118682907,3,False,44.44613831768717,0.0,True,0
13,LASSO,100.0,1.0,44.44613831768717,5.332094163517019,-0.0025402033118682907,3,False,44.44613831768717,0.0,True,0
13,LASSO,1000.0,1.0,44.44613831768717,5.332094163517019,-0.0025402033118682907,3,False,44.44613831768717,0.0,True,0
13,LASSO,10000.0,1.0,44.44613831768717,5.332094163517019,-0.0025402033118682907,3,False,44.44613831768717,0.0,True,0
13,LASSO,100000.0,1.0,44.44613831768717,5.332094163517019,-0.0025402033118682907,3,False,44.44613831768717,0.0,True,0
13,LASSO,1000000.0,1.0,44.44613831768717,5.332094163517019,-0.0025402033118682907,3,False,44.44613831768717,0.0,True,0
13,ElasticNet,100.0,0.1,44.44613831768717,5.332094163517019,-0.0025402033118682907,3,False,44.44613831768717,0.0,True,0
13,ElasticNet,1000.0,0.1,44.44613831768717,5.332094163517019,-0.0025402033118682907,3,False,44.44613831768717,0.0,True,0
13,ElasticNet,10000.0,0.1,44.44613831768717,5.332094163517019,-0.0025402033118682907,3,False,44.44613831768717,0.0,True,0
13,ElasticNet,100000.0,0.1,44.44613831768717,5.332094163517019,-0.0025402033118682907,3,False,44.44613831768717,0.0,True,0
13,ElasticNet,1000000.0,0.1,44.44613831768717,5.332094163517019,-0.0025402033118682907,3,False,44.44613831768717,0.0,True,0
13,ElasticNet,100.0,0.3,44.44613831768717,5.332094163517019,-0.0025402033118682907,3,False,44.44613831768717,0.0,True,0
13,ElasticNet,1000.0,0.3,44.44613831768717,5.332094163517019,-0.0025402033118682907,3,False,44.44613831768717,0.0,True,0
13,ElasticNet,10000.0,0.3,44.44613831768717,5.332094163517019,-0.0025402033118682907,3,False,44.44613831768717,0.0,True,0
13,ElasticNet,100000.0,0.3,44.44613831768717,5.332094163517019,-0.0025402033118682907,3,False,44.44613831768717,0.0,True,0
13,ElasticNet,1000000.0,0.3,44.44613831768717,5.332094163517019,-0.0025402033118682907,3,False,44.44613831768717,0.0,True,0
13,ElasticNet,10.0,0.5,44.44613831768717,5.332094163517019,-0.0025402033118682907,3,False,44.44613831768717,0.0,True,0
13,ElasticNet,100.0,0.5,44.44613831768717,5.332094163517019,-0.0025402033118682907,3,False,44.44613831768717,0.0,True,0
13,ElasticNet,1000.0,0.5,44.44613831768717,5.332094163517019,-0.0025402033118682907,3,False,44.44613831768717,0.0,True,0
13,ElasticNet,10000.0,0.5,44.44613831768717,5.332094163517019,-0.0025402033118682907,3,False,44.44613831768717,0.0,True,0
13,ElasticNet,100000.0,0.5,44.44613831768717,5.332094163517019,-0.0025402033118682907,3,False,44.44613831768717,0.0,True,0
13,ElasticNet,1000000.0,0.5,44.44613831768717,5.332094163517019,-0.0025402033118682907,3,False,44.44613831768717,0.0,True,0
13,ElasticNet,10.0,0.7,44.44613831768717,5.332094163517019,-0.0025402033118682907,3,False,44.44613831768717,0.0,True,0
13,ElasticNet,100.0,0.7,44.44613831768717,5.332094163517019,-0.0025402033118682907,3,False,44.44613831768717,0.0,True,0
13,ElasticNet,1000.0,0.7,44.44613831768717,5.332094163517019,-0.0025402033118682907,3,False,44.44613831768717,0.0,True,0
13,ElasticNet,10000.0,0.7,44.44613831768717,5.332094163517019,-0.0025402033118682907,3,False,44.44613831768717,0.0,True,0
13,ElasticNet,100000.0,0.7,44.44613831768717,5.332094163517019,-0.0025402033118682907,3,False,44.44613831768717,0.0,True,0
13,ElasticNet,1000000.0,0.7,44.44613831768717,5.332094163517019,-0.0025402033118682907,3,False,44.44613831768717,0.0,True,0
13,ElasticNet,10.0,0.9,44.44613831768717,5.332094163517019,-0.0025402033118682907,3,False,44.44613831768717,0.0,True,0
13,ElasticNet,100.0,0.9,44.44613831768717,5.332094163517019,-0.0025402033118682907,3,False,44.44613831768717,0.0,True,0
13,ElasticNet,1000.0,0.9,44.44613831768717,5.332094163517019,-0.0025402033118682907,3,False,44.44613831768717,0.0,True,0
13,ElasticNet,10000.0,0.9,44.44613831768717,5.332094163517019,-0.0025402033118682907,3,False,44.44613831768717,0.0,True,0
13,ElasticNet,100000.0,0.9,44.44613831768717,5.332094163517019,-0.0025402033118682907,3,False,44.44613831768717,0.0,True,0
13,ElasticNet,1000000.0,0.9,44.44613831768717,5.332094163517019,-0.0025402033118682907,3,False,44.44613831768717,0.0,True,0
13,ElasticNet,10.0,0.95,44.44613831768717,5.332094163517019,-0.0025402033118682907,3,False,44.44613831768717,0.0,True,0
13,ElasticNet,100.0,0.95,44.44613831768717,5.332094163517019,-0.0025402033118682907,3,False,44.44613831768717,0.0,True,0
13,ElasticNet,1000.0,0.95,44.44613831768717,5.332094163517019,-0.0025402033118682907,3,False,44.44613831768717,0.0,True,0
13,ElasticNet,10000.0,0.95,44.44613831768717,5.332094163517019,-0.0025402033118682907,3,False,44.44613831768717,0.0,True,0
13,ElasticNet,100000.0,0.95,44.44613831768717,5.332094163517019,-0.0025402033118682907,3,False,44.44613831768717,0.0,True,0
13,ElasticNet,1000000.0,0.95,44.44613831768717,5.332094163517019,-0.0025402033118682907,3,False,44.44613831768717,0.0,True,0
14,LASSO,10.0,1.0,44.44613831768717,5.332094163517019,-0.0025402033118682907,3,False,44.44613831768717,0.0,True,0
14,LASSO,100.0,1.0,44.44613831768717,5.332094163517019,-0.0025402033118682907,3,False,44.44613831768717,0.0,True,0
14,LASSO,1000.0,1.0,44.44613831768717,5.332094163517019,-0.0025402033118682907,3,False,44.44613831768717,0.0,True,0
14,LASSO,10000.0,1.0,44.44613831768717,5.332094163517019,-0.0025402033118682907,3,False,44.44613831768717,0.0,True,0
14,LASSO,100000.0,1.0,44.44613831768717,5.332094163517019,-0.0025402033118682907,3,False,44.44613831768717,0.0,True,0
14,LASSO,1000000.0,1.0,44.44613831768717,5.332094163517019,-0.0025402033118682907,3,False,44.44613831768717,0.0,True,0
14,ElasticNet,100.0,0.1,44.44613831768717,5.332094163517019,-0.0025402033118682907,3,False,44.44613831768717,0.0,True,0
14,ElasticNet,1000.0,0.1,44.44613831768717,5.332094163517019,-0.0025402033118682907,3,False,44.44613831768717,0.0,True,0
14,ElasticNet,10000.0,0.1,44.44613831768717,5.332094163517019,-0.0025402033118682907,3,False,44.44613831768717,0.0,True,0
14,ElasticNet,100000.0,0.1,44.44613831768717,5.332094163517019,-0.0025402033118682907,3,False,44.44613831768717,0.0,True,0
14,ElasticNet,1000000.0,0.1,44.44613831768717,5.332094163517019,-0.0025402033118682907,3,False,44.44613831768717,0.0,True,0
14,ElasticNet,100.0,0.3,44.44613831768717,5.332094163517019,-0.0025402033118682907,3,False,44.44613831768717,0.0,True,0
14,ElasticNet,1000.0,0.3,44.44613831768717,5.332094163517019,-0.0025402033118682907,3,False,44.44613831768717,0.0,True,0
14,ElasticNet,10000.0,0.3,44.44613831768717,5.332094163517019,-0.0025402033118682907,3,False,44.44613831768717,0.0,True,0
14,ElasticNet,100000.0,0.3,44.44613831768717,5.332094163517019,-0.0025402033118682907,3,False,44.44613831768717,0.0,True,0
14,ElasticNet,1000000.0,0.3,44.44613831768717,5.332094163517019,-0.0025402033118682907,3,False,44.44613831768717,0.0,True,0
14,ElasticNet,10.0,0.5,44.44613831768717,5.332094163517019,-0.0025402033118682907,3,False,44.44613831768717,0.0,True,0
14,ElasticNet,100.0,0.5,44.44613831768717,5.332094163517019,-0.0025402033118682907,3,False,44.44613831768717,0.0,True,0
14,ElasticNet,1000.0,0.5,44.44613831768717,5.332094163517019,-0.0025402033118682907,3,False,44.44613831768717,0.0,True,0
14,ElasticNet,10000.0,0.5,44.44613831768717,5.332094163517019,-0.0025402033118682907,3,False,44.44613831768717,0.0,True,0
14,ElasticNet,100000.0,0.5,44.44613831768717,5.332094163517019,-0.0025402033118682907,3,False,44.44613831768717,0.0,True,0
14,ElasticNet,1000000.0,0.5,44.44613831768717,5.332094163517019,-0.0025402033118682907,3,False,44.44613831768717,0.0,True,0
14,ElasticNet,10.0,0.7,44.44613831768717,5.332094163517019,-0.0025402033118682907,3,False,44.44613831768717,0.0,True,0
14,ElasticNet,100.0,0.7,44.44613831768717,5.332094163517019,-0.0025402033118682907,3,False,44.44613831768717,0.0,True,0
14,ElasticNet,1000.0,0.7,44.44613831768717,5.332094163517019,-0.0025402033118682907,3,False,44.44613831768717,0.0,True,0
14,ElasticNet,10000.0,0.7,44.44613831768717,5.332094163517019,-0.0025402033118682907,3,False,44.44613831768717,0.0,True,0
14,ElasticNet,100000.0,0.7,44.44613831768717,5.332094163517019,-0.0025402033118682907,3,False,44.44613831768717,0.0,True,0
14,ElasticNet,1000000.0,0.7,44.44613831768717,5.332094163517019,-0.0025402033118682907,3,False,44.44613831768717,0.0,True,0
14,ElasticNet,10.0,0.9,44.44613831768717,5.332094163517019,-0.0025402033118682907,3,False,44.44613831768717,0.0,True,0
14,ElasticNet,100.0,0.9,44.44613831768717,5.332094163517019,-0.0025402033118682907,3,False,44.44613831768717,0.0,True,0
14,ElasticNet,1000.0,0.9,44.44613831768717,5.332094163517019,-0.0025402033118682907,3,False,44.44613831768717,0.0,True,0
14,ElasticNet,10000.0,0.9,44.44613831768717,5.332094163517019,-0.0025402033118682907,3,False,44.44613831768717,0.0,True,0
14,ElasticNet,100000.0,0.9,44.44613831768717,5.332094163517019,-0.0025402033118682907,3,False,44.44613831768717,0.0,True,0
14,ElasticNet,1000000.0,0.9,44.44613831768717,5.332094163517019,-0.0025402033118682907,3,False,44.44613831768717,0.0,True,0
14,ElasticNet,10.0,0.95,44.44613831768717,5.332094163517019,-0.0025402033118682907,3,False,44.44613831768717,0.0,True,0
14,ElasticNet,100.0,0.95,44.44613831768717,5.332094163517019,-0.0025402033118682907,3,False,44.44613831768717,0.0,True,0
14,ElasticNet,1000.0,0.95,44.44613831768717,5.332094163517019,-0.0025402033118682907,3,False,44.44613831768717,0.0,True,0
14,ElasticNet,10000.0,0.95,44.44613831768717,5.332094163517019,-0.0025402033118682907,3,False,44.44613831768717,0.0,True,0
14,ElasticNet,100000.0,0.95,44.44613831768717,5.332094163517019,-0.0025402033118682907,3,False,44.44613831768717,0.0,True,0
14,ElasticNet,1000000.0,0.95,44.44613831768717,5.332094163517019,-0.0025402033118682907,3,False,44.44613831768717,0.0,True,0
15,LASSO,10.0,1.0,44.44613831768717,5.332094163517019,-0.0025402033118682907,3,False,44.44613831768717,0.0,True,0
15,LASSO,100.0,1.0,44.44613831768717,5.332094163517019,-0.0025402033118682907,3,False,44.44613831768717,0.0,True,0
15,LASSO,1000.0,1.0,44.44613831768717,5.332094163517019,-0.0025402033118682907,3,False,44.44613831768717,0.0,True,0
15,LASSO,10000.0,1.0,44.44613831768717,5.332094163517019,-0.0025402033118682907,3,False,44.44613831768717,0.0,True,0
15,LASSO,100000.0,1.0,44.44613831768717,5.332094163517019,-0.0025402033118682907,3,False,44.44613831768717,0.0,True,0
15,LASSO,1000000.0,1.0,44.44613831768717,5.332094163517019,-0.0025402033118682907,3,False,44.44613831768717,0.0,True,0
15,ElasticNet,100.0,0.1,44.44613831768717,5.332094163517019,-0.0025402033118682907,3,False,44.44613831768717,0.0,True,0
15,ElasticNet,1000.0,0.1,44.44613831768717,5.332094163517019,-0.0025402033118682907,3,False,44.44613831768717,0.0,True,0
15,ElasticNet,10000.0,0.1,44.44613831768717,5.332094163517019,-0.0025402033118682907,3,False,44.44613831768717,0.0,True,0
15,ElasticNet,100000.0,0.1,44.44613831768717,5.332094163517019,-0.0025402033118682907,3,False,44.44613831768717,0.0,True,0
15,ElasticNet,1000000.0,0.1,44.44613831768717,5.332094163517019,-0.0025402033118682907,3,False,44.44613831768717,0.0,True,0
15,ElasticNet,100.0,0.3,44.44613831768717,5.332094163517019,-0.0025402033118682907,3,False,44.44613831768717,0.0,True,0
15,ElasticNet,1000.0,0.3,44.44613831768717,5.332094163517019,-0.0025402033118682907,3,False,44.44613831768717,0.0,True,0
15,ElasticNet,10000.0,0.3,44.44613831768717,5.332094163517019,-0.0025402033118682907,3,False,44.44613831768717,0.0,True,0
15,ElasticNet,100000.0,0.3,44.44613831768717,5.332094163517019,-0.0025402033118682907,3,False,44.44613831768717,0.0,True,0
15,ElasticNet,1000000.0,0.3,44.44613831768717,5.332094163517019,-0.0025402033118682907,3,False,44.44613831768717,0.0,True,0
15,ElasticNet,10.0,0.5,44.44613831768717,5.332094163517019,-0.0025402033118682907,3,False,44.44613831768717,0.0,True,0
15,ElasticNet,100.0,0.5,44.44613831768717,5.332094163517019,-0.0025402033118682907,3,False,44.44613831768717,0.0,True,0
15,ElasticNet,1000.0,0.5,44.44613831768717,5.332094163517019,-0.0025402033118682907,3,False,44.44613831768717,0.0,True,0
15,ElasticNet,10000.0,0.5,44.44613831768717,5.332094163517019,-0.0025402033118682907,3,False,44.44613831768717,0.0,True,0
15,ElasticNet,100000.0,0.5,44.44613831768717,5.332094163517019,-0.0025402033118682907,3,False,44.44613831768717,0.0,True,0
15,ElasticNet,1000000.0,0.5,44.44613831768717,5.332094163517019,-0.0025402033118682907,3,False,44.44613831768717,0.0,True,0
15,ElasticNet,10.0,0.7,44.44613831768717,5.332094163517019,-0.0025402033118682907,3,False,44.44613831768717,0.0,True,0
15,ElasticNet,100.0,0.7,44.44613831768717,5.332094163517019,-0.0025402033118682907,3,False,44.44613831768717,0.0,True,0
15,ElasticNet,1000.0,0.7,44.44613831768717,5.332094163517019,-0.0025402033118682907,3,False,44.44613831768717,0.0,True,0
15,ElasticNet,10000.0,0.7,44.44613831768717,5.332094163517019,-0.0025402033118682907,3,False,44.44613831768717,0.0,True,0
15,ElasticNet,100000.0,0.7,44.44613831768717,5.332094163517019,-0.0025402033118682907,3,False,44.44613831768717,0.0,True,0
15,ElasticNet,1000000.0,0.7,44.44613831768717,5.332094163517019,-0.0025402033118682907,3,False,44.44613831768717,0.0,True,0
15,ElasticNet,10.0,0.9,44.44613831768717,5.332094163517019,-0.0025402033118682907,3,False,44.44613831768717,0.0,True,0
15,ElasticNet,100.0,0.9,44.44613831768717,5.332094163517019,-0.0025402033118682907,3,False,44.44613831768717,0.0,True,0
15,ElasticNet,1000.0,0.9,44.44613831768717,5.332094163517019,-0.0025402033118682907,3,False,44.44613831768717,0.0,True,0
15,ElasticNet,10000.0,0.9,44.44613831768717,5.332094163517019,-0.0025402033118682907,3,False,44.44613831768717,0.0,True,0
15,ElasticNet,100000.0,0.9,44.44613831768717,5.332094163517019,-0.0025402033118682907,3,False,44.44613831768717,0.0,True,0
15,ElasticNet,1000000.0,0.9,44.44613831768717,5.332094163517019,-0.0025402033118682907,3,False,44.44613831768717,0.0,True,0
15,ElasticNet,10.0,0.95,44.44613831768717,5.332094163517019,-0.0025402033118682907,3,False,44.44613831768717,0.0,True,0
15,ElasticNet,100.0,0.95,44.44613831768717,5.332094163517019,-0.0025402033118682907,3,False,44.44613831768717,0.0,True,0
15,ElasticNet,1000.0,0.95,44.44613831768717,5.332094163517019,-0.0025402033118682907,3,False,44.44613831768717,0.0,True,0
15,ElasticNet,10000.0,0.95,44.44613831768717,5.332094163517019,-0.0025402033118682907,3,False,44.44613831768717,0.0,True,0
15,ElasticNet,100000.0,0.95,44.44613831768717,5.332094163517019,-0.0025402033118682907,3,False,44.44613831768717,0.0,True,0
15,ElasticNet,1000000.0,0.95,44.44613831768717,5.332094163517019,-0.0025402033118682907,3,False,44.44613831768717,0.0,True,0
16,LASSO,10.0,1.0,44.44613831768717,5.332094163517019,-0.0025402033118682907,3,False,44.44613831768717,0.0,True,0
16,LASSO,100.0,1.0,44.44613831768717,5.332094163517019,-0.0025402033118682907,3,False,44.44613831768717,0.0,True,0
16,LASSO,1000.0,1.0,44.44613831768717,5.332094163517019,-0.0025402033118682907,3,False,44.44613831768717,0.0,True,0
16,LASSO,10000.0,1.0,44.44613831768717,5.332094163517019,-0.0025402033118682907,3,False,44.44613831768717,0.0,True,0
16,LASSO,100000.0,1.0,44.44613831768717,5.332094163517019,-0.0025402033118682907,3,False,44.44613831768717,0.0,True,0
16,LASSO,1000000.0,1.0,44.44613831768717,5.332094163517019,-0.0025402033118682907,3,False,44.44613831768717,0.0,True,0
16,ElasticNet,100.0,0.1,44.44613831768717,5.332094163517019,-0.0025402033118682907,3,False,44.44613831768717,0.0,True,0
16,ElasticNet,1000.0,0.1,44.44613831768717,5.332094163517019,-0.0025402033118682907,3,False,44.44613831768717,0.0,True,0
16,ElasticNet,10000.0,0.1,44.44613831768717,5.332094163517019,-0.0025402033118682907,3,False,44.44613831768717,0.0,True,0
16,ElasticNet,100000.0,0.1,44.44613831768717,5.332094163517019,-0.0025402033118682907,3,False,44.44613831768717,0.0,True,0
16,ElasticNet,1000000.0,0.1,44.44613831768717,5.332094163517019,-0.0025402033118682907,3,False,44.44613831768717,0.0,True,0
16,ElasticNet,100.0,0.3,44.44613831768717,5.332094163517019,-0.0025402033118682907,3,False,44.44613831768717,0.0,True,0
16,ElasticNet,1000.0,0.3,44.44613831768717,5.332094163517019,-0.0025402033118682907,3,False,44.44613831768717,0.0,True,0
16,ElasticNet,10000.0,0.3,44.44613831768717,5.332094163517019,-0.0025402033118682907,3,False,44.44613831768717,0.0,True,0
16,ElasticNet,100000.0,0.3,44.44613831768717,5.332094163517019,-0.0025402033118682907,3,False,44.44613831768717,0.0,True,0
16,ElasticNet,1000000.0,0.3,44.44613831768717,5.332094163517019,-0.0025402033118682907,3,False,44.44613831768717,0.0,True,0
16,ElasticNet,10.0,0.5,44.44613831768717,5.332094163517019,-0.0025402033118682907,3,False,44.44613831768717,0.0,True,0
16,ElasticNet,100.0,0.5,44.44613831768717,5.332094163517019,-0.0025402033118682907,3,False,44.44613831768717,0.0,True,0
16,ElasticNet,1000.0,0.5,44.44613831768717,5.332094163517019,-0.0025402033118682907,3,False,44.44613831768717,0.0,True,0
16,ElasticNet,10000.0,0.5,44.44613831768717,5.332094163517019,-0.0025402033118682907,3,False,44.44613831768717,0.0,True,0
16,ElasticNet,100000.0,0.5,44.44613831768717,5.332094163517019,-0.0025402033118682907,3,False,44.44613831768717,0.0,True,0
16,ElasticNet,1000000.0,0.5,44.44613831768717,5.332094163517019,-0.0025402033118682907,3,False,44.44613831768717,0.0,True,0
16,ElasticNet,10.0,0.7,44.44613831768717,5.332094163517019,-0.0025402033118682907,3,False,44.44613831768717,0.0,True,0
16,ElasticNet,100.0,0.7,44.44613831768717,5.332094163517019,-0.0025402033118682907,3,False,44.44613831768717,0.0,True,0
16,ElasticNet,1000.0,0.7,44.44613831768717,5.332094163517019,-0.0025402033118682907,3,False,44.44613831768717,0.0,True,0
16,ElasticNet,10000.0,0.7,44.44613831768717,5.332094163517019,-0.0025402033118682907,3,False,44.44613831768717,0.0,True,0
16,ElasticNet,100000.0,0.7,44.44613831768717,5.332094163517019,-0.0025402033118682907,3,False,44.44613831768717,0.0,True,0
16,ElasticNet,1000000.0,0.7,44.44613831768717,5.332094163517019,-0.0025402033118682907,3,False,44.44613831768717,0.0,True,0
16,ElasticNet,10.0,0.9,44.44613831768717,5.332094163517019,-0.0025402033118682907,3,False,44.44613831768717,0.0,True,0
16,ElasticNet,100.0,0.9,44.44613831768717,5.332094163517019,-0.0025402033118682907,3,False,44.44613831768717,0.0,True,0
16,ElasticNet,1000.0,0.9,44.44613831768717,5.332094163517019,-0.0025402033118682907,3,False,44.44613831768717,0.0,True,0
16,ElasticNet,10000.0,0.9,44.44613831768717,5.332094163517019,-0.0025402033118682907,3,False,44.44613831768717,0.0,True,0
16,ElasticNet,100000.0,0.9,44.44613831768717,5.332094163517019,-0.0025402033118682907,3,False,44.44613831768717,0.0,True,0
16,ElasticNet,1000000.0,0.9,44.44613831768717,5.332094163517019,-0.0025402033118682907,3,False,44.44613831768717,0.0,True,0
16,ElasticNet,10.0,0.95,44.44613831768717,5.332094163517019,-0.0025402033118682907,3,False,44.44613831768717,0.0,True,0
16,ElasticNet,100.0,0.95,44.44613831768717,5.332094163517019,-0.0025402033118682907,3,False,44.44613831768717,0.0,True,0
16,ElasticNet,1000.0,0.95,44.44613831768717,5.332094163517019,-0.0025402033118682907,3,False,44.44613831768717,0.0,True,0
16,ElasticNet,10000.0,0.95,44.44613831768717,5.332094163517019,-0.0025402033118682907,3,False,44.44613831768717,0.0,True,0
16,ElasticNet,100000.0,0.95,44.44613831768717,5.332094163517019,-0.0025402033118682907,3,False,44.44613831768717,0.0,True,0
16,ElasticNet,1000000.0,0.95,44.44613831768717,5.332094163517019,-0.0025402033118682907,3,False,44.44613831768717,0.0,True,0
17,LASSO,10.0,1.0,44.44613831768717,5.332094163517019,-0.0025402033118682907,3,False,44.44613831768717,0.0,True,0
17,LASSO,100.0,1.0,44.44613831768717,5.332094163517019,-0.0025402033118682907,3,False,44.44613831768717,0.0,True,0
17,LASSO,1000.0,1.0,44.44613831768717,5.332094163517019,-0.0025402033118682907,3,False,44.44613831768717,0.0,True,0
17,LASSO,10000.0,1.0,44.44613831768717,5.332094163517019,-0.0025402033118682907,3,False,44.44613831768717,0.0,True,0
17,LASSO,100000.0,1.0,44.44613831768717,5.332094163517019,-0.0025402033118682907,3,False,44.44613831768717,0.0,True,0
17,LASSO,1000000.0,1.0,44.44613831768717,5.332094163517019,-0.0025402033118682907,3,False,44.44613831768717,0.0,True,0
17,ElasticNet,100.0,0.1,44.44613831768717,5.332094163517019,-0.0025402033118682907,3,False,44.44613831768717,0.0,True,0
17,ElasticNet,1000.0,0.1,44.44613831768717,5.332094163517019,-0.0025402033118682907,3,False,44.44613831768717,0.0,True,0
17,ElasticNet,10000.0,0.1,44.44613831768717,5.332094163517019,-0.0025402033118682907,3,False,44.44613831768717,0.0,True,0
17,ElasticNet,100000.0,0.1,44.44613831768717,5.332094163517019,-0.0025402033118682907,3,False,44.44613831768717,0.0,True,0
17,ElasticNet,1000000.0,0.1,44.44613831768717,5.332094163517019,-0.0025402033118682907,3,False,44.44613831768717,0.0,True,0
17,ElasticNet,100.0,0.3,44.44613831768717,5.332094163517019,-0.0025402033118682907,3,False,44.44613831768717,0.0,True,0
17,ElasticNet,1000.0,0.3,44.44613831768717,5.332094163517019,-0.0025402033118682907,3,False,44.44613831768717,0.0,True,0
17,ElasticNet,10000.0,0.3,44.44613831768717,5.332094163517019,-0.0025402033118682907,3,False,44.44613831768717,0.0,True,0
17,ElasticNet,100000.0,0.3,44.44613831768717,5.332094163517019,-0.0025402033118682907,3,False,44.44613831768717,0.0,True,0
17,ElasticNet,1000000.0,0.3,44.44613831768717,5.332094163517019,-0.0025402033118682907,3,False,44.44613831768717,0.0,True,0
17,ElasticNet,10.0,0.5,44.44613831768717,5.332094163517019,-0.0025402033118682907,3,False,44.44613831768717,0.0,True,0
17,ElasticNet,100.0,0.5,44.44613831768717,5.332094163517019,-0.0025402033118682907,3,False,44.44613831768717,0.0,True,0
17,ElasticNet,1000.0,0.5,44.44613831768717,5.332094163517019,-0.0025402033118682907,3,False,44.44613831768717,0.0,True,0
17,ElasticNet,10000.0,0.5,44.44613831768717,5.332094163517019,-0.0025402033118682907,3,False,44.44613831768717,0.0,True,0
17,ElasticNet,100000.0,0.5,44.44613831768717,5.332094163517019,-0.0025402033118682907,3,False,44.44613831768717,0.0,True,0
17,ElasticNet,1000000.0,0.5,44.44613831768717,5.332094163517019,-0.0025402033118682907,3,False,44.44613831768717,0.0,True,0
17,ElasticNet,10.0,0.7,44.44613831768717,5.332094163517019,-0.0025402033118682907,3,False,44.44613831768717,0.0,True,0
17,ElasticNet,100.0,0.7,44.44613831768717,5.332094163517019,-0.0025402033118682907,3,False,44.44613831768717,0.0,True,0
17,ElasticNet,1000.0,0.7,44.44613831768717,5.332094163517019,-0.0025402033118682907,3,False,44.44613831768717,0.0,True,0
17,ElasticNet,10000.0,0.7,44.44613831768717,5.332094163517019,-0.0025402033118682907,3,False,44.44613831768717,0.0,True,0
17,ElasticNet,100000.0,0.7,44.44613831768717,5.332094163517019,-0.0025402033118682907,3,False,44.44613831768717,0.0,True,0
17,ElasticNet,1000000.0,0.7,44.44613831768717,5.332094163517019,-0.0025402033118682907,3,False,44.44613831768717,0.0,True,0
17,ElasticNet,10.0,0.9,44.44613831768717,5.332094163517019,-0.0025402033118682907,3,False,44.44613831768717,0.0,True,0
17,ElasticNet,100.0,0.9,44.44613831768717,5.332094163517019,-0.0025402033118682907,3,False,44.44613831768717,0.0,True,0
17,ElasticNet,1000.0,0.9,44.44613831768717,5.332094163517019,-0.0025402033118682907,3,False,44.44613831768717,0.0,True,0
17,ElasticNet,10000.0,0.9,44.44613831768717,5.332094163517019,-0.0025402033118682907,3,False,44.44613831768717,0.0,True,0
17,ElasticNet,100000.0,0.9,44.44613831768717,5.332094163517019,-0.0025402033118682907,3,False,44.44613831768717,0.0,True,0
17,ElasticNet,1000000.0,0.9,44.44613831768717,5.332094163517019,-0.0025402033118682907,3,False,44.44613831768717,0.0,True,0
17,ElasticNet,10.0,0.95,44.44613831768717,5.332094163517019,-0.0025402033118682907,3,False,44.44613831768717,0.0,True,0
17,ElasticNet,100.0,0.95,44.44613831768717,5.332094163517019,-0.0025402033118682907,3,False,44.44613831768717,0.0,True,0
17,ElasticNet,1000.0,0.95,44.44613831768717,5.332094163517019,-0.0025402033118682907,3,False,44.44613831768717,0.0,True,0
17,ElasticNet,10000.0,0.95,44.44613831768717,5.332094163517019,-0.0025402033118682907,3,False,44.44613831768717,0.0,True,0
17,ElasticNet,100000.0,0.95,44.44613831768717,5.332094163517019,-0.0025402033118682907,3,False,44.44613831768717,0.0,True,0
17,ElasticNet,1000000.0,0.95,44.44613831768717,5.332094163517019,-0.0025402033118682907,3,False,44.44613831768717,0.0,True,0
18,LASSO,10.0,1.0,44.44613831768717,5.332094163517019,-0.0025402033118682907,3,False,44.44613831768717,0.0,True,0
18,LASSO,100.0,1.0,44.44613831768717,5.332094163517019,-0.0025402033118682907,3,False,44.44613831768717,0.0,True,0
18,LASSO,1000.0,1.0,44.44613831768717,5.332094163517019,-0.0025402033118682907,3,False,44.44613831768717,0.0,True,0
18,LASSO,10000.0,1.0,44.44613831768717,5.332094163517019,-0.0025402033118682907,3,False,44.44613831768717,0.0,True,0
18,LASSO,100000.0,1.0,44.44613831768717,5.332094163517019,-0.0025402033118682907,3,False,44.44613831768717,0.0,True,0
18,LASSO,1000000.0,1.0,44.44613831768717,5.332094163517019,-0.0025402033118682907,3,False,44.44613831768717,0.0,True,0
18,ElasticNet,100.0,0.1,44.44613831768717,5.332094163517019,-0.0025402033118682907,3,False,44.44613831768717,0.0,True,0
18,ElasticNet,1000.0,0.1,44.44613831768717,5.332094163517019,-0.0025402033118682907,3,False,44.44613831768717,0.0,True,0
18,ElasticNet,10000.0,0.1,44.44613831768717,5.332094163517019,-0.0025402033118682907,3,False,44.44613831768717,0.0,True,0
18,ElasticNet,100000.0,0.1,44.44613831768717,5.332094163517019,-0.0025402033118682907,3,False,44.44613831768717,0.0,True,0
18,ElasticNet,1000000.0,0.1,44.44613831768717,5.332094163517019,-0.0025402033118682907,3,False,44.44613831768717,0.0,True,0
18,ElasticNet,100.0,0.3,44.44613831768717,5.332094163517019,-0.0025402033118682907,3,False,44.44613831768717,0.0,True,0
18,ElasticNet,1000.0,0.3,44.44613831768717,5.332094163517019,-0.0025402033118682907,3,False,44.44613831768717,0.0,True,0
18,ElasticNet,10000.0,0.3,44.44613831768717,5.332094163517019,-0.0025402033118682907,3,False,44.44613831768717,0.0,True,0
18,ElasticNet,100000.0,0.3,44.44613831768717,5.332094163517019,-0.0025402033118682907,3,False,44.44613831768717,0.0,True,0
18,ElasticNet,1000000.0,0.3,44.44613831768717,5.332094163517019,-0.0025402033118682907,3,False,44.44613831768717,0.0,True,0
18,ElasticNet,10.0,0.5,44.44613831768717,5.332094163517019,-0.0025402033118682907,3,False,44.44613831768717,0.0,True,0
18,ElasticNet,100.0,0.5,44.44613831768717,5.332094163517019,-0.0025402033118682907,3,False,44.44613831768717,0.0,True,0
18,ElasticNet,1000.0,0.5,44.44613831768717,5.332094163517019,-0.0025402033118682907,3,False,44.44613831768717,0.0,True,0
18,ElasticNet,10000.0,0.5,44.44613831768717,5.332094163517019,-0.0025402033118682907,3,False,44.44613831768717,0.0,True,0
18,ElasticNet,100000.0,0.5,44.44613831768717,5.332094163517019,-0.0025402033118682907,3,False,44.44613831768717,0.0,True,0
18,ElasticNet,1000000.0,0.5,44.44613831768717,5.332094163517019,-0.0025402033118682907,3,False,44.44613831768717,0.0,True,0
18,ElasticNet,10.0,0.7,44.44613831768717,5.332094163517019,-0.0025402033118682907,3,False,44.44613831768717,0.0,True,0
18,ElasticNet,100.0,0.7,44.44613831768717,5.332094163517019,-0.0025402033118682907,3,False,44.44613831768717,0.0,True,0
18,ElasticNet,1000.0,0.7,44.44613831768717,5.332094163517019,-0.0025402033118682907,3,False,44.44613831768717,0.0,True,0
18,ElasticNet,10000.0,0.7,44.44613831768717,5.332094163517019,-0.0025402033118682907,3,False,44.44613831768717,0.0,True,0
18,ElasticNet,100000.0,0.7,44.44613831768717,5.332094163517019,-0.0025402033118682907,3,False,44.44613831768717,0.0,True,0
18,ElasticNet,1000000.0,0.7,44.44613831768717,5.332094163517019,-0.0025402033118682907,3,False,44.44613831768717,0.0,True,0
18,ElasticNet,10.0,0.9,44.44613831768717,5.332094163517019,-0.0025402033118682907,3,False,44.44613831768717,0.0,True,0
18,ElasticNet,100.0,0.9,44.44613831768717,5.332094163517019,-0.0025402033118682907,3,False,44.44613831768717,0.0,True,0
18,ElasticNet,1000.0,0.9,44.44613831768717,5.332094163517019,-0.0025402033118682907,3,False,44.44613831768717,0.0,True,0
18,ElasticNet,10000.0,0.9,44.44613831768717,5.332094163517019,-0.0025402033118682907,3,False,44.44613831768717,0.0,True,0
18,ElasticNet,100000.0,0.9,44.44613831768717,5.332094163517019,-0.0025402033118682907,3,False,44.44613831768717,0.0,True,0
18,ElasticNet,1000000.0,0.9,44.44613831768717,5.332094163517019,-0.0025402033118682907,3,False,44.44613831768717,0.0,True,0
18,ElasticNet,10.0,0.95,44.44613831768717,5.332094163517019,-0.0025402033118682907,3,False,44.44613831768717,0.0,True,0
18,ElasticNet,100.0,0.95,44.44613831768717,5.332094163517019,-0.0025402033118682907,3,False,44.44613831768717,0.0,True,0
18,ElasticNet,1000.0,0.95,44.44613831768717,5.332094163517019,-0.0025402033118682907,3,False,44.44613831768717,0.0,True,0
18,ElasticNet,10000.0,0.95,44.44613831768717,5.332094163517019,-0.0025402033118682907,3,False,44.44613831768717,0.0,True,0
18,ElasticNet,100000.0,0.95,44.44613831768717,5.332094163517019,-0.0025402033118682907,3,False,44.44613831768717,0.0,True,0
18,ElasticNet,1000000.0,0.95,44.44613831768717,5.332094163517019,-0.0025402033118682907,3,False,44.44613831768717,0.0,True,0
19,LASSO,10.0,1.0,44.44613831768717,5.332094163517019,-0.0025402033118682907,3,False,44.44613831768717,0.0,True,0
19,LASSO,100.0,1.0,44.44613831768717,5.332094163517019,-0.0025402033118682907,3,False,44.44613831768717,0.0,True,0
19,LASSO,1000.0,1.0,44.44613831768717,5.332094163517019,-0.0025402033118682907,3,False,44.44613831768717,0.0,True,0
19,LASSO,10000.0,1.0,44.44613831768717,5.332094163517019,-0.0025402033118682907,3,False,44.44613831768717,0.0,True,0
19,LASSO,100000.0,1.0,44.44613831768717,5.332094163517019,-0.0025402033118682907,3,False,44.44613831768717,0.0,True,0
19,LASSO,1000000.0,1.0,44.44613831768717,5.332094163517019,-0.0025402033118682907,3,False,44.44613831768717,0.0,True,0
19,ElasticNet,100.0,0.1,44.44613831768717,5.332094163517019,-0.0025402033118682907,3,False,44.44613831768717,0.0,True,0
19,ElasticNet,1000.0,0.1,44.44613831768717,5.332094163517019,-0.0025402033118682907,3,False,44.44613831768717,0.0,True,0
19,ElasticNet,10000.0,0.1,44.44613831768717,5.332094163517019,-0.0025402033118682907,3,False,44.44613831768717,0.0,True,0
19,ElasticNet,100000.0,0.1,44.44613831768717,5.332094163517019,-0.0025402033118682907,3,False,44.44613831768717,0.0,True,0
19,ElasticNet,1000000.0,0.1,44.44613831768717,5.332094163517019,-0.0025402033118682907,3,False,44.44613831768717,0.0,True,0
19,ElasticNet,100.0,0.3,44.44613831768717,5.332094163517019,-0.0025402033118682907,3,False,44.44613831768717,0.0,True,0
19,ElasticNet,1000.0,0.3,44.44613831768717,5.332094163517019,-0.0025402033118682907,3,False,44.44613831768717,0.0,True,0
19,ElasticNet,10000.0,0.3,44.44613831768717,5.332094163517019,-0.0025402033118682907,3,False,44.44613831768717,0.0,True,0
19,ElasticNet,100000.0,0.3,44.44613831768717,5.332094163517019,-0.0025402033118682907,3,False,44.44613831768717,0.0,True,0
19,ElasticNet,1000000.0,0.3,44.44613831768717,5.332094163517019,-0.0025402033118682907,3,False,44.44613831768717,0.0,True,0
19,ElasticNet,10.0,0.5,44.44613831768717,5.332094163517019,-0.0025402033118682907,3,False,44.44613831768717,0.0,True,0
19,ElasticNet,100.0,0.5,44.44613831768717,5.332094163517019,-0.0025402033118682907,3,False,44.44613831768717,0.0,True,0
19,ElasticNet,1000.0,0.5,44.44613831768717,5.332094163517019,-0.0025402033118682907,3,False,44.44613831768717,0.0,True,0
19,ElasticNet,10000.0,0.5,44.44613831768717,5.332094163517019,-0.0025402033118682907,3,False,44.44613831768717,0.0,True,0
19,ElasticNet,100000.0,0.5,44.44613831768717,5.332094163517019,-0.0025402033118682907,3,False,44.44613831768717,0.0,True,0
19,ElasticNet,1000000.0,0.5,44.44613831768717,5.332094163517019,-0.0025402033118682907,3,False,44.44613831768717,0.0,True,0
19,ElasticNet,10.0,0.7,44.44613831768717,5.332094163517019,-0.0025402033118682907,3,False,44.44613831768717,0.0,True,0
19,ElasticNet,100.0,0.7,44.44613831768717,5.332094163517019,-0.0025402033118682907,3,False,44.44613831768717,0.0,True,0
19,ElasticNet,1000.0,0.7,44.44613831768717,5.332094163517019,-0.0025402033118682907,3,False,44.44613831768717,0.0,True,0
19,ElasticNet,10000.0,0.7,44.44613831768717,5.332094163517019,-0.0025402033118682907,3,False,44.44613831768717,0.0,True,0
19,ElasticNet,100000.0,0.7,44.44613831768717,5.332094163517019,-0.0025402033118682907,3,False,44.44613831768717,0.0,True,0
19,ElasticNet,1000000.0,0.7,44.44613831768717,5.332094163517019,-0.0025402033118682907,3,False,44.44613831768717,0.0,True,0
19,ElasticNet,10.0,0.9,44.44613831768717,5.332094163517019,-0.0025402033118682907,3,False,44.44613831768717,0.0,True,0
19,ElasticNet,100.0,0.9,44.44613831768717,5.332094163517019,-0.0025402033118682907,3,False,44.44613831768717,0.0,True,0
19,ElasticNet,1000.0,0.9,44.44613831768717,5.332094163517019,-0.0025402033118682907,3,False,44.44613831768717,0.0,True,0
19,ElasticNet,10000.0,0.9,44.44613831768717,5.332094163517019,-0.0025402033118682907,3,False,44.44613831768717,0.0,True,0
19,ElasticNet,100000.0,0.9,44.44613831768717,5.332094163517019,-0.0025402033118682907,3,False,44.44613831768717,0.0,True,0
19,ElasticNet,1000000.0,0.9,44.44613831768717,5.332094163517019,-0.0025402033118682907,3,False,44.44613831768717,0.0,True,0
19,ElasticNet,10.0,0.95,44.44613831768717,5.332094163517019,-0.0025402033118682907,3,False,44.44613831768717,0.0,True,0
19,ElasticNet,100.0,0.95,44.44613831768717,5.332094163517019,-0.0025402033118682907,3,False,44.44613831768717,0.0,True,0
19,ElasticNet,1000.0,0.95,44.44613831768717,5.332094163517019,-0.0025402033118682907,3,False,44.44613831768717,0.0,True,0
19,ElasticNet,10000.0,0.95,44.44613831768717,5.332094163517019,-0.0025402033118682907,3,False,44.44613831768717,0.0,True,0
19,ElasticNet,100000.0,0.95,44.44613831768717,5.332094163517019,-0.0025402033118682907,3,False,44.44613831768717,0.0,True,0
19,ElasticNet,1000000.0,0.95,44.44613831768717,5.332094163517019,-0.0025402033118682907,3,False,44.44613831768717,0.0,True,0
20,LASSO,10.0,1.0,44.44613831768717,5.332094163517019,-0.0025402033118682907,3,False,44.44613831768717,0.0,True,0
20,LASSO,100.0,1.0,44.44613831768717,5.332094163517019,-0.0025402033118682907,3,False,44.44613831768717,0.0,True,0
20,LASSO,1000.0,1.0,44.44613831768717,5.332094163517019,-0.0025402033118682907,3,False,44.44613831768717,0.0,True,0
20,LASSO,10000.0,1.0,44.44613831768717,5.332094163517019,-0.0025402033118682907,3,False,44.44613831768717,0.0,True,0
20,LASSO,100000.0,1.0,44.44613831768717,5.332094163517019,-0.0025402033118682907,3,False,44.44613831768717,0.0,True,0
20,LASSO,1000000.0,1.0,44.44613831768717,5.332094163517019,-0.0025402033118682907,3,False,44.44613831768717,0.0,True,0
20,ElasticNet,100.0,0.1,44.44613831768717,5.332094163517019,-0.0025402033118682907,3,False,44.44613831768717,0.0,True,0
20,ElasticNet,1000.0,0.1,44.44613831768717,5.332094163517019,-0.0025402033118682907,3,False,44.44613831768717,0.0,True,0
20,ElasticNet,10000.0,0.1,44.44613831768717,5.332094163517019,-0.0025402033118682907,3,False,44.44613831768717,0.0,True,0
20,ElasticNet,100000.0,0.1,44.44613831768717,5.332094163517019,-0.0025402033118682907,3,False,44.44613831768717,0.0,True,0
20,ElasticNet,1000000.0,0.1,44.44613831768717,5.332094163517019,-0.0025402033118682907,3,False,44.44613831768717,0.0,True,0
20,ElasticNet,100.0,0.3,44.44613831768717,5.332094163517019,-0.0025402033118682907,3,False,44.44613831768717,0.0,True,0
20,ElasticNet,1000.0,0.3,44.44613831768717,5.332094163517019,-0.0025402033118682907,3,False,44.44613831768717,0.0,True,0
20,ElasticNet,10000.0,0.3,44.44613831768717,5.332094163517019,-0.0025402033118682907,3,False,44.44613831768717,0.0,True,0
20,ElasticNet,100000.0,0.3,44.44613831768717,5.332094163517019,-0.0025402033118682907,3,False,44.44613831768717,0.0,True,0
20,ElasticNet,1000000.0,0.3,44.44613831768717,5.332094163517019,-0.0025402033118682907,3,False,44.44613831768717,0.0,True,0
20,ElasticNet,10.0,0.5,44.44613831768717,5.332094163517019,-0.0025402033118682907,3,False,44.44613831768717,0.0,True,0
20,ElasticNet,100.0,0.5,44.44613831768717,5.332094163517019,-0.0025402033118682907,3,False,44.44613831768717,0.0,True,0
20,ElasticNet,1000.0,0.5,44.44613831768717,5.332094163517019,-0.0025402033118682907,3,False,44.44613831768717,0.0,True,0
20,ElasticNet,10000.0,0.5,44.44613831768717,5.332094163517019,-0.0025402033118682907,3,False,44.44613831768717,0.0,True,0
20,ElasticNet,100000.0,0.5,44.44613831768717,5.332094163517019,-0.0025402033118682907,3,False,44.44613831768717,0.0,True,0
20,ElasticNet,1000000.0,0.5,44.44613831768717,5.332094163517019,-0.0025402033118682907,3,False,44.44613831768717,0.0,True,0
20,ElasticNet,10.0,0.7,44.44613831768717,5.332094163517019,-0.0025402033118682907,3,False,44.44613831768717,0.0,True,0
20,ElasticNet,100.0,0.7,44.44613831768717,5.332094163517019,-0.0025402033118682907,3,False,44.44613831768717,0.0,True,0
20,ElasticNet,1000.0,0.7,44.44613831768717,5.332094163517019,-0.0025402033118682907,3,False,44.44613831768717,0.0,True,0
20,ElasticNet,10000.0,0.7,44.44613831768717,5.332094163517019,-0.0025402033118682907,3,False,44.44613831768717,0.0,True,0
20,ElasticNet,100000.0,0.7,44.44613831768717,5.332094163517019,-0.0025402033118682907,3,False,44.44613831768717,0.0,True,0
20,ElasticNet,1000000.0,0.7,44.44613831768717,5.332094163517019,-0.0025402033118682907,3,False,44.44613831768717,0.0,True,0
20,ElasticNet,10.0,0.9,44.44613831768717,5.332094163517019,-0.0025402033118682907,3,False,44.44613831768717,0.0,True,0
20,ElasticNet,100.0,0.9,44.44613831768717,5.332094163517019,-0.0025402033118682907,3,False,44.44613831768717,0.0,True,0
20,ElasticNet,1000.0,0.9,44.44613831768717,5.332094163517019,-0.0025402033118682907,3,False,44.44613831768717,0.0,True,0
20,ElasticNet,10000.0,0.9,44.44613831768717,5.332094163517019,-0.0025402033118682907,3,False,44.44613831768717,0.0,True,0
20,ElasticNet,100000.0,0.9,44.44613831768717,5.332094163517019,-0.0025402033118682907,3,False,44.44613831768717,0.0,True,0
20,ElasticNet,1000000.0,0.9,44.44613831768717,5.332094163517019,-0.0025402033118682907,3,False,44.44613831768717,0.0,True,0
20,ElasticNet,10.0,0.95,44.44613831768717,5.332094163517019,-0.0025402033118682907,3,False,44.44613831768717,0.0,True,0
20,ElasticNet,100.0,0.95,44.44613831768717,5.332094163517019,-0.0025402033118682907,3,False,44.44613831768717,0.0,True,0
20,ElasticNet,1000.0,0.95,44.44613831768717,5.332094163517019,-0.0025402033118682907,3,False,44.44613831768717,0.0,True,0
20,ElasticNet,10000.0,0.95,44.44613831768717,5.332094163517019,-0.0025402033118682907,3,False,44.44613831768717,0.0,True,0
20,ElasticNet,100000.0,0.95,44.44613831768717,5.332094163517019,-0.0025402033118682907,3,False,44.44613831768717,0.0,True,0
20,ElasticNet,1000000.0,0.95,44.44613831768717,5.332094163517019,-0.0025402033118682907,3,False,44.44613831768717,0.0,True,0
13,ElasticNet,0.001,0.95,0.2654856302946355,0.02899002599015352,0.993928949873801,3,False,0.2654856302946355,0.0002510267777033823,False,0
16,ElasticNet,0.001,0.95,0.26628055405481027,0.023699725527445502,0.993912089043465,3,False,0.26628055405481027,0.0006014003585566638,False,0
13,LASSO,0.001,1.0,0.26662422074122,0.03026605516063864,0.993901351446015,3,False,0.26662422074122,5.640662757293042e-05,False,0
11,ElasticNet,0.001,0.7,0.26690325309924895,0.029956726163558118,0.9938946388997841,3,False,0.26690325309924895,6.474895457437722e-05,False,0
14,LASSO,0.001,1.0,0.26858972666127773,0.028469554964066474,0.9938656057726284,3,False,0.26858972666127773,0.00025993268829908184,False,0
16,ElasticNet,0.001,0.9,0.26870599912272103,0.025457676600564666,0.9938619139753073,3,False,0.268705999122721,5.356116185641145e-05,False,0
15,LASSO,0.001,1.0,0.26879177290392126,0.02694212014440175,0.9938565397005893,3,False,0.2687917729039212,5.157815996721172e-05,False,0
16,LASSO,0.001,1.0,0.26911022469965634,0.02570447922597613,0.9938544447546386,3,False,0.26911022469965634,5.720445514916005e-05,False,0
14,ElasticNet,0.001,0.95,0.2692590756338847,0.029113453684426843,0.9938483990069269,3,False,0.26925907563388474,0.00039711394703172945,False,0
12,ElasticNet,0.001,0.95,0.2692595911055678,0.035611789505310285,0.993848394970286,3,False,0.2692595911055678,0.00014974417634065838,False,0
12,LASSO,0.001,1.0,0.2699590546018355,0.03616175492694697,0.9938338653488704,3,False,0.2699590546018355,0.0002885423679822724,False,0
15,ElasticNet,0.001,0.95,0.2701271650702454,0.028266701451011383,0.9938309430279393,3,False,0.2701271650702454,0.00046781348132603017,False,0
11,LASSO,0.001,1.0,0.27118195104865755,0.032017660056116184,0.9937958187305904,3,False,0.27118195104865755,0.00013307891872340596,False,0
18,ElasticNet,0.001,0.95,0.27157095284678484,0.023154362430728135,0.9938059105212798,3,False,0.27157095284678484,0.0009289202347598237,False,0
17,LASSO,0.001,1.0,0.27351975761710545,0.026835804940253803,0.993756475220224,3,False,0.27351975761710545,5.614299656506042e-05,False,0
17,ElasticNet,0.001,0.95,0.27380729891193173,0.02691472099674562,0.9937517692512312,3,False,0.27380729891193173,7.588564989561306e-05,False,0
18,LASSO,0.001,1.0,0.2752356885953786,0.026355609738452215,0.9937211741655146,3,False,0.2752356885953786,6.777281466487767e-05,False,0
18,ElasticNet,0.001,0.9,0.2753616326940715,0.026095690034129232,0.9937230039059379,3,False,0.2753616326940715,5.981861583139467e-05,False,0
17,ElasticNet,0.001,0.9,0.2756687947147228,0.028491779227056587,0.9937134115819584,3,False,0.2756687947147228,0.0004962061264409165,False,0
10,ElasticNet,0.0001,0.7,0.2780137119011619,0.014645574340541916,0.9936461564391524,3,False,0.2780137119011619,5.8095299859762704e-05,False,0
10,LASSO,0.0001,1.0,0.27806813985200424,0.012915612199715359,0.9936448074134159,3,False,0.27806813985200424,9.928389684832979e-05,False,0
10,ElasticNet,0.0001,0.5,0.27808968917433474,0.015487895974334321,0.9936440762640008,3,False,0.27808968917433474,9.402242378180101e-05,False,0
10,ElasticNet,0.0001,0.9,0.2785838026211979,0.013750861574416776,0.9936339411297928,3,False,0.2785838026211979,8.743771551073178e-05,False,0
10,ElasticNet,0.0001,0.95,0.2789985970367443,0.013164394728369487,0.9936245569657295,3,False,0.2789985970367443,8.66207498201137e-05,False,0
10,ElasticNet,0.0001,0.1,0.280024443693709,0.01661347102529913,0.9935990297492457,3,False,0.28002444369370905,6.118889428289291e-05,False,0
10,ElasticNet,0.001,0.95,0.2810207363981072,0.04141453148559084,0.9935769413313036,3,False,0.2810207363981072,6.335109177728045e-05,False,0
10,LASSO,0.001,1.0,0.2819690245573158,0.041752483000899565,0.9935555224893368,3,False,0.28196902455731576,5.6845800979978336e-05,False,0
11,LASSO,0.0001,1.0,0.2826264041367578,0.01189256791079747,0.9935519786109858,3,False,0.2826264041367578,7.256517591865183e-05,False,0
11,ElasticNet,0.0001,0.95,0.2836713590529322,0.013119152394321619,0.9935285681683067,3,False,0.2836713590529322,5.672959214674095e-05,False,0
18,ElasticNet,0.001,0.5,0.2839201045281638,0.03374374611456037,0.9935415002460736,3,False,0.28392010452816374,6.785539749049995e-05,False,0
19,LASSO,0.001,1.0,0.2839309380580117,0.03466540015818194,0.9935420857006704,3,False,0.2839309380580117,6.723893259300202e-05,False,0
11,ElasticNet,0.0001,0.9,0.2839492356754855,0.013663442223728903,0.9935233960922066,3,False,0.2839492356754855,0.00018420829018372172,False,0
20,ElasticNet,0.001,0.9,0.2844917747719686,0.03331393311154071,0.9935274176623426,3,False,0.2844917747719686,0.0015747049233198929,False,0
11,ElasticNet,0.0001,0.7,0.284619963194139,0.011005918098617966,0.9935083407667183,3,False,0.284619963194139,6.157780506899785e-05,False,0
19,ElasticNet,0.001,0.95,0.2853585712969431,0.037114862899416894,0.9935129676636629,3,False,0.2853585712969431,6.017821738810408e-05,False,0
19,ElasticNet,0.001,0.9,0.2854856699186941,0.037733894469191606,0.9935111477845077,3,False,0.2854856699186942,5.206221853763576e-05,False,0
15,ElasticNet,0.01,0.1,0.2858739705600389,0.036903006047405505,0.9934675800086206,3,False,0.28587397056003894,0.0001241230841162324,False,0
12,LASSO,0.0001,1.0,0.28653780576363425,0.012944588938406863,0.9934648900587248,3,False,0.28653780576363425,8.995088280751607e-05,False,0
8,LASSO,0.0001,1.0,0.28706356716850784,0.03751145290206745,0.993446521107605,3,False,0.28706356716850784,0.00017370823392060214,False,0
16,ElasticNet,0.01,0.1,0.2872070623118362,0.035570076688298785,0.9934388224830122,3,False,0.28720706231183624,9.260577336061909e-05,False,0
12,ElasticNet,0.0001,0.95,0.2872671827049707,0.012361042954409089,0.9934507219584319,3,False,0.2872671827049707,0.00024183300773527707,False,0
17,ElasticNet,0.01,0.1,0.28741126332530476,0.03222183318589567,0.9934319427370708,3,False,0.2874112633253047,9.395105531911636e-05,False,0
12,ElasticNet,0.0001,0.9,0.2878032832766786,0.012873608572662325,0.993441343144087,3,False,0.2878032832766786,6.6889033712526e-05,False,0
19,ElasticNet,0.001,0.7,0.2882851809145763,0.03441794189717504,0.9934233289722068,3,False,0.2882851809145763,0.0013930742161175807,False,0
20,LASSO,0.001,1.0,0.28833802915994494,0.038811420562353045,0.9934498057933469,3,False,0.28833802915994494,0.00010792320310237585,False,0
18,ElasticNet,0.01,0.1,0.2889497537204784,0.02944654659154262,0.9933989069948569,3,False,0.2889497537204784,0.0001077639610252021,False,0
12,ElasticNet,0.0001,0.7,0.2890300809369621,0.01254997793537922,0.9934138908703599,3,False,0.2890300809369621,5.951807760887546e-05,False,0
20,ElasticNet,0.001,0.95,0.2891057033578015,0.038864239531005096,0.9934347464646992,3,False,0.28910570335780156,7.960042016261313e-05,False,0
14,ElasticNet,0.01,0.1,0.2896178404707182,0.04182280283034048,0.9933882830508942,3,False,0.2896178404707182,5.5352086080537495e-05,False,0
20,ElasticNet,0.001,0.7,0.2913317552934641,0.044264726070260614,0.9933870593345802,3,False,0.29133175529346417,6.219609170311454e-05,False,0
19,ElasticNet,0.01,0.1,0.29222563363988385,0.02802959178915472,0.9933259309602182,3,False,0.29222563363988385,0.00010036946522426699,False,0
20,ElasticNet,0.01,0.1,0.29357765971366995,0.025942737640023094,0.993296335603942,3,False,0.29357765971366995,0.00010445749155695819,False,0
9,LASSO,1e-05,1.0,0.296815041902725,0.005112512536922974,0.9932292915429751,3,False,0.296815041902725,6.237674203518282e-05,False,0
12,ElasticNet,0.0001,0.3,0.2980854401606282,0.010852862488958365,0.9932080072956255,3,False,0.29808544016062827,5.78550524366958e-05,False,0
13,ElasticNet,0.0001,0.95,0.2981697287217948,0.02214978727566907,0.9932232632528976,3,False,0.2981697287217948,8.282279579733593e-05,False,0
9,ElasticNet,1e-05,0.95,0.2984914117552577,0.005266512775604076,0.9931947103471139,3,False,0.2984914117552577,5.4186314825528304e-05,False,0
19,ElasticNet,0.001,0.5,0.2995163893183626,0.05855793307320815,0.9932182034528426,3,False,0.2995163893183626,5.379136746706673e-05,False,0
17,ElasticNet,0.01,0.3,0.30063633735702006,0.035232156161548726,0.9931343921388147,3,False,0.30063633735702006,9.109300131002196e-05,False,0
13,LASSO,0.0001,1.0,0.30069398049666346,0.028137180550500546,0.9931740338199252,3,False,0.3006939804966634,0.0001793803619656629,False,0
19,ElasticNet,0.01,0.3,0.3015744616705965,0.03311800661989865,0.9931071557762557,3,False,0.3015744616705965,6.988116973462907e-05,False,0
20,ElasticNet,0.01,0.3,0.30320911739540807,0.032097720117144284,0.9930697204968221,3,False,0.30320911739540807,0.00012078441754021559,False,0
13,ElasticNet,0.0001,0.9,0.3052959555857729,0.030847908822028782,0.9930755155881718,3,False,0.3052959555857729,6.593355733913042e-05,False,0
20,ElasticNet,0.001,0.5,0.3067555269614031,0.06666786975151116,0.9930666924538455,3,False,0.3067555269614031,0.00010021725205337177,False,0
13,ElasticNet,0.0001,0.7,0.31022028109217187,0.03505929782074489,0.9929703162132307,3,False,0.31022028109217187,5.0012074259956455e-05,False,0
14,ElasticNet,0.0001,0.95,0.3126558018605754,0.03556871942437516,0.9929217509531009,3,False,0.31265580186057534,0.00010151083261257563,False,0
14,LASSO,0.0001,1.0,0.31437179318283165,0.04032935016271453,0.9928897877649652,3,False,0.31437179318283165,0.00021167414109589063,False,0
20,ElasticNet,0.001,0.3,0.3169046518691901,0.07648747262261074,0.9928563850453616,3,False,0.3169046518691901,5.349763485770699e-05,False,0
18,ElasticNet,0.001,0.1,0.3180110445147679,0.06827314887249754,0.9928319233048771,3,False,0.3180110445147679,5.605999482212764e-05,False,0
14,ElasticNet,0.0001,0.9,0.31844331603638903,0.04168839315313909,0.9927993467043236,3,False,0.31844331603638903,0.00012102627141566372,False,0
19,ElasticNet,0.01,0.5,0.3217285160486308,0.031785522189748984,0.9926572351089403,3,False,0.3217285160486308,6.64277122991181e-05,False,0
20,ElasticNet,0.01,0.5,0.3224837707743741,0.030335229050889017,0.9926385991848986,3,False,0.32248377077437407,7.438186348257547e-05,False,0
13,ElasticNet,0.0001,0.5,0.32268753449421594,0.047926882834715655,0.992703791134057,3,False,0.32268753449421594,5.463553691395038e-05,False,0
15,ElasticNet,0.01,0.5,0.3228534790752481,0.038683312910119436,0.9926505503996991,3,False,0.32285347907524814,7.987678188066741e-05,False,0
10,ElasticNet,1e-05,0.9,0.32735910768698323,0.00895949455011092,0.9925447796284897,3,False,0.32735910768698323,6.341309591532348e-05,False,0
10,ElasticNet,1e-05,0.95,0.32831028612821966,0.009140476623009717,0.992528049241006,3,False,0.32831028612821966,6.085287668353259e-05,False,0
14,ElasticNet,0.0001,0.7,0.3311903590393836,0.05846038701180826,0.9925288174953444,3,False,0.3311903590393836,6.550191997813884e-05,False,0
10,LASSO,1e-05,1.0,0.33171476124930954,0.009402871206582664,0.9924565868626966,3,False,0.3317147612493096,5.857872529896804e-05,False,0
16,LASSO,0.0001,1.0,0.3347546679229056,0.04992656285508928,0.9924435098642923,3,False,0.33475466792290565,0.0004537160027461641,False,0
14,ElasticNet,0.0001,0.5,0.3375646771003353,0.05573063112311418,0.992381911995094,3,False,0.33756467710033516,6.047216860322849e-05,False,0
15,ElasticNet,0.0001,0.95,0.34073389859431774,0.07587170157464587,0.9923342658283376,3,False,0.34073389859431774,0.0001551092412164463,False,0
19,ElasticNet,0.01,0.7,0.3408759910989594,0.03354734983893933,0.99223510535955,3,False,0.3408759910989594,7.891854031222886e-05,False,0
20,ElasticNet,0.01,0.7,0.34101902469682494,0.03179223582110122,0.992228983311476,3,False,0.34101902469682494,5.853316243735213e-05,False,0
16,ElasticNet,0.01,0.7,0.34120447778053603,0.04247033307130234,0.9922443794270378,3,False,0.34120447778053603,8.517744625823921e-05,False,0
18,ElasticNet,0.01,0.7,0.3414528973633018,0.03756710791377504,0.9922304397880636,3,False,0.3414528973633018,0.00013353765107702604,False,0
18,LASSO,0.0001,1.0,0.34448883532866326,0.05612013427151768,0.9922440735034709,3,False,0.34448883532866326,0.0004458358276762538,False,0
15,LASSO,0.0001,1.0,0.3507806714644827,0.0949673987843328,0.9921275010121514,3,False,0.3507806714644827,0.00012523640816003106,False,0
15,ElasticNet,0.0001,0.9,0.3577159767771015,0.10492673500389949,0.9919814463032135,3,False,0.3577159767771016,5.65206975943373e-05,False,0
16,ElasticNet,0.01,0.9,0.36290190739007816,0.051032656777728495,0.9917620210285669,3,False,0.36290190739007816,0.0001400675950336567,False,0
17,ElasticNet,0.01,0.9,0.3636003162740484,0.04889804792817354,0.9917401611643437,3,False,0.3636003162740484,0.0001142640618453164,False,0
20,ElasticNet,0.01,0.9,0.36378078654131846,0.039659545626722255,0.9917229410426734,3,False,0.3637807865413185,0.00012903663245064645,False,0
18,ElasticNet,0.01,0.9,0.3639070269906124,0.04533196255401764,0.9917284727740028,3,False,0.3639070269906124,0.00017111854741252118,False,0
14,ElasticNet,0.01,0.9,0.36395463321665905,0.05596156188972736,0.9917456795086514,3,False,0.36395463321665905,5.138083960955914e-05,False,0
19,ElasticNet,0.01,0.9,0.36413472219116744,0.04387791385855322,0.9917183170047883,3,False,0.36413472219116744,0.00015358752125811323,False,0
15,ElasticNet,0.0001,0.7,0.3663661979946444,0.10882179772465621,0.991795254304297,3,False,0.3663661979946444,7.562925679485807e-05,False,0
16,ElasticNet,0.0001,0.95,0.36727511232175064,0.10512195528923383,0.9917735737860683,3,False,0.36727511232175064,9.800141760772371e-05,False,0
20,ElasticNet,0.01,0.95,0.3691044284862885,0.04076188510357083,0.991604611903294,3,False,0.3691044284862885,7.817741618742699e-05,False,0
16,ElasticNet,0.01,0.95,0.36938796489245074,0.05291044775059036,0.9916183558095167,3,False,0.36938796489245074,0.00011205062434814506,False,0
17,ElasticNet,0.01,0.95,0.36963075782721605,0.0512981597801861,0.9916071613850459,3,False,0.36963075782721605,0.00014992050301551076,False,0
11,ElasticNet,1e-05,0.9,0.36964182238382737,0.035577514941606235,0.9916336570704352,3,False,0.3696418223838274,7.055056253397125e-05,False,0
18,ElasticNet,0.01,0.95,0.36976346429011836,0.04722944408433749,0.9915983836275896,3,False,0.36976346429011836,6.915530075348592e-05,False,0
19,ElasticNet,0.01,0.95,0.37001254213748697,0.045313227948809764,0.9915858067369903,3,False,0.37001254213748697,0.00011276111421731384,False,0
11,LASSO,1e-05,1.0,0.3712716782725361,0.038787549423402526,0.9915991294257904,3,False,0.3712716782725361,7.447600731225106e-05,False,0
15,LASSO,0.01,1.0,0.3727526394059959,0.051412853129811996,0.9915428477101308,3,False,0.3727526394059959,0.00012640996838045315,False,0
16,LASSO,0.01,1.0,0.3744009149010515,0.05047638010497802,0.9915066737814063,3,False,0.3744009149010515,0.00015363572728528327,False,0
20,LASSO,0.01,1.0,0.3749285283160598,0.04166695248169741,0.9914758124186868,3,False,0.3749285283160598,0.00039764283196246607,False,0
11,ElasticNet,1e-05,0.7,0.37505419468905776,0.03578337282061828,0.9915097040918325,3,False,0.37505419468905776,6.281321074561388e-05,False,0
17,LASSO,0.01,1.0,0.3753507368583857,0.048921943481781686,0.9914788435865493,3,False,0.3753507368583857,0.00022774836251151544,False,0
16,ElasticNet,0.0001,0.9,0.3758288476221226,0.12059203342545252,0.9915988803288674,3,False,0.3758288476221226,6.541169058819553e-05,False,0
18,LASSO,0.01,1.0,0.3760202643378709,0.04464640401976621,0.9914566606658289,3,False,0.3760202643378709,0.00020039785480062584,False,0
19,LASSO,0.01,1.0,0.3760354741052036,0.04689011947661058,0.9914529570392476,3,False,0.3760354741052036,0.00031944719014275445,False,0
14,LASSO,0.01,1.0,0.37646514101781614,0.05729962396937441,0.9914666488916207,3,False,0.3764651410178161,0.00013501369472809777,False,0
13,LASSO,0.01,1.0,0.3788594750324217,0.0649637230713395,0.9914194088099748,3,False,0.3788594750324217,0.0010788965180472277,False,0
11,ElasticNet,1e-05,0.95,0.3800848045876674,0.05303933229761015,0.9914132407884013,3,False,0.3800848045876674,7.268420801393217e-05,False,0
11,LASSO,0.01,1.0,0.38604268422954774,0.06347336989624083,0.9912504649877901,3,False,0.38604268422954774,0.0001480561683838543,False,0
12,LASSO,0.01,1.0,0.38761234405989325,0.06486984669654065,0.991226097007159,3,False,0.38761234405989325,0.00011635464929357457,False,0
16,ElasticNet,0.0001,0.7,0.389156722954685,0.12392100385224894,0.9913053736167478,3,False,0.38915672295468506,0.000130982353505357,False,0
15,ElasticNet,0.0001,0.5,0.39276111809561093,0.14044528159944858,0.9912371294918948,3,False,0.39276111809561093,5.821845375626098e-05,False,0
18,ElasticNet,0.0001,0.95,0.3981691892543999,0.1403727834616046,0.9911205336205838,3,False,0.3981691892543999,0.0001061095987608946,False,0
15,ElasticNet,0.0001,0.3,0.4073057331253683,0.15088433028003337,0.9909213097480034,3,False,0.4073057331253683,6.854663370001754e-05,False,0
14,ElasticNet,0.0001,0.1,0.40732335486435106,0.13208349104653475,0.9908910648326476,3,False,0.40732335486435106,5.345666789090924e-05,False,0
17,LASSO,0.0001,1.0,0.41406169891569927,0.18634684657851508,0.9908076834503928,3,False,0.41406169891569927,8.479101331685221e-05,False,0
17,ElasticNet,0.0001,0.95,0.41556122235659876,0.18176421864669207,0.9907714545848031,3,False,0.4155612223565988,0.0001818691563226575,False,0
12,ElasticNet,1e-05,0.95,0.42050704794232724,0.06785466184112507,0.9905159569232517,3,False,0.42050704794232724,7.949435632433287e-05,False,0
12,ElasticNet,1e-05,0.9,0.4212725682451461,0.06574720328515936,0.9904914664669136,3,False,0.4212725682451461,6.70565701891971e-05,False,0
12,LASSO,1e-05,1.0,0.42198907098210076,0.07492970902928492,0.9904862640733322,3,False,0.42198907098210076,8.44581024117149e-05,False,0
17,ElasticNet,0.0001,0.9,0.43249979425553703,0.2042191973120606,0.9904132278265859,3,False,0.43249979425553703,0.00010270019989880407,False,0
16,ElasticNet,0.0001,0.5,0.4330830010790066,0.17955734145396296,0.9903738758536892,3,False,0.4330830010790066,7.240260876617239e-05,False,0
9,LASSO,0.01,1.0,0.43470403406039687,0.0635276353492819,0.9901262526835524,3,False,0.43470403406039687,5.1174667506745375e-05,False,0
11,ElasticNet,1e-06,0.9,0.44239413477269657,0.0495076998367831,0.9900038507453884,3,False,0.44239413477269657,5.8452075421420135e-05,False,0
11,LASSO,1e-06,1.0,0.4433153421872076,0.04265765185468015,0.9899646150235615,3,False,0.4433153421872076,5.072767144504748e-05,False,0
16,ElasticNet,0.0001,0.3,0.4454454424872852,0.17224506849843707,0.9900791459112409,3,False,0.4454454424872852,9.36662816292147e-05,False,0
11,ElasticNet,1e-06,0.5,0.44664980725536857,0.05550845820446435,0.9899126817693306,3,False,0.44664980725536846,5.030056870909156e-05,False,0
11,ElasticNet,1e-06,0.95,0.4468316335362314,0.06606729136720356,0.9899206483440842,3,False,0.4468316335362314,6.614570068086948e-05,False,0
12,ElasticNet,1e-05,0.7,0.44711160613718265,0.10625520649751419,0.9899519510725433,3,False,0.44711160613718265,6.652800941098399e-05,False,0
18,ElasticNet,0.0001,0.9,0.44765626576095535,0.2204585584481772,0.9900951344238749,3,False,0.44765626576095535,9.63203533763592e-05,False,0
11,ElasticNet,1e-06,0.7,0.45148482117773964,0.0664102586520862,0.9898183556873527,3,False,0.45148482117773964,5.339533794111453e-05,False,0
12,ElasticNet,1e-05,0.3,0.4538382841745496,0.09230407242655539,0.9897623982679985,3,False,0.4538382841745496,5.3672061525632744e-05,False,0
17,ElasticNet,0.0001,0.7,0.4542876332179646,0.22666265839162614,0.9899490119436779,3,False,0.4542876332179646,0.00016008938513601635,False,0
12,ElasticNet,1e-05,0.5,0.4598680397305693,0.11255131285246489,0.9896496548053356,3,False,0.4598680397305693,6.080309124691296e-05,False,0
17,ElasticNet,0.0001,0.5,0.469750889282518,0.23532082806212867,0.9896072488480744,3,False,0.469750889282518,9.984946340841098e-05,False,0
12,ElasticNet,1e-05,0.1,0.47909415809183775,0.12327539543824927,0.9892296472013754,3,False,0.4790941580918378,5.023808316093135e-05,False,0
18,ElasticNet,0.0001,0.7,0.48370143138911353,0.2549816549211975,0.9893197901114422,3,False,0.48370143138911353,8.511522419539492e-05,False,0
13,ElasticNet,1e-05,0.9,0.4889294204209483,0.14445790877212206,0.9890465654511772,3,False,0.4889294204209483,9.863477081447638e-05,False,0
13,ElasticNet,1e-05,0.95,0.493366470878708,0.15602311256754445,0.988961480346059,3,False,0.493366470878708,9.502936314240413e-05,False,0
20,ElasticNet,0.0001,0.9,0.4977913940364085,0.2797400548009718,0.989023309022214,3,False,0.49779139403640843,0.00021918344681789878,False,0
20,ElasticNet,0.0001,0.95,0.5060728124143289,0.3003272625004497,0.9888648859927337,3,False,0.506072812414329,8.736466326470608e-05,False,0
13,LASSO,1e-05,1.0,0.5061774976624515,0.18770796678294774,0.9887083942055929,3,False,0.5061774976624515,0.00010028088081739147,False,0
13,ElasticNet,1e-05,0.7,0.5242620778779092,0.1962360953342898,0.9883029534603476,3,False,0.5242620778779092,9.45972929055449e-05,False,0
19,ElasticNet,0.0001,0.7,0.5311055874254452,0.32227620799553985,0.9883225476598151,3,False,0.5311055874254452,9.556914469673915e-05,False,0
17,ElasticNet,0.0001,0.3,0.5331216814485958,0.3145139532837927,0.9882563368287616,3,False,0.5331216814485958,7.999783939123996e-05,False,0
13,ElasticNet,1e-05,0.5,0.533943211956487,0.19752637722330083,0.9880791444514868,3,False,0.533943211956487,7.342469471814919e-05,False,0
18,ElasticNet,0.0001,0.5,0.5359965426568046,0.32434304357929583,0.9882077985744057,3,False,0.5359965426568046,0.00010740275813506087,False,0
20,LASSO,0.0001,1.0,0.5463456239992484,0.36941883454769736,0.988039865575696,3,False,0.5463456239992484,8.93539595479213e-05,False,0
19,LASSO,0.0001,1.0,0.5470914073441929,0.3849286195370802,0.9880280758913744,3,False,0.5470914073441929,7.730595199637052e-05,False,0
19,ElasticNet,0.0001,0.9,0.5487012905896114,0.38022642720167543,0.9879856378622497,3,False,0.5487012905896114,7.680142480805952e-05,False,0
19,ElasticNet,0.0001,0.95,0.5591587113051135,0.4032207160022822,0.9877750294404221,3,False,0.5591587113051135,0.00010354524943092342,False,0
19,ElasticNet,0.0001,0.5,0.5760390922824178,0.37491065389840483,0.9873480231820583,3,False,0.5760390922824178,0.00010217954684381705,False,0
18,ElasticNet,0.0001,0.3,0.5900501578999872,0.36508335978895573,0.9870130794117381,3,False,0.5900501578999872,8.718759634759405e-05,False,0
20,ElasticNet,0.0001,0.7,0.5969959838940121,0.40066964877688094,0.9869133531112668,3,False,0.5969959838940121,8.411134942110745e-05,False,0
14,LASSO,1e-05,1.0,0.6017845875076656,0.2403295048704233,0.9865519817463886,3,False,0.6017845875076656,0.00013285878708143005,False,0
12,ElasticNet,1e-06,0.95,0.6210811836132822,0.2022436746675517,0.9859839867752817,3,False,0.6210811836132822,6.185539613491478e-05,False,0
14,ElasticNet,1e-05,0.9,0.6228592659980458,0.2620193576341335,0.9860902566561465,3,False,0.6228592659980458,0.00011028997206033246,False,0
12,ElasticNet,1e-06,0.9,0.629919699660459,0.2204635312622493,0.985823825615021,3,False,0.629919699660459,6.315012173467715e-05,False,0
12,LASSO,1e-06,1.0,0.6393009569398053,0.2505293640443096,0.985648317290703,3,False,0.6393009569398053,6.198991149300436e-05,False,0
20,ElasticNet,0.0001,0.5,0.6452221181508166,0.45479966102891006,0.9858636683379935,3,False,0.6452221181508166,0.00013617652473535858,False,0
12,ElasticNet,1e-06,0.3,0.6500630354588025,0.2220284048616938,0.9853507521085946,3,False,0.6500630354588025,5.244476940736502e-05,False,0
12,ElasticNet,1e-06,0.7,0.6501282419853543,0.25305228774397387,0.9854029862117771,3,False,0.6501282419853543,6.0699033557905684e-05,False,0
19,ElasticNet,0.0001,0.3,0.6514751411397965,0.44617190002126084,0.9857018024417635,3,False,0.6514751411397965,8.472811094711707e-05,False,0
14,ElasticNet,1e-05,0.7,0.6548774101069301,0.3196557572712086,0.9854374791844295,3,False,0.6548774101069301,0.00012433146577559188,False,0
14,ElasticNet,1e-05,0.95,0.6605552943011136,0.345237599910797,0.9853420551573592,3,False,0.6605552943011136,0.00013665466326977552,False,0
12,ElasticNet,1e-06,0.5,0.6745966034549631,0.27906386586132653,0.9848641832825025,3,False,0.6745966034549632,5.6033022023181005e-05,False,0
14,ElasticNet,1e-05,0.5,0.6968072047378087,0.34119919351950545,0.9844993657115707,3,False,0.6968072047378087,8.567064552033594e-05,False,0
15,ElasticNet,1e-05,0.95,0.726421649407205,0.45421480986459967,0.9839688222480595,3,False,0.726421649407205,0.00011257806893272985,False,0
14,ElasticNet,1e-05,0.3,0.7298984562262562,0.32806944936775345,0.9836838744043462,3,False,0.7298984562262562,6.510229638201682e-05,False,0
15,LASSO,1e-05,1.0,0.7323296898709661,0.47145419193359617,0.9838448357357684,3,False,0.7323296898709661,9.363631826218311e-05,False,0
15,ElasticNet,1e-05,0.9,0.7567036318947272,0.4902377074768097,0.9833060503047557,3,False,0.7567036318947272,9.222595909858299e-05,False,0
20,ElasticNet,0.0001,0.3,0.7851800503984392,0.6099332449382797,0.9828296828600186,3,False,0.7851800503984392,7.70019854616686e-05,False,0
15,ElasticNet,1e-05,0.7,0.8023214556391203,0.542930772824299,0.9823119057365988,3,False,0.8023214556391204,9.55890486895484e-05,False,0
16,ElasticNet,1e-05,0.95,0.8340870116123518,0.4340271930957147,0.9813576694548578,3,False,0.8340870116123518,0.00011908660682124818,False,0
13,ElasticNet,1e-06,0.7,0.8393933944369678,0.5047704355951971,0.981420380295008,3,False,0.8393933944369678,5.531721737957952e-05,False,0
13,ElasticNet,1e-06,0.9,0.8406506833244141,0.5311009605534408,0.9814688722149209,3,False,0.8406506833244141,6.986395953551336e-05,False,0
16,LASSO,1e-05,1.0,0.8605441758648146,0.5119159823978997,0.9808922555403089,3,False,0.8605441758648146,0.00013427586803480517,False,0
15,ElasticNet,1e-05,0.5,0.8700956672072196,0.5743003246319526,0.980751816916,3,False,0.8700956672072196,7.46338256114861e-05,False,0
16,ElasticNet,1e-05,0.9,0.8758004411006942,0.49968511314092184,0.9804949205426228,3,False,0.8758004411006942,0.00010531431954390638,False,0
13,LASSO,1e-06,1.0,0.8869654860952191,0.6045077540386041,0.9804399163806347,3,False,0.8869654860952191,5.3976089804794595e-05,False,0
16,ElasticNet,1e-05,0.7,0.8891158209047907,0.4624432401041855,0.9801016776050177,3,False,0.8891158209047907,0.00012107376913649281,False,0
19,ElasticNet,0.0001,0.1,0.9093321416635906,0.7689391358773507,0.9801833467120215,3,False,0.9093321416635906,6.522514248414413e-05,False,0
17,LASSO,1e-05,1.0,0.9233922455720002,0.5655609846683928,0.9795371792436601,3,False,0.9233922455720002,9.536085066081103e-05,False,0
17,ElasticNet,1e-05,0.95,0.9691629878616396,0.6297404168255634,0.9785566298795918,3,False,0.9691629878616396,0.00010304223334410659,False,0
20,ElasticNet,0.0001,0.1,1.0011561581014539,0.7828945285969312,0.9780558381841432,3,False,1.0011561581014539,5.921313511015778e-05,False,0
15,ElasticNet,1e-05,0.3,1.0037517130664522,0.7736911237691931,0.9779603130709841,3,False,1.0037517130664522,6.088022939261041e-05,False,0
17,ElasticNet,1e-05,0.9,1.04099620010759,0.7127298794601283,0.9769876038361679,3,False,1.04099620010759,9.270701736082537e-05,False,0
16,ElasticNet,1e-05,0.5,1.0599668185702713,0.6646583321503002,0.9764341827690225,3,False,1.0599668185702713,0.00011547563680286475,False,0
16,ElasticNet,1e-05,0.3,1.1131316142588152,0.6641285710641909,0.9752078719347034,3,False,1.1131316142588152,8.623254138665833e-05,False,0
17,ElasticNet,1e-05,0.7,1.1393481320590795,0.826417140812742,0.9748598979495234,3,False,1.1393481320590795,7.546651045316464e-05,False,0
17,ElasticNet,1e-05,0.5,1.1801576417874253,0.7970541336645373,0.9738281215470558,3,False,1.180157641787425,8.826359097672421e-05,False,0
18,LASSO,1e-05,1.0,1.1950616430927914,0.9065780895548692,0.973751189592163,3,False,1.1950616430927914,0.00010218757483714535,False,0
14,ElasticNet,1e-06,0.5,1.25956626468452,0.7288046314776592,0.971865336567994,3,False,1.25956626468452,6.582357914698461e-05,False,0
14,LASSO,1e-06,1.0,1.281265995027465,0.6983897464765346,0.9712252603429127,3,False,1.281265995027465,6.442333908632945e-05,False,0
14,ElasticNet,1e-06,0.9,1.3093591836594785,0.7059827823357105,0.970369182260451,3,False,1.3093591836594782,5.5281776842501535e-05,False,0
14,ElasticNet,1e-06,0.7,1.3235858677166867,0.7469326269402802,0.9703765552550984,3,False,1.3235858677166867,6.606628632926163e-05,False,0
18,ElasticNet,1e-05,0.9,1.3378047101682282,1.0400941788547637,0.9705422038948454,3,False,1.3378047101682282,9.091277466940354e-05,False,0
18,ElasticNet,1e-05,0.95,1.3466483250461156,1.0854670070510175,0.9704097969785751,3,False,1.3466483250461156,9.238299552801739e-05,False,0
19,ElasticNet,1e-05,0.95,1.3467993880250937,1.0895504166037786,0.9704102187318838,3,False,1.3467993880250937,8.741667694773678e-05,False,0
19,LASSO,1e-05,1.0,1.3526597451842914,1.053670419137274,0.9702181034878755,3,False,1.3526597451842914,0.00010280576006979113,False,0
19,ElasticNet,1e-05,0.9,1.3619363490451681,1.0166373503780202,0.9698881939991786,3,False,1.361936349045168,7.892586659263747e-05,False,0
20,LASSO,1e-05,1.0,1.4046752422714028,0.8608122224006174,0.9686007005447729,3,False,1.4046752422714028,9.024523376230673e-05,False,0
14,ElasticNet,1e-06,0.3,1.4067640469353175,0.7979802595709002,0.9685330280842965,3,False,1.4067640469353175,6.505065483916054e-05,False,0
14,ElasticNet,1e-06,0.95,1.4330733967899827,0.961804367695567,0.9680403078053258,3,False,1.4330733967899827,6.404082764118179e-05,False,0
17,ElasticNet,0.1,0.9,1.4344013019476483,0.3808503444645187,0.968001476706743,3,False,1.4344013019476485,8.461152249204795e-05,False,0
19,ElasticNet,1e-05,0.7,1.4355273851170223,1.0635061784987636,0.9683083313417912,3,False,1.4355273851170223,7.623670734002666e-05,False,0
18,ElasticNet,0.1,0.9,1.4370685320077874,0.3826902866217747,0.967945159582154,3,False,1.4370685320077872,9.007616121806117e-05,False,0
19,ElasticNet,0.1,0.9,1.447810477337514,0.39294982432646647,0.9677224750815753,3,False,1.4478104773375138,0.0001419615973863031,False,0
20,ElasticNet,0.1,0.9,1.4486718105466458,0.3928106824314713,0.9677038631845978,3,False,1.4486718105466458,0.00045858118539532366,False,0
17,ElasticNet,1e-05,0.3,1.4529448334614345,1.1503155534147627,0.968016595912882,3,False,1.4529448334614345,6.76712399822012e-05,False,0
18,ElasticNet,1e-05,0.7,1.4629988973531027,1.1542719906062127,0.9677787376690518,3,False,1.4629988973531027,8.461456327811047e-05,False,0
14,ElasticNet,0.1,0.95,1.4650833086647959,0.3583221591926297,0.9672538840640462,3,False,1.4650833086647959,6.059636545614755e-05,False,0
16,ElasticNet,0.1,0.95,1.4760608775435837,0.3709263306306853,0.9670360298380604,3,False,1.4760608775435837,0.00014336517654182923,False,0
17,ElasticNet,0.1,0.95,1.488430569170258,0.3851964312873681,0.9667828346951496,3,False,1.488430569170258,0.00022304850482877947,False,0
18,ElasticNet,0.1,0.95,1.4909051339949706,0.38544573171244456,0.9667285532677367,3,False,1.4909051339949706,0.00019621342720888002,False,0
13,LASSO,0.1,1.0,1.497924218601517,0.3675281452826837,0.9665074016570694,3,False,1.4979242186015167,5.4451374319502976e-05,False,0
19,ElasticNet,0.1,0.95,1.5006131302567836,0.39323824613652486,0.9665249217651367,3,False,1.5006131302567836,0.0001784739667283347,False,0
20,ElasticNet,0.1,0.95,1.502144020369399,0.3939639675413983,0.9664914214172017,3,False,1.502144020369399,0.00016495265502391998,False,0
14,LASSO,0.1,1.0,1.5157994921627063,0.37236189110190876,0.9661206360441396,3,False,1.5157994921627065,0.00017222009066529542,False,0
12,LASSO,0.1,1.0,1.5163697365205273,0.3698001762836494,0.96607421698081,3,False,1.5163697365205273,0.00020200600296421678,False,0
15,LASSO,0.1,1.0,1.5271074075501412,0.38512540044518156,0.9658911776502977,3,False,1.5271074075501412,0.00018189485803343786,False,0
16,LASSO,0.1,1.0,1.5304491301399865,0.38373200825119896,0.9658187433597062,3,False,1.5304491301399865,0.00028436729072849054,False,0
17,LASSO,0.1,1.0,1.5421859313075963,0.39468043332761027,0.965574998034842,3,False,1.5421859313075963,0.001065153535466934,False,0
18,LASSO,0.1,1.0,1.5478162748787847,0.3978787890372151,0.9654537609110075,3,False,1.5478162748787847,0.0006745676814211565,False,0
19,LASSO,0.1,1.0,1.5530265453052359,0.3988178767596164,0.9653383723111942,3,False,1.5530265453052359,0.001198672014250446,False,0
20,LASSO,0.1,1.0,1.553909341162111,0.40306598062439847,0.9653258670810949,3,False,1.5539093411621108,0.0012947121183509575,False,0
20,ElasticNet,1e-05,0.9,1.5548658537495614,1.0435123741602876,0.9653378208375024,3,False,1.5548658537495614,9.440566810190296e-05,False,0
10,LASSO,0.1,1.0,1.5576049683572057,0.3968183055406658,0.965133494225822,3,False,1.5576049683572057,6.586411128696457e-05,False,0
18,ElasticNet,1e-05,0.5,1.618662640206961,1.2818422226728785,0.9643369136812603,3,False,1.618662640206961,9.894455837110946e-05,False,0
20,ElasticNet,1e-05,0.95,1.6461806016880114,1.2348190791457345,0.9634827767771884,3,False,1.6461806016880114,8.069066148589221e-05,False,0
19,ElasticNet,1e-05,0.5,1.7284211226631443,1.3739223655919013,0.9618951108045533,3,False,1.7284211226631443,6.223022027551741e-05,False,0
15,ElasticNet,1e-06,0.9,1.7741570802452473,1.5706137882841107,0.961150715300397,3,False,1.7741570802452469,5.777502352685448e-05,False,0
20,ElasticNet,1e-05,0.7,1.8025378688984308,1.2343913977827574,0.9598165346628792,3,False,1.8025378688984308,6.39376564168446e-05,False,0
15,LASSO,1e-06,1.0,1.9256276150570815,1.7197695283432075,0.9576800995009638,3,False,1.9256276150570815,5.479314335000478e-05,False,0
18,ElasticNet,1e-05,0.3,2.0198318469631986,1.7874245991272442,0.9557194287426931,3,False,2.0198318469631986,6.35765148977823e-05,False,0
20,ElasticNet,1e-05,0.5,2.035582474405909,1.5748869845669675,0.9550560396427566,3,False,2.035582474405909,6.88480284591412e-05,False,0
15,ElasticNet,1e-06,0.95,2.0692032926725474,2.1072031585539377,0.9551029848939617,3,False,2.0692032926725474,5.4633913274036694e-05,False,0
16,LASSO,1e-06,1.0,2.1394840351482656,1.4530269085459722,0.9522336487738209,3,False,2.139484035148265,6.125105521896898e-05,False,0
16,ElasticNet,1e-06,0.9,2.2243573636406637,1.369515151929179,0.9500016955887612,3,False,2.2243573636406637,5.5369202952233617e-05,False,0
19,ElasticNet,1e-05,0.3,2.2708669954485132,2.071598262701782,0.9503635620801613,3,False,2.2708669954485132,6.919306696716188e-05,False,0
20,ElasticNet,1e-05,0.3,2.3408134374119505,1.6256920370806596,0.9479298073245515,3,False,2.3408134374119505,5.34423334006124e-05,False,0
16,ElasticNet,1e-06,0.95,2.622426389692254,2.0138515795939247,0.9417561173605203,3,False,2.6224263896922535,5.485822847711205e-05,False,0
17,LASSO,1e-06,1.0,2.639061253090304,2.0421963109378165,0.9415058872241592,3,False,2.639061253090304,5.412337828414144e-05,False,0
17,ElasticNet,1e-06,0.9,2.7797124631637176,2.252219497692457,0.9385309210745474,3,False,2.7797124631637176,5.597676515765917e-05,False,0
16,ElasticNet,1e-06,0.5,2.7908035873138957,2.3950957105889183,0.9385379067782447,3,False,2.7908035873138957,5.1725599120096237e-05,False,0
17,ElasticNet,1e-06,0.95,2.8240154069602084,2.325417100836482,0.9376370831140995,3,False,2.8240154069602084,5.753740386894747e-05,False,0
17,ElasticNet,1e-06,0.7,2.8793508031596544,2.346480674894736,0.9362084940969906,3,False,2.8793508031596544,5.5419529295961904e-05,False,0
19,ElasticNet,1e-05,0.1,3.187835291697573,3.205972788239914,0.9307970376694175,3,False,3.187835291697573,5.2232154497288326e-05,False,0
18,LASSO,1e-06,1.0,3.591500705326194,3.2021036754607413,0.921338846846299,3,False,3.5915007053261943,5.300494725261346e-05,False,0
18,ElasticNet,1e-06,0.95,3.7019763395862655,3.5649427090716617,0.9192018634019834,3,False,3.7019763395862655,5.7154423074170134e-05,False,0
18,ElasticNet,1e-06,0.9,3.924481444740284,3.7216152102889017,0.9142250756446878,3,False,3.924481444740284,5.574744398567247e-05,False,0
18,ElasticNet,1e-06,0.7,4.542534275363121,4.835988136295104,0.9016641069944326,3,False,4.542534275363121,5.099690835404845e-05,False,0
20,LASSO,1e-06,1.0,4.650338597974693,3.9631117253811894,0.8978121439616978,3,False,4.650338597974693,6.0619327912960034e-05,False,0
19,ElasticNet,1e-06,0.95,4.786046393120728,4.8031624328647995,0.89601763676714,3,False,4.786046393120729,5.3320558411415243e-05,False,0
18,ElasticNet,1e-06,0.3,4.78886969948298,5.00141171125751,0.8961771701508479,3,False,4.788869699482981,5.253472070813609e-05,False,0
19,LASSO,1e-06,1.0,5.01215503969733,5.344280842277273,0.8915285206022748,3,False,5.012155039697329,6.269577353791803e-05,False,0
19,ElasticNet,1e-06,0.9,5.19926293593857,5.6948922647749045,0.887718633113547,3,False,5.19926293593857,5.67514275060353e-05,False,0
20,ElasticNet,1e-06,0.9,5.277407025449218,4.927720557041088,0.8845806278946012,3,False,5.277407025449218,7.084019127287764e-05,False,0
20,ElasticNet,1e-06,0.95,5.56839981695986,5.503281539095891,0.878763002897661,3,False,5.56839981695986,6.869381074065111e-05,False,0
18,ElasticNet,1e-06,0.5,5.869549917934275,6.945005898348562,0.8737479493211632,3,False,5.869549917934275,5.0079767940374126e-05,False,0
19,ElasticNet,1.0,0.3,5.9677853859798695,1.0267558390575373,0.8659652249358087,3,False,5.967785385979869,0.00012730791217208104,False,0
20,ElasticNet,1.0,0.3,5.968714790984983,1.0356313908253387,0.8659598618410446,3,False,5.968714790984983,0.0002161316704031302,False,0
18,ElasticNet,1.0,0.3,5.976601652308948,1.022047071068113,0.8657493441712413,3,False,5.976601652308948,0.00017025022066274875,False,0
17,ElasticNet,1.0,0.3,5.982140043284146,1.0019833700543304,0.8655892394233278,3,False,5.982140043284146,0.00010636910425315671,False,0
16,ElasticNet,1.0,0.3,6.015699331922534,1.009052096094517,0.8648292442308209,3,False,6.0156993319225345,8.223407576313235e-05,False,0
15,ElasticNet,1.0,0.3,6.034572671291691,0.9729572094430339,0.8643424176754051,3,False,6.034572671291691,7.504075806230581e-05,False,0
20,ElasticNet,1.0,0.5,8.87912346081015,1.2602356811606001,0.8000824553168164,3,False,8.87912346081015,0.002114001305735802,False,0
19,ElasticNet,1.0,0.5,8.891200078555613,1.2675149691728211,0.7998193853636874,3,False,8.891200078555615,0.0006778100487312422,False,0
18,ElasticNet,1.0,0.5,8.897427929926623,1.2687602818312331,0.7996826396929193,3,False,8.897427929926623,0.0010193501332620425,False,0
17,ElasticNet,1.0,0.5,8.913712834798181,1.2800174571186813,0.7993294306493802,3,False,8.913712834798181,0.0002636081022156511,False,0
16,ElasticNet,1.0,0.5,8.934586772227165,1.2850442282379821,0.7988669379989002,3,False,8.934586772227165,0.00027983033281414604,False,0
15,ElasticNet,1.0,0.5,8.961927702617531,1.3016297431531454,0.7982667961185846,3,False,8.961927702617531,0.00027912865401280573,False,0
14,ElasticNet,1.0,0.5,9.009148439146415,1.3213468361956184,0.7972356277692775,3,False,9.009148439146415,8.172748251489281e-05,False,0
13,ElasticNet,1.0,0.5,9.058940327679485,1.340906852679795,0.7961181722670272,3,False,9.058940327679485,0.0002712008563620083,False,0
20,ElasticNet,1.0,0.7,11.34500187581854,1.7302681779042772,0.7447554439358636,3,False,11.34500187581854,0.00030020532534114075,False,0
19,ElasticNet,1.0,0.7,11.360860472693668,1.750085828363942,0.7444298098666912,3,False,11.360860472693668,0.008800367919000296,False,0
18,ElasticNet,1.0,0.7,11.369092332573885,1.7523403984451587,0.7442580332533439,3,False,11.369092332573887,6.695217564867129e-05,False,0
17,ElasticNet,1.0,0.7,11.38820651739929,1.7773846945436167,0.7438695709144308,3,False,11.388206517399288,0.00023191336087002856,False,0
16,ElasticNet,1.0,0.7,11.413605935674289,1.7966729818767893,0.74333991602286,3,False,11.41360593567429,0.00027092869160183497,False,0
14,ElasticNet,1.0,0.7,11.471599015359189,1.863748165230667,0.7421557221193474,3,False,11.471599015359187,8.047460146576313e-05,False,0
13,ElasticNet,1.0,0.7,11.507073351486207,1.906972707627531,0.7414217612910594,3,False,11.507073351486207,6.76236316589085e-05,False,0
20,ElasticNet,1.0,0.9,13.72841159890284,2.2097797825157364,0.6913406139916702,3,False,13.72841159890284,0.0022684117696047945,False,0
19,ElasticNet,1.0,0.9,13.743556759323987,2.2236622795006404,0.691024935500451,3,False,13.743556759323987,0.00011422594286336629,False,0
18,ElasticNet,1.0,0.9,13.751157596182525,2.2260113544156233,0.6908624035396267,3,False,13.751157596182525,0.0005968382064773792,False,0
17,ElasticNet,1.0,0.9,13.775097832166699,2.250388892135628,0.6903673491144492,3,False,13.775097832166699,0.00025446274185070283,False,0
16,ElasticNet,1.0,0.9,13.793215783996091,2.2606330379922843,0.68998454624573,3,False,13.793215783996091,0.00012221221625607903,False,0
12,ElasticNet,1.0,0.9,13.959132255719032,2.4237847836148396,0.6865457586594195,3,False,13.959132255719032,0.00020883084664602425,False,0
11,ElasticNet,1.0,0.9,14.004829839829206,2.474309986785249,0.6855878906311584,3,False,14.004829839829204,0.0001564862126438582,False,0
20,ElasticNet,1.0,0.95,14.322545603889457,2.339978628522601,0.6780245696331519,3,False,14.322545603889457,0.00019023165398912578,False,0
19,ElasticNet,1.0,0.95,14.338758824949851,2.352851830793454,0.6776844581736582,3,False,14.33875882494985,0.001077745334923108,False,0
18,ElasticNet,1.0,0.95,14.34275190743992,2.3513437851635577,0.6775936866528025,3,False,14.342751907439919,0.00014970440479278313,False,0
17,ElasticNet,1.0,0.95,14.369025543059934,2.3737729705131354,0.6770446611055542,3,False,14.369025543059934,0.0003419461889322406,False,0
16,ElasticNet,1.0,0.95,14.386013882913986,2.382517470712798,0.6766839780682196,3,False,14.386013882913986,0.00023406034904016604,False,0
15,ElasticNet,1.0,0.95,14.41489860883396,2.41357530443078,0.676087307192153,3,False,14.41489860883396,0.0002070904866163792,False,0
14,ElasticNet,1.0,0.95,14.453229591196584,2.438052072439259,0.6752759468413085,3,False,14.453229591196584,0.00018497208622048067,False,0
13,ElasticNet,1.0,0.95,14.498035276608164,2.489108372908252,0.6743536890793114,3,False,14.498035276608164,8.504765280115123e-05,False,0
12,ElasticNet,1.0,0.95,14.554960730458836,2.5405988878002095,0.6731759550029182,3,False,14.554960730458836,0.00031777719649317415,False,0
11,ElasticNet,1.0,0.95,14.604760404864068,2.594636232186213,0.6721331545510152,3,False,14.604760404864068,0.00011328757307182968,False,0
20,LASSO,1.0,1.0,14.913349582725436,2.5395677258307843,0.6649314159770175,3,False,14.913349582725438,0.0006198891055030353,False,0
19,LASSO,1.0,1.0,14.931739030303909,2.559360890057908,0.6645602009903357,3,False,14.931739030303909,0.0005619905909610701,False,0
18,LASSO,1.0,1.0,14.936656953302013,2.565104622117616,0.6644596574345266,3,False,14.936656953302014,0.00024372908589342934,False,0
17,LASSO,1.0,1.0,14.958817824833526,2.583911697401638,0.6640005606310121,3,False,14.958817824833526,0.0007010702768932564,False,0
16,LASSO,1.0,1.0,14.97666498056518,2.603066619565076,0.6636382042830881,3,False,14.97666498056518,0.00032035173263267325,False,0
15,LASSO,1.0,1.0,14.996199473453549,2.6215551229403293,0.6632326314619089,3,False,14.996199473453549,7.415204458816049e-05,False,0
14,LASSO,1.0,1.0,15.040136058673399,2.6493031339652537,0.6623022469256582,3,False,15.040136058673399,9.719525989115851e-05,False,0
13,LASSO,1.0,1.0,15.080321464889098,2.688547683298486,0.6614707681481956,3,False,15.080321464889098,9.158043841406283e-05,False,0
3,Ridge,1000.0,0.0,,,,2,True,15.460637048208396,0.0,False,0
3,Ridge,10000.0,0.0,,,,1,True,13.33444527452682,0.0,False,0
3,Ridge,100000.0,0.0,,,,1,True,15.187771352273755,0.0,False,0
3,Ridge,1000000.0,0.0,,,,1,True,15.423887669816594,0.0,False,0
3,LASSO,1.0,1.0,,,,2,True,15.489850299938405,1.4401140280284608e-09,False,0
3,LASSO,10.0,1.0,,,,1,True,15.450858039953404,0.0,False,0
3,LASSO,100.0,1.0,,,,1,True,15.450858039953404,0.0,False,0
3,LASSO,1000.0,1.0,,,,1,True,15.450858039953404,0.0,False,0
3,LASSO,10000.0,1.0,,,,1,True,15.450858039953404,0.0,False,0
3,LASSO,100000.0,1.0,,,,1,True,15.450858039953404,0.0,False,0
3,LASSO,1000000.0,1.0,,,,1,True,15.450858039953404,0.0,False,0
3,ElasticNet,1.0,0.1,,,,2,True,13.780225136376385,8.145766584366498e-06,False,0
3,ElasticNet,10.0,0.1,,,,1,True,13.55915145559601,1.1102230246251565e-15,False,0
3,ElasticNet,100.0,0.1,,,,1,True,15.450858039953404,0.0,False,0
3,ElasticNet,1000.0,0.1,,,,1,True,15.450858039953404,0.0,False,0
3,ElasticNet,10000.0,0.1,,,,1,True,15.450858039953404,0.0,False,0
3,ElasticNet,100000.0,0.1,,,,1,True,15.450858039953404,0.0,False,0
3,ElasticNet,1000000.0,0.1,,,,1,True,15.450858039953404,0.0,False,0
3,ElasticNet,1.0,0.3,,,,2,True,14.253345805548904,1.815067688593075e-06,False,0
3,ElasticNet,10.0,0.3,,,,1,True,15.139549786522759,2.983071278883642e-06,False,0
3,ElasticNet,100.0,0.3,,,,1,True,15.450858039953404,0.0,False,0
3,ElasticNet,1000.0,0.3,,,,1,True,15.450858039953404,0.0,False,0
3,ElasticNet,10000.0,0.3,,,,1,True,15.450858039953404,0.0,False,0
3,ElasticNet,100000.0,0.3,,,,1,True,15.450858039953404,0.0,False,0
3,ElasticNet,1000000.0,0.3,,,,1,True,15.450858039953404,0.0,False,0
3,ElasticNet,1.0,0.5,,,,2,True,14.621076217183619,6.044681216677006e-07,False,0
3,ElasticNet,10.0,0.5,,,,1,True,15.450858039953404,0.0,False,0
3,ElasticNet,100.0,0.5,,,,1,True,15.450858039953404,0.0,False,0
3,ElasticNet,1000.0,0.5,,,,1,True,15.450858039953404,0.0,False,0
3,ElasticNet,10000.0,0.5,,,,1,True,15.450858039953404,0.0,False,0
3,ElasticNet,100000.0,0.5,,,,1,True,15.450858039953404,0.0,False,0
3,ElasticNet,1000000.0,0.5,,,,1,True,15.450858039953404,0.0,False,0
3,ElasticNet,1.0,0.7,,,,2,True,14.933915134186895,1.2222502709935412e-07,False,0
3,ElasticNet,10.0,0.7,,,,1,True,15.450858039953404,0.0,False,0
3,ElasticNet,100.0,0.7,,,,1,True,15.450858039953404,0.0,False,0
3,ElasticNet,1000.0,0.7,,,,1,True,15.450858039953404,0.0,False,0
3,ElasticNet,10000.0,0.7,,,,1,True,15.450858039953404,0.0,False,0
3,ElasticNet,100000.0,0.7,,,,1,True,15.450858039953404,0.0,False,0
3,ElasticNet,1000000.0,0.7,,,,1,True,15.450858039953404,0.0,False,0
3,ElasticNet,1.0,0.9,,,,2,True,15.32761994885334,2.187294789735006e-11,False,0
3,ElasticNet,10.0,0.9,,,,1,True,15.450858039953404,0.0,False,0
3,ElasticNet,100.0,0.9,,,,1,True,15.450858039953404,0.0,False,0
3,ElasticNet,1000.0,0.9,,,,1,True,15.450858039953404,0.0,False,0
3,ElasticNet,10000.0,0.9,,,,1,True,15.450858039953404,0.0,False,0
3,ElasticNet,100000.0,0.9,,,,1,True,15.450858039953404,0.0,False,0
3,ElasticNet,1000000.0,0.9,,,,1,True,15.450858039953404,0.0,False,0
3,ElasticNet,1.0,0.95,,,,2,True,15.430978500325978,3.9984737743026244e-10,False,0
3,ElasticNet,10.0,0.95,,,,1,True,15.450858039953404,0.0,False,0
3,ElasticNet,100.0,0.95,,,,1,True,15.450858039953404,0.0,False,0
3,ElasticNet,1000.0,0.95,,,,1,True,15.450858039953404,0.0,False,0
3,ElasticNet,10000.0,0.95,,,,1,True,15.450858039953404,0.0,False,0
3,ElasticNet,100000.0,0.95,,,,1,True,15.450858039953404,0.0,False,0
3,ElasticNet,1000000.0,0.95,,,,1,True,15.450858039953404,0.0,False,0
4,Ridge,100.0,0.0,,,,2,True,4.4161533923892895,0.0,False,0
4,Ridge,1000.0,0.0,,,,1,True,5.720442371734595,0.0,False,0
4,Ridge,10000.0,0.0,,,,1,True,12.351639501220921,0.0,False,0
4,Ridge,100000.0,0.0,,,,1,True,15.056914036056552,0.0,False,0
4,Ridge,1000000.0,0.0,,,,1,True,15.410376232579813,0.0,False,0
4,LASSO,0.1,1.0,,,,2,True,3.6629464713901942,1.322216236193663e-06,False,0
4,LASSO,1.0,1.0,,,,1,True,6.604486228921797,3.6006000070365474e-08,False,0
4,LASSO,10.0,1.0,,,,1,True,15.450858039953404,0.0,False,0
4,LASSO,100.0,1.0,,,,1,True,15.450858039953404,0.0,False,0
4,LASSO,1000.0,1.0,,,,1,True,15.450858039953404,0.0,False,0
4,LASSO,10000.0,1.0,,,,1,True,15.450858039953404,0.0,False,0
4,LASSO,100000.0,1.0,,,,1,True,15.450858039953404,0.0,False,0
4,LASSO,1000000.0,1.0,,,,1,True,15.450858039953404,0.0,False,0
4,ElasticNet,0.1,0.1,,,,2,True,3.775806936625134,2.2150095642381462e-07,False,0
4,ElasticNet,1.0,0.1,,,,1,True,5.038074546451487,4.434594080837684e-10,False,0
4,ElasticNet,10.0,0.1,,,,1,True,12.854619144313325,1.5543122344752192e-15,False,0
4,ElasticNet,100.0,0.1,,,,1,True,15.450858039953404,0.0,False,0
4,ElasticNet,1000.0,0.1,,,,1,True,15.450858039953404,0.0,False,0
4,ElasticNet,10000.0,0.1,,,,1,True,15.450858039953404,0.0,False,0
4,ElasticNet,100000.0,0.1,,,,1,True,15.450858039953404,0.0,False,0
4,ElasticNet,1000000.0,0.1,,,,1,True,15.450858039953404,0.0,False,0
4,ElasticNet,0.1,0.3,,,,2,True,3.760365435796384,4.537526418404297e-06,False,0
4,ElasticNet,1.0,0.3,,,,1,True,5.486796481268893,3.2082908574815328e-06,False,0
4,ElasticNet,10.0,0.3,,,,1,True,15.139547420101692,7.091244051959933e-06,False,0
4,ElasticNet,100.0,0.3,,,,1,True,15.450858039953404,0.0,False,0
4,ElasticNet,1000.0,0.3,,,,1,True,15.450858039953404,0.0,False,0
4,ElasticNet,10000.0,0.3,,,,1,True,15.450858039953404,0.0,False,0
4,ElasticNet,100000.0,0.3,,,,1,True,15.450858039953404,0.0,False,0
4,ElasticNet,1000000.0,0.3,,,,1,True,15.450858039953404,0.0,False,0
4,ElasticNet,0.1,0.5,,,,2,True,3.7418241049004166,1.055593535345678e-06,False,0
4,ElasticNet,1.0,0.5,,,,1,True,5.876009096817373,6.152385497171231e-07,False,0
4,ElasticNet,10.0,0.5,,,,1,True,15.450858039953404,0.0,False,0
4,ElasticNet,100.0,0.5,,,,1,True,15.450858039953404,0.0,False,0
4,ElasticNet,1000.0,0.5,,,,1,True,15.450858039953404,0.0,False,0
4,ElasticNet,10000.0,0.5,,,,1,True,15.450858039953404,0.0,False,0
4,ElasticNet,100000.0,0.5,,,,1,True,15.450858039953404,0.0,False,0
4,ElasticNet,1000000.0,0.5,,,,1,True,15.450858039953404,0.0,False,0
4,ElasticNet,0.1,0.7,,,,2,True,3.7065481510137226,4.551781463482674e-06,False,0
4,ElasticNet,1.0,0.7,,,,1,True,6.217541164559047,4.042543534366061e-07,False,0
4,ElasticNet,10.0,0.7,,,,1,True,15.450858039953404,0.0,False,0
4,ElasticNet,100.0,0.7,,,,1,True,15.450858039953404,0.0,False,0
4,ElasticNet,1000.0,0.7,,,,1,True,15.450858039953404,0.0,False,0
4,ElasticNet,10000.0,0.7,,,,1,True,15.450858039953404,0.0,False,0
4,ElasticNet,100000.0,0.7,,,,1,True,15.450858039953404,0.0,False,0
4,ElasticNet,1000000.0,0.7,,,,1,True,15.450858039953404,0.0,False,0
4,ElasticNet,0.1,0.9,,,,2,True,3.6830711137373413,3.981632665572832e-06,False,0
4,ElasticNet,1.0,0.9,,,,1,True,6.543742012090327,3.96729595508738e-07,False,0
4,ElasticNet,10.0,0.9,,,,1,True,15.450858039953404,0.0,False,0
4,ElasticNet,100.0,0.9,,,,1,True,15.450858039953404,0.0,False,0
4,ElasticNet,1000.0,0.9,,,,1,True,15.450858039953404,0.0,False,0
4,ElasticNet,10000.0,0.9,,,,1,True,15.450858039953404,0.0,False,0
4,ElasticNet,100000.0,0.9,,,,1,True,15.450858039953404,0.0,False,0
4,ElasticNet,1000000.0,0.9,,,,1,True,15.450858039953404,0.0,False,0
4,ElasticNet,0.1,0.95,,,,2,True,3.6730295000748803,9.080356429810865e-06,False,0
4,ElasticNet,1.0,0.95,,,,1,True,6.5788591192807795,5.64338309416712e-09,False,0
4,ElasticNet,10.0,0.95,,,,1,True,15.450858039953404,0.0,False,0
4,ElasticNet,100.0,0.95,,,,1,True,15.450858039953404,0.0,False,0
4,ElasticNet,1000.0,0.95,,,,1,True,15.450858039953404,0.0,False,0
4,ElasticNet,10000.0,0.95,,,,1,True,15.450858039953404,0.0,False,0
4,ElasticNet,100000.0,0.95,,,,1,True,15.450858039953404,0.0,False,0
4,ElasticNet,1000000.0,0.95,,,,1,True,15.450858039953404,0.0,False,0
2,Ridge,1000.0,0.0,,,,2,True,20.96448903187075,0.0,False,0
2,Ridge,10000.0,0.0,,,,2,True,29.6452391792519,0.0,False,0
2,Ridge,100000.0,0.0,,,,2,True,31.421559128765555,0.0,False,0
2,Ridge,1000000.0,0.0,,,,2,True,31.61662591633888,0.0,False,0
2,LASSO,10.0,1.0,,,,2,True,31.638513138246413,0.0,False,0
2,LASSO,100.0,1.0,,,,2,True,31.638513138246413,0.0,False,0
2,LASSO,1000.0,1.0,,,,2,True,31.638513138246413,0.0,False,0
2,LASSO,10000.0,1.0,,,,2,True,31.638513138246413,0.0,False,0
2,LASSO,100000.0,1.0,,,,2,True,31.638513138246413,0.0,False,0
2,LASSO,1000000.0,1.0,,,,2,True,31.638513138246413,0.0,False,0
2,ElasticNet,10.0,0.1,,,,2,True,29.92160742814649,1.3322676295501878e-15,False,0
2,ElasticNet,100.0,0.1,,,,2,True,31.638513138246413,0.0,False,0
2,ElasticNet,1000.0,0.1,,,,2,True,31.638513138246413,0.0,False,0
2,ElasticNet,10000.0,0.1,,,,2,True,31.638513138246413,0.0,False,0
2,ElasticNet,100000.0,0.1,,,,2,True,31.638513138246413,0.0,False,0
2,ElasticNet,1000000.0,0.1,,,,2,True,31.638513138246413,0.0,False,0
2,ElasticNet,10.0,0.3,,,,2,True,31.552407312253155,8.881784197001252e-16,False,0
2,ElasticNet,100.0,0.3,,,,2,True,31.638513138246413,0.0,False,0
2,ElasticNet,1000.0,0.3,,,,2,True,31.638513138246413,0.0,False,0
2,ElasticNet,10000.0,0.3,,,,2,True,31.638513138246413,0.0,False,0
2,ElasticNet,100000.0,0.3,,,,2,True,31.638513138246413,0.0,False,0
2,ElasticNet,1000000.0,0.3,,,,2,True,31.638513138246413,0.0,False,0
2,ElasticNet,10.0,0.5,,,,2,True,31.638513138246413,0.0,False,0
2,ElasticNet,100.0,0.5,,,,2,True,31.638513138246413,0.0,False,0
2,ElasticNet,1000.0,0.5,,,,2,True,31.638513138246413,0.0,False,0
2,ElasticNet,10000.0,0.5,,,,2,True,31.638513138246413,0.0,False,0
2,ElasticNet,100000.0,0.5,,,,2,True,31.638513138246413,0.0,False,0
2,ElasticNet,1000000.0,0.5,,,,2,True,31.638513138246413,0.0,False,0
2,ElasticNet,10.0,0.7,,,,2,True,31.638513138246413,0.0,False,0
2,ElasticNet,100.0,0.7,,,,2,True,31.638513138246413,0.0,False,0
2,ElasticNet,1000.0,0.7,,,,2,True,31.638513138246413,0.0,False,0
2,ElasticNet,10000.0,0.7,,,,2,True,31.638513138246413,0.0,False,0
2,ElasticNet,100000.0,0.7,,,,2,True,31.638513138246413,0.0,False,0
2,ElasticNet,1000000.0,0.7,,,,2,True,31.638513138246413,0.0,False,0
2,ElasticNet,10.0,0.9,,,,2,True,31.638513138246413,0.0,False,0
2,ElasticNet,100.0,0.9,,,,2,True,31.638513138246413,0.0,False,0
2,ElasticNet,1000.0,0.9,,,,2,True,31.638513138246413,0.0,False,0
2,ElasticNet,10000.0,0.9,,,,2,True,31.638513138246413,0.0,False,0
2,ElasticNet,100000.0,0.9,,,,2,True,31.638513138246413,0.0,False,0
2,ElasticNet,1000000.0,0.9,,,,2,True,31.638513138246413,0.0,False,0
2,ElasticNet,10.0,0.95,,,,2,True,31.638513138246413,0.0,False,0
2,ElasticNet,100.0,0.95,,,,2,True,31.638513138246413,0.0,False,0
2,ElasticNet,1000.0,0.95,,,,2,True,31.638513138246413,0.0,False,0
2,ElasticNet,10000.0,0.95,,,,2,True,31.638513138246413,0.0,False,0
2,ElasticNet,100000.0,0.95,,,,2,True,31.638513138246413,0.0,False,0
2,ElasticNet,1000000.0,0.95,,,,2,True,31.638513138246413,0.0,False,0
5,Ridge,100.0,0.0,,,,2,True,2.7398646351003832,0.0,False,0
5,Ridge,1000.0,0.0,,,,1,True,4.250611095039976,0.0,False,0
5,Ridge,10000.0,0.0,,,,1,True,10.86705269959838,0.0,False,0
5,Ridge,100000.0,0.0,,,,1,True,14.76032505151125,0.0,False,0
5,Ridge,1000000.0,0.0,,,,1,True,15.37800782908465,0.0,False,0
5,LASSO,0.1,1.0,,,,2,True,2.426521048522597,8.723042694849803e-06,False,0
5,LASSO,1.0,1.0,,,,1,True,6.156033264728934,3.948140159248936e-08,False,0
5,LASSO,10.0,1.0,,,,1,True,15.450858039953404,0.0,False,0
5,LASSO,100.0,1.0,,,,1,True,15.450858039953404,0.0,False,0
5,LASSO,1000.0,1.0,,,,1,True,15.450858039953404,0.0,False,0
5,LASSO,10000.0,1.0,,,,1,True,15.450858039953404,0.0,False,0
5,LASSO,100000.0,1.0,,,,1,True,15.450858039953404,0.0,False,0
5,LASSO,1000000.0,1.0,,,,1,True,15.450858039953404,0.0,False,0
5,ElasticNet,0.1,0.1,,,,2,True,2.262072500054998,2.6995281275157823e-06,False,0
5,ElasticNet,1.0,0.1,,,,1,True,3.715958361590149,7.478030165930516e-07,False,0
5,ElasticNet,10.0,0.1,,,,1,True,11.696754752624733,3.76143560743003e-12,False,0
5,ElasticNet,100.0,0.1,,,,1,True,15.450858039953404,0.0,False,0
5,ElasticNet,1000.0,0.1,,,,1,True,15.450858039953404,0.0,False,0
5,ElasticNet,10000.0,0.1,,,,1,True,15.450858039953404,0.0,False,0
5,ElasticNet,100000.0,0.1,,,,1,True,15.450858039953404,0.0,False,0
5,ElasticNet,1000000.0,0.1,,,,1,True,15.450858039953404,0.0,False,0
5,ElasticNet,0.1,0.3,,,,2,True,2.290748813169538,5.5863382695878205e-06,False,0
5,ElasticNet,1.0,0.3,,,,1,True,4.304822187453685,2.422707470195462e-07,False,0
5,ElasticNet,10.0,0.3,,,,1,True,14.907476278655196,5.015987625256457e-12,False,0
5,ElasticNet,100.0,0.3,,,,1,True,15.450858039953404,0.0,False,0
5,ElasticNet,1000.0,0.3,,,,1,True,15.450858039953404,0.0,False,0
5,ElasticNet,10000.0,0.3,,,,1,True,15.450858039953404,0.0,False,0
5,ElasticNet,100000.0,0.3,,,,1,True,15.450858039953404,0.0,False,0
5,ElasticNet,1000000.0,0.3,,,,1,True,15.450858039953404,0.0,False,0
5,ElasticNet,0.1,0.5,,,,2,True,2.3130464889880957,6.651319447541215e-06,False,0
5,ElasticNet,1.0,0.5,,,,1,True,4.979623467599694,2.1096293356670515e-07,False,0
5,ElasticNet,10.0,0.5,,,,1,True,15.450858039953404,0.0,False,0
5,ElasticNet,100.0,0.5,,,,1,True,15.450858039953404,0.0,False,0
5,ElasticNet,1000.0,0.5,,,,1,True,15.450858039953404,0.0,False,0
5,ElasticNet,10000.0,0.5,,,,1,True,15.450858039953404,0.0,False,0
5,ElasticNet,100000.0,0.5,,,,1,True,15.450858039953404,0.0,False,0
5,ElasticNet,1000000.0,0.5,,,,1,True,15.450858039953404,0.0,False,0
5,ElasticNet,0.1,0.7,,,,2,True,2.339806454541042,6.387850901762304e-06,False,0
5,ElasticNet,1.0,0.7,,,,1,True,5.45596472351967,4.7312719075875975e-07,False,0
5,ElasticNet,10.0,0.7,,,,1,True,15.450858039953404,0.0,False,0
5,ElasticNet,100.0,0.7,,,,1,True,15.450858039953404,0.0,False,0
5,ElasticNet,1000.0,0.7,,,,1,True,15.450858039953404,0.0,False,0
5,ElasticNet,10000.0,0.7,,,,1,True,15.450858039953404,0.0,False,0
5,ElasticNet,100000.0,0.7,,,,1,True,15.450858039953404,0.0,False,0
5,ElasticNet,1000000.0,0.7,,,,1,True,15.450858039953404,0.0,False,0
5,ElasticNet,0.1,0.9,,,,2,True,2.393842277609141,7.576790317778692e-06,False,0
5,ElasticNet,1.0,0.9,,,,1,True,6.0001544689557385,3.4311383623197855e-08,False,0
5,ElasticNet,10.0,0.9,,,,1,True,15.450858039953404,0.0,False,0
5,ElasticNet,100.0,0.9,,,,1,True,15.450858039953404,0.0,False,0
5,ElasticNet,1000.0,0.9,,,,1,True,15.450858039953404,0.0,False,0
5,ElasticNet,10000.0,0.9,,,,1,True,15.450858039953404,0.0,False,0
5,ElasticNet,100000.0,0.9,,,,1,True,15.450858039953404,0.0,False,0
5,ElasticNet,1000000.0,0.9,,,,1,True,15.450858039953404,0.0,False,0
5,ElasticNet,0.1,0.95,,,,2,True,2.409693680049046,2.2557874646833564e-06,False,0
5,ElasticNet,1.0,0.95,,,,1,True,6.103678702323649,1.0112334410949941e-06,False,0
5,ElasticNet,10.0,0.95,,,,1,True,15.450858039953404,0.0,False,0
5,ElasticNet,100.0,0.95,,,,1,True,15.450858039953404,0.0,False,0
5,ElasticNet,1000.0,0.95,,,,1,True,15.450858039953404,0.0,False,0
5,ElasticNet,10000.0,0.95,,,,1,True,15.450858039953404,0.0,False,0
5,ElasticNet,100000.0,0.95,,,,1,True,15.450858039953404,0.0,False,0
5,ElasticNet,1000000.0,0.95,,,,1,True,15.450858039953404,0.0,False,0
6,Ridge,10.0,0.0,,,,2,True,0.7277133395034969,0.0,False,0
6,Ridge,100.0,0.0,,,,1,True,0.8213058923396587,0.0,False,0
6,Ridge,1000.0,0.0,,,,1,True,3.0251090867613093,0.0,False,0
6,Ridge,10000.0,0.0,,,,1,True,9.65380762742593,0.0,False,0
6,Ridge,100000.0,0.0,,,,1,True,14.531885605181154,0.0,False,0
6,Ridge,1000000.0,0.0,,,,1,True,15.353244606943141,0.0,False,0
6,LASSO,0.1,1.0,,,,1,True,0.8504561992202678,7.35077371605275e-06,False,0
6,LASSO,1.0,1.0,,,,1,True,5.856086768003492,8.543632961099945e-07,False,0
6,LASSO,10.0,1.0,,,,1,True,15.450858039953404,0.0,False,0
6,LASSO,100.0,1.0,,,,1,True,15.450858039953404,0.0,False,0
6,LASSO,1000.0,1.0,,,,1,True,15.450858039953404,0.0,False,0
6,LASSO,10000.0,1.0,,,,1,True,15.450858039953404,0.0,False,0
6,LASSO,100000.0,1.0,,,,1,True,15.450858039953404,0.0,False,0
6,LASSO,1000000.0,1.0,,,,1,True,15.450858039953404,0.0,False,0
6,ElasticNet,0.1,0.1,,,,1,True,0.6887055897293598,2.16156634888498e-06,False,0
6,ElasticNet,1.0,0.1,,,,1,True,2.7038482476162002,1.557036983790283e-07,False,0
6,ElasticNet,10.0,0.1,,,,1,True,10.898768967242129,5.00689496196749e-06,False,0
6,ElasticNet,100.0,0.1,,,,1,True,15.450858039953404,0.0,False,0
6,ElasticNet,1000.0,0.1,,,,1,True,15.450858039953404,0.0,False,0
6,ElasticNet,10000.0,0.1,,,,1,True,15.450858039953404,0.0,False,0
6,ElasticNet,100000.0,0.1,,,,1,True,15.450858039953404,0.0,False,0
6,ElasticNet,1000000.0,0.1,,,,1,True,15.450858039953404,0.0,False,0
6,ElasticNet,0.1,0.3,,,,1,True,0.7195708750440861,9.55671088350915e-06,False,0
6,ElasticNet,1.0,0.3,,,,1,True,3.5309903393149127,7.681606768839e-06,False,0
6,ElasticNet,10.0,0.3,,,,1,True,14.907476278655196,5.015987625256457e-12,False,0
6,ElasticNet,100.0,0.3,,,,1,True,15.450858039953404,0.0,False,0
6,ElasticNet,1000.0,0.3,,,,1,True,15.450858039953404,0.0,False,0
6,ElasticNet,10000.0,0.3,,,,1,True,15.450858039953404,0.0,False,0
6,ElasticNet,100000.0,0.3,,,,1,True,15.450858039953404,0.0,False,0
6,ElasticNet,1000000.0,0.3,,,,1,True,15.450858039953404,0.0,False,0
6,ElasticNet,0.1,0.5,,,,1,True,0.7475173652900299,4.013436526575931e-06,False,0
6,ElasticNet,1.0,0.5,,,,1,True,4.403022930736872,4.792394024955016e-07,False,0
6,ElasticNet,10.0,0.5,,,,1,True,15.450858039953404,0.0,False,0
6,ElasticNet,100.0,0.5,,,,1,True,15.450858039953404,0.0,False,0
6,ElasticNet,1000.0,0.5,,,,1,True,15.450858039953404,0.0,False,0
6,ElasticNet,10000.0,0.5,,,,1,True,15.450858039953404,0.0,False,0
6,ElasticNet,100000.0,0.5,,,,1,True,15.450858039953404,0.0,False,0
6,ElasticNet,1000000.0,0.5,,,,1,True,15.450858039953404,0.0,False,0
6,ElasticNet,0.1,0.7,,,,1,True,0.7829583045056548,6.692587686277229e-06,False,0
6,ElasticNet,1.0,0.7,,,,1,True,5.004621092585222,1.9386028204948502e-07,False,0
6,ElasticNet,10.0,0.7,,,,1,True,15.450858039953404,0.0,False,0
6,ElasticNet,100.0,0.7,,,,1,True,15.450858039953404,0.0,False,0
6,ElasticNet,1000.0,0.7,,,,1,True,15.450858039953404,0.0,False,0
6,ElasticNet,10000.0,0.7,,,,1,True,15.450858039953404,0.0,False,0
6,ElasticNet,100000.0,0.7,,,,1,True,15.450858039953404,0.0,False,0
6,ElasticNet,1000000.0,0.7,,,,1,True,15.450858039953404,0.0,False,0
6,ElasticNet,0.1,0.9,,,,1,True,0.8248465472923746,3.8109057021729065e-06,False,0
6,ElasticNet,1.0,0.9,,,,1,True,5.594493173398933,8.11666695021973e-06,False,0
6,ElasticNet,10.0,0.9,,,,1,True,15.450858039953404,0.0,False,0
6,ElasticNet,100.0,0.9,,,,1,True,15.450858039953404,0.0,False,0
6,ElasticNet,1000.0,0.9,,,,1,True,15.450858039953404,0.0,False,0
6,ElasticNet,10000.0,0.9,,,,1,True,15.450858039953404,0.0,False,0
6,ElasticNet,100000.0,0.9,,,,1,True,15.450858039953404,0.0,False,0
6,ElasticNet,1000000.0,0.9,,,,1,True,15.450858039953404,0.0,False,0
6,ElasticNet,0.1,0.95,,,,1,True,0.8390901929914598,8.179470307678738e-06,False,0
6,ElasticNet,1.0,0.95,,,,1,True,5.750948991583072,1.1929987621117633e-06,False,0
6,ElasticNet,10.0,0.95,,,,1,True,15.450858039953404,0.0,False,0
6,ElasticNet,100.0,0.95,,,,1,True,15.450858039953404,0.0,False,0
6,ElasticNet,1000.0,0.95,,,,1,True,15.450858039953404,0.0,False,0
6,ElasticNet,10000.0,0.95,,,,1,True,15.450858039953404,0.0,False,0
6,ElasticNet,100000.0,0.95,,,,1,True,15.450858039953404,0.0,False,0
6,ElasticNet,1000000.0,0.95,,,,1,True,15.450858039953404,0.0,False,0
7,Ridge,10.0,0.0,,,,2,True,0.4545275336199068,0.0,False,0
7,Ridge,100.0,0.0,,,,1,True,0.5562207454333964,0.0,False,0
7,Ridge,1000.0,0.0,,,,1,True,2.353149451243494,0.0,False,0
7,Ridge,10000.0,0.0,,,,1,True,8.393596960818739,0.0,False,0
7,Ridge,100000.0,0.0,,,,1,True,14.113960634910036,0.0,False,0
7,Ridge,1000000.0,0.0,,,,1,True,15.303239816409596,0.0,False,0
7,LASSO,0.01,1.0,,,,2,True,0.471753746157556,9.751509150147941e-06,False,0
7,LASSO,0.1,1.0,,,,1,True,0.6486091693803705,3.998841878266601e-06,False,0
7,LASSO,1.0,1.0,,,,1,True,5.827004091310928,4.458644999871808e-07,False,0
7,LASSO,10.0,1.0,,,,1,True,15.450858039953404,0.0,False,0
7,LASSO,100.0,1.0,,,,1,True,15.450858039953404,0.0,False,0
7,LASSO,1000.0,1.0,,,,1,True,15.450858039953404,0.0,False,0
7,LASSO,10000.0,1.0,,,,1,True,15.450858039953404,0.0,False,0
7,LASSO,100000.0,1.0,,,,1,True,15.450858039953404,0.0,False,0
7,LASSO,1000000.0,1.0,,,,1,True,15.450858039953404,0.0,False,0
7,ElasticNet,0.01,0.1,,,,2,True,0.41298251781601075,6.36654882397265e-06,False,0
7,ElasticNet,0.1,0.1,,,,1,True,0.47618999111666377,8.847004412646658e-06,False,0
7,ElasticNet,1.0,0.1,,,,1,True,2.206194991258907,5.734610467794665e-06,False,0
7,ElasticNet,10.0,0.1,,,,1,True,10.058437765755576,4.2552002144091716e-08,False,0
7,ElasticNet,100.0,0.1,,,,1,True,15.450858039953404,0.0,False,0
7,ElasticNet,1000.0,0.1,,,,1,True,15.450858039953404,0.0,False,0
7,ElasticNet,10000.0,0.1,,,,1,True,15.450858039953404,0.0,False,0
7,ElasticNet,100000.0,0.1,,,,1,True,15.450858039953404,0.0,False,0
7,ElasticNet,1000000.0,0.1,,,,1,True,15.450858039953404,0.0,False,0
7,ElasticNet,0.01,0.3,,,,2,True,0.422937813534533,9.46128744018981e-06,False,0
7,ElasticNet,0.1,0.3,,,,1,True,0.5275224008645681,1.8298475563671701e-06,False,0
7,ElasticNet,1.0,0.3,,,,1,True,3.0756182215904038,8.41775028626035e-07,False,0
7,ElasticNet,10.0,0.3,,,,1,True,14.759706844585253,1.3031606904689852e-09,False,0
7,ElasticNet,100.0,0.3,,,,1,True,15.450858039953404,0.0,False,0
7,ElasticNet,1000.0,0.3,,,,1,True,15.450858039953404,0.0,False,0
7,ElasticNet,10000.0,0.3,,,,1,True,15.450858039953404,0.0,False,0
7,ElasticNet,100000.0,0.3,,,,1,True,15.450858039953404,0.0,False,0
7,ElasticNet,1000000.0,0.3,,,,1,True,15.450858039953404,0.0,False,0
7,ElasticNet,0.01,0.5,,,,2,True,0.43449042060204546,9.965440300904044e-06,False,0
7,ElasticNet,0.1,0.5,,,,1,True,0.56820814190229,4.18970080355574e-06,False,0
7,ElasticNet,1.0,0.5,,,,1,True,4.041610384937398,1.8362275644445702e-07,False,0
7,ElasticNet,10.0,0.5,,,,1,True,15.450858039953404,0.0,False,0
7,ElasticNet,100.0,0.5,,,,1,True,15.450858039953404,0.0,False,0
7,ElasticNet,1000.0,0.5,,,,1,True,15.450858039953404,0.0,False,0
7,ElasticNet,10000.0,0.5,,,,1,True,15.450858039953404,0.0,False,0
7,ElasticNet,100000.0,0.5,,,,1,True,15.450858039953404,0.0,False,0
7,ElasticNet,1000000.0,0.5,,,,1,True,15.450858039953404,0.0,False,0
7,ElasticNet,0.01,0.7,,,,2,True,0.4454685057339363,8.954046281364411e-06,False,0
7,ElasticNet,0.1,0.7,,,,1,True,0.596229271346736,8.309563824152044e-06,False,0
7,ElasticNet,1.0,0.7,,,,1,True,4.742318285540909,5.118337041976062e-07,False,0
7,ElasticNet,10.0,0.7,,,,1,True,15.450858039953404,0.0,False,0
7,ElasticNet,100.0,0.7,,,,1,True,15.450858039953404,0.0,False,0
7,ElasticNet,1000.0,0.7,,,,1,True,15.450858039953404,0.0,False,0
7,ElasticNet,10000.0,0.7,,,,1,True,15.450858039953404,0.0,False,0
7,ElasticNet,100000.0,0.7,,,,1,True,15.450858039953404,0.0,False,0
7,ElasticNet,1000000.0,0.7,,,,1,True,15.450858039953404,0.0,False,0
7,ElasticNet,0.01,0.9,,,,2,True,0.45972601278934705,9.010738631538145e-06,False,0
7,ElasticNet,0.1,0.9,,,,1,True,0.6261030459374001,7.318115754287313e-06,False,0
7,ElasticNet,1.0,0.9,,,,1,True,5.458290931675172,2.342890861539715e-06,False,0
7,ElasticNet,10.0,0.9,,,,1,True,15.450858039953404,0.0,False,0
7,ElasticNet,100.0,0.9,,,,1,True,15.450858039953404,0.0,False,0
7,ElasticNet,1000.0,0.9,,,,1,True,15.450858039953404,0.0,False,0
7,ElasticNet,10000.0,0.9,,,,1,True,15.450858039953404,0.0,False,0
7,ElasticNet,100000.0,0.9,,,,1,True,15.450858039953404,0.0,False,0
7,ElasticNet,1000000.0,0.9,,,,1,True,15.450858039953404,0.0,False,0
7,ElasticNet,0.01,0.95,,,,2,True,0.4648176596027274,9.54210241082415e-06,False,0
7,ElasticNet,0.1,0.95,,,,1,True,0.6360316689300187,2.531114872347806e-06,False,0
7,ElasticNet,1.0,0.95,,,,1,True,5.649292775313975,7.638990979774718e-06,False,0
7,ElasticNet,10.0,0.95,,,,1,True,15.450858039953404,0.0,False,0
7,ElasticNet,100.0,0.95,,,,1,True,15.450858039953404,0.0,False,0
7,ElasticNet,1000.0,0.95,,,,1,True,15.450858039953404,0.0,False,0
7,ElasticNet,10000.0,0.95,,,,1,True,15.450858039953404,0.0,False,0
7,ElasticNet,100000.0,0.95,,,,1,True,15.450858039953404,0.0,False,0
7,ElasticNet,1000000.0,0.95,,,,1,True,15.450858039953404,0.0,False,0
8,Ridge,10.0,0.0,,,,2,True,0.33113804822152604,0.0,False,0
8,Ridge,100.0,0.0,,,,1,True,0.40593550888269153,0.0,False,0
8,Ridge,1000.0,0.0,,,,1,True,1.7646933799215683,0.0,False,0
8,Ridge,10000.0,0.0,,,,1,True,7.3041163314369015,0.0,False,0
8,Ridge,100000.0,0.0,,,,1,True,13.796722842032088,0.0,False,0
8,Ridge,1000000.0,0.0,,,,1,True,15.265899308566391,0.0,False,0
8,ElasticNet,0.01,0.1,,,,2,True,0.3042603365718625,9.307264185041964e-06,False,0
8,ElasticNet,0.1,0.1,,,,1,True,0.3560011559938167,8.357963783303668e-06,False,0
8,ElasticNet,1.0,0.1,,,,1,True,1.754103684417997,7.345662026175814e-06,False,0
8,ElasticNet,10.0,0.1,,,,1,True,9.451166782699525,8.47424352912185e-11,False,0
8,ElasticNet,100.0,0.1,,,,1,True,15.450858039953404,0.0,False,0
8,ElasticNet,1000.0,0.1,,,,1,True,15.450858039953404,0.0,False,0
8,ElasticNet,10000.0,0.1,,,,1,True,15.450858039953404,0.0,False,0
8,ElasticNet,100000.0,0.1,,,,1,True,15.450858039953404,0.0,False,0
8,ElasticNet,1000000.0,0.1,,,,1,True,15.450858039953404,0.0,False,0
8,ElasticNet,0.01,0.3,,,,2,True,0.32144681744940834,9.308513792101285e-06,False,0
8,ElasticNet,0.1,0.3,,,,1,True,0.41015686370953786,6.203934089628327e-06,False,0
8,ElasticNet,1.0,0.3,,,,1,True,2.7022850701676746,8.829798805509714e-06,False,0
8,ElasticNet,10.0,0.3,,,,1,True,14.759706844585253,1.3031598022905655e-09,False,0
8,ElasticNet,100.0,0.3,,,,1,True,15.450858039953404,0.0,False,0
8,ElasticNet,1000.0,0.3,,,,1,True,15.450858039953404,0.0,False,0
8,ElasticNet,10000.0,0.3,,,,1,True,15.450858039953404,0.0,False,0
8,ElasticNet,100000.0,0.3,,,,1,True,15.450858039953404,0.0,False,0
8,ElasticNet,1000000.0,0.3,,,,1,True,15.450858039953404,0.0,False,0
8,ElasticNet,0.01,0.5,,,,2,True,0.33578685969976657,8.449819155544394e-06,False,0
8,ElasticNet,0.1,0.5,,,,1,True,0.44189227145585647,5.940663414354119e-06,False,0
8,ElasticNet,1.0,0.5,,,,1,True,3.7432316567148445,1.39825084843892e-06,False,0
8,ElasticNet,10.0,0.5,,,,1,True,15.450858039953404,0.0,False,0
8,ElasticNet,100.0,0.5,,,,1,True,15.450858039953404,0.0,False,0
8,ElasticNet,1000.0,0.5,,,,1,True,15.450858039953404,0.0,False,0
8,ElasticNet,10000.0,0.5,,,,1,True,15.450858039953404,0.0,False,0
8,ElasticNet,100000.0,0.5,,,,1,True,15.450858039953404,0.0,False,0
8,ElasticNet,1000000.0,0.5,,,,1,True,15.450858039953404,0.0,False,0
8,ElasticNet,0.01,0.7,,,,2,True,0.34465197623648053,9.37668878280614e-06,False,0
8,ElasticNet,0.1,0.7,,,,1,True,0.4787187724958355,6.963602763560006e-06,False,0
8,ElasticNet,1.0,0.7,,,,1,True,4.504795885149487,3.7395952018348666e-06,False,0
8,ElasticNet,10.0,0.7,,,,1,True,15.450858039953404,0.0,False,0
8,ElasticNet,100.0,0.7,,,,1,True,15.450858039953404,0.0,False,0
8,ElasticNet,1000.0,0.7,,,,1,True,15.450858039953404,0.0,False,0
8,ElasticNet,10000.0,0.7,,,,1,True,15.450858039953404,0.0,False,0
8,ElasticNet,100000.0,0.7,,,,1,True,15.450858039953404,0.0,False,0
8,ElasticNet,1000000.0,0.7,,,,1,True,15.450858039953404,0.0,False,0
8,ElasticNet,0.01,0.9,,,,2,True,0.35534178800270483,9.240671565345637e-06,False,0
8,ElasticNet,0.1,0.9,,,,1,True,0.5133330837916857,8.179190038856698e-06,False,0
8,ElasticNet,1.0,0.9,,,,1,True,5.2767117302836875,1.1268400627040265e-06,False,0
8,ElasticNet,10.0,0.9,,,,1,True,15.450858039953404,0.0,False,0
8,ElasticNet,100.0,0.9,,,,1,True,15.450858039953404,0.0,False,0
8,ElasticNet,1000.0,0.9,,,,1,True,15.450858039953404,0.0,False,0
8,ElasticNet,10000.0,0.9,,,,1,True,15.450858039953404,0.0,False,0
8,ElasticNet,100000.0,0.9,,,,1,True,15.450858039953404,0.0,False,0
8,ElasticNet,1000000.0,0.9,,,,1,True,15.450858039953404,0.0,False,0
8,ElasticNet,0.01,0.95,,,,2,True,0.35922775105742355,4.880110542728258e-06,False,0
8,ElasticNet,0.1,0.95,,,,1,True,0.5193217525843173,7.070724969984732e-06,False,0
8,ElasticNet,1.0,0.95,,,,1,True,5.498891477822003,2.8273828335256823e-06,False,0
8,ElasticNet,10.0,0.95,,,,1,True,15.450858039953404,0.0,False,0
8,ElasticNet,100.0,0.95,,,,1,True,15.450858039953404,0.0,False,0
8,ElasticNet,1000.0,0.95,,,,1,True,15.450858039953404,0.0,False,0
8,ElasticNet,10000.0,0.95,,,,1,True,15.450858039953404,0.0,False,0
8,ElasticNet,100000.0,0.95,,,,1,True,15.450858039953404,0.0,False,0
8,ElasticNet,1000000.0,0.95,,,,1,True,15.450858039953404,0.0,False,0
9,Ridge,100.0,0.0,,,,1,True,0.3111465710992615,0.0,False,0
9,Ridge,1000.0,0.0,,,,1,True,1.4604661469923264,0.0,False,0
9,Ridge,10000.0,0.0,,,,1,True,6.4243782522918105,0.0,False,0
9,Ridge,100000.0,0.0,,,,1,True,13.296907614830642,0.0,False,0
9,Ridge,1000000.0,0.0,,,,1,True,15.197198832930633,0.0,False,0
9,LASSO,0.1,1.0,,,,1,True,0.48264922183012143,4.619623590730593e-05,False,0
9,LASSO,1.0,1.0,,,,1,True,5.662555051004077,6.174615601706179e-06,False,0
9,LASSO,10.0,1.0,,,,1,True,15.450858039953404,0.0,False,0
9,LASSO,100.0,1.0,,,,1,True,15.450858039953404,0.0,False,0
9,LASSO,1000.0,1.0,,,,1,True,15.450858039953404,0.0,False,0
9,LASSO,10000.0,1.0,,,,1,True,15.450858039953404,0.0,False,0
9,LASSO,100000.0,1.0,,,,1,True,15.450858039953404,0.0,False,0
9,LASSO,1000000.0,1.0,,,,1,True,15.450858039953404,0.0,False,0
9,ElasticNet,0.1,0.1,,,,1,True,0.2877351879186405,8.108930271982437e-06,False,0
9,ElasticNet,1.0,0.1,,,,1,True,1.5302660726827584,8.365084004369194e-06,False,0
9,ElasticNet,10.0,0.1,,,,1,True,8.936707321211994,6.0062779194680616e-09,False,0
9,ElasticNet,100.0,0.1,,,,1,True,15.450858039953404,0.0,False,0
9,ElasticNet,1000.0,0.1,,,,1,True,15.450858039953404,0.0,False,0
9,ElasticNet,10000.0,0.1,,,,1,True,15.450858039953404,0.0,False,0
9,ElasticNet,100000.0,0.1,,,,1,True,15.450858039953404,0.0,False,0
9,ElasticNet,1000000.0,0.1,,,,1,True,15.450858039953404,0.0,False,0
9,ElasticNet,0.1,0.3,,,,1,True,0.35822760029049205,8.281630697395959e-06,False,0
9,ElasticNet,1.0,0.3,,,,1,True,2.516755075395046,4.001365894013009e-06,False,0
9,ElasticNet,10.0,0.3,,,,1,True,14.67931279903525,7.053735373574455e-11,False,0
9,ElasticNet,100.0,0.3,,,,1,True,15.450858039953404,0.0,False,0
9,ElasticNet,1000.0,0.3,,,,1,True,15.450858039953404,0.0,False,0
9,ElasticNet,10000.0,0.3,,,,1,True,15.450858039953404,0.0,False,0
9,ElasticNet,100000.0,0.3,,,,1,True,15.450858039953404,0.0,False,0
9,ElasticNet,1000000.0,0.3,,,,1,True,15.450858039953404,0.0,False,0
9,ElasticNet,0.1,0.5,,,,1,True,0.3899357184274819,3.156815556779047e-06,False,0
9,ElasticNet,1.0,0.5,,,,1,True,3.59814224297812,1.1810182711236017e-06,False,0
9,ElasticNet,10.0,0.5,,,,1,True,15.450858039953404,0.0,False,0
9,ElasticNet,100.0,0.5,,,,1,True,15.450858039953404,0.0,False,0
9,ElasticNet,1000.0,0.5,,,,1,True,15.450858039953404,0.0,False,0
9,ElasticNet,10000.0,0.5,,,,1,True,15.450858039953404,0.0,False,0
9,ElasticNet,100000.0,0.5,,,,1,True,15.450858039953404,0.0,False,0
9,ElasticNet,1000000.0,0.5,,,,1,True,15.450858039953404,0.0,False,0
9,ElasticNet,0.1,0.7,,,,1,True,0.42730975252927644,8.698754142014153e-06,False,0
9,ElasticNet,1.0,0.7,,,,1,True,4.415954842834976,1.3602466525375334e-06,False,0
9,ElasticNet,10.0,0.7,,,,1,True,15.450858039953404,0.0,False,0
9,ElasticNet,100.0,0.7,,,,1,True,15.450858039953404,0.0,False,0
9,ElasticNet,1000.0,0.7,,,,1,True,15.450858039953404,0.0,False,0
9,ElasticNet,10000.0,0.7,,,,1,True,15.450858039953404,0.0,False,0
9,ElasticNet,100000.0,0.7,,,,1,True,15.450858039953404,0.0,False,0
9,ElasticNet,1000000.0,0.7,,,,1,True,15.450858039953404,0.0,False,0
9,ElasticNet,0.01,0.9,,,,2,True,0.2866940256652162,5.590023565942362e-06,False,0
9,ElasticNet,0.1,0.9,,,,1,True,0.466913204214595,3.54128137823595e-06,False,0
9,ElasticNet,1.0,0.9,,,,1,True,5.226476770231191,2.911219735834969e-06,False,0
9,ElasticNet,10.0,0.9,,,,1,True,15.450858039953404,0.0,False,0
9,ElasticNet,100.0,0.9,,,,1,True,15.450858039953404,0.0,False,0
9,ElasticNet,1000.0,0.9,,,,1,True,15.450858039953404,0.0,False,0
9,ElasticNet,10000.0,0.9,,,,1,True,15.450858039953404,0.0,False,0
9,ElasticNet,100000.0,0.9,,,,1,True,15.450858039953404,0.0,False,0
9,ElasticNet,1000000.0,0.9,,,,1,True,15.450858039953404,0.0,False,0
9,ElasticNet,0.01,0.95,,,,2,True,0.29022207639736985,5.576172531496226e-06,False,0
9,ElasticNet,0.1,0.95,,,,1,True,0.4769752492828559,6.484352131144733e-06,False,0
9,ElasticNet,1.0,0.95,,,,1,True,5.453702768277367,1.708509629982924e-05,False,0
9,ElasticNet,10.0,0.95,,,,1,True,15.450858039953404,0.0,False,0
9,ElasticNet,100.0,0.95,,,,1,True,15.450858039953404,0.0,False,0
9,ElasticNet,1000.0,0.95,,,,1,True,15.450858039953404,0.0,False,0
9,ElasticNet,10000.0,0.95,,,,1,True,15.450858039953404,0.0,False,0
9,ElasticNet,100000.0,0.95,,,,1,True,15.450858039953404,0.0,False,0
9,ElasticNet,1000000.0,0.95,,,,1,True,15.450858039953404,0.0,False,0
10,Ridge,1e-06,0.0,,,,2,True,0.33239266735021605,0.0,False,0
10,Ridge,1e-05,0.0,,,,2,True,0.33087317391237764,0.0,False,0
10,Ridge,0.0001,0.0,,,,2,True,0.32004866618048267,0.0,False,0
10,Ridge,0.001,0.0,,,,2,True,0.2775331274263671,0.0,False,0
10,Ridge,100.0,0.0,,,,2,True,0.588664757369299,0.0,False,0
10,Ridge,1000.0,0.0,,,,1,True,1.201011951911931,0.0,False,0
10,Ridge,10000.0,0.0,,,,1,True,5.594972369341011,0.0,False,0
10,Ridge,100000.0,0.0,,,,1,True,12.916480030737441,0.0,False,0
10,Ridge,1000000.0,0.0,,,,1,True,15.146728060229941,0.0,False,0
10,ElasticNet,1e-06,0.1,,,,2,True,0.2848972064732871,2.99830750055905e-05,False,0
10,ElasticNet,0.1,0.1,,,,2,True,0.5621241572878771,8.870587623707737e-06,False,0
10,ElasticNet,1.0,0.1,,,,1,True,1.3217560885004562,3.896591662694293e-06,False,0
10,ElasticNet,10.0,0.1,,,,1,True,8.549641402938208,9.257319357525162e-06,False,0
10,ElasticNet,100.0,0.1,,,,1,True,15.450858039953404,0.0,False,0
10,ElasticNet,1000.0,0.1,,,,1,True,15.450858039953404,0.0,False,0
10,ElasticNet,10000.0,0.1,,,,1,True,15.450858039953404,0.0,False,0
10,ElasticNet,100000.0,0.1,,,,1,True,15.450858039953404,0.0,False,0
10,ElasticNet,1000000.0,0.1,,,,1,True,15.450858039953404,0.0,False,0
10,ElasticNet,1e-06,0.3,,,,2,True,0.2817167302226138,3.124920721770634e-05,False,0
10,ElasticNet,0.1,0.3,,,,1,True,0.3257365570792872,4.899137931446695e-06,False,0
10,ElasticNet,1.0,0.3,,,,1,True,2.3417581268428163,5.761905188583771e-06,False,0
10,ElasticNet,10.0,0.3,,,,1,True,14.679313369921308,6.006837579342061e-06,False,0
10,ElasticNet,100.0,0.3,,,,1,True,15.450858039953404,0.0,False,0
10,ElasticNet,1000.0,0.3,,,,1,True,15.450858039953404,0.0,False,0
10,ElasticNet,10000.0,0.3,,,,1,True,15.450858039953404,0.0,False,0
10,ElasticNet,100000.0,0.3,,,,1,True,15.450858039953404,0.0,False,0
10,ElasticNet,1000000.0,0.3,,,,1,True,15.450858039953404,0.0,False,0
10,ElasticNet,1e-06,0.5,,,,2,True,0.2872899553516401,3.593246083448918e-05,False,0
10,ElasticNet,0.1,0.5,,,,1,True,0.3624106198884305,9.334869783855781e-06,False,0
10,ElasticNet,1.0,0.5,,,,1,True,3.446887688303504,5.000299271862296e-07,False,0
10,ElasticNet,10.0,0.5,,,,1,True,15.450858039953404,0.0,False,0
10,ElasticNet,100.0,0.5,,,,1,True,15.450858039953404,0.0,False,0
10,ElasticNet,1000.0,0.5,,,,1,True,15.450858039953404,0.0,False,0
10,ElasticNet,10000.0,0.5,,,,1,True,15.450858039953404,0.0,False,0
10,ElasticNet,100000.0,0.5,,,,1,True,15.450858039953404,0.0,False,0
10,ElasticNet,1000000.0,0.5,,,,1,True,15.450858039953404,0.0,False,0
10,ElasticNet,1e-06,0.7,,,,2,True,0.2977942622575285,3.75720527801146e-05,False,0
10,ElasticNet,0.1,0.7,,,,1,True,0.4064617167901361,7.238693990316292e-06,False,0
10,ElasticNet,1.0,0.7,,,,1,True,4.295490081536816,6.885705611470172e-06,False,0
10,ElasticNet,10.0,0.7,,,,1,True,15.450858039953404,0.0,False,0
10,ElasticNet,100.0,0.7,,,,1,True,15.450858039953404,0.0,False,0
10,ElasticNet,1000.0,0.7,,,,1,True,15.450858039953404,0.0,False,0
10,ElasticNet,10000.0,0.7,,,,1,True,15.450858039953404,0.0,False,0
10,ElasticNet,100000.0,0.7,,,,1,True,15.450858039953404,0.0,False,0
10,ElasticNet,1000000.0,0.7,,,,1,True,15.450858039953404,0.0,False,0
10,ElasticNet,1e-06,0.9,,,,2,True,0.2989387382458766,4.172460853327998e-05,False,0
10,ElasticNet,0.01,0.9,,,,2,True,0.27414445182085506,4.037886537666506e-05,False,0
10,ElasticNet,0.1,0.9,,,,1,True,0.45480277143789927,5.901175950839832e-06,False,0
10,ElasticNet,1.0,0.9,,,,1,True,5.146764386487363,1.0675892451517122e-05,False,0
10,ElasticNet,10.0,0.9,,,,1,True,15.450858039953404,0.0,False,0
10,ElasticNet,100.0,0.9,,,,1,True,15.450858039953404,0.0,False,0
10,ElasticNet,1000.0,0.9,,,,1,True,15.450858039953404,0.0,False,0
10,ElasticNet,10000.0,0.9,,,,1,True,15.450858039953404,0.0,False,0
10,ElasticNet,100000.0,0.9,,,,1,True,15.450858039953404,0.0,False,0
10,ElasticNet,1000000.0,0.9,,,,1,True,15.450858039953404,0.0,False,0
10,ElasticNet,1e-06,0.95,,,,2,True,0.28971766373990077,4.303580302213413e-05,False,0
10,ElasticNet,0.01,0.95,,,,2,True,0.27706005387889054,1.4331973953752089e-05,False,0
10,ElasticNet,0.1,0.95,,,,1,True,0.47001676110040713,4.949815770330379e-06,False,0
10,ElasticNet,1.0,0.95,,,,1,True,5.3809571062419685,6.1008193671718836e-05,False,0
10,ElasticNet,10.0,0.95,,,,1,True,15.450858039953404,0.0,False,0
10,ElasticNet,100.0,0.95,,,,1,True,15.450858039953404,0.0,False,0
10,ElasticNet,1000.0,0.95,,,,1,True,15.450858039953404,0.0,False,0
10,ElasticNet,10000.0,0.95,,,,1,True,15.450858039953404,0.0,False,0
10,ElasticNet,100000.0,0.95,,,,1,True,15.450858039953404,0.0,False,0
10,ElasticNet,1000000.0,0.95,,,,1,True,15.450858039953404,0.0,False,0
11,Ridge,1e-06,0.0,,,,1,True,0.2694151458140147,0.0,False,0
11,Ridge,1e-05,0.0,,,,2,True,0.9990646560007391,0.0,False,0
11,Ridge,0.0001,0.0,,,,2,True,0.6523211830244694,0.0,False,0
11,Ridge,0.001,0.0,,,,2,True,0.3719578810993976,0.0,False,0
11,Ridge,100.0,0.0,,,,2,True,0.48566494647815456,0.0,False,0
11,Ridge,1000.0,0.0,,,,1,True,1.0489949654278072,0.0,False,0
11,Ridge,10000.0,0.0,,,,1,True,5.023003474998914,0.0,False,0
11,Ridge,100000.0,0.0,,,,1,True,12.387485519025018,0.0,False,0
11,Ridge,1000000.0,0.0,,,,1,True,15.059232348611198,0.0,False,0
12,Ridge,1e-06,0.0,,,,1,True,1.8195424332906323,0.0,False,0
12,Ridge,1e-05,0.0,,,,1,True,0.6042586595119386,0.0,False,0
12,Ridge,0.0001,0.0,,,,2,True,1.4585692626132574,0.0,False,0
12,Ridge,0.001,0.0,,,,2,True,0.6388710658899996,0.0,False,0
12,Ridge,0.01,0.0,,,,2,True,0.32235145501944573,0.0,False,0
12,Ridge,100.0,0.0,,,,2,True,0.46898951067722566,0.0,False,0
12,Ridge,1000.0,0.0,,,,1,True,0.9346989903183038,0.0,False,0
12,Ridge,10000.0,0.0,,,,1,True,4.438765873096954,0.0,False,0
12,Ridge,100000.0,0.0,,,,1,True,11.97677382025902,0.0,False,0
12,Ridge,1000000.0,0.0,,,,1,True,14.995728819723027,0.0,False,0
13,Ridge,1e-06,0.0,,,,1,True,5.119113058621622,0.0,False,0
13,Ridge,1e-05,0.0,,,,1,True,1.267079108793437,0.0,False,0
13,Ridge,0.0001,0.0,,,,1,True,0.4339740336784981,0.0,False,0
13,Ridge,0.001,0.0,,,,2,True,1.4513808278282292,0.0,False,0
13,Ridge,0.01,0.0,,,,2,True,0.42070479607248396,0.0,False,0
13,Ridge,100.0,0.0,,,,2,True,0.42789511801338914,0.0,False,0
13,Ridge,1000.0,0.0,,,,1,True,0.8478062510490864,0.0,False,0
13,Ridge,10000.0,0.0,,,,1,True,4.0701224098709465,0.0,False,0
13,Ridge,100000.0,0.0,,,,1,True,11.466544548443373,0.0,False,0
13,Ridge,1000000.0,0.0,,,,1,True,14.890281199232037,0.0,False,0
14,Ridge,1e-06,0.0,,,,1,True,17.20837661868408,0.0,False,0
14,Ridge,1e-05,0.0,,,,1,True,3.060349595056262,0.0,False,0
14,Ridge,0.0001,0.0,,,,1,True,0.5528501567003828,0.0,False,0
14,Ridge,0.001,0.0,,,,2,True,2.162184970793365,0.0,False,0
14,Ridge,0.01,0.0,,,,2,True,0.6288678757166474,0.0,False,0
14,Ridge,100.0,0.0,,,,2,True,0.4290344410061457,0.0,False,0
14,Ridge,1000.0,0.0,,,,1,True,0.7967655986607088,0.0,False,0
14,Ridge,10000.0,0.0,,,,1,True,3.672299866514926,0.0,False,0
14,Ridge,100000.0,0.0,,,,1,True,11.055500345228241,0.0,False,0
14,Ridge,1000000.0,0.0,,,,1,True,14.814453678923563,0.0,False,0
15,Ridge,1e-06,0.0,,,,1,True,42.006099182711196,0.0,False,0
15,Ridge,1e-05,0.0,,,,1,True,5.098571636418034,0.0,False,0
15,Ridge,0.0001,0.0,,,,1,True,1.0094284455867069,0.0,False,0
15,Ridge,0.001,0.0,,,,1,True,0.34368220828345847,0.0,False,0
15,Ridge,0.01,0.0,,,,2,True,0.9308780474379775,0.0,False,0
15,Ridge,0.1,0.0,,,,2,True,0.3177207404932037,0.0,False,0
15,Ridge,100.0,0.0,,,,2,True,0.4097761457747057,0.0,False,0
15,Ridge,1000.0,0.0,,,,1,True,0.7417523870020476,0.0,False,0
15,Ridge,10000.0,0.0,,,,1,True,3.4312609457211694,0.0,False,0
15,Ridge,100000.0,0.0,,,,1,True,10.595144803527145,0.0,False,0
15,Ridge,1000000.0,0.0,,,,1,True,14.692812851358148,0.0,False,0
16,Ridge,1e-06,0.0,,,,1,True,71.54087366201813,0.0,False,0
16,Ridge,1e-05,0.0,,,,1,True,12.916210376860365,0.0,False,0
16,Ridge,0.0001,0.0,,,,1,True,1.7279527177766647,0.0,False,0
16,Ridge,0.001,0.0,,,,1,True,0.39094719960166224,0.0,False,0
16,Ridge,0.01,0.0,,,,2,True,1.3309433336066527,0.0,False,0
16,Ridge,0.1,0.0,,,,2,True,0.3996700416544388,0.0,False,0
16,Ridge,100.0,0.0,,,,2,True,0.4127467959576805,0.0,False,0
16,Ridge,1000.0,0.0,,,,1,True,0.7202497524346692,0.0,False,0
16,Ridge,10000.0,0.0,,,,1,True,3.1636415299898712,0.0,False,0
16,Ridge,100000.0,0.0,,,,1,True,10.204726318843006,0.0,False,0
16,Ridge,1000000.0,0.0,,,,1,True,14.605936185128954,0.0,False,0
17,Ridge,1e-06,0.0,,,,1,True,156.69271577543773,0.0,False,0
17,Ridge,1e-05,0.0,,,,1,True,21.390438365718364,0.0,False,0
17,Ridge,0.0001,0.0,,,,1,True,2.654106206763166,0.0,False,0
17,Ridge,0.001,0.0,,,,1,True,0.6172701669654647,0.0,False,0
17,Ridge,0.01,0.0,,,,2,True,2.16434386671062,0.0,False,0
17,Ridge,0.1,0.0,,,,2,True,0.49287727668213493,0.0,False,0
17,Ridge,100.0,0.0,,,,2,True,0.400194740334989,0.0,False,0
17,Ridge,1000.0,0.0,,,,1,True,0.6835041793449882,0.0,False,0
17,Ridge,10000.0,0.0,,,,1,True,3.0016810348806966,0.0,False,0
17,Ridge,100000.0,0.0,,,,1,True,9.806740602987864,0.0,False,0
17,Ridge,1000000.0,0.0,,,,1,True,14.470675075435976,0.0,False,0
18,Ridge,1e-06,0.0,,,,1,True,204.9833443411387,0.0,False,0
18,Ridge,1e-05,0.0,,,,1,True,40.380073106567984,0.0,False,0
18,Ridge,0.0001,0.0,,,,1,True,5.138086506686831,0.0,False,0
18,Ridge,0.001,0.0,,,,1,True,0.7621031312957293,0.0,False,0
18,Ridge,0.01,0.0,,,,2,True,2.8638115558007553,0.0,False,0
18,Ridge,0.1,0.0,,,,2,True,0.6253861886708864,0.0,False,0
18,Ridge,100.0,0.0,,,,2,True,0.4022111998601076,0.0,False,0
18,Ridge,1000.0,0.0,,,,1,True,0.6762271992509706,0.0,False,0
18,Ridge,10000.0,0.0,,,,1,True,2.8214496811701957,0.0,False,0
18,Ridge,100000.0,0.0,,,,1,True,9.448180659605754,0.0,False,0
18,Ridge,1000000.0,0.0,,,,1,True,14.374501094648187,0.0,False,0
19,Ridge,1e-06,0.0,,,,1,True,361.9762090901639,0.0,False,0
19,Ridge,1e-05,0.0,,,,1,True,65.50638828647506,0.0,False,0
19,Ridge,0.0001,0.0,,,,1,True,6.760452708891436,0.0,False,0
19,Ridge,0.001,0.0,,,,1,True,1.1579212127728093,0.0,False,0
19,Ridge,0.01,0.0,,,,1,True,0.3231381819242028,0.0,False,0
19,Ridge,0.1,0.0,,,,2,True,0.7759334287575617,0.0,False,0
19,Ridge,100.0,0.0,,,,2,True,0.39358769884103145,0.0,False,0
19,Ridge,1000.0,0.0,,,,1,True,0.65067777400375,0.0,False,0
19,Ridge,10000.0,0.0,,,,1,True,2.7081783708441587,0.0,False,0
19,Ridge,100000.0,0.0,,,,1,True,9.111607884265203,0.0,False,0
19,Ridge,1000000.0,0.0,,,,1,True,14.228815288860007,0.0,False,0
20,Ridge,1e-06,0.0,,,,1,True,444.587623436676,0.0,False,0
20,Ridge,1e-05,0.0,,,,1,True,101.39653923871407,0.0,False,0
20,Ridge,0.0001,0.0,,,,1,True,12.22946518398492,0.0,False,0
20,Ridge,0.001,0.0,,,,1,True,1.5889176404210728,0.0,False,0
20,Ridge,0.01,0.0,,,,1,True,0.366242663172355,0.0,False,0
20,Ridge,0.1,0.0,,,,2,True,0.9380562752027597,0.0,False,0
20,Ridge,1.0,0.0,,,,2,True,0.32468511996985,0.0,False,0
20,Ridge,100.0,0.0,,,,2,True,0.3951818322421062,0.0,False,0
20,Ridge,1000.0,0.0,,,,1,True,0.6498678406238522,0.0,False,0
20,Ridge,10000.0,0.0,,,,1,True,2.5854765929361503,0.0,False,0
20,Ridge,100000.0,0.0,,,,1,True,8.788799409009844,0.0,False,0
20,Ridge,1000000.0,0.0,,,,1,True,14.125433186052538,0.0,False,0
