degree,model,alpha,l1_ratio,mean_mse,std_mse,mean_r2,evaluated_folds,pruned,mse_lower_bound,max_kkt,converged,warning_count
13,ElasticNet,0.0031622776601683794,0.1,0.30256639075830616,0.01580670255143024,0.9930494757846611,3,False,0.3025663907583062,9.98884953716349e-06,True,0
13,ElasticNet,0.0017782794100389228,0.3,0.3030420150594637,0.014665316269299034,0.9930465233650544,3,False,0.3030420150594637,9.99397615836727e-06,True,0
13,ElasticNet,0.001,0.95,0.3040801197484467,0.009105104150444772,0.9930083360096275,3,False,0.3040801197484467,4.0801651678831156e-05,True,0
13,ElasticNet,0.0031622776601683794,0.3,0.30425235403774115,0.019879295360292773,0.9930069721664618,3,False,0.30425235403774115,9.891158388612166e-06,True,0
13,ElasticNet,0.0017782794100389228,0.5,0.304440022079795,0.01499596723142124,0.9930161872832611,3,False,0.304440022079795,9.957460525582187e-06,True,0
13,ElasticNet,0.001,0.95,0.3044879356927532,0.01008192632651659,0.993002467606893,3,False,0.3044879356927532,6.994453045893519e-06,True,0
13,LASSO,0.001,1.0,0.30538591436463297,0.010588802078257848,0.9929801962470753,3,False,0.3053859143646329,9.817360738912121e-06,True,0
13,LASSO,0.001,1.0,0.30549467337523495,0.010404790693022145,0.9929771641762315,3,False,0.3054946733752349,9.817360738912121e-06,True,0
11,ElasticNet,0.001,0.1,0.305738883449314,0.015258617115469962,0.9929792828798673,3,False,0.305738883449314,9.978145382040084e-06,True,0
13,ElasticNet,0.005623413251903491,0.1,0.30604573687227393,0.026162295494958025,0.9929528716314558,3,False,0.30604573687227393,9.877108192802523e-06,True,0
13,ElasticNet,0.001,0.9,0.3062845286463178,0.013568806967058753,0.9929702693216983,3,False,0.3062845286463178,8.846411563232241e-06,True,0
13,ElasticNet,0.001,0.9,0.3063635992318537,0.012821629636400484,0.9929666418727682,3,False,0.3063635992318537,4.04284849581663e-05,True,0
11,LASSO,0.001,1.0,0.30663570630466697,0.021579287854945475,0.9929322078445922,3,False,0.30663570630466697,9.98271810816534e-06,True,0
11,Ridge,1.0,0.0,0.3070234243067707,0.025467476953869465,0.9929447854902954,3,False,0.3070234243067707,0.0,True,0
11,Ridge,1.0,0.0,0.3070234243067707,0.025467476953869465,0.9929447854902954,3,False,0.3070234243067707,0.0,True,0
11,ElasticNet,0.001,0.95,0.3078932966944698,0.020851284407493953,0.9929101034959652,3,False,0.3078932966944698,9.820077138781268e-06,True,0
11,ElasticNet,0.001,0.9,0.3079872761194009,0.018196313884701307,0.9929159141168636,3,False,0.3079872761194009,1.053466662143533e-05,True,0
11,Ridge,0.5623413251903491,0.0,0.3080645483626532,0.015545856039964268,0.9929308492258481,3,False,0.3080645483626532,0.0,True,0
13,ElasticNet,0.0017782794100389228,0.1,0.30816459317009204,0.019387263917708602,0.9929421293993198,3,False,0.30816459317009204,9.890496000430644e-06,True,0
11,ElasticNet,0.001,0.3,0.30923493052488293,0.017369337343046652,0.9929053960368398,3,False,0.3092349305248829,1.7792018751699122e-05,True,0
13,ElasticNet,0.0017782794100389228,0.7,0.3096438405318129,0.017467056319751532,0.9928971354325175,3,False,0.3096438405318128,9.79814756307991e-06,True,0
13,ElasticNet,0.001,0.3,0.30971826021183585,0.020972462792524817,0.9929072130997008,3,False,0.30971826021183585,9.89020047681763e-06,True,0
13,ElasticNet,0.001,0.7,0.31087591036884593,0.02128898764440608,0.9928836614794713,3,False,0.31087591036884593,2.5554604266430627e-05,True,0
13,ElasticNet,0.001,0.7,0.3109093022471681,0.021350391961131254,0.9928830959244378,3,False,0.3109093022471681,9.571258458785292e-06,True,0
11,Ridge,1.7782794100389228,0.0,0.3109582281194823,0.04005255838375315,0.9928435383402565,3,False,0.31095822811948226,0.0,True,0
13,ElasticNet,0.001,0.5,0.3112349237729128,0.02131491856131927,0.9928768311989381,3,False,0.3112349237729128,9.730371752390702e-06,True,0
13,ElasticNet,0.001,0.5,0.31155430927490163,0.021903260381455843,0.9928707193309748,3,False,0.31155430927490163,9.98213512001648e-06,True,0
12,ElasticNet,0.001,0.9,0.311942440523821,0.014981185955673394,0.9928447900751696,3,False,0.311942440523821,1.9610707372516665e-05,True,0
14,LASSO,0.001,1.0,0.31224418332200504,0.02352407041339088,0.9928465655057712,3,False,0.31224418332200504,7.0046619122328315e-06,True,0
11,ElasticNet,0.001,0.7,0.3125488433113603,0.019875224433639094,0.9928380445068496,3,False,0.3125488433113603,8.586355778987206e-06,True,0
13,ElasticNet,0.0031622776601683794,0.5,0.31422067220311806,0.023596025926885124,0.9927727483786772,3,False,0.31422067220311806,9.918590105062507e-06,True,0
11,Ridge,0.31622776601683794,0.0,0.3144154470998612,0.020935150788270507,0.992799969680013,3,False,0.3144154470998612,0.0,True,0
14,ElasticNet,0.001,0.9,0.3154230434195216,0.03334688252778571,0.9927880125954632,3,False,0.31542304341952165,3.9694494458786256e-05,True,0
13,ElasticNet,0.0017782794100389228,0.9,0.31551718379605725,0.02192401405009719,0.9927667303209481,3,False,0.31551718379605725,8.729786263048881e-06,True,0
12,ElasticNet,0.001,0.3,0.3156219985229858,0.026301335370788725,0.9927838771198824,3,False,0.3156219985229858,2.3727843098359273e-05,True,0
14,ElasticNet,0.001,0.7,0.31685359428754883,0.039089722099848886,0.992764281748606,3,False,0.31685359428754883,4.487769623529394e-05,True,0
13,LASSO,0.0005623413251903491,1.0,0.31748653066844335,0.020373928330691144,0.992727453893938,3,False,0.31748653066844335,4.348105616588981e-06,True,0
13,ElasticNet,0.0017782794100389228,0.95,0.3175120052908028,0.02324400313536417,0.9927231144779008,3,False,0.3175120052908028,9.172710624468557e-06,True,0
12,ElasticNet,0.001,0.5,0.31773914218370874,0.030494030727586312,0.9927455388261645,3,False,0.31773914218370874,1.739830684821834e-05,True,0
13,ElasticNet,0.0005623413251903491,0.95,0.3185150626774637,0.02311169158343479,0.9927104402568091,3,False,0.3185150626774637,3.628023170209769e-06,True,0
13,LASSO,0.0017782794100389228,1.0,0.31956371572657283,0.02319045385937122,0.9926769567244179,3,False,0.31956371572657283,6.742416791297992e-06,True,0
13,ElasticNet,0.0005623413251903491,0.9,0.31958322264000055,0.027419680380509126,0.9926940208576654,3,False,0.31958322264000055,9.26697828106495e-06,True,0
13,Ridge,1.0,0.0,0.31991708583608336,0.03410669974906068,0.992700511887203,3,False,0.31991708583608336,0.0,True,0
15,ElasticNet,0.001,0.9,0.32041064884892767,0.03125234106989849,0.9926867101667236,3,False,0.3204106488489277,4.476103732746137e-05,True,0
15,ElasticNet,0.001,0.5,0.3214779119238755,0.03523734637262513,0.9926704253629337,3,False,0.3214779119238755,3.0323362225262765e-05,True,0
11,Ridge,3.1622776601683795,0.0,0.32178330694035795,0.054079020957174984,0.9925818685970765,3,False,0.32178330694035795,0.0,True,0
13,ElasticNet,0.0005623413251903491,0.7,0.32200303060904206,0.03538155676396156,0.9926539572393777,3,False,0.32200303060904206,7.232588608043085e-06,True,0
12,ElasticNet,0.001,0.1,0.32292168011072003,0.040375068091627754,0.9926413728802261,3,False,0.32292168011072003,3.4485340040894035e-05,True,0
13,ElasticNet,0.005623413251903491,0.3,0.3233711840900861,0.03207278957121417,0.9925404401473951,3,False,0.3233711840900861,9.959342159352857e-06,True,0
12,Ridge,1.0,0.0,0.32344290891631067,0.03411286643981563,0.9926279880373823,3,False,0.32344290891631067,0.0,True,0
13,ElasticNet,0.01,0.1,0.32349211868790545,0.040979403158492175,0.9925198028155982,3,False,0.32349211868790545,9.800237336071499e-06,True,0
13,ElasticNet,0.0005623413251903491,0.5,0.323801701120159,0.040950775692896686,0.9926223256357699,3,False,0.323801701120159,9.990221824685659e-06,True,0
14,ElasticNet,0.001,0.3,0.32472573068504557,0.04517274032539103,0.9925987419449799,3,False,0.32472573068504557,2.426403701866756e-05,True,0
9,Ridge,0.1,0.0,0.3265175756649086,0.02654287452799792,0.9925079456576591,3,False,0.3265175756649086,0.0,True,0
13,ElasticNet,0.001,0.1,0.3276823853922693,0.046022971288865705,0.9925404918473633,3,False,0.32768238539226935,9.953737054980394e-06,True,0
11,Ridge,0.1778279410038923,0.0,0.3280068544991181,0.03795926508944739,0.9925145680645885,3,False,0.3280068544991181,0.0,True,0
13,ElasticNet,0.001,0.1,0.32823104694944266,0.046739710411011576,0.9925298116060514,3,False,0.32823104694944266,2.3445671844592075e-05,True,0
16,ElasticNet,0.001,0.5,0.3297164655307532,0.05081891100667434,0.9924954418550129,3,False,0.3297164655307532,3.475421101692107e-05,True,0
16,ElasticNet,0.001,0.9,0.3309117598745233,0.05549438500895274,0.9924730059660648,3,False,0.3309117598745233,3.5688260511512943e-05,True,0
15,Ridge,10.0,0.0,0.3313565247140015,0.026896106107680208,0.9923248543835976,3,False,0.3313565247140015,0.0,True,0
13,ElasticNet,0.0031622776601683794,0.7,0.3314248838140858,0.03334087295631025,0.9923875708322466,3,False,0.3314248838140858,8.688132629123147e-06,True,0
15,ElasticNet,0.001,0.3,0.33293948508023413,0.049663805452494235,0.9924275706806757,3,False,0.33293948508023413,2.6623231492635044e-05,True,0
10,ElasticNet,0.001,0.95,0.3332794033621554,0.04188189501699894,0.9923743116151048,3,False,0.3332794033621554,6.978141190344179e-06,True,0
9,ElasticNet,0.0001,0.5,0.33396991654133396,0.020599961789116737,0.9923496927472235,3,False,0.33396991654133396,1.4466361258748814e-05,True,0
10,ElasticNet,0.001,0.9,0.3339719745236988,0.0408083861263774,0.9923634362504566,3,False,0.3339719745236988,8.249391254663537e-06,True,0
13,LASSO,0.00031622776601683794,1.0,0.3352144250198972,0.050300097267148944,0.9923825677892024,3,False,0.33521442501989723,9.673206731162381e-06,True,0
10,ElasticNet,0.001,0.7,0.3356284450260512,0.03607636521327228,0.9923429233366362,3,False,0.3356284450260512,9.705905639408128e-06,True,0
13,ElasticNet,0.00031622776601683794,0.95,0.33624579678053684,0.053193978212420674,0.992363579681586,3,False,0.33624579678053684,8.941407684544267e-06,True,0
10,ElasticNet,0.001,0.1,0.3371244299625127,0.03638562923455773,0.9923108381163418,3,False,0.3371244299625127,2.302462950929078e-05,True,0
13,ElasticNet,0.0005623413251903491,0.3,0.3379439551904342,0.058802413505468706,0.9923317998875197,3,False,0.3379439551904342,9.910194582209928e-06,True,0
17,Ridge,10.0,0.0,0.33820276496710666,0.011945017585961145,0.9921809914134307,3,False,0.33820276496710666,0.0,True,0
9,ElasticNet,0.0001,0.7,0.33834836651609385,0.022002463287088752,0.9922546401228268,3,False,0.33834836651609396,1.6593678376623046e-05,True,0
13,ElasticNet,0.00031622776601683794,0.9,0.338790177146008,0.057586485042612164,0.9923129332620945,3,False,0.338790177146008,5.838828830773634e-06,True,0
13,Ridge,10.0,0.0,0.3395816931783731,0.04893800216562384,0.9921285460604808,3,False,0.3395816931783731,0.0,True,0
14,Ridge,10.0,0.0,0.33971891609209587,0.04030217792902713,0.9921384932375346,3,False,0.33971891609209587,0.0,True,0
10,ElasticNet,0.001,0.3,0.34016593497770264,0.03878255228940449,0.992258218300324,3,False,0.34016593497770264,4.052151891062672e-05,True,0
18,ElasticNet,0.001,0.7,0.3404353094044225,0.05211743293877216,0.9922584177107246,3,False,0.3404353094044225,4.393138880518497e-05,True,0
16,Ridge,10.0,0.0,0.34172439338759747,0.026117160207722395,0.9920993457722943,3,False,0.34172439338759747,0.0,True,0
10,ElasticNet,0.001,0.5,0.34276094710417154,0.04046166090217027,0.9922059232153834,3,False,0.34276094710417154,9.966938576488806e-06,True,0
17,ElasticNet,0.001,0.5,0.3427741759789587,0.05678712582623649,0.9922207644123285,3,False,0.3427741759789587,4.09257195222091e-05,True,0
11,Ridge,5.623413251903491,0.0,0.34280090872096985,0.06512932512494672,0.992086882730547,3,False,0.34280090872096985,0.0,True,0
10,Ridge,1.0,0.0,0.34484253540770865,0.045430461199458275,0.9921411861716104,3,False,0.34484253540770865,0.0,True,0
17,ElasticNet,0.001,0.9,0.3450819089356583,0.0648943001296275,0.9921873315746291,3,False,0.3450819089356583,4.749023225738148e-05,True,0
13,ElasticNet,0.0031622776601683794,0.9,0.3468971565486676,0.04346304727909448,0.9920488222181708,3,False,0.3468971565486676,9.7219615603477e-06,True,0
16,ElasticNet,0.001,0.3,0.3478061150886081,0.06671427002819066,0.992109802477326,3,False,0.3478061150886081,3.0038416447987504e-05,True,0
10,Ridge,0.1,0.0,0.348746138873778,0.05522836523784501,0.9920843147475958,3,False,0.348746138873778,0.0,True,0
13,ElasticNet,0.00031622776601683794,0.7,0.3491360485364467,0.07026920760649633,0.9920999141417651,3,False,0.3491360485364467,8.983171752647917e-06,True,0
9,ElasticNet,0.001,0.1,0.35027356265260656,0.0654314143678531,0.9919806924246671,3,False,0.35027356265260656,9.841307082354502e-06,True,0
13,ElasticNet,0.0031622776601683794,0.95,0.35122399920800423,0.04708338873304911,0.9919486968656176,3,False,0.35122399920800423,7.600090753759076e-06,True,0
13,ElasticNet,0.005623413251903491,0.5,0.3512835718872367,0.045566163082035455,0.9919076297153948,3,False,0.3512835718872367,9.4649417337043e-06,True,0
11,Ridge,0.1,0.0,0.3513114630169478,0.06276343643070283,0.9920231100196993,3,False,0.3513114630169478,0.0,True,0
11,Ridge,0.1,0.0,0.3513114630169478,0.06276343643070283,0.9920231100196993,3,False,0.3513114630169478,0.0,True,0
18,ElasticNet,0.001,0.5,0.3513398384187851,0.06355860735663138,0.9920283769884537,3,False,0.3513398384187851,3.7589376203287146e-05,True,0
18,Ridge,10.0,0.0,0.35171176710916896,0.011839614298570665,0.9918774447983233,3,False,0.351711767109169,0.0,True,0
13,LASSO,0.0031622776601683794,1.0,0.3527407653280932,0.04965161663766644,0.9919032281660294,3,False,0.3527407653280932,8.865241248247335e-06,True,0
20,ElasticNet,0.001,0.7,0.3529047916289281,0.05011252497011246,0.9919745422125942,3,False,0.3529047916289281,2.8903490621033428e-05,True,0
11,ElasticNet,0.01,0.1,0.35331079023698747,0.061357459157853976,0.9918400337956967,3,False,0.35331079023698747,1.0014452855876743e-05,True,0
12,Ridge,10.0,0.0,0.35620851819435595,0.052681456756702584,0.9917692609257852,3,False,0.35620851819435595,0.0,True,0
9,ElasticNet,0.001,0.3,0.3566780319365718,0.06009740833647314,0.9918470391294917,3,False,0.3566780319365718,9.889756722262556e-06,True,0
10,ElasticNet,0.0001,0.9,0.3570568774756579,0.06736771707037485,0.9918957389638012,3,False,0.3570568774756579,4.480589374353637e-05,True,0
14,Ridge,1.0,0.0,0.3583294786961189,0.094135900358336,0.9919217011668383,3,False,0.35832947869611903,0.0,True,0
9,LASSO,0.001,1.0,0.3596443738291822,0.0513593906024076,0.9917777812396619,3,False,0.3596443738291822,1.3617708494910582e-05,True,0
9,ElasticNet,0.001,0.95,0.3599102338233115,0.05030117277596,0.9917762156860244,3,False,0.3599102338233115,9.930343528076111e-06,True,0
9,ElasticNet,0.001,0.9,0.35997533980227786,0.049671745411594304,0.9917774179341778,3,False,0.35997533980227786,9.660954493471118e-06,True,0
9,ElasticNet,0.001,0.7,0.3610405941498327,0.051046716944909094,0.9917586151821015,3,False,0.3610405941498327,9.912668933984969e-06,True,0
9,ElasticNet,0.001,0.5,0.3616656150648388,0.053502959414875345,0.9917431038212109,3,False,0.3616656150648388,9.982071553612279e-06,True,0
19,ElasticNet,0.001,0.5,0.362297012821208,0.06028599654514047,0.9917872750983708,3,False,0.362297012821208,4.523630265645517e-05,True,0
17,ElasticNet,0.001,0.3,0.36238755344964585,0.06828259045088374,0.9917941011373742,3,False,0.36238755344964585,3.763734074629016e-05,True,0
10,ElasticNet,0.0001,0.5,0.36287018739328575,0.07979468196232362,0.9917916003833952,3,False,0.36287018739328575,3.494732378521143e-05,True,0
19,Ridge,10.0,0.0,0.3628894695560672,0.01031044249868264,0.9916456563854071,3,False,0.3628894695560672,0.0,True,0
13,ElasticNet,0.0005623413251903491,0.1,0.3630829543086039,0.08890767833044357,0.9918038296542848,3,False,0.3630829543086039,9.966909576456091e-06,True,0
9,Ridge,1.0,0.0,0.3649239180310378,0.07660927567261015,0.9916467909123109,3,False,0.3649239180310378,0.0,True,0
15,ElasticNet,0.01,0.3,0.36530940093676123,0.03848924234060676,0.991556149043844,3,False,0.36530940093676123,3.3536082469017535e-05,True,0
9,Ridge,0.01,0.0,0.3660678029387074,0.07348295713955158,0.9917245926650033,3,False,0.3660678029387074,0.0,True,0
14,ElasticNet,0.01,0.3,0.36652060907162154,0.03794657411645492,0.9915404713404646,3,False,0.36652060907162154,3.918406820438251e-05,True,0
13,ElasticNet,0.005623413251903491,0.7,0.3670456286091693,0.05384163284450606,0.9915463819250191,3,False,0.3670456286091693,9.954076989182777e-06,True,0
10,ElasticNet,0.0001,0.3,0.367339062155692,0.09000435560984524,0.991709076127537,3,False,0.367339062155692,2.9887663349863707e-05,True,0
16,ElasticNet,0.01,0.3,0.3679236428568091,0.033202415217613974,0.9915026339695886,3,False,0.3679236428568091,3.4497455246328135e-05,True,0
13,ElasticNet,0.00031622776601683794,0.5,0.36829839061027725,0.09403383343190706,0.9917025150383404,3,False,0.36829839061027725,9.948226597653287e-06,True,0
10,ElasticNet,0.0001,0.1,0.3684887543090794,0.08841182107026808,0.9916837352377746,3,False,0.3684887543090794,3.319539596402785e-05,True,0
14,ElasticNet,0.001,0.1,0.36912011841123205,0.11051450098276436,0.9917014310268498,3,False,0.36912011841123205,2.3897424527218912e-05,True,0
13,ElasticNet,0.01,0.3,0.3708854022731885,0.05153720962388572,0.9914281064301805,3,False,0.3708854022731885,9.833134719007541e-06,True,0
13,ElasticNet,0.01,0.3,0.37094324259316713,0.05155965400962874,0.9914266599771314,3,False,0.37094324259316713,9.505421678733094e-06,True,0
8,Ridge,0.01,0.0,0.3719911970899477,0.04260388053293576,0.9915214593779602,3,False,0.3719911970899477,0.0,True,0
8,ElasticNet,0.0001,0.1,0.3733512895937707,0.05546603035972606,0.9914970386033981,3,False,0.3733512895937707,2.1171231533848888e-05,True,0
20,Ridge,10.0,0.0,0.3744753078823621,0.006509860861953121,0.9913775879313955,3,False,0.3744753078823621,0.0,True,0
8,ElasticNet,0.0001,0.3,0.3745598733561537,0.05595260405171333,0.9914725762928485,3,False,0.3745598733561537,9.951103344872424e-06,True,0
8,ElasticNet,0.0001,0.7,0.37565540857223195,0.05587247819097822,0.9914485770692641,3,False,0.37565540857223195,9.968687557309884e-06,True,0
8,ElasticNet,0.0001,0.9,0.3779772369971248,0.054924295408485445,0.991396760654208,3,False,0.3779772369971248,9.905464702320414e-06,True,0
11,Ridge,10.0,0.0,0.3780682427661827,0.07212674832544844,0.9912713900804925,3,False,0.3780682427661827,0.0,True,0
11,Ridge,10.0,0.0,0.3780682427661827,0.07212674832544844,0.9912713900804925,3,False,0.3780682427661827,0.0,True,0
18,ElasticNet,0.001,0.3,0.3789455440729738,0.0869154281106564,0.9914405262267487,3,False,0.3789455440729738,2.8515322893679358e-05,True,0
8,ElasticNet,0.0001,0.95,0.37951549373070675,0.054915818723628766,0.9913664447252225,3,False,0.37951549373070675,2.8526218760205728e-05,True,0
13,ElasticNet,0.005623413251903491,0.9,0.38444503875873487,0.06832520390663349,0.9911498225499843,3,False,0.38444503875873487,5.333449924203523e-06,True,0
19,ElasticNet,0.001,0.3,0.38681058679767166,0.06653365957649064,0.9912406225815004,3,False,0.3868105867976717,4.083858884058785e-05,True,0
11,ElasticNet,0.0001,0.3,0.3880729799195275,0.10105921684036066,0.9912574242252568,3,False,0.3880729799195275,3.567045537695389e-05,True,0
13,ElasticNet,0.00031622776601683794,0.3,0.3883884971571067,0.12024573828916044,0.991283529735039,3,False,0.3883884971571067,9.976508079867879e-06,True,0
10,ElasticNet,0.01,0.1,0.3890328338496023,0.07040520391157258,0.9910886001125695,3,False,0.3890328338496023,9.625033549583769e-06,True,0
13,ElasticNet,0.005623413251903491,0.95,0.38907162514795873,0.07320205069536741,0.9910409699698857,3,False,0.38907162514795873,7.1179508999213645e-06,True,0
8,Ridge,0.1,0.0,0.3897244862867029,0.06517081284607475,0.9911526410502493,3,False,0.3897244862867029,0.0,True,0
8,ElasticNet,1e-05,0.1,0.3917328667448107,0.0554309454551639,0.9911194400267441,3,False,0.3917328667448107,2.7583835809200103e-05,True,0
11,ElasticNet,0.0001,0.1,0.3946202987729091,0.1115702816510147,0.9911233004432431,3,False,0.3946202987729091,3.128739828220663e-05,True,0
14,ElasticNet,0.01,0.5,0.3956522544838182,0.056205465347974305,0.990859967522831,3,False,0.39565225448381813,1.6733197681219163e-05,True,0
11,ElasticNet,0.01,0.3,0.39762027954107687,0.08131297797112079,0.9908341567455313,3,False,0.39762027954107687,9.781706033920937e-06,True,0
15,Ridge,1.0,0.0,0.3976864526637243,0.11419534539749154,0.9910887334707988,3,False,0.3976864526637243,0.0,True,0
13,LASSO,0.005623413251903491,1.0,0.3981735666945813,0.08159607814350145,0.9908404772107328,3,False,0.3981735666945813,3.54706483868001e-06,True,0
8,Ridge,0.001,0.0,0.40033017554767514,0.06433930406565622,0.9909465519200942,3,False,0.40033017554767514,0.0,True,0
15,ElasticNet,0.001,0.1,0.4004692710715898,0.12903085957652113,0.9910351871622985,3,False,0.4004692710715898,3.6707283161990545e-05,True,0
15,ElasticNet,0.01,0.5,0.40093158257572226,0.058278486581382495,0.9907339852938998,3,False,0.40093158257572226,3.219000201680651e-05,True,0
13,ElasticNet,0.01,0.5,0.40148071792393986,0.06594850811169899,0.9907237990615188,3,False,0.40148071792393986,9.88827920060057e-06,True,0
13,ElasticNet,0.01,0.5,0.40152075719926206,0.06607021153418265,0.9907228276017636,3,False,0.40152075719926206,7.972956732893617e-06,True,0
20,ElasticNet,0.001,0.3,0.40187827336471355,0.08264713349601453,0.9909202284075205,3,False,0.4018782733647135,3.6734113707989386e-05,True,0
8,ElasticNet,1e-05,0.9,0.4018798972274387,0.062369619753964094,0.9909051219349583,3,False,0.4018798972274387,4.779398592262233e-05,True,0
8,ElasticNet,1e-05,0.3,0.402243600949068,0.06758610740240172,0.9909101082765188,3,False,0.402243600949068,2.756652421596158e-05,True,0
8,ElasticNet,1e-05,0.95,0.4044667596071869,0.06461558108463686,0.9908514310390548,3,False,0.4044667596071869,4.7885523082044374e-05,True,0
8,Ridge,0.0001,0.0,0.4081730488956407,0.07320795448148193,0.9907889823285775,3,False,0.4081730488956407,0.0,True,0
8,ElasticNet,1e-05,0.5,0.4083256074200092,0.07417572111529976,0.9907849987924146,3,False,0.40832560742000906,3.918005491015402e-05,True,0
8,Ridge,1e-05,0.0,0.409095284021232,0.07428835432448824,0.9907704742734779,3,False,0.409095284021232,0.0,True,0
8,Ridge,1e-06,0.0,0.40918914771957277,0.07439870233633909,0.9907685907551266,3,False,0.40918914771957277,0.0,True,0
8,LASSO,1e-05,1.0,0.4100599637527405,0.0733529707679798,0.9907443698724906,3,False,0.4100599637527405,3.972934512962078e-05,True,0
8,ElasticNet,1e-06,0.3,0.41046074420010803,0.07743799436257505,0.9907456682484889,3,False,0.41046074420010803,9.997691817882942e-06,True,0
12,ElasticNet,0.01,0.5,0.4108277564771377,0.06902052057747009,0.9905517701900712,3,False,0.4108277564771377,9.560843798789992e-06,True,0
8,ElasticNet,1e-06,0.1,0.4113087238575,0.0772186588795286,0.990726475486562,3,False,0.4113087238575,1.2806913216578349e-05,True,0
8,ElasticNet,1e-06,0.5,0.4123563986669488,0.07785290482101481,0.9907040649694827,3,False,0.4123563986669488,9.991823911184735e-06,True,0
8,LASSO,1e-06,1.0,0.4140005038728023,0.08287223264014185,0.9906755684012934,3,False,0.4140005038728023,1.4765900015945675e-05,True,0
8,ElasticNet,1e-06,0.7,0.41512195913411415,0.08255909475097647,0.9906504275907856,3,False,0.41512195913411415,1.3743968143243526e-05,True,0
8,ElasticNet,1e-06,0.9,0.4158725849398286,0.08316627196282998,0.9906355547182945,3,False,0.4158725849398286,1.0008730606944487e-05,True,0
8,ElasticNet,1e-06,0.95,0.4162547439561933,0.08313981247465105,0.9906267398379619,3,False,0.4162547439561933,9.598203454774887e-06,True,0
9,Ridge,0.001,0.0,0.4258526657687356,0.11907560661693743,0.9904521794570901,3,False,0.4258526657687356,0.0,True,0
10,Ridge,10.0,0.0,0.4270821960313298,0.0780444354389697,0.9902228265599589,3,False,0.4270821960313298,0.0,True,0
14,ElasticNet,0.01,0.7,0.42831663379726725,0.0680364115455301,0.9901283547984415,3,False,0.4283166337972673,3.239530052075862e-05,True,0
11,ElasticNet,0.01,0.5,0.4289975409623031,0.09086811521467092,0.9901136130856175,3,False,0.4289975409623031,8.573529710437407e-06,True,0
15,ElasticNet,0.01,0.7,0.43024261283858084,0.06230397102665115,0.9900742317555912,3,False,0.43024261283858084,3.721176220026004e-05,True,0
10,ElasticNet,0.01,0.3,0.4302826451094007,0.08679788355373858,0.9901713782988689,3,False,0.4302826451094007,9.902033618136054e-06,True,0
13,ElasticNet,0.01,0.7,0.43094950676556226,0.07370459126686657,0.9900580750844205,3,False,0.43094950676556226,9.754130989889781e-06,True,0
13,ElasticNet,0.01,0.7,0.4310292999935668,0.07381241520346046,0.9900563566250953,3,False,0.4310292999935668,8.376020359949013e-06,True,0
12,Ridge,0.1,0.0,0.43215445860008056,0.16767834793633257,0.9903529763497957,3,False,0.43215445860008056,0.0,True,0
17,ElasticNet,0.01,0.7,0.433904865643368,0.05641770569311934,0.9899925512236477,3,False,0.433904865643368,3.082187456014511e-05,True,0
18,ElasticNet,0.01,0.7,0.43403560699121385,0.056200464513057276,0.9899823203682913,3,False,0.43403560699121385,4.65822507522938e-05,True,0
8,ElasticNet,0.001,0.1,0.43495181569177005,0.09551021639095884,0.9901659270886682,3,False,0.43495181569177005,9.999853869580046e-06,True,0
9,Ridge,0.0001,0.0,0.43602754292264706,0.08591115443224322,0.990158187938173,3,False,0.43602754292264706,0.0,True,0
9,ElasticNet,1e-05,0.1,0.43658880917138293,0.1806344215986183,0.9903279287562953,3,False,0.43658880917138293,2.9683253343374654e-05,True,0
8,ElasticNet,0.001,0.5,0.4400688989813653,0.09921837668933231,0.9900485771129381,3,False,0.4400688989813653,9.986361689979639e-06,True,0
9,Ridge,1e-05,0.0,0.4401763417354961,0.08091085025920311,0.9900549491476189,3,False,0.4401763417354961,0.0,True,0
8,ElasticNet,0.001,0.3,0.44063369824470305,0.09803678307180938,0.990044090524334,3,False,0.44063369824470305,9.984544553543904e-06,True,0
9,Ridge,1e-06,0.0,0.4407178421773774,0.08043251144513212,0.9900418034843333,3,False,0.4407178421773774,0.0,True,0
12,ElasticNet,0.01,0.7,0.4440988354662719,0.0857998128230939,0.9898109588681816,3,False,0.444098835466272,8.255946980955872e-06,True,0
16,ElasticNet,0.001,0.1,0.44484520996776383,0.1847332975210625,0.9901111494419016,3,False,0.44484520996776383,2.6801993150217532e-05,True,0
8,Ridge,1.0,0.0,0.44547645485232185,0.10682505988821807,0.9899150389061647,3,False,0.44547645485232185,0.0,True,0
8,ElasticNet,0.001,0.7,0.4457139769699565,0.10724673507572668,0.9899221460704771,3,False,0.4457139769699565,9.956634607350811e-06,True,0
9,ElasticNet,0.01,0.1,0.4480346279604434,0.10592864891553812,0.9897647090558607,3,False,0.4480346279604434,9.395490497597116e-06,True,0
9,ElasticNet,1e-05,0.5,0.4492575306623561,0.19663895799177916,0.9900706054978919,3,False,0.4492575306623561,2.5491709330980448e-05,True,0
7,ElasticNet,1e-05,0.1,0.4506229196008477,0.09731054878307578,0.9897374132760909,3,False,0.4506229196008477,9.942256981599121e-06,True,0
7,Ridge,0.01,0.0,0.45077988181905404,0.10136628756504727,0.9897287253554388,3,False,0.45077988181905404,0.0,True,0
7,ElasticNet,1e-05,0.3,0.45093050030576026,0.09752442054324087,0.9897311031850416,3,False,0.45093050030576026,9.986275576546955e-06,True,0
7,Ridge,0.001,0.0,0.45136730549762044,0.09487289925152304,0.9897240797099065,3,False,0.45136730549762044,0.0,True,0
7,ElasticNet,1e-05,0.5,0.451463651185136,0.09729822089262213,0.9897207295298204,3,False,0.451463651185136,9.979514934587578e-06,True,0
7,Ridge,0.0001,0.0,0.45154019240080584,0.09408643612038471,0.9897213246029631,3,False,0.45154019240080595,0.0,True,0
7,Ridge,1e-05,0.0,0.45155905803187935,0.09400608442906594,0.9897210172655382,3,False,0.45155905803187935,0.0,True,0
7,Ridge,1e-06,0.0,0.45156096100442955,0.09399803178513,0.9897209862003277,3,False,0.45156096100442955,0.0,True,0
7,ElasticNet,1e-05,0.95,0.4519283636594585,0.09656932333437568,0.989712481323446,3,False,0.45192836365945843,9.983701305506571e-06,True,0
7,ElasticNet,1e-06,0.9,0.45205484847622107,0.09530724638131836,0.9897091033556493,3,False,0.45205484847622107,9.98093525053459e-06,True,0
7,LASSO,1e-06,1.0,0.4520780946488669,0.09451796906342275,0.9897100588685057,3,False,0.4520780946488669,9.966733611420932e-06,True,0
7,ElasticNet,1e-06,0.7,0.4521496221489875,0.09539441588340343,0.9897072162683034,3,False,0.4521496221489875,9.959216996423806e-06,True,0
7,ElasticNet,1e-05,0.7,0.45215900195308967,0.09770425526900393,0.9897064477143281,3,False,0.45215900195308967,9.965748162334294e-06,True,0
7,ElasticNet,1e-06,0.95,0.45218275414610587,0.09467804275631982,0.9897075446586522,3,False,0.45218275414610587,9.928622609199006e-06,True,0
7,ElasticNet,1e-06,0.1,0.4522737089755083,0.0954865091670426,0.98970529657407,3,False,0.4522737089755083,9.959036507463108e-06,True,0
7,ElasticNet,1e-06,0.5,0.45240950187098977,0.09570374639459432,0.9897021071176355,3,False,0.4524095018709897,9.965046829989068e-06,True,0
7,ElasticNet,1e-06,0.3,0.45248791560004503,0.0958509806512714,0.9897007102491245,3,False,0.45248791560004503,9.993032572073996e-06,True,0
7,ElasticNet,1e-05,0.9,0.4525298187620031,0.0976397786762692,0.9896992890946311,3,False,0.4525298187620031,9.97162965139818e-06,True,0
7,LASSO,1e-05,1.0,0.45326989101984605,0.09809367035247077,0.9896839946043081,3,False,0.45326989101984605,3.371362244390592e-05,True,0
8,ElasticNet,0.001,0.9,0.4533098593849043,0.11307897937715317,0.9897581178430417,3,False,0.4533098593849043,9.595202472239216e-06,True,0
9,ElasticNet,1e-05,0.3,0.4538889297016134,0.2058834927162335,0.989983628151419,3,False,0.4538889297016134,2.633057714366672e-05,True,0
8,ElasticNet,0.001,0.95,0.4544475145417506,0.11389216678708146,0.9897314545575364,3,False,0.4544475145417506,9.972092066124491e-06,True,0
12,ElasticNet,0.0001,0.5,0.45468486339831,0.18519091569410742,0.9898536243364898,3,False,0.4546848633983099,4.749847179452362e-05,True,0
16,Ridge,1.0,0.0,0.45500951436939374,0.19170654229530232,0.9899074082800562,3,False,0.4550095143693937,0.0,True,0
8,LASSO,0.001,1.0,0.4559123236723748,0.11467807302208116,0.9896990934735316,3,False,0.4559123236723748,9.735363577215508e-06,True,0
11,ElasticNet,0.01,0.7,0.45856245526701045,0.10138176832252507,0.9894505739675186,3,False,0.45856245526701045,6.2684536542723795e-06,True,0
7,ElasticNet,0.0001,0.1,0.45896202924928686,0.11763564476795912,0.9895327196491065,3,False,0.45896202924928686,9.994093794015972e-06,True,0
7,ElasticNet,0.0001,0.3,0.4591945448385348,0.11765594220865434,0.9895304623664455,3,False,0.4591945448385348,9.963816755244766e-06,True,0
7,ElasticNet,0.0001,0.5,0.4600608790026965,0.1188324792644972,0.9895156781480806,3,False,0.4600608790026965,9.945543742945797e-06,True,0
7,ElasticNet,0.0001,0.7,0.4612050550493964,0.12026527111748417,0.9894943998072847,3,False,0.4612050550493964,9.93627320075114e-06,True,0
15,ElasticNet,0.01,0.9,0.46126238890967297,0.09915084698237214,0.989350572508858,3,False,0.46126238890967297,4.4383108151385686e-05,True,0
7,ElasticNet,0.0001,0.9,0.46207179737965376,0.12067257661344327,0.9894788730752954,3,False,0.46207179737965376,9.888718734846362e-06,True,0
7,ElasticNet,0.0001,0.95,0.46237921850993297,0.12047850523047172,0.9894729900283581,3,False,0.46237921850993297,9.940619766468862e-06,True,0
7,LASSO,0.0001,1.0,0.4627114948934576,0.12048302542411038,0.9894673060643391,3,False,0.4627114948934576,9.925094368470622e-06,True,0
9,ElasticNet,1e-06,0.3,0.4635685943138512,0.1876570578450271,0.989732498747375,3,False,0.4635685943138512,2.2289310973722128e-05,True,0
10,ElasticNet,0.01,0.5,0.46474309021607957,0.10109737487596353,0.9893990415803303,3,False,0.46474309021607957,9.595117312658115e-06,True,0
14,ElasticNet,0.01,0.9,0.4651261127576301,0.09852522721454861,0.9892766098615718,3,False,0.4651261127576301,1.727035177032099e-05,True,0
13,ElasticNet,0.01,0.9,0.465516452483646,0.1032658733453676,0.9892573591112469,3,False,0.465516452483646,7.6290757990149505e-06,True,0
13,ElasticNet,0.01,0.9,0.46561706105406486,0.1033344925005352,0.9892550830921666,3,False,0.46561706105406486,9.548408632122779e-06,True,0
7,Ridge,0.1,0.0,0.46961692313089726,0.1241183206159351,0.9892903792997588,3,False,0.46961692313089726,0.0,True,0
13,ElasticNet,0.01,0.95,0.4712143655176906,0.11278396363161061,0.9891202089577381,3,False,0.4712143655176906,5.6931924336915685e-06,True,0
13,ElasticNet,0.01,0.95,0.4712274141221993,0.11280925804682272,0.9891199586813286,3,False,0.4712274141221993,5.756555105755623e-06,True,0
9,ElasticNet,0.01,0.3,0.4748951658391056,0.10965629281624402,0.9891720334443398,3,False,0.4748951658391056,9.805469030477968e-06,True,0
13,LASSO,0.01,1.0,0.4758810829437737,0.11769306572672084,0.989015247364211,3,False,0.4758810829437737,6.5194119913594e-06,True,0
9,ElasticNet,1e-05,0.7,0.47689479651004046,0.2414886395414122,0.9895232625664999,3,False,0.47689479651004046,3.4435686185210274e-05,True,0
12,ElasticNet,0.01,0.9,0.4769617785599356,0.109616560484451,0.9890451250929414,3,False,0.4769617785599356,7.877231833625098e-06,True,0
12,ElasticNet,0.0001,0.3,0.4798224343132775,0.21407726231304494,0.989341635305513,3,False,0.4798224343132775,4.790968595258993e-05,True,0
11,ElasticNet,0.01,0.9,0.48066108779987643,0.12208817835591294,0.9889321604246825,3,False,0.4806610877998765,8.898491400125691e-06,True,0
12,ElasticNet,0.01,0.95,0.48375830531163233,0.11962773250843152,0.9888879923966675,3,False,0.4837583053116324,1.3081540082256551e-05,True,0
9,ElasticNet,1e-05,0.9,0.4858818728945507,0.25392313095773195,0.989342269264209,3,False,0.4858818728945507,3.7166779104645703e-05,True,0
11,ElasticNet,0.01,0.95,0.4881305786480132,0.1282174014794817,0.9887648823750324,3,False,0.4881305786480132,9.94981437128957e-06,True,0
12,ElasticNet,0.0001,0.1,0.4895249941934711,0.2123242814377487,0.9891237503845054,3,False,0.4895249941934711,4.5477088931827273e-05,True,0
9,ElasticNet,1e-05,0.95,0.4918352899430139,0.26186489676332386,0.9892206086369217,3,False,0.4918352899430139,4.3779252554595884e-05,True,0
17,ElasticNet,0.001,0.1,0.49440336752772085,0.21920205206794302,0.9890698275110087,3,False,0.49440336752772085,4.4375869360216406e-05,True,0
12,LASSO,0.01,1.0,0.49480260662790077,0.12776672055373578,0.9886475889464003,3,False,0.49480260662790077,4.0205665388357015e-05,True,0
10,ElasticNet,0.01,0.7,0.4962009352805313,0.12103340250911264,0.988687131350904,3,False,0.4962009352805313,2.5586517767217307e-05,True,0
11,LASSO,0.01,1.0,0.4996204257248997,0.1382208193564971,0.988506279236495,3,False,0.4996204257248997,3.917799949772552e-05,True,0
9,Ridge,10.0,0.0,0.500993055423777,0.11362113476595763,0.9885954549790141,3,False,0.500993055423777,0.0,True,0
9,ElasticNet,1e-06,0.1,0.5065524296407734,0.2582124842784457,0.9888857874466,3,False,0.5065524296407734,2.1028280573098452e-05,True,0
9,ElasticNet,1e-06,0.5,0.5094039624499496,0.2674121177604151,0.9888375404555697,3,False,0.5094039624499497,2.5239783605429588e-05,True,0
9,ElasticNet,0.01,0.5,0.5100558688420239,0.13146512257618673,0.9883729226227351,3,False,0.5100558688420239,9.90761482895508e-06,True,0
10,ElasticNet,0.01,0.95,0.5299403422948901,0.1660131213866379,0.9878971730559982,3,False,0.5299403422948901,2.7834259845494966e-05,True,0
7,ElasticNet,0.001,0.1,0.5319782489281306,0.14733998469131626,0.9879056433775767,3,False,0.5319782489281305,9.74604349053295e-06,True,0
7,ElasticNet,0.001,0.3,0.5354078778381414,0.1477987124502078,0.9878300817099284,3,False,0.5354078778381413,9.987308251642837e-06,True,0
10,LASSO,0.01,1.0,0.5361339294124728,0.18116726044459439,0.9877574104023773,3,False,0.5361339294124728,1.4737924414007925e-05,True,0
9,ElasticNet,0.01,0.7,0.5377549156111147,0.15020533908666678,0.9877355516016636,3,False,0.5377549156111147,8.640357358848105e-06,True,0
7,ElasticNet,0.001,0.5,0.5379118143409592,0.14640319830638027,0.9877745482226997,3,False,0.5379118143409592,9.860809560123139e-06,True,0
9,ElasticNet,1e-06,0.9,0.5397078194397443,0.3157496519240494,0.9882389047592716,3,False,0.5397078194397443,2.508338227466012e-05,True,0
7,ElasticNet,0.001,0.7,0.5406768982313305,0.1473753145464586,0.9877112834381366,3,False,0.5406768982313304,9.851327633477597e-06,True,0
7,LASSO,0.001,1.0,0.5422450707743417,0.14420643279579576,0.9876748581793997,3,False,0.5422450707743417,9.445327585580693e-06,True,0
7,ElasticNet,0.001,0.95,0.5423868243762701,0.14490528360553162,0.9876710000494295,3,False,0.5423868243762701,9.509251011712927e-06,True,0
7,ElasticNet,0.001,0.9,0.5423908755190924,0.14572764323542503,0.9876706132497398,3,False,0.5423908755190924,9.594047253484576e-06,True,0
9,ElasticNet,1e-06,0.7,0.5451511946132698,0.325879485335484,0.9881332795859326,3,False,0.5451511946132698,2.5032146768890854e-05,True,0
9,ElasticNet,0.01,0.9,0.5578438501695003,0.18380455454988048,0.9872148397289227,3,False,0.5578438501695003,9.65144572422777e-06,True,0
9,ElasticNet,0.01,0.95,0.5641894240177842,0.1962902412192391,0.9870527728269433,3,False,0.5641894240177842,3.6072264214450506e-06,True,0
7,Ridge,1.0,0.0,0.5642789138465859,0.15471280497285173,0.9871837383154712,3,False,0.5642789138465859,0.0,True,0
8,ElasticNet,0.01,0.1,0.5675842076388518,0.15392785010027255,0.9871760798689532,3,False,0.5675842076388518,9.17052191774662e-06,True,0
9,LASSO,0.01,1.0,0.5678637568151371,0.19988224424658113,0.98694523310661,3,False,0.5678637568151371,7.173024837851469e-06,True,0
9,ElasticNet,1e-06,0.95,0.5727245965118363,0.3706059151643581,0.9875839732531269,3,False,0.5727245965118363,2.900147378078706e-05,True,0
13,ElasticNet,0.0001,0.7,0.5773170276375634,0.33916440479780474,0.9873319952097264,3,False,0.5773170276375634,4.6129133927524586e-05,True,0
19,ElasticNet,0.001,0.1,0.5971505428835145,0.2977826949308277,0.9868963749267987,3,False,0.5971505428835145,3.934587881889444e-05,True,0
8,ElasticNet,0.01,0.3,0.6039106562323319,0.16401512300368393,0.9863972996219497,3,False,0.6039106562323319,9.02233556119604e-06,True,0
8,ElasticNet,0.01,0.5,0.632359012894792,0.17085031624357372,0.9857729846542721,3,False,0.632359012894792,9.665348946548587e-06,True,0
13,ElasticNet,0.0001,0.3,0.633985362652611,0.41435734553437736,0.9861620302004935,3,False,0.633985362652611,4.440208141846363e-05,True,0
20,ElasticNet,0.001,0.1,0.6386020326448555,0.32596777526863785,0.9859964552623314,3,False,0.6386020326448555,3.93634417919753e-05,True,0
8,Ridge,10.0,0.0,0.6467398610486695,0.1770842963876547,0.985401780316184,3,False,0.6467398610486695,0.0,True,0
8,ElasticNet,0.01,0.7,0.6613220022309397,0.17887944937486597,0.9851309696803098,3,False,0.6613220022309398,9.570844224385255e-06,True,0
16,ElasticNet,0.1,0.1,0.6886972035374624,0.038487502744969884,0.9841173988070223,3,False,0.6886972035374624,9.554036665146773e-06,True,0
15,ElasticNet,0.1,0.1,0.6919270568588799,0.0505261809923978,0.9840392852893141,3,False,0.6919270568588799,3.297475536557029e-05,True,0
13,ElasticNet,0.0001,0.1,0.695888311168738,0.4779768533492892,0.9848866375978517,3,False,0.695888311168738,4.423249280605737e-05,True,0
8,ElasticNet,0.01,0.9,0.7020170239182172,0.18705989559509828,0.9841706898408543,3,False,0.7020170239182172,9.994485609354092e-06,True,0
14,ElasticNet,0.1,0.1,0.7068071941911839,0.056707272049810124,0.9837556789328225,3,False,0.7068071941911839,9.863072901789352e-06,True,0
13,ElasticNet,0.1,0.1,0.712436963693472,0.07282311918722098,0.9836640614735184,3,False,0.712436963693472,8.943897321356947e-06,True,0
8,ElasticNet,0.01,0.95,0.7153478060858839,0.19050883000753263,0.9838625458161472,3,False,0.7153478060858839,7.44134708723608e-06,True,0
8,LASSO,0.01,1.0,0.7291793604597759,0.19445370730823608,0.9835450537180276,3,False,0.7291793604597759,8.171619082808848e-06,True,0
7,ElasticNet,0.01,0.1,0.7591792703617227,0.18763248125583656,0.9828882848099759,3,False,0.7591792703617227,9.326014175804666e-06,True,0
12,ElasticNet,0.1,0.1,0.7729091679917879,0.10100811385181448,0.9823903002125532,3,False,0.7729091679917879,8.713971977887536e-06,True,0
6,LASSO,0.0001,1.0,0.7943813528382946,0.2366129072413886,0.9820171032926853,3,False,0.7943813528382946,9.719126292902385e-06,True,0
6,ElasticNet,0.0001,0.95,0.7945019328038851,0.23681173368732586,0.9820143580726786,3,False,0.7945019328038851,9.58362484745956e-06,True,0
6,ElasticNet,0.0001,0.9,0.794625566142399,0.23697640949370502,0.9820115137557903,3,False,0.794625566142399,9.900700927266e-06,True,0
6,ElasticNet,0.0001,0.7,0.7949042489988383,0.23776839610906647,0.9820046051612407,3,False,0.7949042489988383,9.55336820215035e-06,True,0
6,Ridge,0.1,0.0,0.7950865221198683,0.23786549536520887,0.9819967621669767,3,False,0.7950865221198683,0.0,True,0
6,ElasticNet,0.0001,0.5,0.7951222862129662,0.2383414699678298,0.9819986796271056,3,False,0.7951222862129662,9.437661432088812e-06,True,0
6,ElasticNet,0.0001,0.3,0.7954033941322626,0.23914056301905484,0.9819917179667802,3,False,0.7954033941322626,9.78317092023265e-06,True,0
6,ElasticNet,0.0001,0.1,0.7955240277801212,0.23965612110604803,0.9819884087055689,3,False,0.7955240277801212,9.937774401982954e-06,True,0
6,Ridge,0.01,0.0,0.7974182048752013,0.24175175596294315,0.9819446688978969,3,False,0.7974182048752013,0.0,True,0
6,ElasticNet,1e-05,0.5,0.797820341254674,0.24206828930042876,0.981935276248285,3,False,0.797820341254674,9.641768865494626e-06,True,0
11,ElasticNet,0.1,0.1,0.7978241333471452,0.13444992582384863,0.9819117741505431,3,False,0.7978241333471452,8.902606790340065e-06,True,0
6,ElasticNet,1e-05,0.3,0.7978304456496169,0.24208940804434834,0.9819349711337421,3,False,0.7978304456496169,9.466430142207852e-06,True,0
6,ElasticNet,1e-05,0.9,0.7978631847764288,0.24184214055651423,0.9819341715671722,3,False,0.7978631847764288,9.63412656107255e-06,True,0
6,ElasticNet,1e-05,0.7,0.797868946877664,0.24197651472151893,0.9819340902854533,3,False,0.797868946877664,9.139262860794636e-06,True,0
6,ElasticNet,1e-05,0.95,0.7978871362596275,0.2418308857846865,0.981933606588254,3,False,0.7978871362596275,9.524064357852402e-06,True,0
6,LASSO,1e-05,1.0,0.7979108083967059,0.24178383773469594,0.9819331306487694,3,False,0.7979108083967059,9.889694880371374e-06,True,0
6,ElasticNet,1e-05,0.1,0.7979460259947201,0.24235238811539947,0.9819325299686125,3,False,0.7979460259947201,9.633835364674773e-06,True,0
6,Ridge,0.001,0.0,0.7980815947953251,0.24226232661781832,0.9819293389921105,3,False,0.7980815947953249,0.0,True,0
6,LASSO,1e-06,1.0,0.7980915694839575,0.2422151340466764,0.9819290909212922,3,False,0.7980915694839575,9.838738295856784e-06,True,0
6,ElasticNet,1e-06,0.95,0.7981059741439003,0.24221927087442813,0.9819287790652226,3,False,0.7981059741439003,9.678844414367445e-06,True,0
6,ElasticNet,1e-06,0.9,0.7981125275836977,0.24226078684823157,0.9819286385802376,3,False,0.7981125275836977,9.57913308268607e-06,True,0
6,Ridge,0.0001,0.0,0.7981540213540189,0.24231421618185153,0.9819276606195779,3,False,0.7981540213540189,0.0,True,0
6,Ridge,1e-05,0.0,0.7981613275225188,0.24231941262178217,0.9819274912628101,3,False,0.7981613275225188,0.0,True,0
6,Ridge,1e-06,0.0,0.7981620587772609,0.24231993233969532,0.9819274743118692,3,False,0.7981620587772609,0.0,True,0
6,ElasticNet,1e-06,0.7,0.798201281851458,0.24233062580298984,0.9819267820518885,3,False,0.798201281851458,8.89400256162444e-06,True,0
6,ElasticNet,1e-06,0.5,0.7982233859837207,0.24239395266120878,0.9819263329119176,3,False,0.7982233859837207,9.54662439780597e-06,True,0
6,ElasticNet,1e-06,0.3,0.7982701812927155,0.24244095203655286,0.9819253617204975,3,False,0.7982701812927155,9.815268757543987e-06,True,0
6,ElasticNet,1e-06,0.1,0.7982704887323631,0.2424882469951148,0.9819253252572312,3,False,0.7982704887323631,9.339559324916869e-06,True,0
6,LASSO,0.001,1.0,0.8101624614060413,0.23168812480304316,0.98171098841489,3,False,0.8101624614060413,9.609258733024855e-06,True,0
6,ElasticNet,0.001,0.95,0.8110677149750162,0.23282016778957967,0.9816891400506679,3,False,0.8110677149750162,9.893983217946697e-06,True,0
6,ElasticNet,0.001,0.9,0.8120686539541481,0.23360204280669222,0.981663554980258,3,False,0.8120686539541481,9.368149002817188e-06,True,0
6,ElasticNet,0.001,0.7,0.8146328168502376,0.2364575069841547,0.9815921900718859,3,False,0.8146328168502376,9.277641958610103e-06,True,0
6,ElasticNet,0.001,0.5,0.8166604581014294,0.23897612735910456,0.9815345527166638,3,False,0.8166604581014294,8.1417324135168e-06,True,0
6,ElasticNet,0.001,0.3,0.8190877590462969,0.24140812595421055,0.9814689006679808,3,False,0.8190877590462967,9.791099053750921e-06,True,0
6,ElasticNet,0.001,0.1,0.820993915911299,0.2433862317151782,0.9814176058200831,3,False,0.820993915911299,9.57567570925148e-06,True,0
6,Ridge,1.0,0.0,0.8596417464624876,0.2580961765166362,0.9805602934496626,3,False,0.8596417464624874,0.0,True,0
14,ElasticNet,0.0001,0.1,0.888483115752663,0.6545152027156017,0.980850701849429,3,False,0.888483115752663,4.804518546614169e-05,True,0
18,ElasticNet,0.1,0.3,0.9398381159445838,0.07293714897938441,0.9783765239656615,3,False,0.9398381159445838,3.0115306126586583e-05,True,0
19,ElasticNet,0.1,0.3,0.9402655844550146,0.07220179925433945,0.9783430020300244,3,False,0.9402655844550147,1.0885508562749613e-05,True,0
17,ElasticNet,0.1,0.3,0.9429512307796551,0.0711897847647444,0.9783025881835202,3,False,0.9429512307796551,1.8187465076213022e-05,True,0
11,ElasticNet,1e-05,0.3,0.9431779409688117,0.752655814812996,0.9797220925579366,3,False,0.9431779409688118,4.2103397134765015e-05,True,0
16,ElasticNet,0.1,0.3,0.9490433339910774,0.07707931295649678,0.9782066942207246,3,False,0.9490433339910774,6.1728650966978715e-06,True,0
15,ElasticNet,0.1,0.3,0.9514496887019317,0.07284247053170674,0.9781388108477244,3,False,0.9514496887019317,9.539007824764523e-06,True,0
14,ElasticNet,0.1,0.3,0.9718420409941779,0.08743687019215919,0.9777409021995794,3,False,0.9718420409941779,6.826977050500976e-06,True,0
13,ElasticNet,0.1,0.3,0.9743202709978989,0.08917566304105798,0.977693508364634,3,False,0.9743202709978989,8.683077637641756e-06,True,0
12,ElasticNet,0.1,0.3,1.030158439436468,0.12696460388066044,0.976530507395688,3,False,1.030158439436468,9.48595886265946e-06,True,0
9,ElasticNet,0.1,0.1,1.0407139757487707,0.2365379416303448,0.9766012965822152,3,False,1.0407139757487707,9.774846411157029e-06,True,0
11,ElasticNet,0.1,0.3,1.0606885083697977,0.15747817447243756,0.9759366043576078,3,False,1.0606885083697977,7.769639356725033e-06,True,0
20,ElasticNet,0.1,0.5,1.1337023345683632,0.04813893438375189,0.9738429451204452,3,False,1.1337023345683632,1.5124302708745263e-05,True,0
18,ElasticNet,0.1,0.5,1.1348510514068009,0.04417748656399137,0.9738453859039219,3,False,1.1348510514068009,2.717206215371859e-05,True,0
17,ElasticNet,0.1,0.5,1.1356617706009684,0.04553387621223755,0.9738264309708268,3,False,1.1356617706009684,3.944175734356403e-06,True,0
19,ElasticNet,0.1,0.5,1.136333064881913,0.044669534549886925,0.9737955844362158,3,False,1.136333064881913,5.862189384350791e-06,True,0
6,ElasticNet,0.01,0.9,1.1373222451362537,0.3350116241435584,0.9745852205520062,3,False,1.1373222451362537,8.944906613673337e-06,True,0
6,ElasticNet,0.01,0.5,1.137494493446814,0.3405644579156846,0.974511299218344,3,False,1.137494493446814,8.592732189902433e-06,True,0
6,ElasticNet,0.01,0.7,1.1378934844476987,0.33976381983821696,0.9745461833677233,3,False,1.1378934844476987,9.836941371325555e-06,True,0
16,ElasticNet,0.1,0.5,1.1381986710469587,0.04808770523729836,0.9737925488837115,3,False,1.1381986710469587,1.8957903146238353e-05,True,0
6,ElasticNet,0.01,0.95,1.1392151155203678,0.3339160666133835,0.9745457869626262,3,False,1.1392151155203678,9.831827909808494e-06,True,0
15,ElasticNet,0.1,0.5,1.1399954964675032,0.0481654428044032,0.9737453228799579,3,False,1.1399954964675032,6.616063437180075e-06,True,0
6,LASSO,0.01,1.0,1.1408891346641932,0.33324089858868217,0.9745133760668842,3,False,1.1408891346641932,9.666509976259327e-06,True,0
6,ElasticNet,0.01,0.3,1.1475534818177513,0.350540968094526,0.974254564216748,3,False,1.1475534818177515,9.708588179677471e-06,True,0
6,ElasticNet,0.01,0.1,1.1508536077271871,0.36168143952666815,0.9741519436294138,3,False,1.1508536077271871,9.70610402485899e-06,True,0
14,ElasticNet,0.1,0.5,1.1531500362056757,0.05728245276725265,0.9734843973504944,3,False,1.1531500362056757,9.553049063561192e-06,True,0
13,ElasticNet,0.1,0.5,1.1546148405791008,0.05877681172280511,0.9734672754119474,3,False,1.1546148405791008,9.220050583048922e-06,True,0
12,ElasticNet,0.1,0.5,1.1946607911697045,0.08263301821603773,0.9726237900671183,3,False,1.1946607911697045,7.555485650387328e-06,True,0
12,ElasticNet,1e-05,0.7,1.2069889158083578,1.0672465741021535,0.9742173970478571,3,False,1.2069889158083578,4.940364506773271e-05,True,0
11,ElasticNet,0.1,0.5,1.2171703188744403,0.11016670816548621,0.9722032653943433,3,False,1.2171703188744403,9.987995468106747e-06,True,0
12,ElasticNet,1e-05,0.5,1.2261840946368205,1.0608944322395826,0.9737816650227228,3,False,1.2261840946368203,3.914174779556345e-05,True,0
9,ElasticNet,0.1,0.3,1.2772993958469694,0.2642635537388126,0.9712422159843834,3,False,1.2772993958469694,9.023405789010397e-06,True,0
18,ElasticNet,0.1,0.7,1.283791128590953,0.07421385392923033,0.9703393166108105,3,False,1.283791128590953,2.31051043056707e-05,True,0
17,ElasticNet,0.1,0.7,1.284238829967627,0.07507172583227036,0.9703359776388126,3,False,1.284238829967627,1.5795616511465882e-05,True,0
19,ElasticNet,0.1,0.7,1.2860604416173993,0.08116562644529676,0.9702715735240672,3,False,1.2860604416173993,2.406937681791177e-05,True,0
20,ElasticNet,0.1,0.7,1.2865682860844208,0.08152344596813789,0.9702555961866338,3,False,1.2865682860844208,1.7825264075732594e-05,True,0
15,ElasticNet,0.1,0.7,1.288682203660979,0.06976087644253079,0.9702773497464631,3,False,1.288682203660979,2.750102391722853e-05,True,0
14,ElasticNet,0.1,0.7,1.3025231219999915,0.07046523371223999,0.9700049986034567,3,False,1.3025231219999918,4.169291975344991e-06,True,0
13,ElasticNet,0.1,0.7,1.30676406389544,0.0690058386424047,0.9699262974206432,3,False,1.30676406389544,1.25058299087627e-05,True,0
12,ElasticNet,1e-05,0.3,1.3163727306734956,1.2049857808509383,0.972036378293133,3,False,1.3163727306734956,3.915970831105198e-05,True,0
8,ElasticNet,0.1,0.1,1.334914127043527,0.3331494283650562,0.969906808182431,3,False,1.3349141270435265,9.915238910678664e-06,True,0
12,ElasticNet,0.1,0.7,1.347410832612186,0.09302729218395243,0.9690832766074916,3,False,1.347410832612186,8.288531032185631e-06,True,0
6,Ridge,10.0,0.0,1.3504535199295427,0.4270078554765155,0.9696287182706111,3,False,1.3504535199295427,0.0,True,0
11,ElasticNet,0.1,0.7,1.3641721096286814,0.10388562227832843,0.9687781818237081,3,False,1.3641721096286814,9.619699000970594e-06,True,0
9,ElasticNet,0.1,0.5,1.4094080956916037,0.22252963732761052,0.9680967489770899,3,False,1.4094080956916037,9.7753851108634e-06,True,0
12,ElasticNet,1e-05,0.1,1.4191688171434265,1.32673820215662,0.9699414223673656,3,False,1.4191688171434265,3.063749773583352e-05,True,0
15,ElasticNet,0.0001,0.1,1.462464305027262,1.5709285768931545,0.9693776720356455,3,False,1.462464305027262,4.939975174593883e-05,True,0
14,ElasticNet,0.1,0.9,1.4853061904226326,0.07739789736904397,0.9658403292685463,3,False,1.4853061904226326,4.745222683362471e-05,True,0
13,ElasticNet,0.1,0.9,1.4856019953068433,0.08496754337765962,0.9658519426179578,3,False,1.4856019953068433,1.625635425732408e-05,True,0
8,ElasticNet,0.1,0.3,1.5038722254514811,0.3367727480845613,0.9660538794559862,3,False,1.5038722254514811,8.896106748406546e-06,True,0
12,ElasticNet,0.1,0.9,1.5156484880334038,0.10283852544533721,0.9652598895624825,3,False,1.5156484880334038,2.9654108017085345e-05,True,0
11,ElasticNet,0.1,0.9,1.5267537046902924,0.10982357621747628,0.9650397596686258,3,False,1.5267537046902924,2.102614842357242e-05,True,0
13,ElasticNet,0.1,0.95,1.5314020206292918,0.09596346967977351,0.9648089547034558,3,False,1.5314020206292918,2.7446719731816227e-05,True,0
5,Ridge,0.1,0.0,1.5390200713295776,0.1651241679007051,0.9649268944270135,3,False,1.5390200713295776,0.0,True,0
5,ElasticNet,0.0001,0.1,1.5399749418012145,0.1639885736486002,0.9649041465458287,3,False,1.5399749418012145,7.088780706831765e-06,True,0
5,ElasticNet,0.0001,0.3,1.5402227039624432,0.16385421318513954,0.9648985874389339,3,False,1.5402227039624432,9.85307685528601e-06,True,0
5,ElasticNet,0.0001,0.5,1.5405963350263507,0.16380962487566536,0.9648905518014939,3,False,1.5405963350263512,7.710389860957874e-06,True,0
5,Ridge,0.01,0.0,1.5408049065802842,0.16314757855130305,0.9648844059756184,3,False,1.5408049065802842,0.0,True,0
5,ElasticNet,1e-05,0.1,1.5408879387778167,0.16302908300272592,0.9648824008115481,3,False,1.540887938777817,6.97046711843182e-06,True,0
5,ElasticNet,1e-05,0.3,1.5409333082298955,0.16303177445594141,0.9648813485270198,3,False,1.5409333082298955,9.343339895506194e-06,True,0
5,ElasticNet,1e-05,0.5,1.5409407508309807,0.16298617439388727,0.9648811963532986,3,False,1.5409407508309807,8.706377061441272e-06,True,0
5,ElasticNet,0.0001,0.7,1.5409630307613131,0.16374550844466743,0.9648825473268218,3,False,1.5409630307613131,9.747038117243587e-06,True,0
5,ElasticNet,1e-05,0.7,1.5409876999259806,0.16300476461490693,0.9648802054924168,3,False,1.5409876999259806,8.81792515163937e-06,True,0
5,ElasticNet,1e-06,0.3,1.5410372505446084,0.1629089480963278,0.9648788772517278,3,False,1.5410372505446084,9.013508941526989e-06,True,0
5,ElasticNet,1e-06,0.1,1.5410501274413013,0.16292889133408017,0.9648786334818665,3,False,1.5410501274413013,9.054823728042268e-06,True,0
5,ElasticNet,1e-06,0.5,1.5410512684298583,0.16290155100545686,0.9648785347670165,3,False,1.5410512684298583,9.22810528197921e-06,True,0
5,ElasticNet,1e-05,0.9,1.5410529545864886,0.16301856738585244,0.9648788002667015,3,False,1.5410529545864886,8.566983247879841e-06,True,0
5,ElasticNet,1e-05,0.95,1.541057311743593,0.1630068869359198,0.9648787124668482,3,False,1.541057311743593,9.814550618748722e-06,True,0
5,ElasticNet,1e-06,0.7,1.5410638517086976,0.16291867105704086,0.9648783020873957,3,False,1.5410638517086974,7.479631344825968e-06,True,0
5,LASSO,1e-05,1.0,1.541070729290075,0.16301169238026503,0.9648784069326023,3,False,1.541070729290075,9.204998565455506e-06,True,0
5,ElasticNet,1e-06,0.9,1.5410736298447676,0.16290511418705633,0.9648780465442975,3,False,1.5410736298447676,8.01902083005497e-06,True,0
5,Ridge,0.001,0.0,1.5410755584985916,0.1629955018795385,0.9648781879889176,3,False,1.5410755584985916,0.0,True,0
5,ElasticNet,1e-06,0.95,1.5410756718640901,0.16290289958600773,0.9648780094375574,3,False,1.5410756718640901,9.332581750484455e-06,True,0
5,LASSO,1e-06,1.0,1.5410814279572544,0.16291027905109645,0.9648779076918327,3,False,1.5410814279572544,9.679669664597727e-06,True,0
5,Ridge,0.0001,0.0,1.541103692385153,0.16298084920799488,0.964877543386324,3,False,1.5411036923851533,0.0,True,0
5,Ridge,1e-05,0.0,1.541106516630401,0.162979389605573,0.9648774786944309,3,False,1.541106516630401,0.0,True,0
5,Ridge,1e-06,0.0,1.541106799163664,0.16297924370209446,0.9648774722229216,3,False,1.541106799163664,0.0,True,0
5,ElasticNet,0.0001,0.9,1.5414157889596023,0.16373124692340377,0.9648727862596843,3,False,1.5414157889596023,6.662428318700723e-06,True,0
5,ElasticNet,0.0001,0.95,1.5414800324755336,0.1637031247107235,0.9648713618456538,3,False,1.5414800324755336,9.388559743053203e-06,True,0
5,LASSO,0.0001,1.0,1.5416832612666953,0.16376825868315445,0.9648670832485781,3,False,1.5416832612666955,9.575575056565641e-06,True,0
5,ElasticNet,0.001,0.9,1.5425304818155825,0.16893117264575727,0.9648712556039838,3,False,1.5425304818155825,9.077932113202834e-06,True,0
5,ElasticNet,0.001,0.7,1.5425668010518079,0.17128642745514863,0.964871170766528,3,False,1.5425668010518079,9.651267189785115e-06,True,0
5,ElasticNet,0.001,0.95,1.542575714008872,0.168356802965711,0.9648701265345028,3,False,1.5425757140088725,9.029062797813415e-06,True,0
5,ElasticNet,0.001,0.5,1.5427657112872677,0.17340928169187508,0.9648663555307119,3,False,1.5427657112872677,8.612470121542896e-06,True,0
5,LASSO,0.001,1.0,1.542927164529334,0.16804845112676642,0.9648623630530883,3,False,1.542927164529334,8.318863450532208e-06,True,0
5,ElasticNet,0.001,0.1,1.5429463716307146,0.17795901069761436,0.9648616687515997,3,False,1.5429463716307146,7.5755148594266526e-06,True,0
5,ElasticNet,0.001,0.3,1.5429517500255632,0.1755706674596656,0.964861638983663,3,False,1.5429517500255632,6.3607522130999816e-06,True,0
9,ElasticNet,0.1,0.7,1.5471839348632488,0.22160489522076174,0.9649279913261553,3,False,1.5471839348632488,4.1253769452881395e-06,True,0
5,Ridge,1.0,0.0,1.5566126773595512,0.1942181882032519,0.9645803404558703,3,False,1.5566126773595512,0.0,True,0
11,ElasticNet,0.1,0.95,1.5726920228127235,0.12467745838135447,0.9640074670887588,3,False,1.5726920228127235,1.877552805504279e-05,True,0
16,ElasticNet,0.0001,0.1,1.6140443765579455,1.5445677504779147,0.9659638526794924,3,False,1.6140443765579455,4.5446588240492623e-05,True,0
8,ElasticNet,0.1,0.5,1.6222089836826104,0.29710646418948167,0.9632692306920104,3,False,1.6222089836826104,9.1315307516604e-06,True,0
9,ElasticNet,0.1,0.9,1.6806278766188114,0.20456610477054804,0.9618062430982763,3,False,1.6806278766188114,4.942089692774876e-06,True,0
5,ElasticNet,0.01,0.9,1.7052571572475268,0.2972581995701935,0.9614966586922216,3,False,1.7052571572475268,8.691555141162113e-06,True,0
5,ElasticNet,0.01,0.95,1.7060526663026592,0.2994882199224796,0.9614866197451639,3,False,1.7060526663026592,6.648166423787669e-06,True,0
5,LASSO,0.01,1.0,1.7079475352925517,0.30064945074151095,0.9614480689726452,3,False,1.7079475352925517,9.567964997375666e-06,True,0
5,ElasticNet,0.01,0.7,1.709162699838508,0.28549585844661657,0.9613631531816983,3,False,1.709162699838508,9.563892891096756e-06,True,0
9,ElasticNet,0.1,0.95,1.7101355604437745,0.2029670446187455,0.961118277520428,3,False,1.7101355604437745,1.0301717959473877e-05,True,0
5,ElasticNet,0.01,0.5,1.716385499742162,0.2778819968991621,0.9611634952538622,3,False,1.716385499742162,6.177679969419751e-06,True,0
5,ElasticNet,0.01,0.3,1.7290021356605205,0.2673325407625724,0.9608235734927897,3,False,1.7290021356605205,8.056327214346973e-06,True,0
5,ElasticNet,0.01,0.1,1.743589691134661,0.26016752522706427,0.9604470542759401,3,False,1.7435896911346613,9.340597345946187e-06,True,0
8,ElasticNet,0.1,0.7,1.773798969152075,0.3081763744039072,0.9598614791319976,3,False,1.773798969152075,8.997452737982692e-06,True,0
8,ElasticNet,0.1,0.9,1.940187278714723,0.314481957669484,0.9561150560987234,3,False,1.940187278714723,5.148542872410178e-06,True,0
5,Ridge,10.0,0.0,1.9714070470417677,0.27652959593275445,0.9552277252071714,3,False,1.971407047041768,0.0,True,0
8,ElasticNet,0.1,0.95,1.9923952879913924,0.3134498869869306,0.9549203569621972,3,False,1.9923952879913924,5.259355844444702e-06,True,0
12,ElasticNet,1e-06,0.5,2.638758290348545,2.766264998754577,0.9444037951537038,3,False,2.638758290348545,4.196255347079338e-05,True,0
13,ElasticNet,1e-05,0.1,2.6492677392078776,3.2044398081287224,0.9450781512925216,3,False,2.6492677392078776,4.067905094558802e-05,True,0
12,ElasticNet,1e-06,0.1,2.9572747600385667,3.4101676194957533,0.9386330293329319,3,False,2.9572747600385667,4.281225429386428e-05,True,0
14,ElasticNet,1e-05,0.5,2.9685377751566695,3.3860382171411474,0.9382585840492211,3,False,2.9685377751566695,4.59480451079209e-05,True,0
20,ElasticNet,1.0,0.1,3.043637135407252,0.22653406455712471,0.9300994488351031,3,False,3.043637135407252,7.250721335769206e-06,True,0
19,ElasticNet,1.0,0.1,3.0557004017792924,0.2601281852988915,0.929905638669926,3,False,3.0557004017792924,8.992155779874444e-06,True,0
12,ElasticNet,1e-06,0.3,3.069768499956977,3.6596332468315063,0.9365402669522872,3,False,3.069768499956977,4.735325511419725e-05,True,0
18,ElasticNet,1.0,0.1,3.0959603995313665,0.26750473401931213,0.9290024091938553,3,False,3.0959603995313665,7.232551789623787e-06,True,0
17,ElasticNet,1.0,0.1,3.122892291809842,0.31967232712877686,0.9285090811910205,3,False,3.122892291809842,9.414403938201588e-06,True,0
16,ElasticNet,1.0,0.1,3.1845491452392154,0.3138046951659593,0.9271065282709317,3,False,3.1845491452392154,9.655856081675074e-06,True,0
15,ElasticNet,1.0,0.1,3.2460977367800674,0.3816276497649857,0.925845571181537,3,False,3.2460977367800674,9.54833563777957e-06,True,0
14,ElasticNet,1e-05,0.3,3.332406526119884,4.007127802797952,0.9311132536160702,3,False,3.332406526119884,4.569734766289107e-05,True,0
14,ElasticNet,1.0,0.1,3.353796683353416,0.3492664338109969,0.9233678708692891,3,False,3.353796683353416,9.604239958105332e-06,True,0
13,ElasticNet,1.0,0.1,3.484960987424124,0.43493481507401366,0.9205297783190641,3,False,3.484960987424124,8.55282102082966e-06,True,0
4,ElasticNet,0.001,0.95,3.623402586290253,0.6066435740334061,0.9171461264970916,3,False,3.623402586290253,8.58650232522871e-06,True,0
4,ElasticNet,0.001,0.9,3.623406955381047,0.6074951042393162,0.9171481848868588,3,False,3.623406955381047,9.661140525879129e-06,True,0
4,LASSO,0.001,1.0,3.6234115736868318,0.605790550928212,0.9171437784546813,3,False,3.6234115736868318,7.562632124448075e-06,True,0
4,ElasticNet,0.001,0.7,3.623471248088291,0.6108812903929387,0.9171553330428429,3,False,3.6234712480882916,2.4563853508683666e-06,True,0
4,ElasticNet,0.001,0.5,3.623621951512064,0.6142171684511032,0.9171603671821181,3,False,3.623621951512064,7.840642991669084e-06,True,0
4,ElasticNet,0.001,0.3,3.623844293808473,0.6175176686509649,0.9171636992240937,3,False,3.623844293808473,7.321756177281456e-06,True,0
4,ElasticNet,0.001,0.1,3.6241332421973413,0.6207759067562415,0.9171654168601293,3,False,3.6241332421973413,6.836004253293505e-06,True,0
4,Ridge,0.1,0.0,3.624451897390749,0.611350070036908,0.9171096455384244,3,False,3.624451897390749,0.0,True,0
4,ElasticNet,0.0001,0.1,3.624678941135587,0.6099877274131195,0.9170982985527756,3,False,3.624678941135587,2.8817042638292205e-06,True,0
4,ElasticNet,0.0001,0.3,3.6246869460862414,0.6096332921209491,0.9170972053808021,3,False,3.6246869460862414,9.536638802319792e-06,True,0
4,ElasticNet,0.0001,0.5,3.624705122530431,0.6092821261885204,0.9170959400304367,3,False,3.624705122530431,9.488909504416232e-06,True,0
4,ElasticNet,0.0001,0.7,3.6247142644944716,0.6089389496399239,0.9170948437808532,3,False,3.6247142644944716,9.380232303659858e-06,True,0
4,ElasticNet,0.0001,0.9,3.624731631156734,0.6085955974334631,0.9170935802910444,3,False,3.624731631156734,9.622964323469883e-06,True,0
4,ElasticNet,0.0001,0.95,3.624737126308689,0.6085102064964852,0.9170932405142662,3,False,3.624737126308688,8.831262329326444e-06,True,0
4,LASSO,0.0001,1.0,3.624743142449322,0.6084249567850349,0.9170928900161867,3,False,3.6247431424493217,7.391816928371207e-06,True,0
4,Ridge,0.01,0.0,3.624907933268323,0.6090218006209606,0.9170881663851221,3,False,3.624907933268323,0.0,True,0
4,ElasticNet,1e-05,0.1,3.624934420249398,0.6088847892023707,0.9170869053728116,3,False,3.624934420249398,6.471538438864097e-06,True,0
4,ElasticNet,1e-05,0.3,3.6249357648815006,0.6088505276474886,0.9170867882299408,3,False,3.6249357648815006,6.844865595464027e-06,True,0
4,ElasticNet,1e-05,0.5,3.624937853697091,0.6088153357780115,0.9170866580840955,3,False,3.624937853697091,5.876842090898978e-06,True,0
4,LASSO,1e-06,1.0,3.624939087451048,0.6087209716298612,0.9170862339667706,3,False,3.624939087451048,9.677266961779621e-06,True,0
4,ElasticNet,1e-05,0.7,3.62494019300242,0.6087802971431782,0.9170865226554609,3,False,3.62494019300242,5.174264929120819e-06,True,0
4,ElasticNet,1e-05,0.9,3.624943684815156,0.6087450017834308,0.9170863621192128,3,False,3.624943684815156,3.63529969669768e-06,True,0
4,ElasticNet,1e-05,0.95,3.624944589899011,0.60873624765179,0.9170863206932194,3,False,3.624944589899011,3.7126059379440695e-06,True,0
4,LASSO,1e-05,1.0,3.624945460772505,0.6087275457955896,0.9170862796879472,3,False,3.624945460772505,3.745841860822643e-06,True,0
4,ElasticNet,1e-06,0.5,3.624961518220339,0.6087699047820878,0.9170857384941188,3,False,3.624961518220339,9.5178671304584e-06,True,0
4,Ridge,0.001,0.0,3.6249622596068662,0.6087882745366543,0.917085816645046,3,False,3.6249622596068662,0.0,True,0
4,ElasticNet,1e-06,0.7,3.624962331581317,0.6087660525642274,0.9170857135933592,3,False,3.624962331581317,7.794188648816026e-06,True,0
4,ElasticNet,1e-06,0.9,3.624964534792843,0.6087601332401642,0.9170856625598914,3,False,3.624964534792843,8.679019240594086e-06,True,0
4,ElasticNet,1e-06,0.95,3.624964762461102,0.6087581399492059,0.9170856567305918,3,False,3.624964762461102,8.079212684275961e-06,True,0
4,ElasticNet,1e-06,0.1,3.6249649272138633,0.6087746542458238,0.9170856899624771,3,False,3.6249649272138633,6.642272992878202e-07,True,0
4,ElasticNet,1e-06,0.3,3.624965033601411,0.608771195796982,0.9170856787532995,3,False,3.624965033601411,6.997377369890389e-07,True,0
4,Ridge,0.0001,0.0,3.624967780642951,0.6087649147076796,0.9170855796260384,3,False,3.624967780642951,0.0,True,0
4,Ridge,1e-05,0.0,3.6249683336317715,0.6087625786523431,0.9170855559036607,3,False,3.624968333631772,0.0,True,0
4,Ridge,1e-06,0.0,3.6249683889395072,0.6087623450460852,0.917085553531218,3,False,3.6249683889395072,0.0,True,0
4,Ridge,1.0,0.0,3.6275707487023396,0.6341218323987838,0.9171463917022956,3,False,3.6275707487023396,0.0,True,0
4,LASSO,0.01,1.0,3.6569218318748296,0.5919647154890835,0.9166093348660467,3,False,3.6569218318748296,5.966409807208611e-06,True,0
4,ElasticNet,0.01,0.95,3.660655612001461,0.6013535091560752,0.9165441092796068,3,False,3.660655612001461,5.427787836643702e-06,True,0
4,ElasticNet,0.01,0.9,3.6645859828399225,0.6104532838240703,0.9164738388238449,3,False,3.6645859828399225,9.799281452178843e-06,True,0
4,ElasticNet,0.01,0.7,3.6820282447964914,0.6444010219941224,0.9161486739746695,3,False,3.6820282447964914,7.854386272250144e-06,True,0
12,ElasticNet,1.0,0.1,3.68757721493523,0.35714539348851654,0.915811337121173,3,False,3.68757721493523,8.832872691738602e-06,True,0
4,ElasticNet,0.01,0.5,3.7013121787677057,0.6750146660140971,0.9157744995269724,3,False,3.7013121787677057,2.1237350120040938e-06,True,0
4,ElasticNet,0.01,0.3,3.72174392912099,0.702885497675083,0.9153681825539154,3,False,3.72174392912099,2.454558920379421e-06,True,0
4,ElasticNet,0.01,0.1,3.742867342477192,0.7284396616348574,0.9149409602996367,3,False,3.742867342477192,9.866816347253553e-06,True,0
14,ElasticNet,1e-05,0.1,3.7858052945235663,4.701656578020438,0.9222269391832919,3,False,3.7858052945235667,4.5607012600483515e-05,True,0
11,ElasticNet,1.0,0.1,3.930490163515301,0.41369958821876984,0.9102743702024698,3,False,3.9304901635153016,9.975708097409441e-06,True,0
4,Ridge,10.0,0.0,3.9681875079640534,0.8531091694203609,0.9102065605393957,3,False,3.9681875079640534,0.0,True,0
13,ElasticNet,1e-06,0.7,4.714401067936495,5.254181873017313,0.9015062745031205,3,False,4.714401067936495,4.771956327342103e-05,True,0
9,ElasticNet,1.0,0.1,4.7877200271089615,0.27176378368528553,0.8902345526751375,3,False,4.7877200271089615,9.01460758603867e-06,True,0
8,ElasticNet,1.0,0.1,5.5542894602538455,0.5078486531367762,0.8728980327029919,3,False,5.5542894602538455,8.174207574193626e-06,True,0
4,LASSO,0.1,1.0,5.782478833606025,1.4465003697125065,0.8703523339924573,3,False,5.782478833606025,6.955478850767527e-06,True,0
4,ElasticNet,0.1,0.95,5.798218497889434,1.4481274408502698,0.8699772183264297,3,False,5.798218497889434,6.0839112361460446e-06,True,0
13,ElasticNet,1e-06,0.3,5.807596539668286,6.825718600169025,0.8795035689985556,3,False,5.807596539668286,3.4743217870791066e-05,True,0
4,ElasticNet,0.1,0.9,5.810830365575424,1.4472101043703587,0.8696655811834612,3,False,5.810830365575424,2.0837185990690843e-06,True,0
4,ElasticNet,0.1,0.7,5.84754060978231,1.475353996949917,0.8688677004337998,3,False,5.8475406097823095,8.261208721438429e-06,True,0
13,ElasticNet,1e-06,0.5,5.8797580424393665,7.4565169682719645,0.8794013719222468,3,False,5.8797580424393665,4.262099091176415e-05,True,0
4,ElasticNet,0.1,0.5,5.900601765173088,1.5011639183730852,0.867677455015432,3,False,5.900601765173088,3.3455233590384825e-06,True,0
4,ElasticNet,0.1,0.3,5.918798458566093,1.5115305942877202,0.8672717054121456,3,False,5.9187984585660915,4.046206037784661e-06,True,0
4,ElasticNet,0.1,0.1,5.936983224226574,1.5269183032482356,0.8668801547408314,3,False,5.936983224226574,9.378131755485852e-06,True,0
13,ElasticNet,1e-06,0.1,6.047550901918875,6.794684996912762,0.8735747278432897,3,False,6.047550901918875,3.2486180795537714e-05,True,0
14,ElasticNet,1.0,0.3,6.779355259419405,0.4062145100679766,0.8447233113770253,3,False,6.779355259419405,3.265938899604803e-05,True,0
13,ElasticNet,1.0,0.3,6.823724838424337,0.40897992419968376,0.8436812686165268,3,False,6.823724838424337,3.542511318110897e-05,True,0
12,ElasticNet,1.0,0.3,6.998134005572372,0.44342036142003566,0.8397879598368206,3,False,6.998134005572371,7.3812897126712684e-06,True,0
11,ElasticNet,1.0,0.3,7.111201599215883,0.40553047768586753,0.8370393107606753,3,False,7.111201599215882,7.946698923122497e-06,True,0
9,ElasticNet,1.0,0.3,7.774183632551606,0.3917215319855709,0.8217077763396841,3,False,7.774183632551606,8.749574808897265e-06,True,0
8,ElasticNet,1.0,0.3,8.44968893962164,0.6590807100097855,0.8066497653311625,3,False,8.44968893962164,8.547425426497224e-06,True,0
15,ElasticNet,1e-05,0.1,9.751308360589803,13.714506741663921,0.8029269076195008,3,False,9.751308360589803,3.6855462128252954e-05,True,0
13,ElasticNet,1.0,0.5,9.989129886339043,0.30098999578256624,0.7700506810874175,3,False,9.989129886339043,3.235834680009875e-05,True,0
12,ElasticNet,1.0,0.5,10.099126082963595,0.32004450524436134,0.7675866157747241,3,False,10.099126082963595,1.6606717182954256e-05,True,0
11,ElasticNet,1.0,0.5,10.17519955879748,0.23178211421290304,0.7658030134493116,3,False,10.17519955879748,3.877806656604754e-05,True,0
9,ElasticNet,1.0,0.5,10.644444449509134,0.2543075428968957,0.7550995151323955,3,False,10.644444449509134,7.254716725135779e-06,True,0
3,Ridge,1.0,0.0,11.06397089412557,0.6748482594368375,0.7457566606714673,3,False,11.06397089412557,0.0,True,0
3,ElasticNet,0.001,0.1,11.066081236483233,0.6689213642600592,0.7456519860549999,3,False,11.066081236483233,1.25818547927485e-06,True,0
3,ElasticNet,0.001,0.3,11.066838174163204,0.6681071841868123,0.7456272827563163,3,False,11.066838174163202,1.0180827572139873e-06,True,0
3,ElasticNet,0.001,0.5,11.067632553843097,0.6672966950990404,0.7456016526946073,3,False,11.067632553843096,7.280113907773972e-07,True,0
3,ElasticNet,0.001,0.7,11.068465338191231,0.6664897675240641,0.7455750709109544,3,False,11.068465338191231,7.331722454372545e-07,True,0
3,Ridge,0.1,0.0,11.068624151200718,0.6645993279356927,0.745547074053122,3,False,11.068624151200718,0.0,True,0
3,ElasticNet,0.0001,0.1,11.069058650449891,0.6640821581071422,0.7455312581476599,3,False,11.069058650449891,1.6466459595100443e-07,True,0
3,ElasticNet,0.0001,0.3,11.069154825412859,0.6640061074352561,0.7455282907436516,3,False,11.069154825412859,1.2721101509099766e-07,True,0
3,ElasticNet,0.0001,0.5,11.0692514092782,0.6639301128080322,0.7455253132625246,3,False,11.0692514092782,8.697670224325828e-08,True,0
3,ElasticNet,0.001,0.9,11.069336522445434,0.6656855839887658,0.7455475353642402,3,False,11.069336522445434,5.460510473408653e-07,True,0
3,ElasticNet,0.0001,0.7,11.069348381307003,0.6638541363756381,0.7455223261163147,3,False,11.069348381307003,7.845604756361285e-08,True,0
3,Ridge,0.01,0.0,11.069386613797493,0.6636773322559754,0.7455190112778558,3,False,11.069386613797496,0.0,True,0
3,ElasticNet,1e-05,0.1,11.069432470395213,0.663626452230304,0.7455173721820288,3,False,11.069432470395213,1.6899102928364757e-08,True,0
3,ElasticNet,1e-05,0.3,11.06944230300053,0.6636189058797917,0.7455170702293934,3,False,11.069442303000528,1.2997507064267864e-08,True,0
3,ElasticNet,1e-05,0.5,11.06944387165448,0.6636150275615721,0.7455169986800348,3,False,11.06944387165448,9.092406852099733e-06,True,0
3,ElasticNet,0.0001,0.9,11.069445670444145,0.6637780367636439,0.745519330674369,3,False,11.069445670444145,5.59057467233357e-08,True,0
3,ElasticNet,1e-05,0.7,11.06945803207329,0.6636406630868092,0.7455166168686368,3,False,11.06945803207329,9.40066302727549e-06,True,0
3,Ridge,0.001,0.0,11.06946602693197,0.663586255399277,0.7455161293919866,3,False,11.06946602693197,0.0,True,0
3,ElasticNet,1e-05,0.9,11.069469115527781,0.6636225662006578,0.7455162649586287,3,False,11.069469115527781,7.286765488695627e-06,True,0
3,ElasticNet,1e-06,0.1,11.069470006171022,0.663588130079606,0.7455159918764176,3,False,11.069470006171022,1.682853631703563e-06,True,0
3,ElasticNet,0.0001,0.95,11.069470125331625,0.6637591276450044,0.7455185788839942,3,False,11.069470125331625,5.503697356151304e-08,True,0
3,ElasticNet,1e-06,0.3,11.069471056958742,0.6635862704595011,0.7455159579512113,3,False,11.069471056958745,1.4211961047816898e-06,True,0
3,ElasticNet,1e-06,0.5,11.069471754743276,0.6635845878102199,0.7455159339397559,3,False,11.069471754743276,1.6013918598443235e-06,True,0
3,ElasticNet,1e-05,0.95,11.069471975603378,0.663618044011801,0.7455161748177704,3,False,11.069471975603378,6.7866555041301755e-06,True,0
3,ElasticNet,1e-06,0.7,11.069472640858235,0.6635834077332805,0.7455159034728505,3,False,11.069472640858235,1.287347019867841e-06,True,0
3,ElasticNet,1e-06,0.9,11.06947397364071,0.6635814055928849,0.7455158629201485,3,False,11.06947397364071,9.623815232130253e-07,True,0
3,Ridge,0.0001,0.0,11.069474000120094,0.6635771590390922,0.7455158404425083,3,False,11.06947400012009,0.0,True,0
3,ElasticNet,1e-06,0.95,11.069474318946854,0.66358090263698,0.7455158524626739,3,False,11.069474318946854,8.803462577485732e-07,True,0
3,LASSO,1e-06,1.0,11.069474672631811,0.6635803969650861,0.7455158417772827,3,False,11.069474672631811,7.983461019433805e-07,True,0
3,Ridge,1e-05,0.0,11.069474797757858,0.6635762495164275,0.7455158115399468,3,False,11.069474797757858,0.0,True,0
3,Ridge,1e-06,0.0,11.069474877524826,0.6635761585652948,0.7455158086496144,3,False,11.069474877524826,0.0,True,0
3,LASSO,1e-05,1.0,11.069474887912607,0.6636135041674379,0.7455160833415619,3,False,11.069474887912607,6.297601144092068e-06,True,0
3,LASSO,0.0001,1.0,11.069494569289612,0.6637401561411588,0.7455178271666284,3,False,11.069494569289612,7.226726844088106e-08,True,0
3,ElasticNet,0.001,0.95,11.06956111027317,0.6654861308551538,0.745540486454912,3,False,11.06956111027317,5.445989839882774e-07,True,0
3,LASSO,0.001,1.0,11.069787913604367,0.6652864169522726,0.7455333811569534,3,False,11.069787913604367,7.18922133783207e-07,True,0
3,ElasticNet,0.01,0.7,11.082579877046198,0.7048070189221289,0.7455705704738488,3,False,11.082579877046198,7.782269135243186e-06,True,0
3,ElasticNet,0.01,0.9,11.082982191366293,0.6935050898637495,0.7454943883641123,3,False,11.082982191366293,6.868516580833817e-06,True,0
3,ElasticNet,0.01,0.95,11.083494801044223,0.690639480162232,0.7454648567339186,3,False,11.083494801044223,8.780530635587452e-06,True,0
3,LASSO,0.01,1.0,11.084199079419804,0.6877514071405033,0.7454305010345049,3,False,11.084199079419804,9.426700252617923e-06,True,0
3,ElasticNet,0.01,0.5,11.08446997963238,0.7157053480550963,0.7455881087830482,3,False,11.08446997963238,6.408802374725971e-06,True,0
3,ElasticNet,0.01,0.3,11.08821210671906,0.7261478593346415,0.7455579145326103,3,False,11.08821210671906,2.277769054959654e-06,True,0
3,ElasticNet,0.01,0.1,11.09344516455531,0.736109153037351,0.7454888469234433,3,False,11.093445164555312,2.3083018778390432e-06,True,0
8,ElasticNet,1.0,0.5,11.107622263730436,0.47572398409225297,0.7449140761096267,3,False,11.107622263730436,7.0724600387261916e-06,True,0
3,Ridge,10.0,0.0,11.188912817372836,0.821642197769672,0.7436972614133567,3,False,11.188912817372836,0.0,True,0
16,ElasticNet,1e-05,0.1,11.449004100206523,15.622038535475092,0.7684164316357748,3,False,11.449004100206523,3.928807581682989e-05,True,0
3,LASSO,0.1,1.0,12.162306092028174,1.6197697435890388,0.7238213550076565,3,False,12.162306092028174,2.175357050659965e-06,True,0
3,ElasticNet,0.1,0.95,12.178509611717784,1.605732424376059,0.723418791147829,3,False,12.178509611717784,3.3896955491108383e-06,True,0
3,ElasticNet,0.1,0.9,12.192809797128797,1.5894315946202033,0.7230521551840284,3,False,12.192809797128797,3.053082678547425e-06,True,0
3,ElasticNet,0.1,0.7,12.237116652307655,1.5194212388480255,0.7218570609703647,3,False,12.237116652307655,4.000572926168844e-06,True,0
3,ElasticNet,0.1,0.5,12.274040306162332,1.4610929798877224,0.7208491356762945,3,False,12.274040306162332,3.592456248938114e-06,True,0
3,ElasticNet,0.1,0.3,12.304977657211007,1.410475355084452,0.7199915554328152,3,False,12.304977657211007,7.547190006423898e-07,True,0
3,ElasticNet,0.1,0.1,12.32310210549297,1.3762436297543805,0.7194710836659807,3,False,12.32310210549297,1.4752209944249306e-06,True,0
12,ElasticNet,1.0,0.7,12.79288759164968,0.8581434544946257,0.7068737628341261,3,False,12.79288759164968,3.494705883833049e-05,True,0
11,ElasticNet,1.0,0.7,12.85865982376062,0.7508802789220305,0.7052462749647675,3,False,12.858659823760618,1.2943142618793146e-05,True,0
9,ElasticNet,1.0,0.7,13.171837903126127,0.6778907656122662,0.6979771776564917,3,False,13.171837903126127,3.1259819771589648e-06,True,0
3,Ridge,100.0,0.0,13.382164072916188,1.662037052783608,0.6959209028230507,3,False,13.382164072916188,0.0,True,0
8,ElasticNet,1.0,0.7,13.459227148909553,0.8477117297941948,0.6918329901202421,3,False,13.459227148909553,4.603923204116178e-06,True,0
14,ElasticNet,1e-06,0.5,14.062950202108047,20.34747674573898,0.716470396711907,3,False,14.062950202108047,4.1417265904276354e-05,True,0
16,ElasticNet,1.0,0.9,14.631860890868845,1.2914301520481828,0.6658159513421632,3,False,14.631860890868845,3.686467021390971e-05,True,0
15,ElasticNet,1.0,0.9,14.68290763052842,1.3298726118156836,0.6648190003173579,3,False,14.68290763052842,4.681646641435666e-05,True,0
11,ElasticNet,1.0,0.9,14.845278944087932,1.4117817451993944,0.6614523029156917,3,False,14.845278944087932,1.8621286205555698e-05,True,0
8,ElasticNet,1.0,0.9,15.245426871057683,1.5340347366603027,0.6525982753091292,3,False,15.245426871057683,9.855933677305195e-06,True,0
9,ElasticNet,1.0,0.95,15.406835267032156,1.5194675130195952,0.6488460464089993,3,False,15.406835267032156,1.5396522620170217e-05,True,0
14,ElasticNet,1e-06,0.1,15.45658600465432,23.275784483111696,0.6901759117951075,3,False,15.45658600465432,4.58568123090956e-05,True,0
8,ElasticNet,1.0,0.95,15.571005147545455,1.6183071965799243,0.6453305578408065,3,False,15.571005147545455,8.851931352582554e-06,True,0
15,LASSO,1.0,1.0,15.63363608835346,1.4498297957032624,0.6433455280294953,3,False,15.63363608835346,4.7044658143535756e-05,True,0
8,LASSO,1.0,1.0,15.791263792328232,1.613250507525476,0.6402441869560165,3,False,15.791263792328232,6.618602068408919e-06,True,0
19,ElasticNet,10.0,0.1,20.06239831226824,0.8624444708024073,0.5379952892650738,3,False,20.06239831226824,1.0040773394948133e-06,True,0
18,ElasticNet,10.0,0.1,20.243772483628547,0.8348818479560146,0.5339863963076268,3,False,20.243772483628547,7.477027312852158e-07,True,0
17,ElasticNet,10.0,0.1,20.426550712990394,0.7877781270455126,0.5298141579304064,3,False,20.426550712990394,8.20669799694862e-06,True,0
16,ElasticNet,10.0,0.1,20.67025391800829,0.7823396166171949,0.5244413349995422,3,False,20.670253918008285,6.172254243486108e-06,True,0
15,ElasticNet,10.0,0.1,20.960334564285123,0.7430268854988429,0.517830215331431,3,False,20.960334564285123,3.903598963961308e-06,True,0
14,ElasticNet,10.0,0.1,21.29454762811032,0.8030409808716014,0.5105271541131988,3,False,21.29454762811032,8.300723473020355e-06,True,0
15,ElasticNet,1e-06,0.7,21.401609431038846,29.068633533267985,0.5683502353140444,3,False,21.401609431038846,4.9123707931940686e-05,True,0
17,ElasticNet,1e-05,0.1,21.493937227422148,27.720099869336007,0.565294885374552,3,False,21.493937227422148,3.132765610141404e-05,True,0
2,LASSO,0.1,1.0,21.51591093229983,4.624323963885864,0.5159143632106156,3,False,21.51591093229983,2.6770252681274087e-14,True,0
2,ElasticNet,0.1,0.95,21.521623136273917,4.634911918726274,0.5158038931430701,3,False,21.521623136273917,1.139657812565531e-12,True,0
2,ElasticNet,0.1,0.9,21.527711060664984,4.645432331589584,0.5156846146371132,3,False,21.527711060664984,3.391453784473697e-13,True,0
2,LASSO,0.01,1.0,21.54083290680299,4.764626072573603,0.5154834546236594,3,False,21.54083290680299,1.0656406312925526e-14,True,0
2,ElasticNet,0.01,0.95,21.541142853995954,4.765660166077814,0.515478249443473,3,False,21.541142853995954,9.894862706971708e-15,True,0
2,ElasticNet,0.01,0.9,21.54145717886964,4.7666935485217286,0.5154729420853855,3,False,21.54145717886964,9.750880658465633e-15,True,0
2,ElasticNet,0.01,0.7,21.54275797776117,4.770819979379846,0.5154506972930649,3,False,21.54275797776117,9.200973316580985e-15,True,0
2,ElasticNet,0.01,0.5,21.544127715100093,4.774935079951091,0.5154268432103364,3,False,21.544127715100093,6.4835289914633165e-15,True,0
2,ElasticNet,0.01,0.3,21.544737491209958,4.778517281479665,0.5154175980433907,3,False,21.544737491209958,8.590350653037149e-15,True,0
2,ElasticNet,0.01,0.1,21.545250122559608,4.781986814539884,0.5154099987355328,3,False,21.545250122559608,1.247809147675305e-12,True,0
2,Ridge,10.0,0.0,21.547133931630565,4.78812746157728,0.5153934041407647,3,False,21.547133931630565,0.0,True,0
2,Ridge,1.0,0.0,21.547185767083487,4.779628865733792,0.5153446560793116,3,False,21.547185767083487,0.0,True,0
2,LASSO,0.001,1.0,21.547482897436016,4.777436355635581,0.5153332382810508,3,False,21.547482897436016,1.5423860105778786e-15,True,0
2,ElasticNet,0.001,0.95,21.54748598569563,4.777524288246197,0.5153332737454487,3,False,21.54748598569563,1.7188941242585187e-15,True,0
2,ElasticNet,0.001,0.9,21.547489122103325,4.7776122173916775,0.5153333081001307,3,False,21.547489122103325,1.4770086195770027e-15,True,0
2,ElasticNet,0.001,0.7,21.547502148920127,4.777963899312978,0.5153334344284694,3,False,21.547502148920127,1.351783268654927e-15,True,0
2,ElasticNet,0.001,0.5,21.547515944927696,4.778315525755101,0.5153335430284337,3,False,21.547515944927696,1.4259426972529354e-15,True,0
2,ElasticNet,0.001,0.3,21.547530509184487,4.778667096688519,0.5153336339216636,3,False,21.547530509184487,1.4069149491258148e-15,True,0
2,ElasticNet,0.001,0.1,21.547545840750093,4.779018612083792,0.5153337071297733,3,False,21.547545840750093,2.4578456674431703e-15,True,0
2,Ridge,0.1,0.0,21.54792707015571,4.778786789934824,0.5153228629407585,3,False,21.547927070155712,0.0,True,0
2,LASSO,0.0001,1.0,21.547963649484927,4.778567401991444,0.5153215630208906,3,False,21.54796364948493,1.4701103832545637e-15,True,0
2,ElasticNet,0.0001,0.95,21.54796393220307,4.778576201965122,0.5153215671815533,3,False,21.54796393220307,1.2649115695845259e-15,True,0
2,ElasticNet,0.0001,0.9,21.547964215403308,4.778585001903876,0.5153215713311043,3,False,21.547964215403308,8.191282938399547e-16,True,0
2,ElasticNet,0.0001,0.7,21.547965353024868,4.7786202013097006,0.5153215878181993,3,False,21.547965353024868,8.024857904923022e-16,True,0
2,ElasticNet,0.0001,0.5,21.54796649835873,4.778655400156781,0.5153216041275358,3,False,21.54796649835873,1.074078434699921e-15,True,0
2,ElasticNet,0.0001,0.3,21.547967651403937,4.778690598445089,0.5153216202591355,3,False,21.547967651403937,1.2629024074336387e-15,True,0
2,ElasticNet,0.0001,0.1,21.547968812159564,4.778725796174601,0.5153216362130202,3,False,21.547968812159564,1.296758314335393e-15,True,0
2,Ridge,0.01,0.0,21.54800884738776,4.7787026527404475,0.5153205078762321,3,False,21.54800884738776,0.0,True,0
2,ElasticNet,1e-06,0.95,21.548012221312348,4.778682244540994,0.5153203873394473,3,False,21.548012221312348,9.98355908478807e-06,True,0
2,LASSO,1e-05,1.0,21.548012574278076,4.7786807125699395,0.5153203762960764,3,False,21.548012574278076,9.749078172353876e-16,True,0
2,ElasticNet,1e-05,0.95,21.548012602287894,4.778681592634213,0.5153203767183058,3,False,21.548012602287894,9.037079217550856e-16,True,0
2,ElasticNet,1e-05,0.9,21.54801263030254,4.7786824726981445,0.5153203771404237,3,False,21.548012630302537,1.5105697590131126e-15,True,0
2,ElasticNet,1e-05,0.7,21.548012742409323,4.778685992950353,0.5153203788277846,3,False,21.548012742409323,1.238651854153748e-15,True,0
2,ElasticNet,1e-05,0.5,21.548012854593253,4.778689513196976,0.5153203805133675,3,False,21.548012854593253,7.605991642176298e-16,True,0
2,ElasticNet,1e-05,0.3,21.54801296685432,4.778693033438004,0.5153203821971722,3,False,21.54801296685432,1.117102626222756e-15,True,0
2,ElasticNet,1e-05,0.1,21.54801307919253,4.778696553673441,0.5153203838791992,3,False,21.54801307919253,1.2182193018836062e-15,True,0
2,Ridge,0.001,0.0,21.548017101874375,4.778694239716852,0.5153202706055109,3,False,21.54801710187438,0.0,True,0
2,ElasticNet,1e-06,0.1,21.548017361820417,4.778692235818521,0.5153202580758117,3,False,21.548017361820417,3.1981638580992296e-06,True,0
2,ElasticNet,1e-06,0.3,21.54801739371577,4.778692094129255,0.5153202573398573,3,False,21.54801739371577,2.728808804689418e-06,True,0
2,ElasticNet,1e-06,0.5,21.548017425612684,4.778691952440566,0.5153202566038684,3,False,21.548017425612684,2.2594519026876924e-06,True,0
2,ElasticNet,1e-06,0.7,21.548017457511133,4.778691810752449,0.515320255867845,3,False,21.548017457511133,1.7900931515099666e-06,True,0
2,ElasticNet,1e-06,0.9,21.548017489411123,4.778691669064912,0.5153202551317874,3,False,21.548017489411126,1.4008932526395926e-06,True,0
2,Ridge,0.0001,0.0,21.548017928090967,4.77869339842144,0.5153202468607895,3,False,21.548017928090967,0.0,True,0
2,Ridge,1e-05,0.0,21.548018010720302,4.778693314291972,0.5153202444861408,3,False,21.548018010720302,0.0,True,0
2,Ridge,1e-06,0.0,21.548018018983317,4.778693305879023,0.5153202442486741,3,False,21.548018018983317,0.0,True,0
2,LASSO,1e-06,1.0,21.548018327621175,4.778690587157831,0.5153202336686146,3,False,21.548018327621175,9.000000000648067e-06,True,0
2,ElasticNet,0.1,0.7,21.55558251616219,4.686847211417618,0.5151249172975659,3,False,21.55558251616219,1.9580170818045417e-13,True,0
2,ElasticNet,0.1,0.5,21.588558155661797,4.727215953634391,0.5144453082193192,3,False,21.588558155661797,3.8317266026766106e-13,True,0
2,ElasticNet,0.1,0.3,21.626001637470896,4.766566026790028,0.5136605366612116,3,False,21.626001637470896,8.153200337090993e-14,True,0
2,ElasticNet,0.1,0.1,21.673217812989535,4.808849334209549,0.5126688684752732,3,False,21.673217812989535,1.577956515452783e-13,True,0
13,ElasticNet,10.0,0.1,21.758855230953728,0.8023316963235502,0.4999613636772066,3,False,21.758855230953728,6.873275030017112e-06,True,0
2,Ridge,100.0,0.0,22.06347468053983,4.884419012474021,0.5039995612526247,3,False,22.06347468053983,0.0,True,0
12,ElasticNet,10.0,0.1,22.240108306172313,1.001858711673371,0.4895811952498746,3,False,22.240108306172313,4.697733917091718e-06,True,0
11,ElasticNet,10.0,0.1,22.98603000137013,1.0856491150327103,0.472668392046624,3,False,22.986030001370136,2.2460172388605315e-07,True,0
15,ElasticNet,1e-06,0.9,24.600503558837307,34.333365786148605,0.5053597130358242,3,False,24.600503558837307,4.6607972692969474e-05,True,0
15,ElasticNet,1e-06,0.1,24.860946623197105,33.06923587260869,0.4975910177960802,3,False,24.860946623197105,3.245008716743205e-05,True,0
9,ElasticNet,10.0,0.1,24.913278308782576,1.7303638468174487,0.4300885323590656,3,False,24.913278308782576,4.648903564330453e-07,True,0
8,ElasticNet,10.0,0.1,26.190878914247406,2.5781087051442166,0.40303209405644874,3,False,26.190878914247406,1.3386682873317568e-09,True,0
15,ElasticNet,1e-06,0.5,26.63198898494518,36.78128231632862,0.4634442978916293,3,False,26.631988984945185,3.655459967419115e-05,True,0
2,ElasticNet,1.0,0.7,26.794487074681854,4.978061094865909,0.39599854807623974,3,False,26.79448707468185,1.6653345369377348e-15,True,0
2,ElasticNet,1.0,0.5,26.816359757813967,5.078211252408913,0.3957389880586503,3,False,26.816359757813967,1.4988010832439613e-15,True,0
2,ElasticNet,1.0,0.9,26.865280280572524,5.02592890531945,0.39450464831501103,3,False,26.865280280572524,1.1102230246251565e-15,True,0
2,ElasticNet,1.0,0.95,26.888770262989606,5.018405390887532,0.3939416600739796,3,False,26.888770262989606,8.881784197001252e-16,True,0
2,ElasticNet,1.0,0.3,26.89473408232342,5.2394881032210545,0.3942991427659739,3,False,26.89473408232342,9.43689570931383e-16,True,0
2,LASSO,1.0,1.0,26.92919774072406,5.008857385056996,0.3929818267640736,3,False,26.92919774072406,1.1102230246251565e-15,True,0
2,ElasticNet,1.0,0.1,27.049202681220436,5.388734869481298,0.3910905294085902,3,False,27.049202681220436,1.0269562977782698e-15,True,0
18,ElasticNet,1e-05,0.1,27.82125672711274,39.43240093906504,0.44046298016277774,3,False,27.82125672711274,3.869491203457218e-05,True,0
15,ElasticNet,1e-06,0.3,29.37441988929612,42.365764967649284,0.41097308156020157,3,False,29.37441988929612,3.829900891650675e-05,True,0
2,Ridge,1000.0,0.0,31.146922042308518,5.972544283080985,0.2983552352292744,3,False,31.146922042308518,0.0,True,0
1,LASSO,0.1,1.0,32.68215611405376,4.242876862349314,0.25803148564992323,3,False,32.68215611405376,1.2212453270876722e-15,True,0
1,ElasticNet,0.1,0.95,32.68800774762676,4.26786165678688,0.257968506940392,3,False,32.68800774762677,1.1518563880486e-15,True,0
1,ElasticNet,0.1,0.9,32.694070330561,4.292575380080948,0.2578998250174933,3,False,32.694070330561,1.5126788710517758e-15,True,0
1,ElasticNet,0.1,0.7,32.72029141759338,4.388794158971478,0.25757153541310956,3,False,32.72029141759338,1.4710455076283324e-15,True,0
1,ElasticNet,0.1,0.5,32.74935740229394,4.480968230207985,0.25716527346395673,3,False,32.749357402293946,6.245004513516506e-16,True,0
16,ElasticNet,1e-06,0.9,32.75309321601878,49.193989017658794,0.34509215002480903,3,False,32.75309321601878,4.8501774331619476e-05,True,0
1,ElasticNet,0.1,0.3,32.780896148966356,4.569317998585414,0.25669038988631004,3,False,32.780896148966356,1.0269562977782698e-15,True,0
1,ElasticNet,0.1,0.1,32.814578369227114,4.654051251589796,0.2561551868766408,3,False,32.814578369227114,6.730727086790012e-16,True,0
1,Ridge,10.0,0.0,32.826617434550165,4.3231236448143635,0.25492917397675807,3,False,32.826617434550165,0.0,True,0
1,LASSO,0.01,1.0,32.82831670679613,4.22770037793251,0.2546148332416746,3,False,32.82831670679613,5.221517662690189e-16,True,0
1,ElasticNet,0.01,0.95,32.82863963469215,4.230267116269838,0.2546147932204337,3,False,32.82863963469215,1.1587952819525071e-15,True,0
1,ElasticNet,0.01,0.9,32.828965190045096,4.232831010618131,0.25461468372153767,3,False,32.828965190045096,1.1206313654810174e-15,True,0
1,ElasticNet,0.01,0.7,32.830293518122296,4.243058227563005,0.2546135551230761,3,False,32.830293518122296,8.291978215169138e-16,True,0
1,ElasticNet,0.01,0.5,32.831663216990734,4.253240257891415,0.2546113315014849,3,False,32.831663216990734,6.687358999890591e-16,True,0
16,ElasticNet,1e-06,0.3,32.832420582036576,47.81968199283284,0.3411947136827182,3,False,32.832420582036576,4.574131405618445e-05,True,0
1,ElasticNet,0.01,0.3,32.833073758799934,4.263377354094233,0.2546080259827059,3,False,32.833073758799934,7.363901155521546e-16,True,0
1,ElasticNet,0.01,0.1,32.834524622164835,4.2734697674513695,0.2546036515352785,3,False,32.834524622164835,8.023096076392733e-16,True,0
1,Ridge,1.0,0.0,32.845214696768466,4.236013201767524,0.25424889559925173,3,False,32.84521469676846,0.0,True,0
1,LASSO,0.001,1.0,32.84581055240067,4.226258814620558,0.2542069783631645,3,False,32.845810552400664,1.0126448291014611e-15,True,0
1,ElasticNet,0.001,0.95,32.84583990184272,4.2265161717146045,0.2542070443559868,3,False,32.84583990184272,1.4158596170488202e-15,True,0
1,ElasticNet,0.001,0.9,32.84586927813472,4.226773500234949,0.2542071096402511,3,False,32.84586927813473,1.2638544724663525e-15,True,0
1,ElasticNet,0.001,0.7,32.84598705163094,4.227802528659115,0.25420736369598324,3,False,32.84598705163094,1.3278224006429973e-15,True,0
1,ElasticNet,0.001,0.5,32.84610525404181,4.228831100223463,0.2542076064317924,3,False,32.84610525404181,6.810958047553939e-16,True,0
1,ElasticNet,0.001,0.3,32.84622388482052,4.229859215183495,0.25420783786126294,3,False,32.84622388482052,7.64633582145402e-16,True,0
1,ElasticNet,0.001,0.1,32.84634294342097,4.230886873794617,0.25420805799796237,3,False,32.846342943420964,1.5965554616206856e-15,True,0
1,Ridge,0.1,0.0,32.84752470297553,4.22709302025909,0.2541698315473312,3,False,32.84752470297553,0.0,True,0
1,LASSO,0.0001,1.0,32.84758871482442,4.226115418775536,0.25416553097893674,3,False,32.84758871482442,1.6763527415156187e-15,True,0
1,ElasticNet,0.0001,0.95,32.84759162001167,4.226141161318203,0.2541655382856424,3,False,32.84759162001168,1.1043818854208909e-15,True,0
1,ElasticNet,0.0001,0.9,32.84759452546801,4.2261669035750025,0.25416554558524845,3,False,32.84759452546801,1.026780114925241e-15,True,0
1,ElasticNet,0.0001,0.7,32.84760614998399,4.226269869743562,0.2541655747126822,3,False,32.84760614998398,1.1155085102160234e-15,True,0
1,ElasticNet,0.0001,0.5,32.84761777880457,4.226372831338512,0.254165603726541,3,False,32.84761777880457,1.448514431231368e-15,True,0
1,ElasticNet,0.0001,0.3,32.8476294119292,4.226475788360092,0.2541656326268386,3,False,32.8476294119292,1.2702207720979158e-15,True,0
1,ElasticNet,0.0001,0.1,32.84764104935734,4.22657874080858,0.25416566141358865,3,False,32.84764104935734,7.314161686792879e-15,True,0
1,Ridge,0.01,0.0,32.8477603732259,4.226198868614247,0.2541618107709647,3,False,32.8477603732259,0.0,True,0
1,LASSO,1e-05,1.0,32.8477650344203,4.226104779422757,0.2541614316303893,3,False,32.8477650344203,5.889094818825801e-06,True,0
1,ElasticNet,1e-05,0.95,32.847765208317675,4.2261080804500875,0.25416143717259054,3,False,32.847765208317675,6.8324993113367345e-06,True,0
1,ElasticNet,1e-05,0.9,32.84776538222008,4.226111381465617,0.2541614427146395,3,False,32.84776538222008,7.775893459660976e-06,True,0
1,ElasticNet,1e-05,0.7,32.8477690395678,4.22611960832553,0.25416138231300606,3,False,32.8477690395678,4.784667434545716e-06,True,0
1,ElasticNet,1e-05,0.5,32.84777070293401,4.226131185999142,0.2541613775009939,3,False,32.84777070293401,6.149139592530051e-06,True,0
1,ElasticNet,1e-05,0.3,32.84777236632445,4.226142763579909,0.25416137268811184,3,False,32.84777236632445,7.513551841886405e-06,True,0
1,ElasticNet,1e-05,0.1,32.84777402973916,4.226154341067838,0.2541613678743597,3,False,32.84777402973916,8.87790418691383e-06,True,0
1,Ridge,0.001,0.0,32.84778398711884,4.226109432072198,0.2541610075454933,3,False,32.847783987118845,0.0,True,0
1,LASSO,1e-06,1.0,32.84778448323322,4.226100134498251,0.2541609692693902,3,False,32.84778448323322,6.314557547012099e-07,True,0
1,ElasticNet,1e-06,0.95,32.84778450046718,4.226100470226409,0.2541609698435543,3,False,32.84778450046718,7.326179224254141e-07,True,0
1,ElasticNet,1e-06,0.9,32.8477845177012,4.2261008059543785,0.2541609704177166,3,False,32.8477845177012,8.337798987194984e-07,True,0
1,ElasticNet,1e-06,0.7,32.84778460804038,4.226102112897539,0.2541609721176696,3,False,32.84778460804038,1.1549730719341386e-06,True,0
1,ElasticNet,1e-06,0.5,32.84778468397141,4.226103444051913,0.2541609742192996,3,False,32.84778468397141,1.5323467301670798e-06,True,0
1,ElasticNet,1e-06,0.3,32.84778475990296,4.226104775203869,0.2541609763209104,3,False,32.84778475990296,1.909718733171422e-06,True,0
1,ElasticNet,1e-06,0.1,32.84778483583501,4.226106106353413,0.2541609784225021,3,False,32.84778483583501,2.287089081681234e-06,True,0
1,Ridge,0.0001,0.0,32.84778634897699,4.22610048820417,0.25416092721146366,3,False,32.84778634897699,0.0,True,0
1,Ridge,1e-05,0.0,32.84778658516749,4.226099593815229,0.25416091917794587,3,False,32.84778658516749,0.0,True,0
1,Ridge,1e-06,0.0,32.847786608786585,4.226099504376316,0.2541609183745929,3,False,32.847786608786585,0.0,True,0
1,Ridge,100.0,0.0,32.96198489486952,5.021751354002503,0.2537994769066835,3,False,32.96198489486952,0.0,True,0
16,ElasticNet,1e-06,0.1,34.01844427310211,47.4530483590378,0.31651631508409656,3,False,34.01844427310211,4.267961537141619e-05,True,0
1,LASSO,1.0,1.0,34.43138327408712,5.35468061802458,0.22079315201704283,3,False,34.43138327408712,5.546140206313943e-06,True,0
1,ElasticNet,1.0,0.95,34.46072071455188,5.465092828640982,0.22042762453281803,3,False,34.46072071455188,5.38327235455327e-06,True,0
1,ElasticNet,1.0,0.9,34.496742224956954,5.561492208356306,0.2198682071347479,3,False,34.496742224956954,5.235210686294067e-06,True,0
1,ElasticNet,1.0,0.7,34.67434367057666,5.847245161842634,0.21657502552152152,3,False,34.67434367057666,4.756857701182504e-06,True,0
1,ElasticNet,1.0,0.5,34.8984917386143,6.041374888455544,0.21196701758994854,3,False,34.89849173861429,4.406065606921139e-06,True,0
1,ElasticNet,1.0,0.3,35.10764852460405,6.192117649224216,0.20758532072772803,3,False,35.10764852460405,2.4980018054066022e-15,True,0
1,ElasticNet,1.0,0.1,35.31425676133723,6.331361597319783,0.20322475096508766,3,False,35.31425676133723,1.0269562977782698e-15,True,0
1,Ridge,1000.0,0.0,37.505924702089985,6.922572772502955,0.15432993070207532,3,False,37.505924702089985,0.0,True,0
19,ElasticNet,1e-05,0.1,40.73786546122599,51.04007125072487,0.17542819784479477,3,False,40.73786546122599,4.393249548231435e-05,True,0
20,ElasticNet,10.0,0.3,41.33420494426107,8.674583391170204,0.071021338481889,3,False,41.33420494426107,8.533140079425294e-06,True,0
19,ElasticNet,10.0,0.3,41.33897702859691,8.676064952511833,0.07091738022033149,3,False,41.33897702859691,8.61734575963169e-06,True,0
18,ElasticNet,10.0,0.3,41.38701755336804,8.64162146020466,0.06971575912618837,3,False,41.38701755336804,8.533140079425294e-06,True,0
17,ElasticNet,10.0,0.3,41.38913641727169,8.642297702163377,0.06966961946391219,3,False,41.38913641727169,8.61734575963169e-06,True,0
16,ElasticNet,10.0,0.3,41.44727867368192,8.60029294689209,0.06821403220849642,3,False,41.44727867368192,5.605533925923112e-06,True,0
15,ElasticNet,10.0,0.3,41.44950879566296,8.596671656327608,0.06815192891346067,3,False,41.44950879566296,8.48593600588643e-06,True,0
14,ElasticNet,10.0,0.3,41.52036010848828,8.54763529579078,0.06638123744023867,3,False,41.52036010848828,5.516510348080317e-06,True,0
13,ElasticNet,10.0,0.3,41.52696125094798,8.536818431806722,0.06619715958375116,3,False,41.52696125094798,5.197156927039259e-09,True,0
12,ElasticNet,10.0,0.3,41.62989435391473,8.480298926101424,0.06366270279333767,3,False,41.62989435391473,8.28248982287505e-06,True,0
11,ElasticNet,10.0,0.3,41.63807311895868,8.466931004419042,0.06343474039317891,3,False,41.63807311895868,7.944754849109614e-06,True,0
9,ElasticNet,10.0,0.3,41.80651334358037,8.371002052489189,0.0592706637433118,3,False,41.80651334358037,2.0266521794098935e-09,True,0
8,ElasticNet,10.0,0.3,42.08530115645292,8.304440024939085,0.0526434298145941,3,False,42.08530115645292,3.4493030653948153e-10,True,0
1,ElasticNet,10.0,0.1,42.869683880517925,7.608999227558326,0.0325316381822777,3,False,42.869683880517925,5.546140857681792e-07,True,0
1,Ridge,10000.0,0.0,43.16098619320277,7.63012329310149,0.02587427734092118,3,False,43.16098619320277,0.0,True,0
20,ElasticNet,1e-05,0.1,44.09224804940143,53.48688485808497,0.10400470647458142,3,False,44.09224804940143,3.398770332197593e-05,True,0
1,ElasticNet,10.0,0.3,44.13032563831202,7.9076834984531965,0.004292472461605246,3,False,44.13032563831202,1.7763568394002505e-15,True,0
1,Ridge,100000.0,0.0,44.21021662860713,7.7095212667935415,0.0018945967103896437,3,False,44.21021662860713,0.0,True,0
1,Ridge,1000000.0,0.0,44.32351990606421,7.71743896246241,-0.0006967589092563564,3,False,44.32351990606423,0.0,True,0
1,LASSO,10.0,1.0,44.3362098825778,7.7183181737618956,-0.000987012448332214,3,False,44.336209882577805,0.0,True,0
1,LASSO,100.0,1.0,44.3362098825778,7.7183181737618956,-0.000987012448332214,3,False,44.336209882577805,0.0,True,0
1,LASSO,1000.0,1.0,44.3362098825778,7.7183181737618956,-0.000987012448332214,3,False,44.336209882577805,0.0,True,0
1,LASSO,10000.0,1.0,44.3362098825778,7.7183181737618956,-0.000987012448332214,3,False,44.336209882577805,0.0,True,0
1,LASSO,100000.0,1.0,44.3362098825778,7.7183181737618956,-0.000987012448332214,3,False,44.336209882577805,0.0,True,0
1,LASSO,1000000.0,1.0,44.3362098825778,7.7183181737618956,-0.000987012448332214,3,False,44.336209882577805,0.0,True,0
1,ElasticNet,100.0,0.1,44.3362098825778,7.7183181737618956,-0.000987012448332214,3,False,44.336209882577805,0.0,True,0
1,ElasticNet,1000.0,0.1,44.3362098825778,7.7183181737618956,-0.000987012448332214,3,False,44.336209882577805,0.0,True,0
1,ElasticNet,10000.0,0.1,44.3362098825778,7.7183181737618956,-0.000987012448332214,3,False,44.336209882577805,0.0,True,0
1,ElasticNet,100000.0,0.1,44.3362098825778,7.7183181737618956,-0.000987012448332214,3,False,44.336209882577805,0.0,True,0
1,ElasticNet,1000000.0,0.1,44.3362098825778,7.7183181737618956,-0.000987012448332214,3,False,44.336209882577805,0.0,True,0
1,ElasticNet,100.0,0.3,44.3362098825778,7.7183181737618956,-0.000987012448332214,3,False,44.336209882577805,0.0,True,0
1,ElasticNet,1000.0,0.3,44.3362098825778,7.7183181737618956,-0.000987012448332214,3,False,44.336209882577805,0.0,True,0
1,ElasticNet,10000.0,0.3,44.3362098825778,7.7183181737618956,-0.000987012448332214,3,False,44.336209882577805,0.0,True,0
1,ElasticNet,100000.0,0.3,44.3362098825778,7.7183181737618956,-0.000987012448332214,3,False,44.336209882577805,0.0,True,0
1,ElasticNet,1000000.0,0.3,44.3362098825778,7.7183181737618956,-0.000987012448332214,3,False,44.336209882577805,0.0,True,0
1,ElasticNet,10.0,0.5,44.3362098825778,7.7183181737618956,-0.000987012448332214,3,False,44.336209882577805,0.0,True,0
1,ElasticNet,100.0,0.5,44.3362098825778,7.7183181737618956,-0.000987012448332214,3,False,44.336209882577805,0.0,True,0
1,ElasticNet,1000.0,0.5,44.3362098825778,7.7183181737618956,-0.000987012448332214,3,False,44.336209882577805,0.0,True,0
1,ElasticNet,10000.0,0.5,44.3362098825778,7.7183181737618956,-0.000987012448332214,3,False,44.336209882577805,0.0,True,0
1,ElasticNet,100000.0,0.5,44.3362098825778,7.7183181737618956,-0.000987012448332214,3,False,44.336209882577805,0.0,True,0
1,ElasticNet,1000000.0,0.5,44.3362098825778,7.7183181737618956,-0.000987012448332214,3,False,44.336209882577805,0.0,True,0
1,ElasticNet,10.0,0.7,44.3362098825778,7.7183181737618956,-0.000987012448332214,3,False,44.336209882577805,0.0,True,0
1,ElasticNet,100.0,0.7,44.3362098825778,7.7183181737618956,-0.000987012448332214,3,False,44.336209882577805,0.0,True,0
1,ElasticNet,1000.0,0.7,44.3362098825778,7.7183181737618956,-0.000987012448332214,3,False,44.336209882577805,0.0,True,0
1,ElasticNet,10000.0,0.7,44.3362098825778,7.7183181737618956,-0.000987012448332214,3,False,44.336209882577805,0.0,True,0
1,ElasticNet,100000.0,0.7,44.3362098825778,7.7183181737618956,-0.000987012448332214,3,False,44.336209882577805,0.0,True,0
1,ElasticNet,1000000.0,0.7,44.3362098825778,7.7183181737618956,-0.000987012448332214,3,False,44.336209882577805,0.0,True,0
1,ElasticNet,10.0,0.9,44.3362098825778,7.7183181737618956,-0.000987012448332214,3,False,44.336209882577805,0.0,True,0
1,ElasticNet,100.0,0.9,44.3362098825778,7.7183181737618956,-0.000987012448332214,3,False,44.336209882577805,0.0,True,0
1,ElasticNet,1000.0,0.9,44.3362098825778,7.7183181737618956,-0.000987012448332214,3,False,44.336209882577805,0.0,True,0
1,ElasticNet,10000.0,0.9,44.3362098825778,7.7183181737618956,-0.000987012448332214,3,False,44.336209882577805,0.0,True,0
1,ElasticNet,100000.0,0.9,44.3362098825778,7.7183181737618956,-0.000987012448332214,3,False,44.336209882577805,0.0,True,0
1,ElasticNet,1000000.0,0.9,44.3362098825778,7.7183181737618956,-0.000987012448332214,3,False,44.336209882577805,0.0,True,0
1,ElasticNet,10.0,0.95,44.3362098825778,7.7183181737618956,-0.000987012448332214,3,False,44.336209882577805,0.0,True,0
1,ElasticNet,100.0,0.95,44.3362098825778,7.7183181737618956,-0.000987012448332214,3,False,44.336209882577805,0.0,True,0
1,ElasticNet,1000.0,0.95,44.3362098825778,7.7183181737618956,-0.000987012448332214,3,False,44.336209882577805,0.0,True,0
1,ElasticNet,10000.0,0.95,44.3362098825778,7.7183181737618956,-0.000987012448332214,3,False,44.336209882577805,0.0,True,0
1,ElasticNet,100000.0,0.95,44.3362098825778,7.7183181737618956,-0.000987012448332214,3,False,44.336209882577805,0.0,True,0
1,ElasticNet,1000000.0,0.95,44.3362098825778,7.7183181737618956,-0.000987012448332214,3,False,44.336209882577805,0.0,True,0
8,LASSO,10.0,1.0,44.3362098825778,7.7183181737618956,-0.000987012448332214,3,False,44.336209882577805,0.0,True,0
8,LASSO,100.0,1.0,44.3362098825778,7.7183181737618956,-0.000987012448332214,3,False,44.336209882577805,0.0,True,0
8,LASSO,1000.0,1.0,44.3362098825778,7.7183181737618956,-0.000987012448332214,3,False,44.336209882577805,0.0,True,0
8,LASSO,10000.0,1.0,44.3362098825778,7.7183181737618956,-0.000987012448332214,3,False,44.336209882577805,0.0,True,0
8,LASSO,100000.0,1.0,44.3362098825778,7.7183181737618956,-0.000987012448332214,3,False,44.336209882577805,0.0,True,0
8,LASSO,1000000.0,1.0,44.3362098825778,7.7183181737618956,-0.000987012448332214,3,False,44.336209882577805,0.0,True,0
8,ElasticNet,100.0,0.1,44.3362098825778,7.7183181737618956,-0.000987012448332214,3,False,44.336209882577805,0.0,True,0
8,ElasticNet,1000.0,0.1,44.3362098825778,7.7183181737618956,-0.000987012448332214,3,False,44.336209882577805,0.0,True,0
8,ElasticNet,10000.0,0.1,44.3362098825778,7.7183181737618956,-0.000987012448332214,3,False,44.336209882577805,0.0,True,0
8,ElasticNet,100000.0,0.1,44.3362098825778,7.7183181737618956,-0.000987012448332214,3,False,44.336209882577805,0.0,True,0
8,ElasticNet,1000000.0,0.1,44.3362098825778,7.7183181737618956,-0.000987012448332214,3,False,44.336209882577805,0.0,True,0
8,ElasticNet,100.0,0.3,44.3362098825778,7.7183181737618956,-0.000987012448332214,3,False,44.336209882577805,0.0,True,0
8,ElasticNet,1000.0,0.3,44.3362098825778,7.7183181737618956,-0.000987012448332214,3,False,44.336209882577805,0.0,True,0
8,ElasticNet,10000.0,0.3,44.3362098825778,7.7183181737618956,-0.000987012448332214,3,False,44.336209882577805,0.0,True,0
8,ElasticNet,100000.0,0.3,44.3362098825778,7.7183181737618956,-0.000987012448332214,3,False,44.336209882577805,0.0,True,0
8,ElasticNet,1000000.0,0.3,44.3362098825778,7.7183181737618956,-0.000987012448332214,3,False,44.336209882577805,0.0,True,0
8,ElasticNet,10.0,0.5,44.3362098825778,7.7183181737618956,-0.000987012448332214,3,False,44.336209882577805,0.0,True,0
8,ElasticNet,100.0,0.5,44.3362098825778,7.7183181737618956,-0.000987012448332214,3,False,44.336209882577805,0.0,True,0
8,ElasticNet,1000.0,0.5,44.3362098825778,7.7183181737618956,-0.000987012448332214,3,False,44.336209882577805,0.0,True,0
8,ElasticNet,10000.0,0.5,44.3362098825778,7.7183181737618956,-0.000987012448332214,3,False,44.336209882577805,0.0,True,0
8,ElasticNet,100000.0,0.5,44.3362098825778,7.7183181737618956,-0.000987012448332214,3,False,44.336209882577805,0.0,True,0
8,ElasticNet,1000000.0,0.5,44.3362098825778,7.7183181737618956,-0.000987012448332214,3,False,44.336209882577805,0.0,True,0
8,ElasticNet,10.0,0.7,44.3362098825778,7.7183181737618956,-0.000987012448332214,3,False,44.336209882577805,0.0,True,0
8,ElasticNet,100.0,0.7,44.3362098825778,7.7183181737618956,-0.000987012448332214,3,False,44.336209882577805,0.0,True,0
8,ElasticNet,1000.0,0.7,44.3362098825778,7.7183181737618956,-0.000987012448332214,3,False,44.336209882577805,0.0,True,0
8,ElasticNet,10000.0,0.7,44.3362098825778,7.7183181737618956,-0.000987012448332214,3,False,44.336209882577805,0.0,True,0
8,ElasticNet,100000.0,0.7,44.3362098825778,7.7183181737618956,-0.000987012448332214,3,False,44.336209882577805,0.0,True,0
8,ElasticNet,1000000.0,0.7,44.3362098825778,7.7183181737618956,-0.000987012448332214,3,False,44.336209882577805,0.0,True,0
8,ElasticNet,10.0,0.9,44.3362098825778,7.7183181737618956,-0.000987012448332214,3,False,44.336209882577805,0.0,True,0
8,ElasticNet,100.0,0.9,44.3362098825778,7.7183181737618956,-0.000987012448332214,3,False,44.336209882577805,0.0,True,0
8,ElasticNet,1000.0,0.9,44.3362098825778,7.7183181737618956,-0.000987012448332214,3,False,44.336209882577805,0.0,True,0
8,ElasticNet,10000.0,0.9,44.3362098825778,7.7183181737618956,-0.000987012448332214,3,False,44.336209882577805,0.0,True,0
8,ElasticNet,100000.0,0.9,44.3362098825778,7.7183181737618956,-0.000987012448332214,3,False,44.336209882577805,0.0,True,0
8,ElasticNet,1000000.0,0.9,44.3362098825778,7.7183181737618956,-0.000987012448332214,3,False,44.336209882577805,0.0,True,0
8,ElasticNet,10.0,0.95,44.3362098825778,7.7183181737618956,-0.000987012448332214,3,False,44.336209882577805,0.0,True,0
8,ElasticNet,100.0,0.95,44.3362098825778,7.7183181737618956,-0.000987012448332214,3,False,44.336209882577805,0.0,True,0
8,ElasticNet,1000.0,0.95,44.3362098825778,7.7183181737618956,-0.000987012448332214,3,False,44.336209882577805,0.0,True,0
8,ElasticNet,10000.0,0.95,44.3362098825778,7.7183181737618956,-0.000987012448332214,3,False,44.336209882577805,0.0,True,0
8,ElasticNet,100000.0,0.95,44.3362098825778,7.7183181737618956,-0.000987012448332214,3,False,44.336209882577805,0.0,True,0
8,ElasticNet,1000000.0,0.95,44.3362098825778,7.7183181737618956,-0.000987012448332214,3,False,44.336209882577805,0.0,True,0
9,ElasticNet,100.0,0.1,44.3362098825778,7.7183181737618956,-0.000987012448332214,3,False,44.336209882577805,0.0,True,0
9,ElasticNet,1000.0,0.1,44.3362098825778,7.7183181737618956,-0.000987012448332214,3,False,44.336209882577805,0.0,True,0
9,ElasticNet,10000.0,0.1,44.3362098825778,7.7183181737618956,-0.000987012448332214,3,False,44.336209882577805,0.0,True,0
9,ElasticNet,100000.0,0.1,44.3362098825778,7.7183181737618956,-0.000987012448332214,3,False,44.336209882577805,0.0,True,0
9,ElasticNet,1000000.0,0.1,44.3362098825778,7.7183181737618956,-0.000987012448332214,3,False,44.336209882577805,0.0,True,0
9,ElasticNet,100.0,0.3,44.3362098825778,7.7183181737618956,-0.000987012448332214,3,False,44.336209882577805,0.0,True,0
9,ElasticNet,1000.0,0.3,44.3362098825778,7.7183181737618956,-0.000987012448332214,3,False,44.336209882577805,0.0,True,0
9,ElasticNet,10000.0,0.3,44.3362098825778,7.7183181737618956,-0.000987012448332214,3,False,44.336209882577805,0.0,True,0
9,ElasticNet,100000.0,0.3,44.3362098825778,7.7183181737618956,-0.000987012448332214,3,False,44.336209882577805,0.0,True,0
9,ElasticNet,1000000.0,0.3,44.3362098825778,7.7183181737618956,-0.000987012448332214,3,False,44.336209882577805,0.0,True,0
9,ElasticNet,10.0,0.5,44.3362098825778,7.7183181737618956,-0.000987012448332214,3,False,44.336209882577805,0.0,True,0
9,ElasticNet,100.0,0.5,44.3362098825778,7.7183181737618956,-0.000987012448332214,3,False,44.336209882577805,0.0,True,0
9,ElasticNet,1000.0,0.5,44.3362098825778,7.7183181737618956,-0.000987012448332214,3,False,44.336209882577805,0.0,True,0
9,ElasticNet,10000.0,0.5,44.3362098825778,7.7183181737618956,-0.000987012448332214,3,False,44.336209882577805,0.0,True,0
9,ElasticNet,100000.0,0.5,44.3362098825778,7.7183181737618956,-0.000987012448332214,3,False,44.336209882577805,0.0,True,0
9,ElasticNet,1000000.0,0.5,44.3362098825778,7.7183181737618956,-0.000987012448332214,3,False,44.336209882577805,0.0,True,0
9,ElasticNet,10.0,0.7,44.3362098825778,7.7183181737618956,-0.000987012448332214,3,False,44.336209882577805,0.0,True,0
9,ElasticNet,100.0,0.7,44.3362098825778,7.7183181737618956,-0.000987012448332214,3,False,44.336209882577805,0.0,True,0
9,ElasticNet,1000.0,0.7,44.3362098825778,7.7183181737618956,-0.000987012448332214,3,False,44.336209882577805,0.0,True,0
9,ElasticNet,10000.0,0.7,44.3362098825778,7.7183181737618956,-0.000987012448332214,3,False,44.336209882577805,0.0,True,0
9,ElasticNet,100000.0,0.7,44.3362098825778,7.7183181737618956,-0.000987012448332214,3,False,44.336209882577805,0.0,True,0
9,ElasticNet,1000000.0,0.7,44.3362098825778,7.7183181737618956,-0.000987012448332214,3,False,44.336209882577805,0.0,True,0
9,ElasticNet,10.0,0.9,44.3362098825778,7.7183181737618956,-0.000987012448332214,3,False,44.336209882577805,0.0,True,0
9,ElasticNet,100.0,0.9,44.3362098825778,7.7183181737618956,-0.000987012448332214,3,False,44.336209882577805,0.0,True,0
9,ElasticNet,1000.0,0.9,44.3362098825778,7.7183181737618956,-0.000987012448332214,3,False,44.336209882577805,0.0,True,0
9,ElasticNet,10000.0,0.9,44.3362098825778,7.7183181737618956,-0.000987012448332214,3,False,44.336209882577805,0.0,True,0
9,ElasticNet,100000.0,0.9,44.3362098825778,7.7183181737618956,-0.000987012448332214,3,False,44.336209882577805,0.0,True,0
9,ElasticNet,1000000.0,0.9,44.3362098825778,7.7183181737618956,-0.000987012448332214,3,False,44.336209882577805,0.0,True,0
9,ElasticNet,10.0,0.95,44.3362098825778,7.7183181737618956,-0.000987012448332214,3,False,44.336209882577805,0.0,True,0
9,ElasticNet,100.0,0.95,44.3362098825778,7.7183181737618956,-0.000987012448332214,3,False,44.336209882577805,0.0,True,0
9,ElasticNet,1000.0,0.95,44.3362098825778,7.7183181737618956,-0.000987012448332214,3,False,44.336209882577805,0.0,True,0
9,ElasticNet,10000.0,0.95,44.3362098825778,7.7183181737618956,-0.000987012448332214,3,False,44.336209882577805,0.0,True,0
9,ElasticNet,100000.0,0.95,44.3362098825778,7.7183181737618956,-0.000987012448332214,3,False,44.336209882577805,0.0,True,0
9,ElasticNet,1000000.0,0.95,44.3362098825778,7.7183181737618956,-0.000987012448332214,3,False,44.336209882577805,0.0,True,0
10,LASSO,10.0,1.0,44.3362098825778,7.7183181737618956,-0.000987012448332214,3,False,44.336209882577805,0.0,True,0
10,LASSO,100.0,1.0,44.3362098825778,7.7183181737618956,-0.000987012448332214,3,False,44.336209882577805,0.0,True,0
10,LASSO,1000.0,1.0,44.3362098825778,7.7183181737618956,-0.000987012448332214,3,False,44.336209882577805,0.0,True,0
10,LASSO,10000.0,1.0,44.3362098825778,7.7183181737618956,-0.000987012448332214,3,False,44.336209882577805,0.0,True,0
10,LASSO,100000.0,1.0,44.3362098825778,7.7183181737618956,-0.000987012448332214,3,False,44.336209882577805,0.0,True,0
10,LASSO,1000000.0,1.0,44.3362098825778,7.7183181737618956,-0.000987012448332214,3,False,44.336209882577805,0.0,True,0
11,LASSO,10.0,1.0,44.3362098825778,7.7183181737618956,-0.000987012448332214,3,False,44.336209882577805,0.0,True,0
11,LASSO,100.0,1.0,44.3362098825778,7.7183181737618956,-0.000987012448332214,3,False,44.336209882577805,0.0,True,0
11,LASSO,1000.0,1.0,44.3362098825778,7.7183181737618956,-0.000987012448332214,3,False,44.336209882577805,0.0,True,0
11,LASSO,10000.0,1.0,44.3362098825778,7.7183181737618956,-0.000987012448332214,3,False,44.336209882577805,0.0,True,0
11,LASSO,100000.0,1.0,44.3362098825778,7.7183181737618956,-0.000987012448332214,3,False,44.336209882577805,0.0,True,0
11,LASSO,1000000.0,1.0,44.3362098825778,7.7183181737618956,-0.000987012448332214,3,False,44.336209882577805,0.0,True,0
11,ElasticNet,100.0,0.1,44.3362098825778,7.7183181737618956,-0.000987012448332214,3,False,44.336209882577805,0.0,True,0
11,ElasticNet,1000.0,0.1,44.3362098825778,7.7183181737618956,-0.000987012448332214,3,False,44.336209882577805,0.0,True,0
11,ElasticNet,10000.0,0.1,44.3362098825778,7.7183181737618956,-0.000987012448332214,3,False,44.336209882577805,0.0,True,0
11,ElasticNet,100000.0,0.1,44.3362098825778,7.7183181737618956,-0.000987012448332214,3,False,44.336209882577805,0.0,True,0
11,ElasticNet,1000000.0,0.1,44.3362098825778,7.7183181737618956,-0.000987012448332214,3,False,44.336209882577805,0.0,True,0
11,ElasticNet,100.0,0.3,44.3362098825778,7.7183181737618956,-0.000987012448332214,3,False,44.336209882577805,0.0,True,0
11,ElasticNet,1000.0,0.3,44.3362098825778,7.7183181737618956,-0.000987012448332214,3,False,44.336209882577805,0.0,True,0
11,ElasticNet,10000.0,0.3,44.3362098825778,7.7183181737618956,-0.000987012448332214,3,False,44.336209882577805,0.0,True,0
11,ElasticNet,100000.0,0.3,44.3362098825778,7.7183181737618956,-0.000987012448332214,3,False,44.336209882577805,0.0,True,0
11,ElasticNet,1000000.0,0.3,44.3362098825778,7.7183181737618956,-0.000987012448332214,3,False,44.336209882577805,0.0,True,0
11,ElasticNet,10.0,0.5,44.3362098825778,7.7183181737618956,-0.000987012448332214,3,False,44.336209882577805,0.0,True,0
11,ElasticNet,100.0,0.5,44.3362098825778,7.7183181737618956,-0.000987012448332214,3,False,44.336209882577805,0.0,True,0
11,ElasticNet,1000.0,0.5,44.3362098825778,7.7183181737618956,-0.000987012448332214,3,False,44.336209882577805,0.0,True,0
11,ElasticNet,10000.0,0.5,44.3362098825778,7.7183181737618956,-0.000987012448332214,3,False,44.336209882577805,0.0,True,0
11,ElasticNet,100000.0,0.5,44.3362098825778,7.7183181737618956,-0.000987012448332214,3,False,44.336209882577805,0.0,True,0
11,ElasticNet,1000000.0,0.5,44.3362098825778,7.7183181737618956,-0.000987012448332214,3,False,44.336209882577805,0.0,True,0
11,ElasticNet,10.0,0.7,44.3362098825778,7.7183181737618956,-0.000987012448332214,3,False,44.336209882577805,0.0,True,0
11,ElasticNet,100.0,0.7,44.3362098825778,7.7183181737618956,-0.000987012448332214,3,False,44.336209882577805,0.0,True,0
11,ElasticNet,1000.0,0.7,44.3362098825778,7.7183181737618956,-0.000987012448332214,3,False,44.336209882577805,0.0,True,0
11,ElasticNet,10000.0,0.7,44.3362098825778,7.7183181737618956,-0.000987012448332214,3,False,44.336209882577805,0.0,True,0
11,ElasticNet,100000.0,0.7,44.3362098825778,7.7183181737618956,-0.000987012448332214,3,False,44.336209882577805,0.0,True,0
11,ElasticNet,1000000.0,0.7,44.3362098825778,7.7183181737618956,-0.000987012448332214,3,False,44.336209882577805,0.0,True,0
11,ElasticNet,10.0,0.9,44.3362098825778,7.7183181737618956,-0.000987012448332214,3,False,44.336209882577805,0.0,True,0
11,ElasticNet,100.0,0.9,44.3362098825778,7.7183181737618956,-0.000987012448332214,3,False,44.336209882577805,0.0,True,0
11,ElasticNet,1000.0,0.9,44.3362098825778,7.7183181737618956,-0.000987012448332214,3,False,44.336209882577805,0.0,True,0
11,ElasticNet,10000.0,0.9,44.3362098825778,7.7183181737618956,-0.000987012448332214,3,False,44.336209882577805,0.0,True,0
11,ElasticNet,100000.0,0.9,44.3362098825778,7.7183181737618956,-0.000987012448332214,3,False,44.336209882577805,0.0,True,0
11,ElasticNet,1000000.0,0.9,44.3362098825778,7.7183181737618956,-0.000987012448332214,3,False,44.336209882577805,0.0,True,0
11,ElasticNet,10.0,0.95,44.3362098825778,7.7183181737618956,-0.000987012448332214,3,False,44.336209882577805,0.0,True,0
11,ElasticNet,100.0,0.95,44.3362098825778,7.7183181737618956,-0.000987012448332214,3,False,44.336209882577805,0.0,True,0
11,ElasticNet,1000.0,0.95,44.3362098825778,7.7183181737618956,-0.000987012448332214,3,False,44.336209882577805,0.0,True,0
11,ElasticNet,10000.0,0.95,44.3362098825778,7.7183181737618956,-0.000987012448332214,3,False,44.336209882577805,0.0,True,0
11,ElasticNet,100000.0,0.95,44.3362098825778,7.7183181737618956,-0.000987012448332214,3,False,44.336209882577805,0.0,True,0
11,ElasticNet,1000000.0,0.95,44.3362098825778,7.7183181737618956,-0.000987012448332214,3,False,44.336209882577805,0.0,True,0
12,LASSO,10.0,1.0,44.3362098825778,7.7183181737618956,-0.000987012448332214,3,False,44.336209882577805,0.0,True,0
12,LASSO,100.0,1.0,44.3362098825778,7.7183181737618956,-0.000987012448332214,3,False,44.336209882577805,0.0,True,0
12,LASSO,1000.0,1.0,44.3362098825778,7.7183181737618956,-0.000987012448332214,3,False,44.336209882577805,0.0,True,0
12,LASSO,10000.0,1.0,44.3362098825778,7.7183181737618956,-0.000987012448332214,3,False,44.336209882577805,0.0,True,0
12,LASSO,100000.0,1.0,44.3362098825778,7.7183181737618956,-0.000987012448332214,3,False,44.336209882577805,0.0,True,0
12,LASSO,1000000.0,1.0,44.3362098825778,7.7183181737618956,-0.000987012448332214,3,False,44.336209882577805,0.0,True,0
12,ElasticNet,100.0,0.1,44.3362098825778,7.7183181737618956,-0.000987012448332214,3,False,44.336209882577805,0.0,True,0
12,ElasticNet,1000.0,0.1,44.3362098825778,7.7183181737618956,-0.000987012448332214,3,False,44.336209882577805,0.0,True,0
12,ElasticNet,10000.0,0.1,44.3362098825778,7.7183181737618956,-0.000987012448332214,3,False,44.336209882577805,0.0,True,0
12,ElasticNet,100000.0,0.1,44.3362098825778,7.7183181737618956,-0.000987012448332214,3,False,44.336209882577805,0.0,True,0
12,ElasticNet,1000000.0,0.1,44.3362098825778,7.7183181737618956,-0.000987012448332214,3,False,44.336209882577805,0.0,True,0
12,ElasticNet,100.0,0.3,44.3362098825778,7.7183181737618956,-0.000987012448332214,3,False,44.336209882577805,0.0,True,0
12,ElasticNet,1000.0,0.3,44.3362098825778,7.7183181737618956,-0.000987012448332214,3,False,44.336209882577805,0.0,True,0
12,ElasticNet,10000.0,0.3,44.3362098825778,7.7183181737618956,-0.000987012448332214,3,False,44.336209882577805,0.0,True,0
12,ElasticNet,100000.0,0.3,44.3362098825778,7.7183181737618956,-0.000987012448332214,3,False,44.336209882577805,0.0,True,0
12,ElasticNet,1000000.0,0.3,44.3362098825778,7.7183181737618956,-0.000987012448332214,3,False,44.336209882577805,0.0,True,0
12,ElasticNet,10.0,0.5,44.3362098825778,7.7183181737618956,-0.000987012448332214,3,False,44.336209882577805,0.0,True,0
12,ElasticNet,100.0,0.5,44.3362098825778,7.7183181737618956,-0.000987012448332214,3,False,44.336209882577805,0.0,True,0
12,ElasticNet,1000.0,0.5,44.3362098825778,7.7183181737618956,-0.000987012448332214,3,False,44.336209882577805,0.0,True,0
12,ElasticNet,10000.0,0.5,44.3362098825778,7.7183181737618956,-0.000987012448332214,3,False,44.336209882577805,0.0,True,0
12,ElasticNet,100000.0,0.5,44.3362098825778,7.7183181737618956,-0.000987012448332214,3,False,44.336209882577805,0.0,True,0
12,ElasticNet,1000000.0,0.5,44.3362098825778,7.7183181737618956,-0.000987012448332214,3,False,44.336209882577805,0.0,True,0
12,ElasticNet,10.0,0.7,44.3362098825778,7.7183181737618956,-0.000987012448332214,3,False,44.336209882577805,0.0,True,0
12,ElasticNet,100.0,0.7,44.3362098825778,7.7183181737618956,-0.000987012448332214,3,False,44.336209882577805,0.0,True,0
12,ElasticNet,1000.0,0.7,44.3362098825778,7.7183181737618956,-0.000987012448332214,3,False,44.336209882577805,0.0,True,0
12,ElasticNet,10000.0,0.7,44.3362098825778,7.7183181737618956,-0.000987012448332214,3,False,44.336209882577805,0.0,True,0
12,ElasticNet,100000.0,0.7,44.3362098825778,7.7183181737618956,-0.000987012448332214,3,False,44.336209882577805,0.0,True,0
12,ElasticNet,1000000.0,0.7,44.3362098825778,7.7183181737618956,-0.000987012448332214,3,False,44.336209882577805,0.0,True,0
12,ElasticNet,10.0,0.9,44.3362098825778,7.7183181737618956,-0.000987012448332214,3,False,44.336209882577805,0.0,True,0
12,ElasticNet,100.0,0.9,44.3362098825778,7.7183181737618956,-0.000987012448332214,3,False,44.336209882577805,0.0,True,0
12,ElasticNet,1000.0,0.9,44.3362098825778,7.7183181737618956,-0.000987012448332214,3,False,44.336209882577805,0.0,True,0
12,ElasticNet,10000.0,0.9,44.3362098825778,7.7183181737618956,-0.000987012448332214,3,False,44.336209882577805,0.0,True,0
12,ElasticNet,100000.0,0.9,44.3362098825778,7.7183181737618956,-0.000987012448332214,3,False,44.336209882577805,0.0,True,0
12,ElasticNet,1000000.0,0.9,44.3362098825778,7.7183181737618956,-0.000987012448332214,3,False,44.336209882577805,0.0,True,0
12,ElasticNet,10.0,0.95,44.3362098825778,7.7183181737618956,-0.000987012448332214,3,False,44.336209882577805,0.0,True,0
12,ElasticNet,100.0,0.95,44.3362098825778,7.7183181737618956,-0.000987012448332214,3,False,44.336209882577805,0.0,True,0
12,ElasticNet,1000.0,0.95,44.3362098825778,7.7183181737618956,-0.000987012448332214,3,False,44.336209882577805,0.0,True,0
12,ElasticNet,10000.0,0.95,44.3362098825778,7.7183181737618956,-0.000987012448332214,3,False,44.336209882577805,0.0,True,0
12,ElasticNet,100000.0,0.95,44.3362098825778,7.7183181737618956,-0.000987012448332214,3,False,44.336209882577805,0.0,True,0
12,ElasticNet,1000000.0,0.95,44.3362098825778,7.7183181737618956,-0.000987012448332214,3,False,44.336209882577805,0.0,True,0
13,LASSO,10.0,1.0,44.3362098825778,7.7183181737618956,-0.000987012448332214,3,False,44.336209882577805,0.0,True,0
13,LASSO,100.0,1.0,44.3362098825778,7.7183181737618956,-0.000987012448332214,3,False,44.336209882577805,0.0,True,0
13,LASSO,1000.0,1.0,44.3362098825778,7.7183181737618956,-0.000987012448332214,3,False,44.336209882577805,0.0,True,0
13,LASSO,10000.0,1.0,44.3362098825778,7.7183181737618956,-0.000987012448332214,3,False,44.336209882577805,0.0,True,0
13,LASSO,100000.0,1.0,44.3362098825778,7.7183181737618956,-0.000987012448332214,3,False,44.336209882577805,0.0,True,0
13,LASSO,1000000.0,1.0,44.3362098825778,7.7183181737618956,-0.000987012448332214,3,False,44.336209882577805,0.0,True,0
13,ElasticNet,100.0,0.1,44.3362098825778,7.7183181737618956,-0.000987012448332214,3,False,44.336209882577805,0.0,True,0
13,ElasticNet,1000.0,0.1,44.3362098825778,7.7183181737618956,-0.000987012448332214,3,False,44.336209882577805,0.0,True,0
13,ElasticNet,10000.0,0.1,44.3362098825778,7.7183181737618956,-0.000987012448332214,3,False,44.336209882577805,0.0,True,0
13,ElasticNet,100000.0,0.1,44.3362098825778,7.7183181737618956,-0.000987012448332214,3,False,44.336209882577805,0.0,True,0
13,ElasticNet,1000000.0,0.1,44.3362098825778,7.7183181737618956,-0.000987012448332214,3,False,44.336209882577805,0.0,True,0
13,ElasticNet,100.0,0.3,44.3362098825778,7.7183181737618956,-0.000987012448332214,3,False,44.336209882577805,0.0,True,0
13,ElasticNet,1000.0,0.3,44.3362098825778,7.7183181737618956,-0.000987012448332214,3,False,44.336209882577805,0.0,True,0
13,ElasticNet,10000.0,0.3,44.3362098825778,7.7183181737618956,-0.000987012448332214,3,False,44.336209882577805,0.0,True,0
13,ElasticNet,100000.0,0.3,44.3362098825778,7.7183181737618956,-0.000987012448332214,3,False,44.336209882577805,0.0,True,0
13,ElasticNet,1000000.0,0.3,44.3362098825778,7.7183181737618956,-0.000987012448332214,3,False,44.336209882577805,0.0,True,0
13,ElasticNet,10.0,0.5,44.3362098825778,7.7183181737618956,-0.000987012448332214,3,False,44.336209882577805,0.0,True,0
13,ElasticNet,100.0,0.5,44.3362098825778,7.7183181737618956,-0.000987012448332214,3,False,44.336209882577805,0.0,True,0
13,ElasticNet,1000.0,0.5,44.3362098825778,7.7183181737618956,-0.000987012448332214,3,False,44.336209882577805,0.0,True,0
13,ElasticNet,10000.0,0.5,44.3362098825778,7.7183181737618956,-0.000987012448332214,3,False,44.336209882577805,0.0,True,0
13,ElasticNet,100000.0,0.5,44.3362098825778,7.7183181737618956,-0.000987012448332214,3,False,44.336209882577805,0.0,True,0
13,ElasticNet,1000000.0,0.5,44.3362098825778,7.7183181737618956,-0.000987012448332214,3,False,44.336209882577805,0.0,True,0
13,ElasticNet,10.0,0.7,44.3362098825778,7.7183181737618956,-0.000987012448332214,3,False,44.336209882577805,0.0,True,0
13,ElasticNet,100.0,0.7,44.3362098825778,7.7183181737618956,-0.000987012448332214,3,False,44.336209882577805,0.0,True,0
13,ElasticNet,1000.0,0.7,44.3362098825778,7.7183181737618956,-0.000987012448332214,3,False,44.336209882577805,0.0,True,0
13,ElasticNet,10000.0,0.7,44.3362098825778,7.7183181737618956,-0.000987012448332214,3,False,44.336209882577805,0.0,True,0
13,ElasticNet,100000.0,0.7,44.3362098825778,7.7183181737618956,-0.000987012448332214,3,False,44.336209882577805,0.0,True,0
13,ElasticNet,1000000.0,0.7,44.3362098825778,7.7183181737618956,-0.000987012448332214,3,False,44.336209882577805,0.0,True,0
13,ElasticNet,10.0,0.9,44.3362098825778,7.7183181737618956,-0.000987012448332214,3,False,44.336209882577805,0.0,True,0
13,ElasticNet,100.0,0.9,44.3362098825778,7.7183181737618956,-0.000987012448332214,3,False,44.336209882577805,0.0,True,0
13,ElasticNet,1000.0,0.9,44.3362098825778,7.7183181737618956,-0.000987012448332214,3,False,44.336209882577805,0.0,True,0
13,ElasticNet,10000.0,0.9,44.3362098825778,7.7183181737618956,-0.000987012448332214,3,False,44.336209882577805,0.0,True,0
13,ElasticNet,100000.0,0.9,44.3362098825778,7.7183181737618956,-0.000987012448332214,3,False,44.336209882577805,0.0,True,0
13,ElasticNet,1000000.0,0.9,44.3362098825778,7.7183181737618956,-0.000987012448332214,3,False,44.336209882577805,0.0,True,0
13,ElasticNet,10.0,0.95,44.3362098825778,7.7183181737618956,-0.000987012448332214,3,False,44.336209882577805,0.0,True,0
13,ElasticNet,100.0,0.95,44.3362098825778,7.7183181737618956,-0.000987012448332214,3,False,44.336209882577805,0.0,True,0
13,ElasticNet,1000.0,0.95,44.3362098825778,7.7183181737618956,-0.000987012448332214,3,False,44.336209882577805,0.0,True,0
13,ElasticNet,10000.0,0.95,44.3362098825778,7.7183181737618956,-0.000987012448332214,3,False,44.336209882577805,0.0,True,0
13,ElasticNet,100000.0,0.95,44.3362098825778,7.7183181737618956,-0.000987012448332214,3,False,44.336209882577805,0.0,True,0
13,ElasticNet,1000000.0,0.95,44.3362098825778,7.7183181737618956,-0.000987012448332214,3,False,44.336209882577805,0.0,True,0
14,LASSO,10.0,1.0,44.3362098825778,7.7183181737618956,-0.000987012448332214,3,False,44.336209882577805,0.0,True,0
14,LASSO,100.0,1.0,44.3362098825778,7.7183181737618956,-0.000987012448332214,3,False,44.336209882577805,0.0,True,0
14,LASSO,1000.0,1.0,44.3362098825778,7.7183181737618956,-0.000987012448332214,3,False,44.336209882577805,0.0,True,0
14,LASSO,10000.0,1.0,44.3362098825778,7.7183181737618956,-0.000987012448332214,3,False,44.336209882577805,0.0,True,0
14,LASSO,100000.0,1.0,44.3362098825778,7.7183181737618956,-0.000987012448332214,3,False,44.336209882577805,0.0,True,0
14,LASSO,1000000.0,1.0,44.3362098825778,7.7183181737618956,-0.000987012448332214,3,False,44.336209882577805,0.0,True,0
14,ElasticNet,100.0,0.1,44.3362098825778,7.7183181737618956,-0.000987012448332214,3,False,44.336209882577805,0.0,True,0
14,ElasticNet,1000.0,0.1,44.3362098825778,7.7183181737618956,-0.000987012448332214,3,False,44.336209882577805,0.0,True,0
14,ElasticNet,10000.0,0.1,44.3362098825778,7.7183181737618956,-0.000987012448332214,3,False,44.336209882577805,0.0,True,0
14,ElasticNet,100000.0,0.1,44.3362098825778,7.7183181737618956,-0.000987012448332214,3,False,44.336209882577805,0.0,True,0
14,ElasticNet,1000000.0,0.1,44.3362098825778,7.7183181737618956,-0.000987012448332214,3,False,44.336209882577805,0.0,True,0
14,ElasticNet,100.0,0.3,44.3362098825778,7.7183181737618956,-0.000987012448332214,3,False,44.336209882577805,0.0,True,0
14,ElasticNet,1000.0,0.3,44.3362098825778,7.7183181737618956,-0.000987012448332214,3,False,44.336209882577805,0.0,True,0
14,ElasticNet,10000.0,0.3,44.3362098825778,7.7183181737618956,-0.000987012448332214,3,False,44.336209882577805,0.0,True,0
14,ElasticNet,100000.0,0.3,44.3362098825778,7.7183181737618956,-0.000987012448332214,3,False,44.336209882577805,0.0,True,0
14,ElasticNet,1000000.0,0.3,44.3362098825778,7.7183181737618956,-0.000987012448332214,3,False,44.336209882577805,0.0,True,0
14,ElasticNet,10.0,0.5,44.3362098825778,7.7183181737618956,-0.000987012448332214,3,False,44.336209882577805,0.0,True,0
14,ElasticNet,100.0,0.5,44.3362098825778,7.7183181737618956,-0.000987012448332214,3,False,44.336209882577805,0.0,True,0
14,ElasticNet,1000.0,0.5,44.3362098825778,7.7183181737618956,-0.000987012448332214,3,False,44.336209882577805,0.0,True,0
14,ElasticNet,10000.0,0.5,44.3362098825778,7.7183181737618956,-0.000987012448332214,3,False,44.336209882577805,0.0,True,0
14,ElasticNet,100000.0,0.5,44.3362098825778,7.7183181737618956,-0.000987012448332214,3,False,44.336209882577805,0.0,True,0
14,ElasticNet,1000000.0,0.5,44.3362098825778,7.7183181737618956,-0.000987012448332214,3,False,44.336209882577805,0.0,True,0
14,ElasticNet,10.0,0.7,44.3362098825778,7.7183181737618956,-0.000987012448332214,3,False,44.336209882577805,0.0,True,0
14,ElasticNet,100.0,0.7,44.3362098825778,7.7183181737618956,-0.000987012448332214,3,False,44.336209882577805,0.0,True,0
14,ElasticNet,1000.0,0.7,44.3362098825778,7.7183181737618956,-0.000987012448332214,3,False,44.336209882577805,0.0,True,0
14,ElasticNet,10000.0,0.7,44.3362098825778,7.7183181737618956,-0.000987012448332214,3,False,44.336209882577805,0.0,True,0
14,ElasticNet,100000.0,0.7,44.3362098825778,7.7183181737618956,-0.000987012448332214,3,False,44.336209882577805,0.0,True,0
14,ElasticNet,1000000.0,0.7,44.3362098825778,7.7183181737618956,-0.000987012448332214,3,False,44.336209882577805,0.0,True,0
14,ElasticNet,10.0,0.9,44.3362098825778,7.7183181737618956,-0.000987012448332214,3,False,44.336209882577805,0.0,True,0
14,ElasticNet,100.0,0.9,44.3362098825778,7.7183181737618956,-0.000987012448332214,3,False,44.336209882577805,0.0,True,0
14,ElasticNet,1000.0,0.9,44.3362098825778,7.7183181737618956,-0.000987012448332214,3,False,44.336209882577805,0.0,True,0
14,ElasticNet,10000.0,0.9,44.3362098825778,7.7183181737618956,-0.000987012448332214,3,False,44.336209882577805,0.0,True,0
14,ElasticNet,100000.0,0.9,44.3362098825778,7.7183181737618956,-0.000987012448332214,3,False,44.336209882577805,0.0,True,0
14,ElasticNet,1000000.0,0.9,44.3362098825778,7.7183181737618956,-0.000987012448332214,3,False,44.336209882577805,0.0,True,0
14,ElasticNet,10.0,0.95,44.3362098825778,7.7183181737618956,-0.000987012448332214,3,False,44.336209882577805,0.0,True,0
14,ElasticNet,100.0,0.95,44.3362098825778,7.7183181737618956,-0.000987012448332214,3,False,44.336209882577805,0.0,True,0
14,ElasticNet,1000.0,0.95,44.3362098825778,7.7183181737618956,-0.000987012448332214,3,False,44.336209882577805,0.0,True,0
14,ElasticNet,10000.0,0.95,44.3362098825778,7.7183181737618956,-0.000987012448332214,3,False,44.336209882577805,0.0,True,0
14,ElasticNet,100000.0,0.95,44.3362098825778,7.7183181737618956,-0.000987012448332214,3,False,44.336209882577805,0.0,True,0
14,ElasticNet,1000000.0,0.95,44.3362098825778,7.7183181737618956,-0.000987012448332214,3,False,44.336209882577805,0.0,True,0
15,LASSO,10.0,1.0,44.3362098825778,7.7183181737618956,-0.000987012448332214,3,False,44.336209882577805,0.0,True,0
15,LASSO,100.0,1.0,44.3362098825778,7.7183181737618956,-0.000987012448332214,3,False,44.336209882577805,0.0,True,0
15,LASSO,1000.0,1.0,44.3362098825778,7.7183181737618956,-0.000987012448332214,3,False,44.336209882577805,0.0,True,0
15,LASSO,10000.0,1.0,44.3362098825778,7.7183181737618956,-0.000987012448332214,3,False,44.336209882577805,0.0,True,0
15,LASSO,100000.0,1.0,44.3362098825778,7.7183181737618956,-0.000987012448332214,3,False,44.336209882577805,0.0,True,0
15,LASSO,1000000.0,1.0,44.3362098825778,7.7183181737618956,-0.000987012448332214,3,False,44.336209882577805,0.0,True,0
15,ElasticNet,100.0,0.1,44.3362098825778,7.7183181737618956,-0.000987012448332214,3,False,44.336209882577805,0.0,True,0
15,ElasticNet,1000.0,0.1,44.3362098825778,7.7183181737618956,-0.000987012448332214,3,False,44.336209882577805,0.0,True,0
15,ElasticNet,10000.0,0.1,44.3362098825778,7.7183181737618956,-0.000987012448332214,3,False,44.336209882577805,0.0,True,0
15,ElasticNet,100000.0,0.1,44.3362098825778,7.7183181737618956,-0.000987012448332214,3,False,44.336209882577805,0.0,True,0
15,ElasticNet,1000000.0,0.1,44.3362098825778,7.7183181737618956,-0.000987012448332214,3,False,44.336209882577805,0.0,True,0
15,ElasticNet,100.0,0.3,44.3362098825778,7.7183181737618956,-0.000987012448332214,3,False,44.336209882577805,0.0,True,0
15,ElasticNet,1000.0,0.3,44.3362098825778,7.7183181737618956,-0.000987012448332214,3,False,44.336209882577805,0.0,True,0
15,ElasticNet,10000.0,0.3,44.3362098825778,7.7183181737618956,-0.000987012448332214,3,False,44.336209882577805,0.0,True,0
15,ElasticNet,100000.0,0.3,44.3362098825778,7.7183181737618956,-0.000987012448332214,3,False,44.336209882577805,0.0,True,0
15,ElasticNet,1000000.0,0.3,44.3362098825778,7.7183181737618956,-0.000987012448332214,3,False,44.336209882577805,0.0,True,0
15,ElasticNet,10.0,0.5,44.3362098825778,7.7183181737618956,-0.000987012448332214,3,False,44.336209882577805,0.0,True,0
15,ElasticNet,100.0,0.5,44.3362098825778,7.7183181737618956,-0.000987012448332214,3,False,44.336209882577805,0.0,True,0
15,ElasticNet,1000.0,0.5,44.3362098825778,7.7183181737618956,-0.000987012448332214,3,False,44.336209882577805,0.0,True,0
15,ElasticNet,10000.0,0.5,44.3362098825778,7.7183181737618956,-0.000987012448332214,3,False,44.336209882577805,0.0,True,0
15,ElasticNet,100000.0,0.5,44.3362098825778,7.7183181737618956,-0.000987012448332214,3,False,44.336209882577805,0.0,True,0
15,ElasticNet,1000000.0,0.5,44.3362098825778,7.7183181737618956,-0.000987012448332214,3,False,44.336209882577805,0.0,True,0
15,ElasticNet,10.0,0.7,44.3362098825778,7.7183181737618956,-0.000987012448332214,3,False,44.336209882577805,0.0,True,0
15,ElasticNet,100.0,0.7,44.3362098825778,7.7183181737618956,-0.000987012448332214,3,False,44.336209882577805,0.0,True,0
15,ElasticNet,1000.0,0.7,44.3362098825778,7.7183181737618956,-0.000987012448332214,3,False,44.336209882577805,0.0,True,0
15,ElasticNet,10000.0,0.7,44.3362098825778,7.7183181737618956,-0.000987012448332214,3,False,44.336209882577805,0.0,True,0
15,ElasticNet,100000.0,0.7,44.3362098825778,7.7183181737618956,-0.000987012448332214,3,False,44.336209882577805,0.0,True,0
15,ElasticNet,1000000.0,0.7,44.3362098825778,7.7183181737618956,-0.000987012448332214,3,False,44.336209882577805,0.0,True,0
15,ElasticNet,10.0,0.9,44.3362098825778,7.7183181737618956,-0.000987012448332214,3,False,44.336209882577805,0.0,True,0
15,ElasticNet,100.0,0.9,44.3362098825778,7.7183181737618956,-0.000987012448332214,3,False,44.336209882577805,0.0,True,0
15,ElasticNet,1000.0,0.9,44.3362098825778,7.7183181737618956,-0.000987012448332214,3,False,44.336209882577805,0.0,True,0
15,ElasticNet,10000.0,0.9,44.3362098825778,7.7183181737618956,-0.000987012448332214,3,False,44.336209882577805,0.0,True,0
15,ElasticNet,100000.0,0.9,44.3362098825778,7.7183181737618956,-0.000987012448332214,3,False,44.336209882577805,0.0,True,0
15,ElasticNet,1000000.0,0.9,44.3362098825778,7.7183181737618956,-0.000987012448332214,3,False,44.336209882577805,0.0,True,0
15,ElasticNet,10.0,0.95,44.3362098825778,7.7183181737618956,-0.000987012448332214,3,False,44.336209882577805,0.0,True,0
15,ElasticNet,100.0,0.95,44.3362098825778,7.7183181737618956,-0.000987012448332214,3,False,44.336209882577805,0.0,True,0
15,ElasticNet,1000.0,0.95,44.3362098825778,7.7183181737618956,-0.000987012448332214,3,False,44.336209882577805,0.0,True,0
15,ElasticNet,10000.0,0.95,44.3362098825778,7.7183181737618956,-0.000987012448332214,3,False,44.336209882577805,0.0,True,0
15,ElasticNet,100000.0,0.95,44.3362098825778,7.7183181737618956,-0.000987012448332214,3,False,44.336209882577805,0.0,True,0
15,ElasticNet,1000000.0,0.95,44.3362098825778,7.7183181737618956,-0.000987012448332214,3,False,44.336209882577805,0.0,True,0
16,LASSO,10.0,1.0,44.3362098825778,7.7183181737618956,-0.000987012448332214,3,False,44.336209882577805,0.0,True,0
16,LASSO,100.0,1.0,44.3362098825778,7.7183181737618956,-0.000987012448332214,3,False,44.336209882577805,0.0,True,0
16,LASSO,1000.0,1.0,44.3362098825778,7.7183181737618956,-0.000987012448332214,3,False,44.336209882577805,0.0,True,0
16,LASSO,10000.0,1.0,44.3362098825778,7.7183181737618956,-0.000987012448332214,3,False,44.336209882577805,0.0,True,0
16,LASSO,100000.0,1.0,44.3362098825778,7.7183181737618956,-0.000987012448332214,3,False,44.336209882577805,0.0,True,0
16,LASSO,1000000.0,1.0,44.3362098825778,7.7183181737618956,-0.000987012448332214,3,False,44.336209882577805,0.0,True,0
16,ElasticNet,100.0,0.1,44.3362098825778,7.7183181737618956,-0.000987012448332214,3,False,44.336209882577805,0.0,True,0
16,ElasticNet,1000.0,0.1,44.3362098825778,7.7183181737618956,-0.000987012448332214,3,False,44.336209882577805,0.0,True,0
16,ElasticNet,10000.0,0.1,44.3362098825778,7.7183181737618956,-0.000987012448332214,3,False,44.336209882577805,0.0,True,0
16,ElasticNet,100000.0,0.1,44.3362098825778,7.7183181737618956,-0.000987012448332214,3,False,44.336209882577805,0.0,True,0
16,ElasticNet,1000000.0,0.1,44.3362098825778,7.7183181737618956,-0.000987012448332214,3,False,44.336209882577805,0.0,True,0
16,ElasticNet,100.0,0.3,44.3362098825778,7.7183181737618956,-0.000987012448332214,3,False,44.336209882577805,0.0,True,0
16,ElasticNet,1000.0,0.3,44.3362098825778,7.7183181737618956,-0.000987012448332214,3,False,44.336209882577805,0.0,True,0
16,ElasticNet,10000.0,0.3,44.3362098825778,7.7183181737618956,-0.000987012448332214,3,False,44.336209882577805,0.0,True,0
16,ElasticNet,100000.0,0.3,44.3362098825778,7.7183181737618956,-0.000987012448332214,3,False,44.336209882577805,0.0,True,0
16,ElasticNet,1000000.0,0.3,44.3362098825778,7.7183181737618956,-0.000987012448332214,3,False,44.336209882577805,0.0,True,0
16,ElasticNet,10.0,0.5,44.3362098825778,7.7183181737618956,-0.000987012448332214,3,False,44.336209882577805,0.0,True,0
16,ElasticNet,100.0,0.5,44.3362098825778,7.7183181737618956,-0.000987012448332214,3,False,44.336209882577805,0.0,True,0
16,ElasticNet,1000.0,0.5,44.3362098825778,7.7183181737618956,-0.000987012448332214,3,False,44.336209882577805,0.0,True,0
16,ElasticNet,10000.0,0.5,44.3362098825778,7.7183181737618956,-0.000987012448332214,3,False,44.336209882577805,0.0,True,0
16,ElasticNet,100000.0,0.5,44.3362098825778,7.7183181737618956,-0.000987012448332214,3,False,44.336209882577805,0.0,True,0
16,ElasticNet,1000000.0,0.5,44.3362098825778,7.7183181737618956,-0.000987012448332214,3,False,44.336209882577805,0.0,True,0
16,ElasticNet,10.0,0.7,44.3362098825778,7.7183181737618956,-0.000987012448332214,3,False,44.336209882577805,0.0,True,0
16,ElasticNet,100.0,0.7,44.3362098825778,7.7183181737618956,-0.000987012448332214,3,False,44.336209882577805,0.0,True,0
16,ElasticNet,1000.0,0.7,44.3362098825778,7.7183181737618956,-0.000987012448332214,3,False,44.336209882577805,0.0,True,0
16,ElasticNet,10000.0,0.7,44.3362098825778,7.7183181737618956,-0.000987012448332214,3,False,44.336209882577805,0.0,True,0
16,ElasticNet,100000.0,0.7,44.3362098825778,7.7183181737618956,-0.000987012448332214,3,False,44.336209882577805,0.0,True,0
16,ElasticNet,1000000.0,0.7,44.3362098825778,7.7183181737618956,-0.000987012448332214,3,False,44.336209882577805,0.0,True,0
16,ElasticNet,10.0,0.9,44.3362098825778,7.7183181737618956,-0.000987012448332214,3,False,44.336209882577805,0.0,True,0
16,ElasticNet,100.0,0.9,44.3362098825778,7.7183181737618956,-0.000987012448332214,3,False,44.336209882577805,0.0,True,0
16,ElasticNet,1000.0,0.9,44.3362098825778,7.7183181737618956,-0.000987012448332214,3,False,44.336209882577805,0.0,True,0
16,ElasticNet,10000.0,0.9,44.3362098825778,7.7183181737618956,-0.000987012448332214,3,False,44.336209882577805,0.0,True,0
16,ElasticNet,100000.0,0.9,44.3362098825778,7.7183181737618956,-0.000987012448332214,3,False,44.336209882577805,0.0,True,0
16,ElasticNet,1000000.0,0.9,44.3362098825778,7.7183181737618956,-0.000987012448332214,3,False,44.336209882577805,0.0,True,0
16,ElasticNet,10.0,0.95,44.3362098825778,7.7183181737618956,-0.000987012448332214,3,False,44.336209882577805,0.0,True,0
16,ElasticNet,100.0,0.95,44.3362098825778,7.7183181737618956,-0.000987012448332214,3,False,44.336209882577805,0.0,True,0
16,ElasticNet,1000.0,0.95,44.3362098825778,7.7183181737618956,-0.000987012448332214,3,False,44.336209882577805,0.0,True,0
16,ElasticNet,10000.0,0.95,44.3362098825778,7.7183181737618956,-0.000987012448332214,3,False,44.336209882577805,0.0,True,0
16,ElasticNet,100000.0,0.95,44.3362098825778,7.7183181737618956,-0.000987012448332214,3,False,44.336209882577805,0.0,True,0
16,ElasticNet,1000000.0,0.95,44.3362098825778,7.7183181737618956,-0.000987012448332214,3,False,44.336209882577805,0.0,True,0
17,LASSO,10.0,1.0,44.3362098825778,7.7183181737618956,-0.000987012448332214,3,False,44.336209882577805,0.0,True,0
17,LASSO,100.0,1.0,44.3362098825778,7.7183181737618956,-0.000987012448332214,3,False,44.336209882577805,0.0,True,0
17,LASSO,1000.0,1.0,44.3362098825778,7.7183181737618956,-0.000987012448332214,3,False,44.336209882577805,0.0,True,0
17,LASSO,10000.0,1.0,44.3362098825778,7.7183181737618956,-0.000987012448332214,3,False,44.336209882577805,0.0,True,0
17,LASSO,100000.0,1.0,44.3362098825778,7.7183181737618956,-0.000987012448332214,3,False,44.336209882577805,0.0,True,0
17,LASSO,1000000.0,1.0,44.3362098825778,7.7183181737618956,-0.000987012448332214,3,False,44.336209882577805,0.0,True,0
17,ElasticNet,100.0,0.1,44.3362098825778,7.7183181737618956,-0.000987012448332214,3,False,44.336209882577805,0.0,True,0
17,ElasticNet,1000.0,0.1,44.3362098825778,7.7183181737618956,-0.000987012448332214,3,False,44.336209882577805,0.0,True,0
17,ElasticNet,10000.0,0.1,44.3362098825778,7.7183181737618956,-0.000987012448332214,3,False,44.336209882577805,0.0,True,0
17,ElasticNet,100000.0,0.1,44.3362098825778,7.7183181737618956,-0.000987012448332214,3,False,44.336209882577805,0.0,True,0
17,ElasticNet,1000000.0,0.1,44.3362098825778,7.7183181737618956,-0.000987012448332214,3,False,44.336209882577805,0.0,True,0
17,ElasticNet,100.0,0.3,44.3362098825778,7.7183181737618956,-0.000987012448332214,3,False,44.336209882577805,0.0,True,0
17,ElasticNet,1000.0,0.3,44.3362098825778,7.7183181737618956,-0.000987012448332214,3,False,44.336209882577805,0.0,True,0
17,ElasticNet,10000.0,0.3,44.3362098825778,7.7183181737618956,-0.000987012448332214,3,False,44.336209882577805,0.0,True,0
17,ElasticNet,100000.0,0.3,44.3362098825778,7.7183181737618956,-0.000987012448332214,3,False,44.336209882577805,0.0,True,0
17,ElasticNet,1000000.0,0.3,44.3362098825778,7.7183181737618956,-0.000987012448332214,3,False,44.336209882577805,0.0,True,0
17,ElasticNet,10.0,0.5,44.3362098825778,7.7183181737618956,-0.000987012448332214,3,False,44.336209882577805,0.0,True,0
17,ElasticNet,100.0,0.5,44.3362098825778,7.7183181737618956,-0.000987012448332214,3,False,44.336209882577805,0.0,True,0
17,ElasticNet,1000.0,0.5,44.3362098825778,7.7183181737618956,-0.000987012448332214,3,False,44.336209882577805,0.0,True,0
17,ElasticNet,10000.0,0.5,44.3362098825778,7.7183181737618956,-0.000987012448332214,3,False,44.336209882577805,0.0,True,0
17,ElasticNet,100000.0,0.5,44.3362098825778,7.7183181737618956,-0.000987012448332214,3,False,44.336209882577805,0.0,True,0
17,ElasticNet,1000000.0,0.5,44.3362098825778,7.7183181737618956,-0.000987012448332214,3,False,44.336209882577805,0.0,True,0
17,ElasticNet,10.0,0.7,44.3362098825778,7.7183181737618956,-0.000987012448332214,3,False,44.336209882577805,0.0,True,0
17,ElasticNet,100.0,0.7,44.3362098825778,7.7183181737618956,-0.000987012448332214,3,False,44.336209882577805,0.0,True,0
17,ElasticNet,1000.0,0.7,44.3362098825778,7.7183181737618956,-0.000987012448332214,3,False,44.336209882577805,0.0,True,0
17,ElasticNet,10000.0,0.7,44.3362098825778,7.7183181737618956,-0.000987012448332214,3,False,44.336209882577805,0.0,True,0
17,ElasticNet,100000.0,0.7,44.3362098825778,7.7183181737618956,-0.000987012448332214,3,False,44.336209882577805,0.0,True,0
17,ElasticNet,1000000.0,0.7,44.3362098825778,7.7183181737618956,-0.000987012448332214,3,False,44.336209882577805,0.0,True,0
17,ElasticNet,10.0,0.9,44.3362098825778,7.7183181737618956,-0.000987012448332214,3,False,44.336209882577805,0.0,True,0
17,ElasticNet,100.0,0.9,44.3362098825778,7.7183181737618956,-0.000987012448332214,3,False,44.336209882577805,0.0,True,0
17,ElasticNet,1000.0,0.9,44.3362098825778,7.7183181737618956,-0.000987012448332214,3,False,44.336209882577805,0.0,True,0
17,ElasticNet,10000.0,0.9,44.3362098825778,7.7183181737618956,-0.000987012448332214,3,False,44.336209882577805,0.0,True,0
17,ElasticNet,100000.0,0.9,44.3362098825778,7.7183181737618956,-0.000987012448332214,3,False,44.336209882577805,0.0,True,0
17,ElasticNet,1000000.0,0.9,44.3362098825778,7.7183181737618956,-0.000987012448332214,3,False,44.336209882577805,0.0,True,0
17,ElasticNet,10.0,0.95,44.3362098825778,7.7183181737618956,-0.000987012448332214,3,False,44.336209882577805,0.0,True,0
17,ElasticNet,100.0,0.95,44.3362098825778,7.7183181737618956,-0.000987012448332214,3,False,44.336209882577805,0.0,True,0
17,ElasticNet,1000.0,0.95,44.3362098825778,7.7183181737618956,-0.000987012448332214,3,False,44.336209882577805,0.0,True,0
17,ElasticNet,10000.0,0.95,44.3362098825778,7.7183181737618956,-0.000987012448332214,3,False,44.336209882577805,0.0,True,0
17,ElasticNet,100000.0,0.95,44.3362098825778,7.7183181737618956,-0.000987012448332214,3,False,44.336209882577805,0.0,True,0
17,ElasticNet,1000000.0,0.95,44.3362098825778,7.7183181737618956,-0.000987012448332214,3,False,44.336209882577805,0.0,True,0
18,LASSO,10.0,1.0,44.3362098825778,7.7183181737618956,-0.000987012448332214,3,False,44.336209882577805,0.0,True,0
18,LASSO,100.0,1.0,44.3362098825778,7.7183181737618956,-0.000987012448332214,3,False,44.336209882577805,0.0,True,0
18,LASSO,1000.0,1.0,44.3362098825778,7.7183181737618956,-0.000987012448332214,3,False,44.336209882577805,0.0,True,0
18,LASSO,10000.0,1.0,44.3362098825778,7.7183181737618956,-0.000987012448332214,3,False,44.336209882577805,0.0,True,0
18,LASSO,100000.0,1.0,44.3362098825778,7.7183181737618956,-0.000987012448332214,3,False,44.336209882577805,0.0,True,0
18,LASSO,1000000.0,1.0,44.3362098825778,7.7183181737618956,-0.000987012448332214,3,False,44.336209882577805,0.0,True,0
18,ElasticNet,100.0,0.1,44.3362098825778,7.7183181737618956,-0.000987012448332214,3,False,44.336209882577805,0.0,True,0
18,ElasticNet,1000.0,0.1,44.3362098825778,7.7183181737618956,-0.000987012448332214,3,False,44.336209882577805,0.0,True,0
18,ElasticNet,10000.0,0.1,44.3362098825778,7.7183181737618956,-0.000987012448332214,3,False,44.336209882577805,0.0,True,0
18,ElasticNet,100000.0,0.1,44.3362098825778,7.7183181737618956,-0.000987012448332214,3,False,44.336209882577805,0.0,True,0
18,ElasticNet,1000000.0,0.1,44.3362098825778,7.7183181737618956,-0.000987012448332214,3,False,44.336209882577805,0.0,True,0
18,ElasticNet,100.0,0.3,44.3362098825778,7.7183181737618956,-0.000987012448332214,3,False,44.336209882577805,0.0,True,0
18,ElasticNet,1000.0,0.3,44.3362098825778,7.7183181737618956,-0.000987012448332214,3,False,44.336209882577805,0.0,True,0
18,ElasticNet,10000.0,0.3,44.3362098825778,7.7183181737618956,-0.000987012448332214,3,False,44.336209882577805,0.0,True,0
18,ElasticNet,100000.0,0.3,44.3362098825778,7.7183181737618956,-0.000987012448332214,3,False,44.336209882577805,0.0,True,0
18,ElasticNet,1000000.0,0.3,44.3362098825778,7.7183181737618956,-0.000987012448332214,3,False,44.336209882577805,0.0,True,0
18,ElasticNet,10.0,0.5,44.3362098825778,7.7183181737618956,-0.000987012448332214,3,False,44.336209882577805,0.0,True,0
18,ElasticNet,100.0,0.5,44.3362098825778,7.7183181737618956,-0.000987012448332214,3,False,44.336209882577805,0.0,True,0
18,ElasticNet,1000.0,0.5,44.3362098825778,7.7183181737618956,-0.000987012448332214,3,False,44.336209882577805,0.0,True,0
18,ElasticNet,10000.0,0.5,44.3362098825778,7.7183181737618956,-0.000987012448332214,3,False,44.336209882577805,0.0,True,0
18,ElasticNet,100000.0,0.5,44.3362098825778,7.7183181737618956,-0.000987012448332214,3,False,44.336209882577805,0.0,True,0
18,ElasticNet,1000000.0,0.5,44.3362098825778,7.7183181737618956,-0.000987012448332214,3,False,44.336209882577805,0.0,True,0
18,ElasticNet,10.0,0.7,44.3362098825778,7.7183181737618956,-0.000987012448332214,3,False,44.336209882577805,0.0,True,0
18,ElasticNet,100.0,0.7,44.3362098825778,7.7183181737618956,-0.000987012448332214,3,False,44.336209882577805,0.0,True,0
18,ElasticNet,1000.0,0.7,44.3362098825778,7.7183181737618956,-0.000987012448332214,3,False,44.336209882577805,0.0,True,0
18,ElasticNet,10000.0,0.7,44.3362098825778,7.7183181737618956,-0.000987012448332214,3,False,44.336209882577805,0.0,True,0
18,ElasticNet,100000.0,0.7,44.3362098825778,7.7183181737618956,-0.000987012448332214,3,False,44.336209882577805,0.0,True,0
18,ElasticNet,1000000.0,0.7,44.3362098825778,7.7183181737618956,-0.000987012448332214,3,False,44.336209882577805,0.0,True,0
18,ElasticNet,10.0,0.9,44.3362098825778,7.7183181737618956,-0.000987012448332214,3,False,44.336209882577805,0.0,True,0
18,ElasticNet,100.0,0.9,44.3362098825778,7.7183181737618956,-0.000987012448332214,3,False,44.336209882577805,0.0,True,0
18,ElasticNet,1000.0,0.9,44.3362098825778,7.7183181737618956,-0.000987012448332214,3,False,44.336209882577805,0.0,True,0
18,ElasticNet,10000.0,0.9,44.3362098825778,7.7183181737618956,-0.000987012448332214,3,False,44.336209882577805,0.0,True,0
18,ElasticNet,100000.0,0.9,44.3362098825778,7.7183181737618956,-0.000987012448332214,3,False,44.336209882577805,0.0,True,0
18,ElasticNet,1000000.0,0.9,44.3362098825778,7.7183181737618956,-0.000987012448332214,3,False,44.336209882577805,0.0,True,0
18,ElasticNet,10.0,0.95,44.3362098825778,7.7183181737618956,-0.000987012448332214,3,False,44.336209882577805,0.0,True,0
18,ElasticNet,100.0,0.95,44.3362098825778,7.7183181737618956,-0.000987012448332214,3,False,44.336209882577805,0.0,True,0
18,ElasticNet,1000.0,0.95,44.3362098825778,7.7183181737618956,-0.000987012448332214,3,False,44.336209882577805,0.0,True,0
18,ElasticNet,10000.0,0.95,44.3362098825778,7.7183181737618956,-0.000987012448332214,3,False,44.336209882577805,0.0,True,0
18,ElasticNet,100000.0,0.95,44.3362098825778,7.7183181737618956,-0.000987012448332214,3,False,44.336209882577805,0.0,True,0
18,ElasticNet,1000000.0,0.95,44.3362098825778,7.7183181737618956,-0.000987012448332214,3,False,44.336209882577805,0.0,True,0
19,LASSO,10.0,1.0,44.3362098825778,7.7183181737618956,-0.000987012448332214,3,False,44.336209882577805,0.0,True,0
19,LASSO,100.0,1.0,44.3362098825778,7.7183181737618956,-0.000987012448332214,3,False,44.336209882577805,0.0,True,0
19,LASSO,1000.0,1.0,44.3362098825778,7.7183181737618956,-0.000987012448332214,3,False,44.336209882577805,0.0,True,0
19,LASSO,10000.0,1.0,44.3362098825778,7.7183181737618956,-0.000987012448332214,3,False,44.336209882577805,0.0,True,0
19,LASSO,100000.0,1.0,44.3362098825778,7.7183181737618956,-0.000987012448332214,3,False,44.336209882577805,0.0,True,0
19,LASSO,1000000.0,1.0,44.3362098825778,7.7183181737618956,-0.000987012448332214,3,False,44.336209882577805,0.0,True,0
19,ElasticNet,100.0,0.1,44.3362098825778,7.7183181737618956,-0.000987012448332214,3,False,44.336209882577805,0.0,True,0
19,ElasticNet,1000.0,0.1,44.3362098825778,7.7183181737618956,-0.000987012448332214,3,False,44.336209882577805,0.0,True,0
19,ElasticNet,10000.0,0.1,44.3362098825778,7.7183181737618956,-0.000987012448332214,3,False,44.336209882577805,0.0,True,0
19,ElasticNet,100000.0,0.1,44.3362098825778,7.7183181737618956,-0.000987012448332214,3,False,44.336209882577805,0.0,True,0
19,ElasticNet,1000000.0,0.1,44.3362098825778,7.7183181737618956,-0.000987012448332214,3,False,44.336209882577805,0.0,True,0
19,ElasticNet,100.0,0.3,44.3362098825778,7.7183181737618956,-0.000987012448332214,3,False,44.336209882577805,0.0,True,0
19,ElasticNet,1000.0,0.3,44.3362098825778,7.7183181737618956,-0.000987012448332214,3,False,44.336209882577805,0.0,True,0
19,ElasticNet,10000.0,0.3,44.3362098825778,7.7183181737618956,-0.000987012448332214,3,False,44.336209882577805,0.0,True,0
19,ElasticNet,100000.0,0.3,44.3362098825778,7.7183181737618956,-0.000987012448332214,3,False,44.336209882577805,0.0,True,0
19,ElasticNet,1000000.0,0.3,44.3362098825778,7.7183181737618956,-0.000987012448332214,3,False,44.336209882577805,0.0,True,0
19,ElasticNet,10.0,0.5,44.3362098825778,7.7183181737618956,-0.000987012448332214,3,False,44.336209882577805,0.0,True,0
19,ElasticNet,100.0,0.5,44.3362098825778,7.7183181737618956,-0.000987012448332214,3,False,44.336209882577805,0.0,True,0
19,ElasticNet,1000.0,0.5,44.3362098825778,7.7183181737618956,-0.000987012448332214,3,False,44.336209882577805,0.0,True,0
19,ElasticNet,10000.0,0.5,44.3362098825778,7.7183181737618956,-0.000987012448332214,3,False,44.336209882577805,0.0,True,0
19,ElasticNet,100000.0,0.5,44.3362098825778,7.7183181737618956,-0.000987012448332214,3,False,44.336209882577805,0.0,True,0
19,ElasticNet,1000000.0,0.5,44.3362098825778,7.7183181737618956,-0.000987012448332214,3,False,44.336209882577805,0.0,True,0
19,ElasticNet,10.0,0.7,44.3362098825778,7.7183181737618956,-0.000987012448332214,3,False,44.336209882577805,0.0,True,0
19,ElasticNet,100.0,0.7,44.3362098825778,7.7183181737618956,-0.000987012448332214,3,False,44.336209882577805,0.0,True,0
19,ElasticNet,1000.0,0.7,44.3362098825778,7.7183181737618956,-0.000987012448332214,3,False,44.336209882577805,0.0,True,0
19,ElasticNet,10000.0,0.7,44.3362098825778,7.7183181737618956,-0.000987012448332214,3,False,44.336209882577805,0.0,True,0
19,ElasticNet,100000.0,0.7,44.3362098825778,7.7183181737618956,-0.000987012448332214,3,False,44.336209882577805,0.0,True,0
19,ElasticNet,1000000.0,0.7,44.3362098825778,7.7183181737618956,-0.000987012448332214,3,False,44.336209882577805,0.0,True,0
19,ElasticNet,10.0,0.9,44.3362098825778,7.7183181737618956,-0.000987012448332214,3,False,44.336209882577805,0.0,True,0
19,ElasticNet,100.0,0.9,44.3362098825778,7.7183181737618956,-0.000987012448332214,3,False,44.336209882577805,0.0,True,0
19,ElasticNet,1000.0,0.9,44.3362098825778,7.7183181737618956,-0.000987012448332214,3,False,44.336209882577805,0.0,True,0
19,ElasticNet,10000.0,0.9,44.3362098825778,7.7183181737618956,-0.000987012448332214,3,False,44.336209882577805,0.0,True,0
19,ElasticNet,100000.0,0.9,44.3362098825778,7.7183181737618956,-0.000987012448332214,3,False,44.336209882577805,0.0,True,0
19,ElasticNet,1000000.0,0.9,44.3362098825778,7.7183181737618956,-0.000987012448332214,3,False,44.336209882577805,0.0,True,0
19,ElasticNet,10.0,0.95,44.3362098825778,7.7183181737618956,-0.000987012448332214,3,False,44.336209882577805,0.0,True,0
19,ElasticNet,100.0,0.95,44.3362098825778,7.7183181737618956,-0.000987012448332214,3,False,44.336209882577805,0.0,True,0
19,ElasticNet,1000.0,0.95,44.3362098825778,7.7183181737618956,-0.000987012448332214,3,False,44.336209882577805,0.0,True,0
19,ElasticNet,10000.0,0.95,44.3362098825778,7.7183181737618956,-0.000987012448332214,3,False,44.336209882577805,0.0,True,0
19,ElasticNet,100000.0,0.95,44.3362098825778,7.7183181737618956,-0.000987012448332214,3,False,44.336209882577805,0.0,True,0
19,ElasticNet,1000000.0,0.95,44.3362098825778,7.7183181737618956,-0.000987012448332214,3,False,44.336209882577805,0.0,True,0
20,LASSO,10.0,1.0,44.3362098825778,7.7183181737618956,-0.000987012448332214,3,False,44.336209882577805,0.0,True,0
20,LASSO,100.0,1.0,44.3362098825778,7.7183181737618956,-0.000987012448332214,3,False,44.336209882577805,0.0,True,0
20,LASSO,1000.0,1.0,44.3362098825778,7.7183181737618956,-0.000987012448332214,3,False,44.336209882577805,0.0,True,0
20,LASSO,10000.0,1.0,44.3362098825778,7.7183181737618956,-0.000987012448332214,3,False,44.336209882577805,0.0,True,0
20,LASSO,100000.0,1.0,44.3362098825778,7.7183181737618956,-0.000987012448332214,3,False,44.336209882577805,0.0,True,0
20,LASSO,1000000.0,1.0,44.3362098825778,7.7183181737618956,-0.000987012448332214,3,False,44.336209882577805,0.0,True,0
20,ElasticNet,100.0,0.1,44.3362098825778,7.7183181737618956,-0.000987012448332214,3,False,44.336209882577805,0.0,True,0
20,ElasticNet,1000.0,0.1,44.3362098825778,7.7183181737618956,-0.000987012448332214,3,False,44.336209882577805,0.0,True,0
20,ElasticNet,10000.0,0.1,44.3362098825778,7.7183181737618956,-0.000987012448332214,3,False,44.336209882577805,0.0,True,0
20,ElasticNet,100000.0,0.1,44.3362098825778,7.7183181737618956,-0.000987012448332214,3,False,44.336209882577805,0.0,True,0
20,ElasticNet,1000000.0,0.1,44.3362098825778,7.7183181737618956,-0.000987012448332214,3,False,44.336209882577805,0.0,True,0
20,ElasticNet,100.0,0.3,44.3362098825778,7.7183181737618956,-0.000987012448332214,3,False,44.336209882577805,0.0,True,0
20,ElasticNet,1000.0,0.3,44.3362098825778,7.7183181737618956,-0.000987012448332214,3,False,44.336209882577805,0.0,True,0
20,ElasticNet,10000.0,0.3,44.3362098825778,7.7183181737618956,-0.000987012448332214,3,False,44.336209882577805,0.0,True,0
20,ElasticNet,100000.0,0.3,44.3362098825778,7.7183181737618956,-0.000987012448332214,3,False,44.336209882577805,0.0,True,0
20,ElasticNet,1000000.0,0.3,44.3362098825778,7.7183181737618956,-0.000987012448332214,3,False,44.336209882577805,0.0,True,0
20,ElasticNet,10.0,0.5,44.3362098825778,7.7183181737618956,-0.000987012448332214,3,False,44.336209882577805,0.0,True,0
20,ElasticNet,100.0,0.5,44.3362098825778,7.7183181737618956,-0.000987012448332214,3,False,44.336209882577805,0.0,True,0
20,ElasticNet,1000.0,0.5,44.3362098825778,7.7183181737618956,-0.000987012448332214,3,False,44.336209882577805,0.0,True,0
20,ElasticNet,10000.0,0.5,44.3362098825778,7.7183181737618956,-0.000987012448332214,3,False,44.336209882577805,0.0,True,0
20,ElasticNet,100000.0,0.5,44.3362098825778,7.7183181737618956,-0.000987012448332214,3,False,44.336209882577805,0.0,True,0
20,ElasticNet,1000000.0,0.5,44.3362098825778,7.7183181737618956,-0.000987012448332214,3,False,44.336209882577805,0.0,True,0
20,ElasticNet,10.0,0.7,44.3362098825778,7.7183181737618956,-0.000987012448332214,3,False,44.336209882577805,0.0,True,0
20,ElasticNet,100.0,0.7,44.3362098825778,7.7183181737618956,-0.000987012448332214,3,False,44.336209882577805,0.0,True,0
20,ElasticNet,1000.0,0.7,44.3362098825778,7.7183181737618956,-0.000987012448332214,3,False,44.336209882577805,0.0,True,0
20,ElasticNet,10000.0,0.7,44.3362098825778,7.7183181737618956,-0.000987012448332214,3,False,44.336209882577805,0.0,True,0
20,ElasticNet,100000.0,0.7,44.3362098825778,7.7183181737618956,-0.000987012448332214,3,False,44.336209882577805,0.0,True,0
20,ElasticNet,1000000.0,0.7,44.3362098825778,7.7183181737618956,-0.000987012448332214,3,False,44.336209882577805,0.0,True,0
20,ElasticNet,10.0,0.9,44.3362098825778,7.7183181737618956,-0.000987012448332214,3,False,44.336209882577805,0.0,True,0
20,ElasticNet,100.0,0.9,44.3362098825778,7.7183181737618956,-0.000987012448332214,3,False,44.336209882577805,0.0,True,0
20,ElasticNet,1000.0,0.9,44.3362098825778,7.7183181737618956,-0.000987012448332214,3,False,44.336209882577805,0.0,True,0
20,ElasticNet,10000.0,0.9,44.3362098825778,7.7183181737618956,-0.000987012448332214,3,False,44.336209882577805,0.0,True,0
20,ElasticNet,100000.0,0.9,44.3362098825778,7.7183181737618956,-0.000987012448332214,3,False,44.336209882577805,0.0,True,0
20,ElasticNet,1000000.0,0.9,44.3362098825778,7.7183181737618956,-0.000987012448332214,3,False,44.336209882577805,0.0,True,0
20,ElasticNet,10.0,0.95,44.3362098825778,7.7183181737618956,-0.000987012448332214,3,False,44.336209882577805,0.0,True,0
20,ElasticNet,100.0,0.95,44.3362098825778,7.7183181737618956,-0.000987012448332214,3,False,44.336209882577805,0.0,True,0
20,ElasticNet,1000.0,0.95,44.3362098825778,7.7183181737618956,-0.000987012448332214,3,False,44.336209882577805,0.0,True,0
20,ElasticNet,10000.0,0.95,44.3362098825778,7.7183181737618956,-0.000987012448332214,3,False,44.336209882577805,0.0,True,0
20,ElasticNet,100000.0,0.95,44.3362098825778,7.7183181737618956,-0.000987012448332214,3,False,44.336209882577805,0.0,True,0
20,ElasticNet,1000000.0,0.95,44.3362098825778,7.7183181737618956,-0.000987012448332214,3,False,44.336209882577805,0.0,True,0
17,ElasticNet,1e-06,0.3,52.6584105769959,65.41833832251741,-0.06765975301418621,3,False,52.6584105769959,4.8980677522273746e-05,True,0
17,ElasticNet,1e-06,0.1,64.15066764839868,85.31775069952246,-0.29255438582114596,3,False,64.15066764839868,3.0174786851654785e-05,True,0
18,ElasticNet,1e-06,0.1,72.76161150260347,102.33824445232487,-0.46146936093184937,3,False,72.76161150260347,4.023403355180461e-05,True,0
18,ElasticNet,1e-06,0.5,77.9652055950186,111.33239977409666,-0.5611453588042964,3,False,77.96520559501862,3.551715265090644e-05,True,0
19,ElasticNet,1e-06,0.5,95.94844225664868,124.50032577284931,-0.9426991030980828,3,False,95.94844225664868,4.6074499559372005e-05,True,0
19,ElasticNet,1e-06,0.1,97.6814102698928,111.73749767529961,-1.0038192994148754,3,False,97.6814102698928,4.234903150313142e-05,True,0
20,ElasticNet,1e-06,0.5,106.60394668231345,101.99643384958623,-1.1980916158883332,3,False,106.60394668231346,4.390800004957985e-05,True,0
20,ElasticNet,1e-06,0.1,107.11467417246854,101.3832118808595,-1.233236366057782,3,False,107.11467417246854,4.195145626225793e-05,True,0
20,ElasticNet,1e-06,0.3,124.45566154890109,134.8819932593122,-1.5510692458994366,3,False,124.45566154890109,3.8633408911438904e-05,True,0
13,ElasticNet,0.001,0.5,0.305131524475591,0.013785523127538762,0.992998475668618,3,False,0.305131524475591,0.0010078436470432005,False,0
13,LASSO,0.001,1.0,0.30539140871659737,0.00961841385503707,0.9929781977837621,3,False,0.3053914087165973,6.152844268989509e-05,False,0
11,ElasticNet,0.001,0.1,0.30572748296169655,0.01527603171489102,0.9929803630705772,3,False,0.30572748296169655,6.05123273399612e-05,False,0
11,LASSO,0.001,1.0,0.30700759290567997,0.021217074818999756,0.9929194101559083,3,False,0.30700759290567997,0.00016118956599989252,False,0
11,ElasticNet,0.001,0.95,0.308478794651181,0.020407065302874807,0.992895277279147,3,False,0.308478794651181,7.440313438390452e-05,False,0
14,LASSO,0.001,1.0,0.3088611775720916,0.01612374410226542,0.992910754540191,3,False,0.3088611775720916,0.0006281607342511909,False,0
12,ElasticNet,0.001,0.95,0.31013989530792263,0.011138343151080548,0.9928743741418203,3,False,0.31013989530792263,5.4088986480195695e-05,False,0
13,ElasticNet,0.001,0.3,0.3109294429750827,0.02222507171065125,0.9928829416651528,3,False,0.3109294429750827,6.062701786778676e-05,False,0
14,ElasticNet,0.001,0.95,0.3114082076373613,0.023862960897048997,0.9928636063774966,3,False,0.3114082076373613,6.573118009065178e-05,False,0
12,LASSO,0.001,1.0,0.3138870667998283,0.014631279803099938,0.9927974057696377,3,False,0.3138870667998283,0.00021974249284395205,False,0
11,ElasticNet,0.001,0.5,0.3156578564430243,0.02228447383580674,0.9927780867384223,3,False,0.3156578564430243,8.792831350339081e-05,False,0
15,ElasticNet,0.001,0.7,0.31744257847242724,0.02367373269440753,0.9927428857997306,3,False,0.31744257847242724,0.0003611976139390222,False,0
12,ElasticNet,0.001,0.7,0.31880730622091474,0.03020590613486398,0.9927228836464934,3,False,0.31880730622091474,0.00014546459763604004,False,0
15,ElasticNet,0.001,0.95,0.32262204626774665,0.0324819341193008,0.9926394260410039,3,False,0.32262204626774665,5.228321491833473e-05,False,0
15,ElasticNet,0.01,0.1,0.3234301591177476,0.02162202088801716,0.9925486221462686,3,False,0.3234301591177476,7.852533790073785e-05,False,0
13,ElasticNet,0.01,0.1,0.3236224156409497,0.04104894830566057,0.9925163109457856,3,False,0.3236224156409497,7.796030193345715e-05,False,0
14,ElasticNet,0.01,0.1,0.3253575792439584,0.03024681568913814,0.9924976226245231,3,False,0.3253575792439584,0.000131776957488682,False,0
16,ElasticNet,0.001,0.7,0.3292479021691039,0.04462157998146724,0.9925009315184449,3,False,0.3292479021691039,0.0002862498451217673,False,0
9,ElasticNet,0.0001,0.1,0.3294879380645715,0.021328922630940966,0.992457436893433,3,False,0.3294879380645715,7.537703224023753e-05,False,0
9,ElasticNet,0.0001,0.3,0.33018763723782324,0.020165739794301422,0.9924360163839917,3,False,0.33018763723782324,6.817502037761049e-05,False,0
14,ElasticNet,0.001,0.5,0.3308864801365541,0.06496686029697275,0.9924925694701608,3,False,0.3308864801365541,0.00048331573022179455,False,0
16,ElasticNet,0.01,0.1,0.33168528616718884,0.01893926912454621,0.9923786613777934,3,False,0.33168528616718884,0.00012826623789629352,False,0
10,LASSO,0.001,1.0,0.33180648547146396,0.04463397169811501,0.9924004476028626,3,False,0.3318064854714639,7.998482491989418e-05,False,0
16,ElasticNet,0.001,0.95,0.3344076294890674,0.05854867485236449,0.9924019282610285,3,False,0.3344076294890674,7.625340921953822e-05,False,0
18,ElasticNet,0.001,0.95,0.33448633650383247,0.053136909036298,0.992389855175737,3,False,0.33448633650383247,5.137030558185552e-05,False,0
17,ElasticNet,0.01,0.1,0.33521641938018526,0.017965333816411747,0.9923092808540163,3,False,0.33521641938018526,0.0001238567849243423,False,0
15,LASSO,0.001,1.0,0.3356233589849582,0.043521921589420816,0.9923727779189507,3,False,0.3356233589849582,0.00043076884028180507,False,0
12,ElasticNet,0.01,0.1,0.3357709860126506,0.04627236067492293,0.9922544119475001,3,False,0.3357709860126506,6.211081037768421e-05,False,0
16,LASSO,0.001,1.0,0.33665827742640264,0.05889365312828134,0.9923498461923294,3,False,0.3366582774264026,0.00011251061684126081,False,0
18,LASSO,0.001,1.0,0.33797170588861913,0.060499031385300134,0.9923242190646907,3,False,0.33797170588861913,0.0001223202165193854,False,0
17,LASSO,0.001,1.0,0.3382914985762741,0.05404598578942821,0.9923167823264456,3,False,0.3382914985762741,9.594723074595997e-05,False,0
17,ElasticNet,0.001,0.7,0.34028218803553484,0.04265675334190878,0.9922677947923343,3,False,0.34028218803553484,0.0007010647717233337,False,0
9,ElasticNet,0.0001,0.9,0.3420567198670827,0.024087281251798993,0.9921760104981142,3,False,0.3420567198670827,5.503344934430124e-05,False,0
18,ElasticNet,0.001,0.9,0.3428259754434129,0.06151420901394624,0.9922214012308427,3,False,0.3428259754434129,0.0008817891529223171,False,0
20,ElasticNet,0.001,0.95,0.3429324585637515,0.0530849601556332,0.9921994826161363,3,False,0.3429324585637515,9.023832508462716e-05,False,0
9,LASSO,0.0001,1.0,0.34331035528733916,0.0252147991861869,0.9921490915742129,3,False,0.34331035528733916,5.526434949833285e-05,False,0
9,ElasticNet,0.0001,0.95,0.343783754576954,0.024519681798263738,0.9921374958762584,3,False,0.343783754576954,0.0001294163609926709,False,0
17,ElasticNet,0.001,0.95,0.34457478387630397,0.06560297569853231,0.9921978470056544,3,False,0.34457478387630397,8.217117376537505e-05,False,0
19,LASSO,0.001,1.0,0.34580717167705105,0.057721415841155616,0.9921480669170043,3,False,0.34580717167705105,0.00010064998102406186,False,0
19,ElasticNet,0.001,0.9,0.3459002985203819,0.056636574672227255,0.9921475220177965,3,False,0.3459002985203819,5.0417680781414506e-05,False,0
18,ElasticNet,0.01,0.1,0.3459611946320918,0.02155787258326812,0.9920766637449475,3,False,0.3459611946320918,5.678640764865991e-05,False,0
20,LASSO,0.001,1.0,0.3465952389922657,0.057962984767888553,0.992128016129039,3,False,0.3465952389922657,7.338496739203683e-05,False,0
19,ElasticNet,0.001,0.95,0.3471165003747571,0.0596643197914984,0.9921242996004466,3,False,0.34711650037475716,8.750653667943613e-05,False,0
19,ElasticNet,0.01,0.1,0.35244557770984253,0.02744368828728398,0.9919459757677584,3,False,0.35244557770984253,0.0001182655650191725,False,0
20,ElasticNet,0.001,0.9,0.3560978523004445,0.03889116918979951,0.991883453891143,3,False,0.3560978523004445,0.0010820458562262386,False,0
10,ElasticNet,0.0001,0.95,0.357314508831794,0.06726360553008946,0.9918878505739096,3,False,0.357314508831794,5.68425738017839e-05,False,0
20,ElasticNet,0.01,0.1,0.36294103508376274,0.03280499716262263,0.9917184156948724,3,False,0.36294103508376274,6.498124281313525e-05,False,0
10,ElasticNet,0.0001,0.7,0.3683464953048056,0.09043478335655487,0.9916823762536429,3,False,0.3683464953048056,0.00012201555945919246,False,0
8,ElasticNet,0.0001,0.5,0.37400044165931484,0.058045152262788405,0.991481912335857,3,False,0.37400044165931484,8.603418924749559e-05,False,0
17,ElasticNet,0.01,0.3,0.3746114511673367,0.033711918428509624,0.9913574168724799,3,False,0.3746114511673367,9.34034331507936e-05,False,0
20,ElasticNet,0.001,0.5,0.37585454062323426,0.07467603902963993,0.991496656570392,3,False,0.37585454062323415,5.2255500829374954e-05,False,0
8,LASSO,0.0001,1.0,0.3772127270522039,0.059604907003290714,0.9914014724966996,3,False,0.3772127270522039,0.0001122661096913628,False,0
11,ElasticNet,0.0001,0.7,0.3772314024094186,0.09139045391279377,0.9914877685179443,3,False,0.3772314024094186,0.00012612221352137901,False,0
11,LASSO,0.0001,1.0,0.3785950306084258,0.0932296688652461,0.9914645330103609,3,False,0.3785950306084258,7.78923247471586e-05,False,0
11,ElasticNet,0.0001,0.95,0.37893448115949474,0.09582254940357442,0.9914621175698942,3,False,0.37893448115949474,7.826153776067471e-05,False,0
11,ElasticNet,0.0001,0.9,0.37898546748520395,0.10228328924189092,0.9914689575614452,3,False,0.37898546748520395,6.644536043791471e-05,False,0
8,ElasticNet,1e-05,0.7,0.37900608154663806,0.04186208235493221,0.9913530405758322,3,False,0.37900608154663806,9.183598057072655e-05,False,0
12,ElasticNet,0.01,0.3,0.37942412379489837,0.06149346465930017,0.9912607144691953,3,False,0.3794241237948985,8.563635519976895e-05,False,0
10,LASSO,0.0001,1.0,0.3799830350361608,0.10442745833950631,0.9914418421224444,3,False,0.3799830350361608,0.00013361534729721737,False,0
18,ElasticNet,0.01,0.3,0.38243587195725,0.031602581402393075,0.9911899922590749,3,False,0.38243587195725,9.130063474208343e-05,False,0
19,ElasticNet,0.001,0.7,0.38254523909194776,0.07225368325750554,0.9913740191675015,3,False,0.38254523909194776,0.0011431919071319793,False,0
11,ElasticNet,0.0001,0.5,0.38638269188773466,0.10476018415714095,0.991304922453136,3,False,0.38638269188773466,7.47556295590962e-05,False,0
19,ElasticNet,0.01,0.3,0.38971063105299325,0.030921308611670174,0.9910363014215345,3,False,0.38971063105299325,0.00012898899414770385,False,0
20,ElasticNet,0.01,0.3,0.397012508806742,0.03388719242945883,0.9908838196686606,3,False,0.397012508806742,0.00010408907481841657,False,0
16,ElasticNet,0.01,0.5,0.3994157407850301,0.05154385024103626,0.9907647047083343,3,False,0.39941574078503006,8.800130807367149e-05,False,0
17,ElasticNet,0.01,0.5,0.40837929994527916,0.04950484396848674,0.9905746972281421,3,False,0.40837929994527916,7.434609485306842e-05,False,0
18,ElasticNet,0.01,0.5,0.41214529446892006,0.04664632244467599,0.9904869773020043,3,False,0.41214529446892006,8.211090163800627e-05,False,0
19,ElasticNet,0.01,0.5,0.42013504013865327,0.049277703976079695,0.990318049398283,3,False,0.42013504013865327,8.525663831150665e-05,False,0
12,ElasticNet,0.0001,0.95,0.4236938619713359,0.15550768771058449,0.9905065005962871,3,False,0.4236938619713359,7.629863818207986e-05,False,0
12,ElasticNet,0.0001,0.9,0.4251859428535146,0.1547936596531349,0.9904676683179326,3,False,0.4251859428535146,5.663189188466759e-05,False,0
20,ElasticNet,0.01,0.5,0.4261851063865243,0.04691317661945798,0.9901890990388846,3,False,0.42618510638652424,9.771920387319048e-05,False,0
16,ElasticNet,0.01,0.7,0.4287845308128837,0.060426957817618254,0.9900969451354223,3,False,0.4287845308128837,0.0001307201178303791,False,0
12,LASSO,0.0001,1.0,0.4333463399798312,0.17225971965124773,0.9903175796582745,3,False,0.43334633997983124,0.00010007265357132121,False,0
19,ElasticNet,0.01,0.7,0.43859769907937274,0.05586298680369481,0.9898856371868386,3,False,0.43859769907937274,8.146437524187908e-05,False,0
20,ElasticNet,0.01,0.7,0.4407675235251583,0.05672737516102597,0.9898327548377033,3,False,0.4407675235251583,5.8179856950659956e-05,False,0
12,ElasticNet,0.0001,0.7,0.46115923362423933,0.2066416584562821,0.9897441514111401,3,False,0.46115923362423933,0.00010574307170935137,False,0
16,ElasticNet,0.01,0.9,0.46192666061882265,0.10012913319259889,0.9893301140027156,3,False,0.46192666061882265,0.00016207262897254167,False,0
17,ElasticNet,0.01,0.9,0.462833690974836,0.09568734826336601,0.9893116099435583,3,False,0.4628336909748359,0.00011136442257390737,False,0
18,ElasticNet,0.01,0.9,0.46644779398966235,0.09942791239735192,0.9892252522030885,3,False,0.46644779398966235,6.137721825567703e-05,False,0
17,ElasticNet,0.01,0.95,0.46718171755447907,0.1030049682051277,0.9892023403113805,3,False,0.46718171755447907,0.0001147083144010675,False,0
16,ElasticNet,0.01,0.95,0.46747771011688943,0.10672579593024736,0.989198043309544,3,False,0.46747771011688943,0.00021108681545746466,False,0
15,ElasticNet,0.01,0.95,0.4676800859505043,0.1045786029344393,0.9892006957128796,3,False,0.4676800859505043,8.079478996347693e-05,False,0
19,ElasticNet,0.01,0.9,0.46881463718550836,0.09709738811497923,0.9891751073607605,3,False,0.46881463718550836,0.00010023193444076359,False,0
17,LASSO,0.01,1.0,0.4700982433843028,0.10790341800458944,0.9891355264833922,3,False,0.4700982433843028,0.00016242536663865076,False,0
20,ElasticNet,0.01,0.9,0.4704467811227488,0.10093629010845045,0.9891364727314994,3,False,0.4704467811227488,6.0642330976823713e-05,False,0
18,ElasticNet,0.01,0.95,0.471414650210376,0.10804925889397582,0.9890999456239947,3,False,0.471414650210376,6.913584574855074e-05,False,0
16,LASSO,0.01,1.0,0.47292556208580744,0.11378529621018912,0.9890763002326223,3,False,0.47292556208580744,9.81533260423495e-05,False,0
14,ElasticNet,0.01,0.95,0.47316538938994107,0.10615874918572857,0.9890929269094418,3,False,0.47316538938994107,0.00011019754591475375,False,0
18,LASSO,0.01,1.0,0.4735251661198661,0.10937741013580102,0.9890446894813589,3,False,0.4735251661198661,0.00020196601119061575,False,0
15,LASSO,0.01,1.0,0.47394875351621496,0.11008410560041351,0.9890724941910839,3,False,0.47394875351621496,0.00010795215853491753,False,0
19,ElasticNet,0.01,0.95,0.47488125612795845,0.10863202297882539,0.9890256489315785,3,False,0.47488125612795845,6.494333606388812e-05,False,0
13,LASSO,0.01,1.0,0.4761002608187632,0.11757236149830487,0.9890153668069095,3,False,0.4761002608187633,8.072288154828584e-05,False,0
20,ElasticNet,0.01,0.95,0.47646472618649255,0.10813126493481375,0.988989971626693,3,False,0.47646472618649255,6.103299680156049e-05,False,0
14,LASSO,0.01,1.0,0.4769119249297505,0.1082873607348553,0.9890275588186613,3,False,0.4769119249297505,0.00019046356093831845,False,0
19,LASSO,0.01,1.0,0.4774699546067325,0.11201492329165659,0.9889620111508579,3,False,0.4774699546067325,0.0001475482587496718,False,0
20,LASSO,0.01,1.0,0.4796832142890368,0.11475334171406508,0.9889113734103946,3,False,0.4796832142890368,0.00028082896952028903,False,0
10,LASSO,1e-05,1.0,0.5168996955163455,0.2150461071560394,0.9884846184906535,3,False,0.5168996955163455,7.843414490867676e-05,False,0
10,ElasticNet,0.01,0.9,0.523932966134616,0.15303366331547608,0.9880472118974567,3,False,0.523932966134616,0.00015959452907605802,False,0
18,ElasticNet,0.001,0.1,0.5357695278110787,0.25560382754465427,0.9881804862203444,3,False,0.5357695278110787,5.0105487293081356e-05,False,0
13,LASSO,0.0001,1.0,0.5823330205946698,0.3642812570603225,0.9873058701618733,3,False,0.5823330205946698,0.00022243223719620165,False,0
13,ElasticNet,0.0001,0.95,0.5824469673597351,0.3648548037429409,0.9872895902124004,3,False,0.5824469673597351,0.00017033224484610615,False,0
13,ElasticNet,0.0001,0.9,0.5895306987438579,0.37172156362418185,0.9871365678763756,3,False,0.5895306987438579,7.977690716932469e-05,False,0
14,ElasticNet,0.0001,0.95,0.6127882561760695,0.33966733603508825,0.9864266493432426,3,False,0.6127882561760695,0.0001422925443045888,False,0
14,ElasticNet,0.0001,0.9,0.6287210161247715,0.37772626916594193,0.9861605935901009,3,False,0.6287210161247715,0.00014987426189696476,False,0
10,LASSO,1e-06,1.0,0.6411195016876569,0.26291623644296325,0.9857186570498472,3,False,0.6411195016876569,8.205968340859558e-05,False,0
14,LASSO,0.0001,1.0,0.6453329369812278,0.401052578324725,0.9857951157587651,3,False,0.6453329369812278,0.0001006802236525237,False,0
13,ElasticNet,0.0001,0.5,0.647443697043972,0.4489974486569821,0.9859263729189345,3,False,0.647443697043972,6.983030648595628e-05,False,0
14,ElasticNet,0.0001,0.7,0.6900419625742426,0.4268810618659646,0.9848148680138396,3,False,0.6900419625742426,8.152872196904725e-05,False,0
18,ElasticNet,0.1,0.1,0.6938392710965263,0.02780305915805114,0.9839873782627458,3,False,0.6938392710965263,0.0001935760184948905,False,0
17,ElasticNet,0.1,0.1,0.6961466083231169,0.03859006265987757,0.9839163359427952,3,False,0.6961466083231169,0.00012760023260926026,False,0
20,ElasticNet,0.1,0.1,0.70767983633559,0.023738760028833548,0.9836731798716928,3,False,0.70767983633559,0.0001315760506087546,False,0
19,ElasticNet,0.1,0.1,0.7085744953154071,0.032069810363473644,0.9836395957197004,3,False,0.7085744953154071,0.00021822007244686782,False,0
15,ElasticNet,0.0001,0.9,0.7603919470771778,0.5189169463092073,0.9834091934582009,3,False,0.7603919470771778,0.0001698084222937896,False,0
15,ElasticNet,0.0001,0.95,0.7741906083208598,0.5500342841748781,0.9831569386426405,3,False,0.7741906083208597,0.00010605145567847578,False,0
16,LASSO,0.0001,1.0,0.7792060683317175,0.5166758545336215,0.9829531433514637,3,False,0.7792060683317175,0.00012261623715926887,False,0
16,ElasticNet,0.0001,0.95,0.7903335612918968,0.5220882517640849,0.982707974582147,3,False,0.7903335612918968,0.0001842002930148585,False,0
11,ElasticNet,1e-05,0.95,0.8075547398510925,0.5593398422692102,0.9824240081579507,3,False,0.8075547398510925,7.897072626269091e-05,False,0
11,LASSO,1e-05,1.0,0.819553281083977,0.5674055970065514,0.9821834317417338,3,False,0.819553281083977,7.891110804185128e-05,False,0
14,ElasticNet,0.0001,0.5,0.8227951084227884,0.6117300024980947,0.9821992434863528,3,False,0.8227951084227884,6.43787187990553e-05,False,0
14,ElasticNet,0.0001,0.3,0.83065557571687,0.5832418491924386,0.9820050405763293,3,False,0.8306555757168702,5.795480688475051e-05,False,0
16,ElasticNet,0.0001,0.9,0.8416237516700454,0.5983077757559313,0.9816602667894562,3,False,0.8416237516700454,0.0001806774583604003,False,0
11,ElasticNet,1e-05,0.9,0.8427885818587915,0.6140317830779157,0.9817658247654576,3,False,0.8427885818587915,8.309914801249333e-05,False,0
15,LASSO,0.0001,1.0,0.8863723019093804,0.7690135031333716,0.9810451611228995,3,False,0.8863723019093803,0.00021302629570237714,False,0
15,ElasticNet,0.0001,0.5,0.8997080631929406,0.7042412838215018,0.9805251607081851,3,False,0.8997080631929406,5.728217332024808e-05,False,0
15,ElasticNet,0.0001,0.7,0.9265961827295129,0.7579311719461055,0.980027506146267,3,False,0.9265961827295129,7.971622270555115e-05,False,0
11,ElasticNet,1e-05,0.1,0.933062376574703,0.7676946288986581,0.9800361302777456,3,False,0.933062376574703,5.8579771450767846e-05,False,0
20,ElasticNet,0.1,0.3,0.9371531488092044,0.07425013476215116,0.9784077429922413,3,False,0.9371531488092044,0.0001050734730655492,False,0
11,ElasticNet,1e-05,0.7,0.9430979636494978,0.7813756410440404,0.9797615084081275,3,False,0.9430979636494977,6.146148500431599e-05,False,0
11,ElasticNet,1e-05,0.5,0.9534855934078011,0.7953676168220191,0.9795737043039828,3,False,0.9534855934078011,5.9415440354431575e-05,False,0
19,LASSO,0.0001,1.0,0.9702597986616386,0.6287566979827584,0.9788284823325583,3,False,0.9702597986616386,0.00010050405991681273,False,0
18,LASSO,0.0001,1.0,0.9762595352198008,0.6992820806122365,0.9787594428067536,3,False,0.9762595352198007,0.00017346852340847078,False,0
17,ElasticNet,0.0001,0.9,0.9776976729857528,0.7461567449594781,0.9788319088858883,3,False,0.9776976729857529,9.180696474803594e-05,False,0
17,ElasticNet,0.0001,0.95,0.9805694758013547,0.7689743831207022,0.978795108900186,3,False,0.9805694758013547,0.0001129381757582625,False,0
17,LASSO,0.0001,1.0,0.9849521878283461,0.7878851444745235,0.9787403919210909,3,False,0.9849521878283464,0.00019092613132342746,False,0
16,ElasticNet,0.0001,0.5,0.9956168623574239,0.7297776721974278,0.9783994990988992,3,False,0.9956168623574239,0.00011596199667484233,False,0
16,ElasticNet,0.0001,0.7,1.0008917816844993,0.7818475104587802,0.9783814903142175,3,False,1.0008917816844993,0.0001284596167308111,False,0
15,ElasticNet,0.0001,0.3,1.038992719754627,0.8838229410400277,0.9777203692328408,3,False,1.038992719754627,5.847977562000208e-05,False,0
12,ElasticNet,1e-05,0.95,1.0872621930854391,0.8877007592306415,0.9766421665251924,3,False,1.0872621930854391,6.757815228912723e-05,False,0
19,ElasticNet,0.0001,0.9,1.1160662522891975,0.7887611897791181,0.9758037641717926,3,False,1.1160662522891975,0.00011075837020093848,False,0
18,ElasticNet,0.0001,0.95,1.1214336872654447,0.8865775996029653,0.9757417216790754,3,False,1.1214336872654447,6.780340521204403e-05,False,0
18,ElasticNet,0.0001,0.9,1.1279356032755896,0.9180746216226676,0.975627693704729,3,False,1.1279356032755896,0.0001917130622023418,False,0
12,ElasticNet,1e-05,0.9,1.1305453107843817,0.9735896103716598,0.975806357564638,3,False,1.1305453107843817,6.407713378298204e-05,False,0
20,ElasticNet,0.0001,0.95,1.1430761331626451,0.7687771657844146,0.9751328868480803,3,False,1.1430761331626451,7.338596761855364e-05,False,0
12,LASSO,1e-05,1.0,1.1554448985286825,1.02003371802031,0.9753446499837749,3,False,1.1554448985286825,6.140988953252766e-05,False,0
19,ElasticNet,0.0001,0.95,1.172524457146917,0.918595378598088,0.9747636287305098,3,False,1.172524457146917,0.0001721282464976305,False,0
18,ElasticNet,0.0001,0.7,1.1840584918258699,0.9490658361897356,0.9744311438463052,3,False,1.1840584918258699,5.52047656415218e-05,False,0
20,ElasticNet,0.0001,0.9,1.2066613317097372,0.937290042535658,0.9739322157279643,3,False,1.2066613317097374,0.00013613426788854692,False,0
20,LASSO,0.0001,1.0,1.2477862016461163,1.0167325770850437,0.9731823317541758,3,False,1.2477862016461163,8.44711094230919e-05,False,0
17,ElasticNet,0.0001,0.7,1.278056738349927,1.1754349317097927,0.9727837336228005,3,False,1.278056738349927,0.00011703531557843202,False,0
16,ElasticNet,0.1,0.7,1.2868606452484224,0.06744326312951689,0.970305123552936,3,False,1.2868606452484224,6.908389898167833e-05,False,0
17,ElasticNet,0.0001,0.5,1.2892967535559456,1.1857371067295226,0.9724682618453503,3,False,1.2892967535559456,9.32564015870058e-05,False,0
16,ElasticNet,0.0001,0.3,1.2933862650715922,1.119735698164955,0.9724430727975973,3,False,1.2933862650715924,8.797702318286883e-05,False,0
20,ElasticNet,0.0001,0.7,1.3096010942501706,1.024742779724405,0.9717515303310312,3,False,1.3096010942501706,0.00011578916649236907,False,0
18,ElasticNet,0.0001,0.5,1.4164185825767988,1.2946556357020613,0.9697483690299689,3,False,1.4164185825767988,0.0001169318719259638,False,0
15,ElasticNet,0.1,0.9,1.4750609863870976,0.07883030622589161,0.9660165112282643,3,False,1.4750609863870976,5.767697536940286e-05,False,0
16,ElasticNet,0.1,0.9,1.4767041505133667,0.0727941630049891,0.9659691977109895,3,False,1.4767041505133667,0.0001561703219304933,False,0
17,ElasticNet,0.1,0.9,1.478805766632804,0.08112174767038213,0.9658946888542275,3,False,1.478805766632804,8.315378701767573e-05,False,0
18,ElasticNet,0.1,0.9,1.4830281820641877,0.0782798992645648,0.9657920547821455,3,False,1.4830281820641877,0.0003256116770676831,False,0
19,ElasticNet,0.1,0.9,1.4860338599645162,0.08402345625631961,0.9657122909029251,3,False,1.4860338599645162,0.0003236506374845044,False,0
20,ElasticNet,0.1,0.9,1.4895562510126792,0.08237981347165359,0.9656316671817341,3,False,1.4895562510126792,0.00030884407926340396,False,0
19,ElasticNet,0.0001,0.7,1.5196403321349166,1.4452620996498966,0.9677373645062435,3,False,1.5196403321349168,0.00011117873123947961,False,0
15,ElasticNet,0.1,0.95,1.5290583622229896,0.09532488609132947,0.9647934510644246,3,False,1.5290583622229896,5.387965436237652e-05,False,0
16,ElasticNet,0.1,0.95,1.5321749929842607,0.08935712915687923,0.9647066244506516,3,False,1.5321749929842607,0.00012962648039530067,False,0
14,ElasticNet,0.1,0.95,1.5331686885959084,0.08746805752951668,0.964754624375259,3,False,1.5331686885959084,7.576998156205716e-05,False,0
17,ElasticNet,0.1,0.95,1.535638521187398,0.09821848490535126,0.9646027084409815,3,False,1.5356385211873977,0.00014051810979939794,False,0
18,ElasticNet,0.1,0.95,1.5410920251627782,0.09513546694890049,0.9644760385884821,3,False,1.5410920251627782,0.0003576592665353734,False,0
19,ElasticNet,0.1,0.95,1.5449846803695844,0.09865661266121599,0.9643727474418187,3,False,1.5449846803695844,0.00020875614034428225,False,0
20,ElasticNet,0.1,0.95,1.5492338388474725,0.0977565288051464,0.9642722977358931,3,False,1.5492338388474725,0.000714339401533079,False,0
12,ElasticNet,0.1,0.95,1.56424086938616,0.11313513367577935,0.9641587367274704,3,False,1.56424086938616,5.7003580852713065e-05,False,0
13,LASSO,0.1,1.0,1.5868338609896122,0.10409667017174648,0.9635866821551159,3,False,1.5868338609896122,0.00035495451667759415,False,0
14,LASSO,0.1,1.0,1.59793691895269,0.09222728009459111,0.9633156599708504,3,False,1.59793691895269,0.0002848333304449058,False,0
15,LASSO,0.1,1.0,1.600246125470651,0.10370961146896149,0.963212516594259,3,False,1.6002461254706508,0.0013308457639926025,False,0
17,LASSO,0.1,1.0,1.6056044238896838,0.10075611294544295,0.9630428935854735,3,False,1.6056044238896838,0.0015357585597122053,False,0
16,LASSO,0.1,1.0,1.6062342591749015,0.09975171732948475,0.9630662824077207,3,False,1.6062342591749015,0.0004450392087451821,False,0
18,LASSO,0.1,1.0,1.6095720234523594,0.09508075306047291,0.9629562275767684,3,False,1.6095720234523594,0.003626710752085205,False,0
19,LASSO,0.1,1.0,1.6133945216657146,0.10625690377598342,0.9628581590865473,3,False,1.6133945216657146,0.0010667957835804182,False,0
11,LASSO,0.1,1.0,1.616401696995699,0.14031872243516935,0.9630412695161609,3,False,1.616401696995699,6.688569006531309e-05,False,0
12,LASSO,0.1,1.0,1.6176333125368678,0.12267467827294772,0.9629711080077602,3,False,1.617633312536868,0.00017604993866640606,False,0
20,ElasticNet,0.0001,0.5,1.631014547952865,1.3640442857791637,0.9651252971536306,3,False,1.631014547952865,8.825298146919013e-05,False,0
11,ElasticNet,1e-06,0.95,1.6470521394337891,1.595674066870057,0.9652849979376986,3,False,1.6470521394337894,8.169022817286358e-05,False,0
11,ElasticNet,1e-06,0.9,1.6552248306794066,1.6201343050181436,0.9651929504715149,3,False,1.6552248306794068,8.854357781582731e-05,False,0
11,ElasticNet,1e-06,0.1,1.6883361913657948,1.6980739887475764,0.9644915419759134,3,False,1.688336191365795,6.574887271420895e-05,False,0
10,LASSO,0.1,1.0,1.71417907054282,0.19169252288488417,0.9609582877614963,3,False,1.7141790705428195,8.740304612342431e-05,False,0
19,ElasticNet,0.0001,0.5,1.7605171624330433,1.7060670116271472,0.9627167558779693,3,False,1.7605171624330438,0.00011280179252808135,False,0
11,LASSO,1e-06,1.0,1.7890068009019453,1.7097628749592453,0.962221882084405,3,False,1.7890068009019453,6.882620398087793e-05,False,0
11,ElasticNet,1e-06,0.5,1.8259420728550857,1.8857458996399672,0.9617813408635598,3,False,1.8259420728550857,7.514103803286633e-05,False,0
11,ElasticNet,1e-06,0.7,1.831248536531609,1.968073451917545,0.9616407589246391,3,False,1.831248536531609,6.903377544192575e-05,False,0
11,ElasticNet,1e-06,0.3,1.8496426354332727,2.0008894801876482,0.9613850691262681,3,False,1.8496426354332727,6.763333562953363e-05,False,0
17,ElasticNet,0.0001,0.3,1.9180976997441705,2.2137242880582586,0.9600446680252674,3,False,1.9180976997441705,6.456290554646367e-05,False,0
18,ElasticNet,0.0001,0.3,1.9557022341388366,2.112861346730211,0.9589845474956361,3,False,1.9557022341388366,5.766485592152466e-05,False,0
20,LASSO,0.1,1.0,2.0117410613817603,0.4129249537014189,0.9547587301678898,3,False,2.0117410613817603,0.05669706352069662,False,0
8,LASSO,0.1,1.0,2.0501559476204676,0.3253432844192639,0.9536261780751252,3,False,2.050155947620467,6.0054306126142154e-05,False,0
12,ElasticNet,1e-06,0.95,2.054809282542348,1.9727142240271398,0.9564674943161485,3,False,2.054809282542348,5.606928477345005e-05,False,0
13,LASSO,1e-05,1.0,2.0647910850622035,2.4246409444772326,0.9570203055949369,3,False,2.0647910850622035,9.561359454721202e-05,False,0
13,ElasticNet,1e-05,0.7,2.136982119134444,2.4840932054722127,0.9554290798609282,3,False,2.136982119134444,8.568024805577815e-05,False,0
13,ElasticNet,1e-05,0.9,2.214917145312288,2.6652339952845097,0.9540479892768282,3,False,2.214917145312288,9.196354515699408e-05,False,0
13,ElasticNet,1e-05,0.95,2.2641499457370506,2.775601873931433,0.953113573843028,3,False,2.2641499457370506,9.760662685448543e-05,False,0
13,ElasticNet,1e-05,0.5,2.3923188666521944,2.84674536715632,0.9502317162788648,3,False,2.392318866652194,8.197296438480375e-05,False,0
14,ElasticNet,1e-05,0.95,2.4061981987613072,2.7897998556569537,0.9498657171712841,3,False,2.4061981987613072,6.363107330066899e-05,False,0
12,ElasticNet,1e-06,0.9,2.4561381999127367,2.5820491247139237,0.9485439577599016,3,False,2.4561381999127367,5.523733802471785e-05,False,0
13,ElasticNet,1e-05,0.3,2.4772200504199557,3.0044642386800966,0.9486343777712168,3,False,2.4772200504199557,6.0548010452380955e-05,False,0
12,LASSO,1e-06,1.0,2.5070912158940994,2.770380162649238,0.9475751580913704,3,False,2.5070912158940994,5.579107745894455e-05,False,0
14,LASSO,1e-05,1.0,2.600479515278212,3.088753607206047,0.9461454076365504,3,False,2.600479515278212,7.371553641051705e-05,False,0
12,ElasticNet,1e-06,0.7,2.6347742235079896,3.025963083789335,0.9451933317184027,3,False,2.6347742235079896,5.5841694659150355e-05,False,0
20,ElasticNet,0.0001,0.3,2.6948056898198716,2.9671704169815833,0.9438661090821258,3,False,2.694805689819871,7.192168838659629e-05,False,0
17,ElasticNet,0.0001,0.1,2.722228040773588,3.4049955057507244,0.9439251390087743,3,False,2.722228040773588,5.896054248395311e-05,False,0
14,ElasticNet,1e-05,0.7,2.7910547142744417,3.337805573227859,0.9420176989649757,3,False,2.7910547142744417,7.630722084214123e-05,False,0
19,ElasticNet,0.0001,0.3,3.0702508299040456,3.629135539573055,0.936640140801314,3,False,3.0702508299040456,6.103727578576456e-05,False,0
14,ElasticNet,1e-05,0.9,3.0793300544344127,3.9438130180045783,0.9367464896192118,3,False,3.0793300544344127,7.490749814853165e-05,False,0
18,ElasticNet,0.0001,0.1,3.3326308636661555,4.261988243951993,0.9316863721219986,3,False,3.332630863666155,5.164626781450056e-05,False,0
13,LASSO,1e-06,1.0,3.5301224106910216,4.150724052486614,0.9260546857667697,3,False,3.5301224106910216,0.00011689455390801904,False,0
15,ElasticNet,1e-05,0.95,4.19351829267686,5.450494551798809,0.9139211997703892,3,False,4.193518292676861,6.627757365433519e-05,False,0
15,LASSO,1e-05,1.0,4.476766621343384,6.078885231167921,0.9087360316386764,3,False,4.476766621343384,6.788200261454064e-05,False,0
19,ElasticNet,0.0001,0.1,4.518795829443458,5.560154679996413,0.9075283867108869,3,False,4.518795829443458,5.459732938124739e-05,False,0
20,ElasticNet,0.0001,0.1,4.535022388951116,5.249206056949493,0.9065624741688553,3,False,4.535022388951115,5.4255223422510644e-05,False,0
16,LASSO,1e-05,1.0,4.751778590988541,6.312718234985617,0.9029306945369572,3,False,4.751778590988541,7.190526159604409e-05,False,0
13,ElasticNet,1e-06,0.95,4.930773255952975,5.897281375526107,0.8980428534726553,3,False,4.930773255952975,5.0260799463960876e-05,False,0
15,ElasticNet,1e-05,0.9,5.120244003618759,7.093309670583937,0.8958092409248116,3,False,5.120244003618759,6.0309947318886836e-05,False,0
16,ElasticNet,1e-05,0.9,5.2680570274757095,7.063799021891025,0.8925352485830258,3,False,5.2680570274757095,7.745564822399237e-05,False,0
16,ElasticNet,1e-05,0.95,5.38396379730687,7.401031104452754,0.890517841841257,3,False,5.38396379730687,7.683376929420591e-05,False,0
16,LASSO,1e-06,1.0,5.687036556175677,5.6587468924628785,0.8771936805005028,3,False,5.687036556175677,0.00011112591959801521,False,0
15,ElasticNet,1e-05,0.5,5.723232608552227,7.637086382528836,0.8829683629180116,3,False,5.723232608552227,6.787960569202786e-05,False,0
13,ElasticNet,1e-06,0.9,5.800597466349597,7.266011290854263,0.8805062735701842,3,False,5.800597466349597,5.0711961285049685e-05,False,0
15,ElasticNet,1e-05,0.7,5.883890801722661,8.180018758880502,0.8804631121206624,3,False,5.883890801722662,6.603176702161746e-05,False,0
16,ElasticNet,1e-05,0.7,6.219673893614235,8.518061443266305,0.8735899264410403,3,False,6.219673893614235,8.155459963113976e-05,False,0
20,ElasticNet,1.0,0.3,6.6006401841564015,0.37637191114560026,0.8486869017101233,3,False,6.6006401841564015,0.0008132264693526126,False,0
19,ElasticNet,1.0,0.3,6.610568284029348,0.3814707827924342,0.8484853412854418,3,False,6.610568284029348,0.00021064214002702863,False,0
18,ElasticNet,1.0,0.3,6.630772016358335,0.379362003417915,0.8480199434095943,3,False,6.630772016358335,0.0002235887823271998,False,0
17,ElasticNet,1.0,0.3,6.643463519422085,0.3922425140832364,0.8477738188943494,3,False,6.643463519422085,0.00043565076752644094,False,0
16,ElasticNet,1.0,0.3,6.681781536183752,0.3890334207175128,0.8468983370365835,3,False,6.681781536183752,0.00017269417750448435,False,0
15,ElasticNet,1.0,0.3,6.697880411422826,0.40505910812874807,0.8465648335185234,3,False,6.697880411422826,5.556381148513756e-05,False,0
16,ElasticNet,1e-05,0.5,7.097446267540472,9.631284874113794,0.8557706783589428,3,False,7.097446267540472,7.279419387113717e-05,False,0
15,ElasticNet,1e-05,0.3,7.5473599558760895,10.569463735067819,0.8469236861597939,3,False,7.5473599558760895,6.015206178581889e-05,False,0
17,LASSO,1e-05,1.0,7.823790259497194,10.589684009934397,0.8413166197677886,3,False,7.823790259497194,0.00011142173262075728,False,0
17,ElasticNet,1e-05,0.9,9.213564988836994,12.531683160900714,0.813520448632841,3,False,9.213564988836994,9.53921772284246e-05,False,0
17,ElasticNet,1e-05,0.95,9.491303557992984,13.40082240657499,0.8085026128686571,3,False,9.491303557992984,0.00010301995302043344,False,0
14,ElasticNet,1e-06,0.95,9.58820448738564,13.54906504013577,0.805662166492668,3,False,9.58820448738564,5.884479477396527e-05,False,0
16,ElasticNet,1e-05,0.3,9.679100282646965,13.43346278437234,0.8040884809156696,3,False,9.679100282646965,5.6876097997284016e-05,False,0
14,LASSO,1e-06,1.0,9.691814070990107,13.469556049583973,0.8038969885571065,3,False,9.691814070990107,5.603424358032029e-05,False,0
20,ElasticNet,1.0,0.5,9.74061705444229,0.41902880286239247,0.7754705914401576,3,False,9.74061705444229,0.0010483244290858673,False,0
19,ElasticNet,1.0,0.5,9.751069888031967,0.41227735894146755,0.7752633860954,3,False,9.751069888031967,0.0006369062155080485,False,0
18,ElasticNet,1.0,0.5,9.79398486820535,0.4073381222842513,0.7743176242247443,3,False,9.79398486820535,0.0007192225031026345,False,0
17,ElasticNet,1.0,0.5,9.810301828540387,0.39847929855919656,0.7739908378262313,3,False,9.810301828540387,0.0005236587003059068,False,0
16,ElasticNet,1.0,0.5,9.86425253522168,0.39131904943658585,0.7728085646698708,3,False,9.86425253522168,6.888403686855504e-05,False,0
15,ElasticNet,1.0,0.5,9.887099037082452,0.36494991316601777,0.7723297886820933,3,False,9.887099037082452,0.000245305042415378,False,0
18,ElasticNet,1e-05,0.95,9.909584440468928,14.03944547750906,0.7996200901169996,3,False,9.90958444046893,7.77561359930559e-05,False,0
14,ElasticNet,1.0,0.5,9.956610599965869,0.36858319248075105,0.7707953044344769,3,False,9.95661059996587,0.00021176733180494622,False,0
18,LASSO,1e-05,1.0,10.836008246830753,15.534974009492496,0.7813694528065076,3,False,10.836008246830753,9.818188650563289e-05,False,0
18,ElasticNet,1e-05,0.9,11.664913077635914,16.884620469374504,0.765203294202785,3,False,11.664913077635916,8.445830031454531e-05,False,0
17,ElasticNet,1e-05,0.7,12.223178111946337,16.803495683561035,0.7531724851556403,3,False,12.223178111946337,7.879454446910533e-05,False,0
20,ElasticNet,1.0,0.7,12.443432795485336,0.9399165948391246,0.7142901334507883,3,False,12.443432795485336,0.00024336669273783418,False,0
19,ElasticNet,1.0,0.7,12.454171102726066,0.9320779496469592,0.7140836154668809,3,False,12.454171102726066,0.00040365888111970616,False,0
18,ElasticNet,1.0,0.7,12.505113042056523,0.9380885570355886,0.7130327685779636,3,False,12.505113042056527,7.55656712535524e-05,False,0
17,ElasticNet,1.0,0.7,12.515995611419234,0.9225226966193293,0.7128218837948145,3,False,12.51599561141923,0.0003405433074885611,False,0
16,ElasticNet,1.0,0.7,12.578975233405194,0.9260909348501514,0.7115192285716927,3,False,12.578975233405194,5.147233443481003e-05,False,0
15,ElasticNet,1.0,0.7,12.60209061592748,0.9010941561828908,0.7110242427978107,3,False,12.60209061592748,7.321404292426337e-05,False,0
20,ElasticNet,1e-05,0.95,12.678522371305725,15.521036890401563,0.7415114965919886,3,False,12.678522371305725,8.870986235389155e-05,False,0
14,ElasticNet,1.0,0.7,12.6804734413148,0.9081804740882339,0.709383603480361,3,False,12.6804734413148,0.00014507249512962783,False,0
13,ElasticNet,1.0,0.7,12.71918560169977,0.852073851919808,0.7084937840313472,3,False,12.71918560169977,8.760729591628102e-05,False,0
14,ElasticNet,1e-06,0.9,12.752539665038677,18.18142447680227,0.7426831414843194,3,False,12.75253966503868,5.0102724255338824e-05,False,0
20,LASSO,1e-05,1.0,13.46717305890133,16.520377205447023,0.7259092696921532,3,False,13.46717305890133,8.803377872004895e-05,False,0
18,ElasticNet,1e-05,0.7,14.188502944167999,20.730637973882367,0.7146595823039569,3,False,14.188502944167999,7.744284915197722e-05,False,0
20,ElasticNet,1.0,0.9,14.494461138641364,1.2168810825503926,0.6685859938418218,3,False,14.494461138641364,0.0001853265215039368,False,0
19,ElasticNet,1.0,0.9,14.512543746783521,1.2285274698145947,0.6682220078190625,3,False,14.51254374678352,0.0002952795298089006,False,0
18,ElasticNet,1.0,0.9,14.558696488283024,1.2513812950454093,0.6672950691718572,3,False,14.558696488283024,0.0001466787810024961,False,0
17,ElasticNet,1.0,0.9,14.587516004452604,1.2691130914890631,0.6667203733552598,3,False,14.587516004452604,8.941587347266466e-05,False,0
14,ElasticNet,1.0,0.9,14.725597914140872,1.3492072188582456,0.6639221449000656,3,False,14.725597914140872,0.00015883796191340505,False,0
13,ElasticNet,1.0,0.9,14.746837763930657,1.3743584022369424,0.663538599326425,3,False,14.746837763930657,0.00023538544323076227,False,0
12,ElasticNet,1.0,0.9,14.821825195860848,1.4114868549965711,0.6619574497919264,3,False,14.821825195860848,0.0003022976487107032,False,0
20,ElasticNet,1.0,0.95,14.966872940970633,1.3049993465163374,0.6579735770733145,3,False,14.966872940970632,0.000202489801072403,False,0
19,ElasticNet,1.0,0.95,14.98384205934982,1.3140567732521236,0.6576433480224996,3,False,14.98384205934982,0.00024247899850016186,False,0
18,ElasticNet,1.0,0.95,15.030368858422863,1.3414295313182776,0.656715459211689,3,False,15.030368858422863,0.00021626059767465566,False,0
9,ElasticNet,1.0,0.9,15.042746121244386,1.4183389103350346,0.6569572297858225,3,False,15.042746121244386,7.217816193350046e-05,False,0
17,ElasticNet,1.0,0.95,15.065945477775754,1.3653047340289899,0.6560240361052432,3,False,15.065945477775754,0.00020366158694440362,False,0
16,ElasticNet,1.0,0.95,15.109795766595221,1.3916167532403987,0.6551317413659484,3,False,15.109795766595221,0.0002927929466440826,False,0
15,ElasticNet,1.0,0.95,15.158783191240639,1.428500623760386,0.6541676172508574,3,False,15.158783191240639,7.981887815178279e-05,False,0
19,ElasticNet,1e-05,0.9,15.186351666709248,19.169344926499534,0.6920775378832517,3,False,15.186351666709244,8.605857600650197e-05,False,0
14,ElasticNet,1.0,0.95,15.197004808955844,1.4481220542345161,0.6533663803896773,3,False,15.197004808955844,0.00014137239482814312,False,0
13,ElasticNet,1.0,0.95,15.220473902426386,1.4772138982036633,0.6529390752064108,3,False,15.220473902426386,0.00017876972302277583,False,0
19,LASSO,1e-05,1.0,15.271494896578998,20.126007623738232,0.6916066336132874,3,False,15.271494896578998,7.889924979855819e-05,False,0
11,ElasticNet,1.0,0.95,15.280761833333143,1.5175417560586504,0.6517159174271232,3,False,15.280761833333143,0.0001412420210048504,False,0
12,ElasticNet,1.0,0.95,15.285744328907876,1.51443284398129,0.6515731172492322,3,False,15.285744328907876,7.159889114394247e-05,False,0
19,ElasticNet,1e-05,0.95,15.30826632334091,20.36085856992488,0.6910934572829027,3,False,15.30826632334091,8.173639203817977e-05,False,0
17,ElasticNet,1e-05,0.5,15.45085518833959,21.172007235268083,0.6883975342169032,3,False,15.45085518833959,6.58396690823903e-05,False,0
20,LASSO,1.0,1.0,15.496363125019448,1.3412842197289028,0.6459371654559849,3,False,15.49636312501945,7.714507448142172e-05,False,0
19,LASSO,1.0,1.0,15.50041822534125,1.3357827694994195,0.6458767234801805,3,False,15.50041822534125,0.00026262747714156376,False,0
18,LASSO,1.0,1.0,15.555289981147782,1.3771358307400154,0.6447880317686675,3,False,15.555289981147782,0.00025059541326033496,False,0
17,LASSO,1.0,1.0,15.592985621593996,1.408706505098025,0.6440999270735973,3,False,15.592985621593996,0.0001315593397868131,False,0
16,LASSO,1.0,1.0,15.632012323464984,1.4443628451155621,0.6433241358259322,3,False,15.632012323464984,0.00017987481718062526,False,0
13,LASSO,1.0,1.0,15.646401665522317,1.474023509048985,0.6431560142807863,3,False,15.646401665522317,0.00021561964242011733,False,0
14,LASSO,1.0,1.0,15.658287747428707,1.476650829057242,0.6428598353409302,3,False,15.658287747428707,0.0002545924826680146,False,0
12,LASSO,1.0,1.0,15.662508859912625,1.4683735912837417,0.642765614674831,3,False,15.662508859912625,5.2129861607186356e-05,False,0
11,LASSO,1.0,1.0,15.682079935359146,1.4869193081185297,0.6423845838103078,3,False,15.682079935359146,0.00021002626423771709,False,0
10,LASSO,1.0,1.0,15.688432333628123,1.4821264155965308,0.6422234871184475,3,False,15.688432333628123,5.641462801819763e-05,False,0
20,ElasticNet,1e-05,0.9,15.920817696668069,20.452857948462924,0.6771389975583225,3,False,15.920817696668072,8.450194989907048e-05,False,0
18,LASSO,1e-06,1.0,16.166265553009815,19.504008161065034,0.6601303781513311,3,False,16.166265553009815,0.0001645824842488757,False,0
18,ElasticNet,1e-05,0.5,16.344296852581397,23.369436548648853,0.671113497108641,3,False,16.344296852581397,9.54453378319251e-05,False,0
14,ElasticNet,1e-06,0.7,17.95394008066231,27.12802672476686,0.6393533852741471,3,False,17.95394008066231,5.080633804272837e-05,False,0
20,ElasticNet,1e-05,0.7,17.976495005556846,22.37848421430035,0.6349479806839599,3,False,17.976495005556846,8.259806334530876e-05,False,0
15,ElasticNet,1e-06,0.95,18.413788480673364,24.331035398046396,0.6268477279216295,3,False,18.413788480673364,5.096280266243705e-05,False,0
17,ElasticNet,1e-05,0.3,18.53774390613314,25.421724482998354,0.6259596946847261,3,False,18.53774390613314,6.198534653781853e-05,False,0
17,LASSO,1e-06,1.0,18.632022264021003,21.638476332102606,0.6103896188791208,3,False,18.632022264021003,9.713691609861888e-05,False,0
20,ElasticNet,10.0,0.1,19.942732356973433,0.9042807715449189,0.5407169355799605,3,False,19.942732356973433,8.597528376363961e-05,False,0
14,ElasticNet,1e-06,0.3,20.298032265201204,31.858880265058872,0.5958854614829345,3,False,20.298032265201204,5.149927203939858e-05,False,0
19,LASSO,1e-06,1.0,20.744053856331018,24.758156193020092,0.5663612337042323,3,False,20.744053856331018,0.00013576203999428438,False,0
15,LASSO,1e-06,1.0,21.03037005473973,29.96815323130751,0.5771176273081146,3,False,21.03037005473973,5.7250176128016396e-05,False,0
19,ElasticNet,1e-05,0.7,22.86935694309946,29.056848001760294,0.5382924816571385,3,False,22.86935694309946,6.84307378062153e-05,False,0
20,ElasticNet,1e-05,0.5,23.278310931372587,29.74871577603914,0.5286613143843472,3,False,23.278310931372587,6.998149889037344e-05,False,0
18,ElasticNet,1e-05,0.3,23.81849426603755,34.793711726169526,0.5220086697001782,3,False,23.81849426603755,7.01874637589633e-05,False,0
16,ElasticNet,1e-06,0.95,24.169024535149063,34.26661820024528,0.513547718503094,3,False,24.169024535149063,6.758995008361796e-05,False,0
19,ElasticNet,1e-05,0.5,26.76295813583552,36.02951503211766,0.4610760259760814,3,False,26.762958135835518,7.329486403754567e-05,False,0
16,ElasticNet,1e-06,0.5,29.110860991106197,41.65582234125788,0.41530531209968413,3,False,29.110860991106197,5.217608691650271e-05,False,0
16,ElasticNet,1e-06,0.7,29.264152954449717,42.146448541886976,0.4115727608429531,3,False,29.264152954449724,6.085910329621037e-05,False,0
19,ElasticNet,1e-05,0.3,34.08056455255482,42.54046319046341,0.31014182094937626,3,False,34.08056455255482,5.9428989425299186e-05,False,0
20,ElasticNet,1e-05,0.3,38.31197576133197,51.18093952280331,0.2288810616850239,3,False,38.31197576133197,5.908323542318787e-05,False,0
17,ElasticNet,1e-06,0.95,41.672542431347445,56.32696617182392,0.15984979817370715,3,False,41.67254243134745,5.777535171670258e-05,False,0
17,ElasticNet,1e-06,0.9,46.0553203777703,61.819431085079714,0.07048824265706755,3,False,46.0553203777703,5.1496626968937694e-05,False,0
17,ElasticNet,1e-06,0.7,47.586929169613654,62.8640959465284,0.0404680498423855,3,False,47.586929169613654,5.267557117740185e-05,False,0
17,ElasticNet,1e-06,0.5,48.736075614255185,64.03514696760057,0.014393505743286425,3,False,48.736075614255185,5.128811838093182e-05,False,0
18,ElasticNet,1e-06,0.95,55.261413670826535,79.38852612754631,-0.11054298109110017,3,False,55.261413670826535,6.221722615739342e-05,False,0
18,ElasticNet,1e-06,0.9,55.71670188569188,77.69957506682688,-0.12158859499349166,3,False,55.71670188569189,5.554001740475483e-05,False,0
18,ElasticNet,1e-06,0.7,65.23027076139665,95.05190371654055,-0.30652473352117054,3,False,65.23027076139665,5.5522534708629534e-05,False,0
19,ElasticNet,1e-06,0.7,71.87735825956314,84.578660134663,-0.47091593245695756,3,False,71.87735825956312,6.293664270669781e-05,False,0
18,ElasticNet,1e-06,0.3,71.97173136148471,102.59515435899469,-0.4496327139304089,3,False,71.97173136148471,5.410862966512915e-05,False,0
20,LASSO,1e-06,1.0,73.14617151447005,79.73165501763604,-0.5011298716092317,3,False,73.14617151447005,6.562034286309517e-05,False,0
19,ElasticNet,1e-06,0.9,75.82199368946807,96.48157607599141,-0.5362333284360052,3,False,75.82199368946807,5.7844570063297786e-05,False,0
20,ElasticNet,1e-06,0.95,77.30297509246988,91.41379476748173,-0.5813676899134959,3,False,77.30297509246988,7.033840362135059e-05,False,0
19,ElasticNet,1e-06,0.95,77.51298501088421,98.01132506762534,-0.5745932252055876,3,False,77.5129850108842,5.835492201137233e-05,False,0
20,ElasticNet,1e-06,0.9,85.11320954207912,97.6377457081649,-0.7452475118148131,3,False,85.11320954207912,6.383318895827105e-05,False,0
19,ElasticNet,1e-06,0.3,86.6697598887692,102.78527261654696,-0.7633127533545769,3,False,86.6697598887692,5.479261500232953e-05,False,0
20,ElasticNet,1e-06,0.7,86.93918256227005,93.95171895652098,-0.7869261505137057,3,False,86.93918256227003,5.599110913611194e-05,False,0
2,Ridge,10000.0,0.0,,,,2,True,27.466464674981903,0.0,False,0
2,Ridge,100000.0,0.0,,,,2,True,28.860082443664968,0.0,False,0
2,Ridge,1000000.0,0.0,,,,2,True,29.01077822912141,0.0,False,0
2,LASSO,10.0,1.0,,,,2,True,29.027658841571782,0.0,False,0
2,LASSO,100.0,1.0,,,,2,True,29.027658841571782,0.0,False,0
2,LASSO,1000.0,1.0,,,,2,True,29.027658841571782,0.0,False,0
2,LASSO,10000.0,1.0,,,,2,True,29.027658841571782,0.0,False,0
2,LASSO,100000.0,1.0,,,,2,True,29.027658841571782,0.0,False,0
2,LASSO,1000000.0,1.0,,,,2,True,29.027658841571782,0.0,False,0
2,ElasticNet,10.0,0.1,,,,2,True,27.39517738106795,8.881784197001252e-16,False,0
2,ElasticNet,100.0,0.1,,,,2,True,29.027658841571782,0.0,False,0
2,ElasticNet,1000.0,0.1,,,,2,True,29.027658841571782,0.0,False,0
2,ElasticNet,10000.0,0.1,,,,2,True,29.027658841571782,0.0,False,0
2,ElasticNet,100000.0,0.1,,,,2,True,29.027658841571782,0.0,False,0
2,ElasticNet,1000000.0,0.1,,,,2,True,29.027658841571782,0.0,False,0
2,ElasticNet,10.0,0.3,,,,2,True,28.897308657639442,4.440892098500626e-16,False,0
2,ElasticNet,100.0,0.3,,,,2,True,29.027658841571782,0.0,False,0
2,ElasticNet,1000.0,0.3,,,,2,True,29.027658841571782,0.0,False,0
2,ElasticNet,10000.0,0.3,,,,2,True,29.027658841571782,0.0,False,0
2,ElasticNet,100000.0,0.3,,,,2,True,29.027658841571782,0.0,False,0
2,ElasticNet,1000000.0,0.3,,,,2,True,29.027658841571782,0.0,False,0
2,ElasticNet,10.0,0.5,,,,2,True,29.027658841571782,0.0,False,0
2,ElasticNet,100.0,0.5,,,,2,True,29.027658841571782,0.0,False,0
2,ElasticNet,1000.0,0.5,,,,2,True,29.027658841571782,0.0,False,0
2,ElasticNet,10000.0,0.5,,,,2,True,29.027658841571782,0.0,False,0
2,ElasticNet,100000.0,0.5,,,,2,True,29.027658841571782,0.0,False,0
2,ElasticNet,1000000.0,0.5,,,,2,True,29.027658841571782,0.0,False,0
2,ElasticNet,10.0,0.7,,,,2,True,29.027658841571782,0.0,False,0
2,ElasticNet,100.0,0.7,,,,2,True,29.027658841571782,0.0,False,0
2,ElasticNet,1000.0,0.7,,,,2,True,29.027658841571782,0.0,False,0
2,ElasticNet,10000.0,0.7,,,,2,True,29.027658841571782,0.0,False,0
2,ElasticNet,100000.0,0.7,,,,2,True,29.027658841571782,0.0,False,0
2,ElasticNet,1000000.0,0.7,,,,2,True,29.027658841571782,0.0,False,0
2,ElasticNet,10.0,0.9,,,,2,True,29.027658841571782,0.0,False,0
2,ElasticNet,100.0,0.9,,,,2,True,29.027658841571782,0.0,False,0
2,ElasticNet,1000.0,0.9,,,,2,True,29.027658841571782,0.0,False,0
2,ElasticNet,10000.0,0.9,,,,2,True,29.027658841571782,0.0,False,0
2,ElasticNet,100000.0,0.9,,,,2,True,29.027658841571782,0.0,False,0
2,ElasticNet,1000000.0,0.9,,,,2,True,29.027658841571782,0.0,False,0
2,ElasticNet,10.0,0.95,,,,2,True,29.027658841571782,0.0,False,0
2,ElasticNet,100.0,0.95,,,,2,True,29.027658841571782,0.0,False,0
2,ElasticNet,1000.0,0.95,,,,2,True,29.027658841571782,0.0,False,0
2,ElasticNet,10000.0,0.95,,,,2,True,29.027658841571782,0.0,False,0
2,ElasticNet,100000.0,0.95,,,,2,True,29.027658841571782,0.0,False,0
2,ElasticNet,1000000.0,0.95,,,,2,True,29.027658841571782,0.0,False,0
3,Ridge,1000.0,0.0,,,,2,True,15.526432987364354,0.0,False,0
3,Ridge,10000.0,0.0,,,,2,True,25.52775238961422,0.0,False,0
3,Ridge,100000.0,0.0,,,,1,True,11.8061060597514,0.0,False,0
3,Ridge,1000000.0,0.0,,,,1,True,11.964291840405457,0.0,False,0
3,LASSO,1.0,1.0,,,,2,True,14.458529952209147,5.907907274504964e-09,False,0
3,LASSO,10.0,1.0,,,,2,True,29.027658841571782,0.0,False,0
3,LASSO,100.0,1.0,,,,2,True,29.027658841571782,0.0,False,0
3,LASSO,1000.0,1.0,,,,2,True,29.027658841571782,0.0,False,0
3,LASSO,10000.0,1.0,,,,2,True,29.027658841571782,0.0,False,0
3,LASSO,100000.0,1.0,,,,2,True,29.027658841571782,0.0,False,0
3,LASSO,1000000.0,1.0,,,,2,True,29.027658841571782,0.0,False,0
3,ElasticNet,1.0,0.1,,,,2,True,13.156912035362168,5.370720587621891e-06,False,0
3,ElasticNet,10.0,0.1,,,,2,True,25.253761685388536,2.6645352591003757e-15,False,0
3,ElasticNet,100.0,0.1,,,,2,True,29.027658841571782,0.0,False,0
3,ElasticNet,1000.0,0.1,,,,2,True,29.027658841571782,0.0,False,0
3,ElasticNet,10000.0,0.1,,,,2,True,29.027658841571782,0.0,False,0
3,ElasticNet,100000.0,0.1,,,,2,True,29.027658841571782,0.0,False,0
3,ElasticNet,1000000.0,0.1,,,,2,True,29.027658841571782,0.0,False,0
3,ElasticNet,1.0,0.3,,,,2,True,13.580299317868258,1.8610295486332085e-06,False,0
3,ElasticNet,10.0,0.3,,,,2,True,28.36708995295309,2.2881889956138934e-06,False,0
3,ElasticNet,100.0,0.3,,,,2,True,29.027658841571782,0.0,False,0
3,ElasticNet,1000.0,0.3,,,,2,True,29.027658841571782,0.0,False,0
3,ElasticNet,10000.0,0.3,,,,2,True,29.027658841571782,0.0,False,0
3,ElasticNet,100000.0,0.3,,,,2,True,29.027658841571782,0.0,False,0
3,ElasticNet,1000000.0,0.3,,,,2,True,29.027658841571782,0.0,False,0
3,ElasticNet,1.0,0.5,,,,2,True,13.89577209934807,1.0380437975854306e-06,False,0
3,ElasticNet,10.0,0.5,,,,2,True,29.027658841571782,0.0,False,0
3,ElasticNet,100.0,0.5,,,,2,True,29.027658841571782,0.0,False,0
3,ElasticNet,1000.0,0.5,,,,2,True,29.027658841571782,0.0,False,0
3,ElasticNet,10000.0,0.5,,,,2,True,29.027658841571782,0.0,False,0
3,ElasticNet,100000.0,0.5,,,,2,True,29.027658841571782,0.0,False,0
3,ElasticNet,1000000.0,0.5,,,,2,True,29.027658841571782,0.0,False,0
3,ElasticNet,1.0,0.7,,,,2,True,14.186994223882015,8.150334411149984e-06,False,0
3,ElasticNet,10.0,0.7,,,,2,True,29.027658841571782,0.0,False,0
3,ElasticNet,100.0,0.7,,,,2,True,29.027658841571782,0.0,False,0
3,ElasticNet,1000.0,0.7,,,,2,True,29.027658841571782,0.0,False,0
3,ElasticNet,10000.0,0.7,,,,2,True,29.027658841571782,0.0,False,0
3,ElasticNet,100000.0,0.7,,,,2,True,29.027658841571782,0.0,False,0
3,ElasticNet,1000000.0,0.7,,,,2,True,29.027658841571782,0.0,False,0
3,ElasticNet,1.0,0.9,,,,2,True,14.385200795869132,3.5916569718352775e-10,False,0
3,ElasticNet,10.0,0.9,,,,2,True,29.027658841571782,0.0,False,0
3,ElasticNet,100.0,0.9,,,,2,True,29.027658841571782,0.0,False,0
3,ElasticNet,1000.0,0.9,,,,2,True,29.027658841571782,0.0,False,0
3,ElasticNet,10000.0,0.9,,,,2,True,29.027658841571782,0.0,False,0
3,ElasticNet,100000.0,0.9,,,,2,True,29.027658841571782,0.0,False,0
3,ElasticNet,1000000.0,0.9,,,,2,True,29.027658841571782,0.0,False,0
3,ElasticNet,1.0,0.95,,,,2,True,14.419823803594431,3.576526852455686e-10,False,0
3,ElasticNet,10.0,0.95,,,,2,True,29.027658841571782,0.0,False,0
3,ElasticNet,100.0,0.95,,,,2,True,29.027658841571782,0.0,False,0
3,ElasticNet,1000.0,0.95,,,,2,True,29.027658841571782,0.0,False,0
3,ElasticNet,10000.0,0.95,,,,2,True,29.027658841571782,0.0,False,0
3,ElasticNet,100000.0,0.95,,,,2,True,29.027658841571782,0.0,False,0
3,ElasticNet,1000000.0,0.95,,,,2,True,29.027658841571782,0.0,False,0
4,Ridge,100.0,0.0,,,,2,True,4.535164446725553,0.0,False,0
4,Ridge,1000.0,0.0,,,,1,True,4.7495123764288945,0.0,False,0
4,Ridge,10000.0,0.0,,,,1,True,9.834192737452375,0.0,False,0
4,Ridge,100000.0,0.0,,,,1,True,11.715482162429163,0.0,False,0
4,Ridge,1000000.0,0.0,,,,1,True,11.954959176085817,0.0,False,0
4,LASSO,1.0,1.0,,,,1,True,5.094606410481064,4.959081054689563e-07,False,0
4,LASSO,10.0,1.0,,,,1,True,11.982301817177367,0.0,False,0
4,LASSO,100.0,1.0,,,,1,True,11.982301817177367,0.0,False,0
4,LASSO,1000.0,1.0,,,,1,True,11.982301817177367,0.0,False,0
4,LASSO,10000.0,1.0,,,,1,True,11.982301817177367,0.0,False,0
4,LASSO,100000.0,1.0,,,,1,True,11.982301817177367,0.0,False,0
4,LASSO,1000000.0,1.0,,,,1,True,11.982301817177367,0.0,False,0
4,ElasticNet,1.0,0.1,,,,1,True,3.8451482672031982,9.687126101276533e-11,False,0
4,ElasticNet,10.0,0.1,,,,1,True,9.81649247648237,6.661338147750939e-15,False,0
4,ElasticNet,100.0,0.1,,,,1,True,11.982301817177367,0.0,False,0
4,ElasticNet,1000.0,0.1,,,,1,True,11.982301817177367,0.0,False,0
4,ElasticNet,10000.0,0.1,,,,1,True,11.982301817177367,0.0,False,0
4,ElasticNet,100000.0,0.1,,,,1,True,11.982301817177367,0.0,False,0
4,ElasticNet,1000000.0,0.1,,,,1,True,11.982301817177367,0.0,False,0
4,ElasticNet,1.0,0.3,,,,1,True,4.225733136580112,8.737281017745513e-06,False,0
4,ElasticNet,10.0,0.3,,,,1,True,11.519393154750636,3.733464460253799e-06,False,0
4,ElasticNet,100.0,0.3,,,,1,True,11.982301817177367,0.0,False,0
4,ElasticNet,1000.0,0.3,,,,1,True,11.982301817177367,0.0,False,0
4,ElasticNet,10000.0,0.3,,,,1,True,11.982301817177367,0.0,False,0
4,ElasticNet,100000.0,0.3,,,,1,True,11.982301817177367,0.0,False,0
4,ElasticNet,1000000.0,0.3,,,,1,True,11.982301817177367,0.0,False,0
4,ElasticNet,1.0,0.5,,,,1,True,4.561158851318392,1.0632174225477797e-06,False,0
4,ElasticNet,10.0,0.5,,,,1,True,11.982301817177367,0.0,False,0
4,ElasticNet,100.0,0.5,,,,1,True,11.982301817177367,0.0,False,0
4,ElasticNet,1000.0,0.5,,,,1,True,11.982301817177367,0.0,False,0
4,ElasticNet,10000.0,0.5,,,,1,True,11.982301817177367,0.0,False,0
4,ElasticNet,100000.0,0.5,,,,1,True,11.982301817177367,0.0,False,0
4,ElasticNet,1000000.0,0.5,,,,1,True,11.982301817177367,0.0,False,0
4,ElasticNet,1.0,0.7,,,,1,True,4.780448824536549,5.724777250026847e-07,False,0
4,ElasticNet,10.0,0.7,,,,1,True,11.982301817177367,0.0,False,0
4,ElasticNet,100.0,0.7,,,,1,True,11.982301817177367,0.0,False,0
4,ElasticNet,1000.0,0.7,,,,1,True,11.982301817177367,0.0,False,0
4,ElasticNet,10000.0,0.7,,,,1,True,11.982301817177367,0.0,False,0
4,ElasticNet,100000.0,0.7,,,,1,True,11.982301817177367,0.0,False,0
4,ElasticNet,1000000.0,0.7,,,,1,True,11.982301817177367,0.0,False,0
4,ElasticNet,1.0,0.9,,,,1,True,4.972246084673469,2.1872481870133242e-07,False,0
4,ElasticNet,10.0,0.9,,,,1,True,11.982301817177367,0.0,False,0
4,ElasticNet,100.0,0.9,,,,1,True,11.982301817177367,0.0,False,0
4,ElasticNet,1000.0,0.9,,,,1,True,11.982301817177367,0.0,False,0
4,ElasticNet,10000.0,0.9,,,,1,True,11.982301817177367,0.0,False,0
4,ElasticNet,100000.0,0.9,,,,1,True,11.982301817177367,0.0,False,0
4,ElasticNet,1000000.0,0.9,,,,1,True,11.982301817177367,0.0,False,0
4,ElasticNet,1.0,0.95,,,,1,True,5.02679983059483,2.701833512586127e-06,False,0
4,ElasticNet,10.0,0.95,,,,1,True,11.982301817177367,0.0,False,0
4,ElasticNet,100.0,0.95,,,,1,True,11.982301817177367,0.0,False,0
4,ElasticNet,1000.0,0.95,,,,1,True,11.982301817177367,0.0,False,0
4,ElasticNet,10000.0,0.95,,,,1,True,11.982301817177367,0.0,False,0
4,ElasticNet,100000.0,0.95,,,,1,True,11.982301817177367,0.0,False,0
4,ElasticNet,1000000.0,0.95,,,,1,True,11.982301817177367,0.0,False,0
5,Ridge,100.0,0.0,,,,2,True,3.0667383838510656,0.0,False,0
5,Ridge,1000.0,0.0,,,,1,True,4.112545278945111,0.0,False,0
5,Ridge,10000.0,0.0,,,,1,True,9.015753353148204,0.0,False,0
5,Ridge,100000.0,0.0,,,,1,True,11.548438067992487,0.0,False,0
5,Ridge,1000000.0,0.0,,,,1,True,11.936741117299213,0.0,False,0
5,LASSO,0.1,1.0,,,,2,True,2.529345962464932,8.992456116435621e-06,False,0
5,LASSO,1.0,1.0,,,,1,True,5.1469794444628265,1.118625851059818e-06,False,0
5,LASSO,10.0,1.0,,,,1,True,11.982301817177367,0.0,False,0
5,LASSO,100.0,1.0,,,,1,True,11.982301817177367,0.0,False,0
5,LASSO,1000.0,1.0,,,,1,True,11.982301817177367,0.0,False,0
5,LASSO,10000.0,1.0,,,,1,True,11.982301817177367,0.0,False,0
5,LASSO,100000.0,1.0,,,,1,True,11.982301817177367,0.0,False,0
5,LASSO,1000000.0,1.0,,,,1,True,11.982301817177367,0.0,False,0
5,ElasticNet,0.1,0.1,,,,2,True,2.3013658479470407,7.669392145373544e-06,False,0
5,ElasticNet,1.0,0.1,,,,1,True,3.3223755792273835,3.921747601665082e-08,False,0
5,ElasticNet,10.0,0.1,,,,1,True,9.206543527675025,6.52064418038556e-06,False,0
5,ElasticNet,100.0,0.1,,,,1,True,11.982301817177367,0.0,False,0
5,ElasticNet,1000.0,0.1,,,,1,True,11.982301817177367,0.0,False,0
5,ElasticNet,10000.0,0.1,,,,1,True,11.982301817177367,0.0,False,0
5,ElasticNet,100000.0,0.1,,,,1,True,11.982301817177367,0.0,False,0
5,ElasticNet,1000000.0,0.1,,,,1,True,11.982301817177367,0.0,False,0
5,ElasticNet,0.1,0.3,,,,2,True,2.3554345459270696,5.016168767753293e-06,False,0
5,ElasticNet,1.0,0.3,,,,1,True,3.8178705877232315,5.114523593530151e-07,False,0
5,ElasticNet,10.0,0.3,,,,1,True,11.216572434194271,3.991034169814611e-10,False,0
5,ElasticNet,100.0,0.3,,,,1,True,11.982301817177367,0.0,False,0
5,ElasticNet,1000.0,0.3,,,,1,True,11.982301817177367,0.0,False,0
5,ElasticNet,10000.0,0.3,,,,1,True,11.982301817177367,0.0,False,0
5,ElasticNet,100000.0,0.3,,,,1,True,11.982301817177367,0.0,False,0
5,ElasticNet,1000000.0,0.3,,,,1,True,11.982301817177367,0.0,False,0
5,ElasticNet,0.1,0.5,,,,2,True,2.381188726707961,9.741655991504783e-06,False,0
5,ElasticNet,1.0,0.5,,,,1,True,4.352695180836954,1.4264754721882156e-07,False,0
5,ElasticNet,10.0,0.5,,,,1,True,11.982301817177367,0.0,False,0
5,ElasticNet,100.0,0.5,,,,1,True,11.982301817177367,0.0,False,0
5,ElasticNet,1000.0,0.5,,,,1,True,11.982301817177367,0.0,False,0
5,ElasticNet,10000.0,0.5,,,,1,True,11.982301817177367,0.0,False,0
5,ElasticNet,100000.0,0.5,,,,1,True,11.982301817177367,0.0,False,0
5,ElasticNet,1000000.0,0.5,,,,1,True,11.982301817177367,0.0,False,0
5,ElasticNet,0.1,0.7,,,,2,True,2.4015632387500823,3.221263322014667e-06,False,0
5,ElasticNet,1.0,0.7,,,,1,True,4.742989140694088,8.198596817887704e-06,False,0
5,ElasticNet,10.0,0.7,,,,1,True,11.982301817177367,0.0,False,0
5,ElasticNet,100.0,0.7,,,,1,True,11.982301817177367,0.0,False,0
5,ElasticNet,1000.0,0.7,,,,1,True,11.982301817177367,0.0,False,0
5,ElasticNet,10000.0,0.7,,,,1,True,11.982301817177367,0.0,False,0
5,ElasticNet,100000.0,0.7,,,,1,True,11.982301817177367,0.0,False,0
5,ElasticNet,1000000.0,0.7,,,,1,True,11.982301817177367,0.0,False,0
5,ElasticNet,0.1,0.9,,,,2,True,2.4821534185080614,2.4099954863132655e-06,False,0
5,ElasticNet,1.0,0.9,,,,1,True,4.967607275763537,1.6098551175458553e-06,False,0
5,ElasticNet,10.0,0.9,,,,1,True,11.982301817177367,0.0,False,0
5,ElasticNet,100.0,0.9,,,,1,True,11.982301817177367,0.0,False,0
5,ElasticNet,1000.0,0.9,,,,1,True,11.982301817177367,0.0,False,0
5,ElasticNet,10000.0,0.9,,,,1,True,11.982301817177367,0.0,False,0
5,ElasticNet,100000.0,0.9,,,,1,True,11.982301817177367,0.0,False,0
5,ElasticNet,1000000.0,0.9,,,,1,True,11.982301817177367,0.0,False,0
5,ElasticNet,0.1,0.95,,,,2,True,2.5038301827475453,4.868729453808007e-06,False,0
5,ElasticNet,1.0,0.95,,,,1,True,5.033710977071303,9.724862908844223e-06,False,0
5,ElasticNet,10.0,0.95,,,,1,True,11.982301817177367,0.0,False,0
5,ElasticNet,100.0,0.95,,,,1,True,11.982301817177367,0.0,False,0
5,ElasticNet,1000.0,0.95,,,,1,True,11.982301817177367,0.0,False,0
5,ElasticNet,10000.0,0.95,,,,1,True,11.982301817177367,0.0,False,0
5,ElasticNet,100000.0,0.95,,,,1,True,11.982301817177367,0.0,False,0
5,ElasticNet,1000000.0,0.95,,,,1,True,11.982301817177367,0.0,False,0
6,Ridge,100.0,0.0,,,,1,True,0.8251676485660391,0.0,False,0
6,Ridge,1000.0,0.0,,,,1,True,2.9653826624283464,0.0,False,0
6,Ridge,10000.0,0.0,,,,1,True,8.161169597309332,0.0,False,0
6,Ridge,100000.0,0.0,,,,1,True,11.396388899958565,0.0,False,0
6,Ridge,1000000.0,0.0,,,,1,True,11.920288272343404,0.0,False,0
6,LASSO,0.1,1.0,,,,2,True,1.823324641508081,8.206290041917752e-06,False,0
6,LASSO,1.0,1.0,,,,1,True,4.853627902552662,7.23389502299554e-07,False,0
6,LASSO,10.0,1.0,,,,1,True,11.982301817177367,0.0,False,0
6,LASSO,100.0,1.0,,,,1,True,11.982301817177367,0.0,False,0
6,LASSO,1000.0,1.0,,,,1,True,11.982301817177367,0.0,False,0
6,LASSO,10000.0,1.0,,,,1,True,11.982301817177367,0.0,False,0
6,LASSO,100000.0,1.0,,,,1,True,11.982301817177367,0.0,False,0
6,LASSO,1000000.0,1.0,,,,1,True,11.982301817177367,0.0,False,0
6,ElasticNet,0.1,0.1,,,,2,True,1.400699740815025,6.78948875913743e-06,False,0
6,ElasticNet,1.0,0.1,,,,1,True,2.3731788865677674,1.6345151956087545e-06,False,0
6,ElasticNet,10.0,0.1,,,,1,True,8.548821273492008,7.426994010240051e-06,False,0
6,ElasticNet,100.0,0.1,,,,1,True,11.982301817177367,0.0,False,0
6,ElasticNet,1000.0,0.1,,,,1,True,11.982301817177367,0.0,False,0
6,ElasticNet,10000.0,0.1,,,,1,True,11.982301817177367,0.0,False,0
6,ElasticNet,100000.0,0.1,,,,1,True,11.982301817177367,0.0,False,0
6,ElasticNet,1000000.0,0.1,,,,1,True,11.982301817177367,0.0,False,0
6,ElasticNet,0.1,0.3,,,,2,True,1.4751405137465026,5.728015163075639e-06,False,0
6,ElasticNet,1.0,0.3,,,,1,True,3.1007668505693093,1.1850559998860533e-06,False,0
6,ElasticNet,10.0,0.3,,,,1,True,11.215717801606607,1.4031531492264548e-10,False,0
6,ElasticNet,100.0,0.3,,,,1,True,11.982301817177367,0.0,False,0
6,ElasticNet,1000.0,0.3,,,,1,True,11.982301817177367,0.0,False,0
6,ElasticNet,10000.0,0.3,,,,1,True,11.982301817177367,0.0,False,0
6,ElasticNet,100000.0,0.3,,,,1,True,11.982301817177367,0.0,False,0
6,ElasticNet,1000000.0,0.3,,,,1,True,11.982301817177367,0.0,False,0
6,ElasticNet,0.1,0.5,,,,2,True,1.5401392024922858,6.624031489252391e-06,False,0
6,ElasticNet,1.0,0.5,,,,1,True,3.8463046289073897,2.3095670942385738e-07,False,0
6,ElasticNet,10.0,0.5,,,,1,True,11.982301817177367,0.0,False,0
6,ElasticNet,100.0,0.5,,,,1,True,11.982301817177367,0.0,False,0
6,ElasticNet,1000.0,0.5,,,,1,True,11.982301817177367,0.0,False,0
6,ElasticNet,10000.0,0.5,,,,1,True,11.982301817177367,0.0,False,0
6,ElasticNet,100000.0,0.5,,,,1,True,11.982301817177367,0.0,False,0
6,ElasticNet,1000000.0,0.5,,,,1,True,11.982301817177367,0.0,False,0
6,ElasticNet,0.1,0.7,,,,2,True,1.610382995196086,8.147541681047255e-06,False,0
6,ElasticNet,1.0,0.7,,,,1,True,4.341591344180701,2.508784788801677e-07,False,0
6,ElasticNet,10.0,0.7,,,,1,True,11.982301817177367,0.0,False,0
6,ElasticNet,100.0,0.7,,,,1,True,11.982301817177367,0.0,False,0
6,ElasticNet,1000.0,0.7,,,,1,True,11.982301817177367,0.0,False,0
6,ElasticNet,10000.0,0.7,,,,1,True,11.982301817177367,0.0,False,0
6,ElasticNet,100000.0,0.7,,,,1,True,11.982301817177367,0.0,False,0
6,ElasticNet,1000000.0,0.7,,,,1,True,11.982301817177367,0.0,False,0
6,ElasticNet,0.1,0.9,,,,2,True,1.7475763688303223,8.91889063116269e-06,False,0
6,ElasticNet,1.0,0.9,,,,1,True,4.66561784568264,7.037973199119918e-06,False,0
6,ElasticNet,10.0,0.9,,,,1,True,11.982301817177367,0.0,False,0
6,ElasticNet,100.0,0.9,,,,1,True,11.982301817177367,0.0,False,0
6,ElasticNet,1000.0,0.9,,,,1,True,11.982301817177367,0.0,False,0
6,ElasticNet,10000.0,0.9,,,,1,True,11.982301817177367,0.0,False,0
6,ElasticNet,100000.0,0.9,,,,1,True,11.982301817177367,0.0,False,0
6,ElasticNet,1000000.0,0.9,,,,1,True,11.982301817177367,0.0,False,0
6,ElasticNet,0.1,0.95,,,,2,True,1.7859175106062022,8.470737591914634e-06,False,0
6,ElasticNet,1.0,0.95,,,,1,True,4.752418810942294,3.383913572574393e-06,False,0
6,ElasticNet,10.0,0.95,,,,1,True,11.982301817177367,0.0,False,0
6,ElasticNet,100.0,0.95,,,,1,True,11.982301817177367,0.0,False,0
6,ElasticNet,1000.0,0.95,,,,1,True,11.982301817177367,0.0,False,0
6,ElasticNet,10000.0,0.95,,,,1,True,11.982301817177367,0.0,False,0
6,ElasticNet,100000.0,0.95,,,,1,True,11.982301817177367,0.0,False,0
6,ElasticNet,1000000.0,0.95,,,,1,True,11.982301817177367,0.0,False,0
7,Ridge,10.0,0.0,,,,2,True,0.5215282611860322,0.0,False,0
7,Ridge,100.0,0.0,,,,1,True,0.5985380822578523,0.0,False,0
7,Ridge,1000.0,0.0,,,,1,True,2.6386807182545113,0.0,False,0
7,Ridge,10000.0,0.0,,,,1,True,7.577823886062767,0.0,False,0
7,Ridge,100000.0,0.0,,,,1,True,11.185484552578194,0.0,False,0
7,Ridge,1000000.0,0.0,,,,1,True,11.89480087787144,0.0,False,0
7,LASSO,0.01,1.0,,,,2,True,0.5074308919299194,9.679421356193277e-06,False,0
7,LASSO,0.1,1.0,,,,1,True,0.6249796378655084,2.3555958807708333e-06,False,0
7,LASSO,1.0,1.0,,,,1,True,4.80382485773598,3.970385825224909e-06,False,0
7,LASSO,10.0,1.0,,,,1,True,11.982301817177367,0.0,False,0
7,LASSO,100.0,1.0,,,,1,True,11.982301817177367,0.0,False,0
7,LASSO,1000.0,1.0,,,,1,True,11.982301817177367,0.0,False,0
7,LASSO,10000.0,1.0,,,,1,True,11.982301817177367,0.0,False,0
7,LASSO,100000.0,1.0,,,,1,True,11.982301817177367,0.0,False,0
7,LASSO,1000000.0,1.0,,,,1,True,11.982301817177367,0.0,False,0
7,ElasticNet,0.1,0.1,,,,2,True,1.0140261676877873,8.35828162982187e-06,False,0
7,ElasticNet,1.0,0.1,,,,1,True,2.1251096250120383,4.9971568712170455e-06,False,0
7,ElasticNet,10.0,0.1,,,,1,True,8.27282841521427,6.0531579748612785e-12,False,0
7,ElasticNet,100.0,0.1,,,,1,True,11.982301817177367,0.0,False,0
7,ElasticNet,1000.0,0.1,,,,1,True,11.982301817177367,0.0,False,0
7,ElasticNet,10000.0,0.1,,,,1,True,11.982301817177367,0.0,False,0
7,ElasticNet,100000.0,0.1,,,,1,True,11.982301817177367,0.0,False,0
7,ElasticNet,1000000.0,0.1,,,,1,True,11.982301817177367,0.0,False,0
7,ElasticNet,0.01,0.3,,,,2,True,0.4597068879507158,7.573863071519936e-06,False,0
7,ElasticNet,0.1,0.3,,,,1,True,0.4807883964754723,5.807512282803018e-06,False,0
7,ElasticNet,1.0,0.3,,,,1,True,2.920953403537267,4.3592250687507494e-06,False,0
7,ElasticNet,10.0,0.3,,,,1,True,11.022731911785472,4.2022474389113995e-10,False,0
7,ElasticNet,100.0,0.3,,,,1,True,11.982301817177367,0.0,False,0
7,ElasticNet,1000.0,0.3,,,,1,True,11.982301817177367,0.0,False,0
7,ElasticNet,10000.0,0.3,,,,1,True,11.982301817177367,0.0,False,0
7,ElasticNet,100000.0,0.3,,,,1,True,11.982301817177367,0.0,False,0
7,ElasticNet,1000000.0,0.3,,,,1,True,11.982301817177367,0.0,False,0
7,ElasticNet,0.01,0.5,,,,2,True,0.4728225864394791,9.696384854772193e-06,False,0
7,ElasticNet,0.1,0.5,,,,1,True,0.5133007517037075,8.388464584313526e-06,False,0
7,ElasticNet,1.0,0.5,,,,1,True,3.7683610432514207,8.263690094767462e-06,False,0
7,ElasticNet,10.0,0.5,,,,1,True,11.982301817177367,0.0,False,0
7,ElasticNet,100.0,0.5,,,,1,True,11.982301817177367,0.0,False,0
7,ElasticNet,1000.0,0.5,,,,1,True,11.982301817177367,0.0,False,0
7,ElasticNet,10000.0,0.5,,,,1,True,11.982301817177367,0.0,False,0
7,ElasticNet,100000.0,0.5,,,,1,True,11.982301817177367,0.0,False,0
7,ElasticNet,1000000.0,0.5,,,,1,True,11.982301817177367,0.0,False,0
7,ElasticNet,0.01,0.7,,,,2,True,0.48538637236316257,8.882805219358192e-06,False,0
7,ElasticNet,0.1,0.7,,,,1,True,0.5402405901335111,8.585289119580897e-06,False,0
7,ElasticNet,1.0,0.7,,,,1,True,4.352863610098562,6.673364711273777e-06,False,0
7,ElasticNet,10.0,0.7,,,,1,True,11.982301817177367,0.0,False,0
7,ElasticNet,100.0,0.7,,,,1,True,11.982301817177367,0.0,False,0
7,ElasticNet,1000.0,0.7,,,,1,True,11.982301817177367,0.0,False,0
7,ElasticNet,10000.0,0.7,,,,1,True,11.982301817177367,0.0,False,0
7,ElasticNet,100000.0,0.7,,,,1,True,11.982301817177367,0.0,False,0
7,ElasticNet,1000000.0,0.7,,,,1,True,11.982301817177367,0.0,False,0
7,ElasticNet,0.01,0.9,,,,2,True,0.49732917314425373,9.625425415099934e-06,False,0
7,ElasticNet,0.1,0.9,,,,1,True,0.5856398041964227,6.061979099941661e-06,False,0
7,ElasticNet,1.0,0.9,,,,1,True,4.6576010654985645,1.6481281577274132e-06,False,0
7,ElasticNet,10.0,0.9,,,,1,True,11.982301817177367,0.0,False,0
7,ElasticNet,100.0,0.9,,,,1,True,11.982301817177367,0.0,False,0
7,ElasticNet,1000.0,0.9,,,,1,True,11.982301817177367,0.0,False,0
7,ElasticNet,10000.0,0.9,,,,1,True,11.982301817177367,0.0,False,0
7,ElasticNet,100000.0,0.9,,,,1,True,11.982301817177367,0.0,False,0
7,ElasticNet,1000000.0,0.9,,,,1,True,11.982301817177367,0.0,False,0
7,ElasticNet,0.01,0.95,,,,2,True,0.5026293184850562,9.630739307877126e-06,False,0
7,ElasticNet,0.1,0.95,,,,1,True,0.6044237336191883,6.347205532747369e-06,False,0
7,ElasticNet,1.0,0.95,,,,1,True,4.730097193252892,1.3542557353307672e-06,False,0
7,ElasticNet,10.0,0.95,,,,1,True,11.982301817177367,0.0,False,0
7,ElasticNet,100.0,0.95,,,,1,True,11.982301817177367,0.0,False,0
7,ElasticNet,1000.0,0.95,,,,1,True,11.982301817177367,0.0,False,0
7,ElasticNet,10000.0,0.95,,,,1,True,11.982301817177367,0.0,False,0
7,ElasticNet,100000.0,0.95,,,,1,True,11.982301817177367,0.0,False,0
7,ElasticNet,1000000.0,0.95,,,,1,True,11.982301817177367,0.0,False,0
8,Ridge,100.0,0.0,,,,1,True,0.43820760181986085,0.0,False,0
8,Ridge,1000.0,0.0,,,,1,True,2.0147747542754044,0.0,False,0
8,Ridge,10000.0,0.0,,,,1,True,6.794631611111633,0.0,False,0
8,Ridge,100000.0,0.0,,,,1,True,10.983074766355763,0.0,False,0
8,Ridge,1000000.0,0.0,,,,1,True,11.870923373408635,0.0,False,0
9,Ridge,100.0,0.0,,,,2,True,0.8058718889134123,0.0,False,0
9,Ridge,1000.0,0.0,,,,1,True,1.8054276778207965,0.0,False,0
9,Ridge,10000.0,0.0,,,,1,True,6.426025006398301,0.0,False,0
9,Ridge,100000.0,0.0,,,,1,True,10.75553464054297,0.0,False,0
9,Ridge,1000000.0,0.0,,,,1,True,11.838635991811676,0.0,False,0
9,LASSO,1e-06,1.0,,,,2,True,0.4262758827060115,2.4415056275185262e-05,False,0
9,LASSO,1e-05,1.0,,,,2,True,0.37930452397296205,3.875961330298033e-05,False,0
9,LASSO,0.1,1.0,,,,1,True,0.5020371263396378,7.166506399480799e-06,False,0
9,LASSO,1.0,1.0,,,,1,True,4.635691530492105,9.499239627341893e-06,False,0
9,LASSO,10.0,1.0,,,,1,True,11.982301817177367,0.0,False,0
9,LASSO,100.0,1.0,,,,1,True,11.982301817177367,0.0,False,0
9,LASSO,1000.0,1.0,,,,1,True,11.982301817177367,0.0,False,0
9,LASSO,10000.0,1.0,,,,1,True,11.982301817177367,0.0,False,0
9,LASSO,100000.0,1.0,,,,1,True,11.982301817177367,0.0,False,0
9,LASSO,1000000.0,1.0,,,,1,True,11.982301817177367,0.0,False,0
10,Ridge,1e-06,0.0,,,,2,True,1.9871411307379006,0.0,False,0
10,Ridge,1e-05,0.0,,,,2,True,1.8469252687278435,0.0,False,0
10,Ridge,0.0001,0.0,,,,2,True,1.2790989780009008,0.0,False,0
10,Ridge,0.001,0.0,,,,2,True,0.6585301651621774,0.0,False,0
10,Ridge,0.01,0.0,,,,2,True,0.3533106293813719,0.0,False,0
10,Ridge,100.0,0.0,,,,2,True,0.6995372020494853,0.0,False,0
10,Ridge,1000.0,0.0,,,,1,True,1.484471802064183,0.0,False,0
10,Ridge,10000.0,0.0,,,,1,True,5.801240502996819,0.0,False,0
10,Ridge,100000.0,0.0,,,,1,True,10.523083645675792,0.0,False,0
10,Ridge,1000000.0,0.0,,,,1,True,11.807583408230656,0.0,False,0
10,ElasticNet,1e-06,0.1,,,,2,True,0.5117418200616279,4.333318861004624e-05,False,0
10,ElasticNet,1e-05,0.1,,,,2,True,0.3920635595558859,3.397588649911927e-05,False,0
10,ElasticNet,0.1,0.1,,,,2,True,0.5731498510601606,8.25627681418778e-06,False,0
10,ElasticNet,1.0,0.1,,,,1,True,1.3196742029562183,4.161345311226583e-06,False,0
10,ElasticNet,10.0,0.1,,,,1,True,7.336389342424578,2.625872852490829e-10,False,0
10,ElasticNet,100.0,0.1,,,,1,True,11.982301817177367,0.0,False,0
10,ElasticNet,1000.0,0.1,,,,1,True,11.982301817177367,0.0,False,0
10,ElasticNet,10000.0,0.1,,,,1,True,11.982301817177367,0.0,False,0
10,ElasticNet,100000.0,0.1,,,,1,True,11.982301817177367,0.0,False,0
10,ElasticNet,1000000.0,0.1,,,,1,True,11.982301817177367,0.0,False,0
10,ElasticNet,1e-06,0.3,,,,2,True,0.497579676281698,5.392867406329667e-05,False,0
10,ElasticNet,1e-05,0.3,,,,2,True,0.399918528178608,3.991957451679045e-05,False,0
10,ElasticNet,0.1,0.3,,,,2,True,0.7301524017124046,9.054017921686364e-06,False,0
10,ElasticNet,1.0,0.3,,,,1,True,2.2982312243514436,2.809615603838189e-06,False,0
10,ElasticNet,10.0,0.3,,,,1,True,10.878098291718631,7.30867366627308e-10,False,0
10,ElasticNet,100.0,0.3,,,,1,True,11.982301817177367,0.0,False,0
10,ElasticNet,1000.0,0.3,,,,1,True,11.982301817177367,0.0,False,0
10,ElasticNet,10000.0,0.3,,,,1,True,11.982301817177367,0.0,False,0
10,ElasticNet,100000.0,0.3,,,,1,True,11.982301817177367,0.0,False,0
10,ElasticNet,1000000.0,0.3,,,,1,True,11.982301817177367,0.0,False,0
10,ElasticNet,1e-06,0.5,,,,2,True,0.5183060743624229,4.5828657845363106e-05,False,0
10,ElasticNet,1e-05,0.5,,,,2,True,0.4068220293609661,4.46513284896209e-05,False,0
10,ElasticNet,0.1,0.5,,,,1,True,0.38025378195481957,9.897306307238285e-06,False,0
10,ElasticNet,1.0,0.5,,,,1,True,3.352035772900793,3.026710283016154e-06,False,0
10,ElasticNet,10.0,0.5,,,,1,True,11.982301817177367,0.0,False,0
10,ElasticNet,100.0,0.5,,,,1,True,11.982301817177367,0.0,False,0
10,ElasticNet,1000.0,0.5,,,,1,True,11.982301817177367,0.0,False,0
10,ElasticNet,10000.0,0.5,,,,1,True,11.982301817177367,0.0,False,0
10,ElasticNet,100000.0,0.5,,,,1,True,11.982301817177367,0.0,False,0
10,ElasticNet,1000000.0,0.5,,,,1,True,11.982301817177367,0.0,False,0
10,ElasticNet,1e-06,0.7,,,,2,True,0.4996307835701748,5.731973518634406e-05,False,0
10,ElasticNet,1e-05,0.7,,,,2,True,0.398706617719649,6.182267050045947e-05,False,0
10,ElasticNet,0.1,0.7,,,,1,True,0.42951841086715276,8.94862377318062e-06,False,0
10,ElasticNet,1.0,0.7,,,,1,True,4.027048581134826,5.0169723162518665e-06,False,0
10,ElasticNet,10.0,0.7,,,,1,True,11.982301817177367,0.0,False,0
10,ElasticNet,100.0,0.7,,,,1,True,11.982301817177367,0.0,False,0
10,ElasticNet,1000.0,0.7,,,,1,True,11.982301817177367,0.0,False,0
10,ElasticNet,10000.0,0.7,,,,1,True,11.982301817177367,0.0,False,0
10,ElasticNet,100000.0,0.7,,,,1,True,11.982301817177367,0.0,False,0
10,ElasticNet,1000000.0,0.7,,,,1,True,11.982301817177367,0.0,False,0
10,ElasticNet,1e-06,0.9,,,,2,True,0.4646540567376596,5.7866446378174154e-05,False,0
10,ElasticNet,1e-05,0.9,,,,2,True,0.38891020684304944,5.975802083053386e-05,False,0
10,ElasticNet,0.1,0.9,,,,1,True,0.47670294791232437,7.517373165386032e-06,False,0
10,ElasticNet,1.0,0.9,,,,1,True,4.430175747357123,3.620290563699502e-05,False,0
10,ElasticNet,10.0,0.9,,,,1,True,11.982301817177367,0.0,False,0
10,ElasticNet,100.0,0.9,,,,1,True,11.982301817177367,0.0,False,0
10,ElasticNet,1000.0,0.9,,,,1,True,11.982301817177367,0.0,False,0
10,ElasticNet,10000.0,0.9,,,,1,True,11.982301817177367,0.0,False,0
10,ElasticNet,100000.0,0.9,,,,1,True,11.982301817177367,0.0,False,0
10,ElasticNet,1000000.0,0.9,,,,1,True,11.982301817177367,0.0,False,0
10,ElasticNet,1e-06,0.95,,,,2,True,0.46918644835307316,5.819835550738077e-05,False,0
10,ElasticNet,1e-05,0.95,,,,2,True,0.3941598947472158,5.945082951016765e-05,False,0
10,ElasticNet,0.1,0.95,,,,1,True,0.48790830774735844,8.86058309156057e-06,False,0
10,ElasticNet,1.0,0.95,,,,1,True,4.533852754180338,8.139365180848124e-06,False,0
10,ElasticNet,10.0,0.95,,,,1,True,11.982301817177367,0.0,False,0
10,ElasticNet,100.0,0.95,,,,1,True,11.982301817177367,0.0,False,0
10,ElasticNet,1000.0,0.95,,,,1,True,11.982301817177367,0.0,False,0
10,ElasticNet,10000.0,0.95,,,,1,True,11.982301817177367,0.0,False,0
10,ElasticNet,100000.0,0.95,,,,1,True,11.982301817177367,0.0,False,0
10,ElasticNet,1000000.0,0.95,,,,1,True,11.982301817177367,0.0,False,0
11,Ridge,1e-06,0.0,,,,1,True,5.5616418565003825,0.0,False,0
11,Ridge,1e-05,0.0,,,,1,True,4.018484415448673,0.0,False,0
11,Ridge,0.0001,0.0,,,,1,True,1.379742249111408,0.0,False,0
11,Ridge,0.001,0.0,,,,1,True,0.3157229807844533,0.0,False,0
11,Ridge,0.01,0.0,,,,2,True,0.5184988588989766,0.0,False,0
11,Ridge,100.0,0.0,,,,2,True,0.5930480977194245,0.0,False,0
11,Ridge,1000.0,0.0,,,,1,True,1.337513979369773,0.0,False,0
11,Ridge,10000.0,0.0,,,,1,True,5.551257678884177,0.0,False,0
11,Ridge,100000.0,0.0,,,,1,True,10.304841719002708,0.0,False,0
11,Ridge,1000000.0,0.0,,,,1,True,11.769244462942337,0.0,False,0
12,Ridge,1e-06,0.0,,,,1,True,10.380158372855574,0.0,False,0
12,Ridge,1e-05,0.0,,,,1,True,5.407777318884304,0.0,False,0
12,Ridge,0.0001,0.0,,,,1,True,2.0876546105146683,0.0,False,0
12,Ridge,0.001,0.0,,,,1,True,0.5221865303555285,0.0,False,0
12,Ridge,0.01,0.0,,,,2,True,0.8405889496475273,0.0,False,0
12,Ridge,100.0,0.0,,,,2,True,0.5511912486066279,0.0,False,0
12,Ridge,1000.0,0.0,,,,1,True,1.1755703269443958,0.0,False,0
12,Ridge,10000.0,0.0,,,,1,True,5.083699254076396,0.0,False,0
12,Ridge,100000.0,0.0,,,,1,True,10.06352009157675,0.0,False,0
12,Ridge,1000000.0,0.0,,,,1,True,11.731701228828795,0.0,False,0
13,Ridge,1e-06,0.0,,,,1,True,29.873396865219448,0.0,False,0
13,Ridge,1e-05,0.0,,,,1,True,11.843296689001884,0.0,False,0
13,Ridge,0.0001,0.0,,,,1,True,4.777869895979934,0.0,False,0
13,Ridge,0.001,0.0,,,,1,True,1.045130051163967,0.0,False,0
13,Ridge,0.01,0.0,,,,2,True,1.843464298875137,0.0,False,0
13,Ridge,0.1,0.0,,,,2,True,0.4030176212251213,0.0,False,0
13,Ridge,100.0,0.0,,,,2,True,0.4950278832214627,0.0,False,0
13,Ridge,1000.0,0.0,,,,1,True,1.0708622920336968,0.0,False,0
13,Ridge,10000.0,0.0,,,,1,True,4.89515648435894,0.0,False,0
13,Ridge,100000.0,0.0,,,,1,True,9.870324758601035,0.0,False,0
13,Ridge,1000000.0,0.0,,,,1,True,11.688368769091447,0.0,False,0
14,Ridge,1e-06,0.0,,,,1,True,52.718249592287286,0.0,False,0
14,Ridge,1e-05,0.0,,,,1,True,18.263643720227886,0.0,False,0
14,Ridge,0.0001,0.0,,,,1,True,6.099559405623631,0.0,False,0
14,Ridge,0.001,0.0,,,,1,True,1.4923248166260967,0.0,False,0
14,Ridge,0.01,0.0,,,,2,True,2.867499064228406,0.0,False,0
14,Ridge,0.1,0.0,,,,2,True,0.541509903514919,0.0,False,0
14,Ridge,100.0,0.0,,,,2,True,0.48172138364012596,0.0,False,0
14,Ridge,1000.0,0.0,,,,1,True,0.9931233547662126,0.0,False,0
14,Ridge,10000.0,0.0,,,,1,True,4.5524084198976675,0.0,False,0
14,Ridge,100000.0,0.0,,,,1,True,9.635869897764016,0.0,False,0
14,Ridge,1000000.0,0.0,,,,1,True,11.645372830974374,0.0,False,0
15,Ridge,1e-06,0.0,,,,1,True,94.97194383151094,0.0,False,0
15,Ridge,1e-05,0.0,,,,1,True,30.127908444248522,0.0,False,0
15,Ridge,0.0001,0.0,,,,1,True,10.169709379704361,0.0,False,0
15,Ridge,0.001,0.0,,,,1,True,2.640246514296126,0.0,False,0
15,Ridge,0.01,0.0,,,,1,True,0.4784421526537115,0.0,False,0
15,Ridge,0.1,0.0,,,,2,True,0.8576034953872335,0.0,False,0
15,Ridge,100.0,0.0,,,,2,True,0.4633556989269403,0.0,False,0
15,Ridge,1000.0,0.0,,,,1,True,0.9210050300470761,0.0,False,0
15,Ridge,10000.0,0.0,,,,1,True,4.401218682989735,0.0,False,0
15,Ridge,100000.0,0.0,,,,1,True,9.471784349983928,0.0,False,0
15,Ridge,1000000.0,0.0,,,,1,True,11.59837361606789,0.0,False,0
16,Ridge,1e-06,0.0,,,,1,True,126.44103533119403,0.0,False,0
16,Ridge,1e-05,0.0,,,,1,True,40.15438624797171,0.0,False,0
16,Ridge,0.0001,0.0,,,,1,True,12.72864663688449,0.0,False,0
16,Ridge,0.001,0.0,,,,1,True,3.3374454137923757,0.0,False,0
16,Ridge,0.01,0.0,,,,1,True,0.6272166613713875,0.0,False,0
16,Ridge,0.1,0.0,,,,2,True,1.086902388068505,0.0,False,0
16,Ridge,100.0,0.0,,,,2,True,0.46325651382725264,0.0,False,0
16,Ridge,1000.0,0.0,,,,1,True,0.8873293405701639,0.0,False,0
16,Ridge,10000.0,0.0,,,,1,True,4.148996278090746,0.0,False,0
16,Ridge,100000.0,0.0,,,,1,True,9.253322414557275,0.0,False,0
16,Ridge,1000000.0,0.0,,,,1,True,11.551213813861096,0.0,False,0
17,Ridge,1e-06,0.0,,,,1,True,194.31781127423383,0.0,False,0
17,Ridge,1e-05,0.0,,,,1,True,62.144301785776754,0.0,False,0
17,Ridge,0.0001,0.0,,,,1,True,19.348062622818407,0.0,False,0
17,Ridge,0.001,0.0,,,,1,True,5.164191121316323,0.0,False,0
17,Ridge,0.01,0.0,,,,1,True,0.8802756456282984,0.0,False,0
17,Ridge,0.1,0.0,,,,2,True,1.8600098384856896,0.0,False,0
17,Ridge,1.0,0.0,,,,2,True,0.4038011712963118,0.0,False,0
17,Ridge,100.0,0.0,,,,2,True,0.470948616236959,0.0,False,0
17,Ridge,1000.0,0.0,,,,1,True,0.8391981427625024,0.0,False,0
17,Ridge,10000.0,0.0,,,,1,True,4.024627642177603,0.0,False,0
17,Ridge,100000.0,0.0,,,,1,True,9.115286124077889,0.0,False,0
17,Ridge,1000000.0,0.0,,,,1,True,11.502022017833163,0.0,False,0
18,Ridge,1e-06,0.0,,,,1,True,246.5113581666318,0.0,False,0
18,Ridge,1e-05,0.0,,,,1,True,71.86009844070283,0.0,False,0
18,Ridge,0.0001,0.0,,,,1,True,22.373368493812766,0.0,False,0
18,Ridge,0.001,0.0,,,,1,True,6.080788726710477,0.0,False,0
18,Ridge,0.01,0.0,,,,1,True,1.0977012202304735,0.0,False,0
18,Ridge,0.1,0.0,,,,2,True,2.190046411889074,0.0,False,0
18,Ridge,1.0,0.0,,,,2,True,0.4654750061497495,0.0,False,0
18,Ridge,100.0,0.0,,,,2,True,0.47818981285722906,0.0,False,0
18,Ridge,1000.0,0.0,,,,1,True,0.8267291446997334,0.0,False,0
18,Ridge,10000.0,0.0,,,,1,True,3.836160562197301,0.0,False,0
18,Ridge,100000.0,0.0,,,,1,True,8.917052630886506,0.0,False,0
18,Ridge,1000000.0,0.0,,,,1,True,11.452099062435472,0.0,False,0
19,Ridge,1e-06,0.0,,,,1,True,336.99267923003174,0.0,False,0
19,Ridge,1e-05,0.0,,,,1,True,102.02300507066322,0.0,False,0
19,Ridge,0.0001,0.0,,,,1,True,31.62292919837998,0.0,False,0
19,Ridge,0.001,0.0,,,,1,True,8.54121088211088,0.0,False,0
19,Ridge,0.01,0.0,,,,1,True,1.4780672736930793,0.0,False,0
19,Ridge,0.1,0.0,,,,2,True,3.5603585022597333,0.0,False,0
19,Ridge,1.0,0.0,,,,2,True,0.6025022091593378,0.0,False,0
19,Ridge,100.0,0.0,,,,2,True,0.4991640038222463,0.0,False,0
19,Ridge,1000.0,0.0,,,,1,True,0.7949240265855942,0.0,False,0
19,Ridge,10000.0,0.0,,,,1,True,3.7327133285683733,0.0,False,0
19,Ridge,100000.0,0.0,,,,1,True,8.799804492964537,0.0,False,0
19,Ridge,1000000.0,0.0,,,,1,True,11.402164581790325,0.0,False,0
20,Ridge,1e-06,0.0,,,,1,True,431.1561303945027,0.0,False,0
20,Ridge,1e-05,0.0,,,,1,True,112.10097383231191,0.0,False,0
20,Ridge,0.0001,0.0,,,,1,True,34.5263534400392,0.0,False,0
20,Ridge,0.001,0.0,,,,1,True,9.51994006844699,0.0,False,0
20,Ridge,0.01,0.0,,,,1,True,1.7554200605639265,0.0,False,0
20,Ridge,0.1,0.0,,,,2,True,3.9086189249934016,0.0,False,0
20,Ridge,1.0,0.0,,,,2,True,0.6564449348590939,0.0,False,0
20,Ridge,100.0,0.0,,,,2,True,0.510978688993154,0.0,False,0
20,Ridge,1000.0,0.0,,,,1,True,0.7913710088369724,0.0,False,0
20,Ridge,10000.0,0.0,,,,1,True,3.5892123997902607,0.0,False,0
20,Ridge,100000.0,0.0,,,,1,True,8.622985857461993,0.0,False,0
20,Ridge,1000000.0,0.0,,,,1,True,11.350834235849744,0.0,False,0
13,LASSO,0.0001,1.0,,,,2,True,0.4644598097893444,4.7618286443229356e-06,False,0
13,LASSO,0.00017782794100389227,1.0,,,,2,True,0.3080017173389684,9.590460704376634e-06,False,0
13,ElasticNet,0.0001,0.1,,,,2,True,0.5398103240752447,9.878918939304348e-06,False,0
13,ElasticNet,0.00017782794100389227,0.1,,,,2,True,0.38805973884872663,9.91438608824751e-06,False,0
13,ElasticNet,0.00031622776601683794,0.1,,,,2,True,0.3072886332947955,9.976907982902258e-06,False,0
13,ElasticNet,0.0001,0.3,,,,2,True,0.49036083721262275,9.994056127185185e-06,False,0
13,ElasticNet,0.00017782794100389227,0.3,,,,2,True,0.35296127605938105,9.909882842824327e-06,False,0
13,ElasticNet,0.0001,0.5,,,,2,True,0.46221267519280523,9.985404502874217e-06,False,0
13,ElasticNet,0.00017782794100389227,0.5,,,,2,True,0.33292215885843945,1.0013381172137352e-05,False,0
13,ElasticNet,0.0001,0.7,,,,2,True,0.45061182069493483,9.997625179889444e-06,False,0
13,ElasticNet,0.00017782794100389227,0.7,,,,2,True,0.30505002532465747,4.4537192381536195e-06,False,0
13,ElasticNet,0.0001,0.9,,,,2,True,0.45214827511300615,7.79681155379833e-06,False,0
13,ElasticNet,0.00017782794100389227,0.9,,,,2,True,0.30356123005263974,8.24021873994913e-06,False,0
13,ElasticNet,0.0001,0.95,,,,2,True,0.45546680934098216,9.912966739978268e-06,False,0
13,ElasticNet,0.00017782794100389227,0.95,,,,2,True,0.3062788074688682,6.551688559399912e-06,False,0
