degree,model,alpha,l1_ratio,mean_mse,std_mse,mean_r2,evaluated_folds,pruned,mse_lower_bound,max_kkt,converged,warning_count
5,LASSO,0.01,1.0,0.3921263166400622,0.04819109651358845,0.9648245291253507,3,False,0.3921263166400622,5.542858357110089e-06,True,0
5,LASSO,0.01,1.0,0.3921338071746839,0.04818389272239563,0.9648238515046387,3,False,0.3921338071746839,3.712769244176503e-06,True,0
5,ElasticNet,0.01,0.95,0.393971943210022,0.05036067773675969,0.9646764410246879,3,False,0.393971943210022,6.268807659012832e-06,True,0
5,ElasticNet,0.01,0.95,0.3939753918644568,0.05035739503762302,0.964676129047,3,False,0.3939753918644568,9.985084707439529e-06,True,0
5,ElasticNet,0.01,0.9,0.39646386560546293,0.0523924448050559,0.9644712748200184,3,False,0.39646386560546293,9.193282158851193e-06,True,0
5,ElasticNet,0.01,0.9,0.3964711272277422,0.05240465354538303,0.96447074644087,3,False,0.3964711272277422,6.467082707536584e-06,True,0
5,ElasticNet,0.01778279410038923,0.95,0.4052820387761383,0.045135185495626104,0.9636085619640227,3,False,0.4052820387761383,4.090844952536754e-06,True,0
5,ElasticNet,0.01778279410038923,0.9,0.4053141739699859,0.04666673519229908,0.9636188495584984,3,False,0.4053141739699859,8.384357021450767e-06,True,0
5,LASSO,0.01778279410038923,1.0,0.40544924089140677,0.04348665441159004,0.9635775388035169,3,False,0.40544924089140677,9.84587111630894e-06,True,0
5,ElasticNet,0.01778279410038923,0.7,0.4061272309253392,0.0492768380753041,0.963579954172871,3,False,0.4061272309253392,5.344366757168914e-06,True,0
5,ElasticNet,0.01,0.7,0.4069753905233,0.060722992174990914,0.9635992743892977,3,False,0.4069753905233,3.831168116711671e-06,True,0
5,ElasticNet,0.01,0.7,0.4069791132584009,0.06072264320259453,0.9635989446037777,3,False,0.4069791132584009,3.6442307757168085e-06,True,0
5,LASSO,0.005623413251903491,1.0,0.4074769032420744,0.06702863671394485,0.963605872045792,3,False,0.4074769032420744,6.131679016688728e-06,True,0
5,ElasticNet,0.005623413251903491,0.95,0.4101601388826371,0.06847808678539595,0.9633751197231043,3,False,0.410160138882637,9.116308284420546e-06,True,0
5,ElasticNet,0.005623413251903491,0.9,0.4128986189769092,0.06944347243077771,0.9631336734495757,3,False,0.41289861897690927,9.606529799809603e-06,True,0
6,LASSO,0.01,1.0,0.41838893697615553,0.05565294533429031,0.9625650462654828,3,False,0.41838893697615553,9.232745892425592e-06,True,0
5,ElasticNet,0.01778279410038923,0.5,0.4198798559907462,0.05245220806577608,0.9623532682930795,3,False,0.4198798559907462,8.869471400555634e-06,True,0
6,ElasticNet,0.01,0.9,0.42391253330163825,0.05677296437929596,0.962084750229681,3,False,0.42391253330163825,8.05899562807827e-06,True,0
5,ElasticNet,0.01,0.5,0.4259164048064217,0.06789034403310622,0.9619222892608902,3,False,0.4259164048064217,8.411354371392309e-06,True,0
5,ElasticNet,0.01,0.5,0.4259193348995953,0.06791151097485418,0.961922167490842,3,False,0.42591933489959527,9.741083027149135e-06,True,0
5,ElasticNet,0.005623413251903491,0.7,0.4301778991520538,0.07320425502227002,0.9615924519490178,3,False,0.4301778991520538,9.508225428983726e-06,True,0
6,ElasticNet,0.01,0.7,0.4375404056447521,0.05740491321069936,0.9608584907610402,3,False,0.4375404056447521,9.563676141015331e-06,True,0
7,LASSO,0.01,1.0,0.44235964669275435,0.06282133768085985,0.9604008799909535,3,False,0.44235964669275435,6.514177323054676e-06,True,0
5,ElasticNet,0.03162277660168379,0.5,0.44494055507354197,0.05791362820248413,0.9601173658274483,3,False,0.44494055507354197,9.678729409060005e-06,True,0
5,ElasticNet,0.03162277660168379,0.7,0.4452836244745189,0.05208713734892895,0.9600539129001007,3,False,0.4452836244745189,5.986147424173055e-06,True,0
7,ElasticNet,0.01,0.9,0.4489754923027765,0.06619115237431072,0.9598300932198832,3,False,0.4489754923027766,3.032123069836648e-05,True,0
5,LASSO,0.0031622776601683794,1.0,0.44972187359709204,0.07590681674585557,0.9598417670259568,3,False,0.44972187359709204,5.720496352113781e-06,True,0
5,ElasticNet,0.01778279410038923,0.3,0.45441011432372386,0.064270744241334,0.9592626323680308,3,False,0.45441011432372386,4.312375079649003e-06,True,0
5,ElasticNet,0.03162277660168379,0.9,0.4545363484486151,0.043821725022331094,0.9591417500203646,3,False,0.4545363484486151,6.5254873812675696e-06,True,0
5,ElasticNet,0.0031622776601683794,0.95,0.4554802187253353,0.07636877832580385,0.9593215935757359,3,False,0.4554802187253353,7.329571428618762e-06,True,0
5,ElasticNet,0.03162277660168379,0.95,0.4571272750860998,0.04175803817281385,0.9588809207262586,3,False,0.4571272750860998,5.733962031247153e-06,True,0
5,LASSO,0.03162277660168379,1.0,0.45963199130723636,0.040122047028146215,0.9586283073248688,3,False,0.45963199130723636,4.848565752127443e-06,True,0
5,ElasticNet,0.0031622776601683794,0.9,0.46154948574611615,0.07700308647182674,0.9587773475160759,3,False,0.46154948574611604,8.316239461474487e-06,True,0
8,ElasticNet,0.01,0.9,0.4622367555850822,0.06930455401561723,0.9586826864702225,3,False,0.4622367555850822,1.673293864459975e-05,True,0
5,ElasticNet,0.005623413251903491,0.5,0.4640588764525339,0.07857245996577386,0.9585747664618549,3,False,0.4640588764525339,9.580898838833143e-06,True,0
5,ElasticNet,0.03162277660168379,0.3,0.46628618677467154,0.05765624540933335,0.9581654332866605,3,False,0.46628618677467154,8.78232588598371e-06,True,0
5,ElasticNet,0.01,0.3,0.4731306682561931,0.07165464758259972,0.9576810703793491,3,False,0.4731306682561931,9.335208006435933e-06,True,0
5,ElasticNet,0.01,0.3,0.473149070515436,0.07167244685510882,0.9576792874063352,3,False,0.4731490705154359,7.601603755179841e-06,True,0
6,ElasticNet,0.01,0.5,0.4738078267515656,0.07198188450059469,0.957701187148802,3,False,0.4738078267515655,6.862419683324392e-06,True,0
7,ElasticNet,0.01,0.7,0.474056958770342,0.07808051213362158,0.9576721909011171,3,False,0.474056958770342,1.4567508576861232e-05,True,0
8,ElasticNet,0.01,0.7,0.48707989196056856,0.0844748586151791,0.9565715756115519,3,False,0.48707989196056856,2.607892044680961e-05,True,0
5,ElasticNet,0.0031622776601683794,0.7,0.4903953663338612,0.07893547418775819,0.9562281633355144,3,False,0.4903953663338612,9.0256806484822e-06,True,0
9,ElasticNet,0.01,0.7,0.5099440717057894,0.06050894925386209,0.9543283021130636,3,False,0.5099440717057894,4.302475293373187e-05,True,0
5,ElasticNet,0.05623413251903491,0.3,0.5158422540915574,0.06796952497899655,0.9537832810965443,3,False,0.5158422540915574,8.0952138344359e-06,True,0
7,ElasticNet,0.01,0.5,0.5198933203678661,0.09481039148047352,0.9536913341837029,3,False,0.519893320367866,9.103875108581842e-06,True,0
5,ElasticNet,0.05623413251903491,0.5,0.5207777203402949,0.05830162786712188,0.9532523978504767,3,False,0.5207777203402949,4.9670501243367915e-06,True,0
5,LASSO,0.0017782794100389228,1.0,0.5274696047511974,0.07916066288141356,0.9529186665849957,3,False,0.5274696047511974,9.202238074774343e-06,True,0
5,ElasticNet,0.005623413251903491,0.3,0.5282596837428992,0.07511043869307311,0.9527930373382594,3,False,0.5282596837428991,9.784997782613138e-06,True,0
5,ElasticNet,0.0017782794100389228,0.95,0.5377167806873216,0.0816091702210762,0.9520180417390431,3,False,0.5377167806873218,9.718387775413916e-06,True,0
8,ElasticNet,0.01,0.5,0.5416599866529788,0.11943059007335491,0.9519422013583444,3,False,0.5416599866529788,4.977965197969919e-06,True,0
5,ElasticNet,0.0031622776601683794,0.5,0.5436706195058216,0.08418943312754924,0.9514990078008272,3,False,0.5436706195058216,9.811905487661175e-06,True,0
6,ElasticNet,0.01,0.3,0.5446157867802545,0.09483319733787345,0.9514887828132691,3,False,0.5446157867802546,9.650792035781515e-06,True,0
5,ElasticNet,0.05623413251903491,0.7,0.5454449520490213,0.05198026981340705,0.9509494982483737,3,False,0.5454449520490213,8.437989395079781e-06,True,0
5,ElasticNet,0.03162277660168379,0.1,0.5485039329236957,0.05922542692032786,0.9506142254240707,3,False,0.5485039329236957,9.089852042560957e-06,True,0
5,ElasticNet,0.0017782794100389228,0.9,0.5488512797939453,0.08472032392874798,0.951041024942791,3,False,0.5488512797939453,9.968800939488516e-06,True,0
5,ElasticNet,0.01778279410038923,0.1,0.5490745558609609,0.06648634109646792,0.9506994057952566,3,False,0.5490745558609609,9.869162126075392e-06,True,0
9,ElasticNet,0.01,0.5,0.5656904475550658,0.09056489845205917,0.9495209361012479,3,False,0.5656904475550658,3.0553845586942484e-05,True,0
10,ElasticNet,0.01,0.5,0.5744949018770953,0.10348941110732535,0.9488609223562422,3,False,0.5744949018770953,3.941968361354225e-05,True,0
5,ElasticNet,0.05623413251903491,0.1,0.5761317230972214,0.050516165889618055,0.9480444527038555,3,False,0.5761317230972214,9.416578058409238e-06,True,0
5,ElasticNet,0.05623413251903491,0.9,0.5793784107910837,0.048932216260004886,0.9477694143762249,3,False,0.5793784107910837,9.376193054397297e-06,True,0
7,ElasticNet,0.1,0.1,0.5854415330125282,0.07229492986035797,0.9473654527631151,3,False,0.5854415330125282,9.346167899788177e-06,True,0
5,ElasticNet,0.01,0.1,0.5892244204579046,0.06836031828970915,0.94717677971932,3,False,0.5892244204579046,9.803889974266877e-06,True,0
7,ElasticNet,0.01,0.3,0.6006226161694866,0.12230544521153972,0.9465615701003535,3,False,0.6006226161694866,6.687731613255667e-06,True,0
7,ElasticNet,0.1,0.3,0.6045298953245349,0.059286153096567686,0.9456454169061322,3,False,0.6045298953245349,6.39011507387946e-06,True,0
8,ElasticNet,0.1,0.1,0.6087321153141678,0.058238330727698545,0.945233031266128,3,False,0.6087321153141678,9.7921441322181e-06,True,0
9,ElasticNet,0.1,0.1,0.6180190670415754,0.059128442196996096,0.9442894742526846,3,False,0.6180190670415754,6.777295502946243e-06,True,0
8,ElasticNet,0.1,0.3,0.6189714453070331,0.052674684320684714,0.9442996844623615,3,False,0.6189714453070331,2.547227167749161e-05,True,0
6,ElasticNet,0.1,0.3,0.6246923131157879,0.05759803162773223,0.9438871427553456,3,False,0.6246923131157879,7.345966294147743e-06,True,0
5,ElasticNet,0.1,0.3,0.6308625112578973,0.07129163296485513,0.9433885764448363,3,False,0.6308625112578973,8.618110236151971e-06,True,0
6,ElasticNet,0.1,0.1,0.6317435414704571,0.054157121686669,0.9432096122411315,3,False,0.6317435414704571,6.254348436892862e-06,True,0
5,ElasticNet,0.1,0.1,0.635863902333992,0.05180453412976022,0.9427602898659084,3,False,0.635863902333992,9.990918470636004e-06,True,0
10,ElasticNet,0.1,0.1,0.6366101770533722,0.0469529245771675,0.9425613319729056,3,False,0.6366101770533722,9.301723182725263e-06,True,0
8,ElasticNet,0.01,0.3,0.6366880865835967,0.14350746962465705,0.943536965167128,3,False,0.6366880865835967,6.9022067077395034e-06,True,0
5,Ridge,17.78279410038923,0.0,0.6533563858879204,0.06716223924378739,0.9409322542534561,3,False,0.6533563858879204,0.0,True,0
5,Ridge,10.0,0.0,0.6610305544427224,0.0690475410251881,0.9403760917151353,3,False,0.6610305544427224,0.0,True,0
5,Ridge,10.0,0.0,0.6610305544427225,0.0690475410251881,0.9403760917151353,3,False,0.6610305544427225,0.0,True,0
9,ElasticNet,0.01,0.3,0.664417199594466,0.14197860463313663,0.9409659368943358,3,False,0.664417199594466,1.8592402507457487e-05,True,0
5,Ridge,31.622776601683793,0.0,0.675736541950737,0.06405433039314676,0.9388467838023726,3,False,0.675736541950737,0.0,True,0
7,ElasticNet,0.1,0.5,0.6844004753489101,0.05593640160035227,0.9383919065362618,3,False,0.6844004753489101,1.8766543491387233e-05,True,0
5,LASSO,0.001,1.0,0.6865547972384448,0.10269443501326052,0.9387102523170987,3,False,0.6865547972384448,9.883725884647122e-06,True,0
5,Ridge,5.623413251903491,0.0,0.7020371532594947,0.07658745354754307,0.9368653901023247,3,False,0.7020371532594947,0.0,True,0
5,ElasticNet,0.1,0.5,0.7023442962651054,0.0724877609259258,0.9368750093917507,3,False,0.7023442962651054,9.801226909085525e-06,True,0
5,ElasticNet,0.001,0.95,0.7024140508484195,0.10342510065406313,0.9372721123388613,3,False,0.7024140508484195,9.796053503960552e-06,True,0
6,ElasticNet,0.1,0.5,0.7031600723664594,0.04191164073902582,0.9366040583263034,3,False,0.7031600723664594,8.495489263737888e-06,True,0
6,ElasticNet,0.01,0.1,0.7094446568518403,0.09932770003747118,0.9365531882956271,3,False,0.7094446568518403,9.988958129067676e-06,True,0
4,LASSO,0.01,1.0,0.7140026838114336,0.03842619630945311,0.9356209459643114,3,False,0.7140026838114336,7.967596388000833e-06,True,0
4,ElasticNet,0.01,0.95,0.7167616334501058,0.0371939795898196,0.9353589595294785,3,False,0.7167616334501058,6.929806749444295e-06,True,0
5,ElasticNet,0.001,0.9,0.7192186576308757,0.10559654634595632,0.9357565762197497,3,False,0.7192186576308757,9.733584020542156e-06,True,0
4,ElasticNet,0.01,0.9,0.7206148466856194,0.035646067420428175,0.9349938773136001,3,False,0.7206148466856194,7.897940691869651e-06,True,0
5,Ridge,56.23413251903491,0.0,0.7273015902863312,0.053648550271994784,0.934195396097763,3,False,0.7273015902863312,0.0,True,0
4,ElasticNet,0.01,0.7,0.7329495209383139,0.03471081397498713,0.9338588520118777,3,False,0.7329495209383139,9.331724359754046e-06,True,0
4,ElasticNet,0.01,0.5,0.7500068800758161,0.029215957486188306,0.9322308021263862,3,False,0.7500068800758161,8.981553639252418e-06,True,0
4,ElasticNet,0.01,0.3,0.7771181713785441,0.027000732117908398,0.9296250353433365,3,False,0.7771181713785441,9.518692939414642e-06,True,0
5,Ridge,3.1622776601683795,0.0,0.781892830914903,0.0906097123327379,0.9298632372314706,3,False,0.7818928309149028,0.0,True,0
7,ElasticNet,0.1,0.7,0.7846677763420575,0.0681128105211666,0.9294037093596121,3,False,0.7846677763420575,2.2398992052072297e-05,True,0
5,ElasticNet,0.1,0.7,0.7859861579618387,0.08698818115040541,0.929320242761278,3,False,0.7859861579618387,8.916858792978877e-06,True,0
9,ElasticNet,0.1,0.7,0.7913793534156807,0.06083397100077923,0.9287490145636,3,False,0.7913793534156807,2.8943325043884194e-05,True,0
5,ElasticNet,0.001,0.7,0.7938113935610426,0.10898699421225845,0.92901864478644,3,False,0.7938113935610427,9.483275763573886e-06,True,0
6,ElasticNet,0.1,0.7,0.7983489790360664,0.05379841398897784,0.927998119088429,3,False,0.7983489790360666,8.55963419953143e-06,True,0
7,ElasticNet,0.01,0.1,0.7990593643395498,0.1635743737049288,0.9289555560470104,3,False,0.7990593643395498,1.5866623355816848e-05,True,0
4,ElasticNet,0.01,0.1,0.812463288042545,0.04478695529500413,0.9262034997576083,3,False,0.812463288042545,9.528521087177715e-06,True,0
5,Ridge,100.0,0.0,0.8130841143436628,0.0374095745911419,0.9265110408710496,3,False,0.8130841143436628,0.0,True,0
5,Ridge,100.0,0.0,0.8130841143436628,0.0374095745911419,0.9265110408710496,3,False,0.8130841143436628,0.0,True,0
7,Ridge,100.0,0.0,0.8161544064435667,0.09367229882879916,0.9265482558977575,3,False,0.8161544064435667,0.0,True,0
6,Ridge,100.0,0.0,0.8231768554139891,0.07355461500028049,0.9258958009769014,3,False,0.8231768554139891,0.0,True,0
6,Ridge,10.0,0.0,0.8354579772415005,0.09505120711021448,0.92509734277094,3,False,0.8354579772415005,0.0,True,0
4,LASSO,0.001,1.0,0.840265437385757,0.04255053769159692,0.9234173825631995,3,False,0.840265437385757,9.757277875725463e-06,True,0
4,Ridge,10.0,0.0,0.8433030190175742,0.044625712725439144,0.9234627146687907,3,False,0.8433030190175742,0.0,True,0
4,ElasticNet,0.001,0.95,0.8439532874576678,0.04280106957687941,0.9230777108129563,3,False,0.8439532874576678,8.571262750624179e-06,True,0
4,ElasticNet,0.001,0.9,0.8478097187277133,0.04252491747491937,0.9227290938551395,3,False,0.8478097187277133,9.765101979029725e-06,True,0
4,ElasticNet,0.001,0.7,0.8636919008252141,0.04111009375183011,0.9212982445854324,3,False,0.8636919008252141,8.918561100376785e-06,True,0
7,ElasticNet,0.1,0.9,0.881271815459974,0.08262221714503541,0.9207887838938554,3,False,0.881271815459974,1.4351449805910521e-05,True,0
4,ElasticNet,0.001,0.5,0.8823715544481888,0.03864845958856709,0.9196256205870297,3,False,0.8823715544481888,9.931042796630521e-06,True,0
5,ElasticNet,0.1,0.9,0.8840888733391955,0.10625196844697656,0.9205548122615307,3,False,0.8840888733391955,6.454031887787037e-06,True,0
5,ElasticNet,0.001,0.5,0.8898815196796703,0.11664416256531719,0.9203535922998398,3,False,0.8898815196796703,9.511956109425597e-06,True,0
6,ElasticNet,0.1,0.9,0.8938122116687879,0.07667246940344206,0.919552574565318,3,False,0.8938122116687879,8.593668068948568e-06,True,0
4,ElasticNet,0.001,0.3,0.9044909868293608,0.03733242683757751,0.9176373709012173,3,False,0.9044909868293606,7.80880659223299e-06,True,0
4,Ridge,1.0,0.0,0.9079221218568646,0.038373910345334286,0.9173312783656602,3,False,0.9079221218568647,0.0,True,0
5,Ridge,1.7782794100389228,0.0,0.9116243658502037,0.10856995181909884,0.9183472214843604,3,False,0.9116243658502036,0.0,True,0
5,ElasticNet,0.1,0.95,0.9153232354231752,0.11236536822405092,0.9177642657818409,3,False,0.9153232354231752,4.413504427452919e-06,True,0
6,ElasticNet,0.1,0.95,0.9185385703956355,0.08508680267740855,0.9173734390353968,3,False,0.9185385703956356,1.1520975562631652e-05,True,0
4,ElasticNet,0.001,0.1,0.9291242655030002,0.03673939230472749,0.9154060913350014,3,False,0.9291242655030002,9.834084854375345e-06,True,0
8,Ridge,100.0,0.0,0.9313314760603997,0.10070056844926854,0.9162652889261542,3,False,0.9313314760603997,0.0,True,0
4,ElasticNet,0.1,0.3,0.9339565004671267,0.05797799807933231,0.9158638086654888,3,False,0.9339565004671267,3.785254798743809e-06,True,0
7,LASSO,0.1,1.0,0.9346366005940944,0.09202444180784564,0.9160223870779666,3,False,0.9346366005940944,3.2601132054194126e-05,True,0
4,ElasticNet,0.1,0.1,0.9378538599667084,0.07032972405597966,0.9156188128936532,3,False,0.9378538599667084,8.364750882665362e-06,True,0
6,LASSO,0.1,1.0,0.9449774563384586,0.09140248950267976,0.9150100264656379,3,False,0.9449774563384586,1.101980650626555e-05,True,0
5,LASSO,0.1,1.0,0.9479417527732368,0.11632088351987284,0.914839985502007,3,False,0.9479417527732368,4.8082266263377305e-06,True,0
6,LASSO,0.001,1.0,0.9783474400481209,0.17452530454407159,0.9129694495251083,3,False,0.9783474400481209,6.432867451112035e-06,True,0
4,LASSO,0.0001,1.0,0.9851607044268587,0.035039611944886646,0.9103280187374843,3,False,0.9851607044268587,9.34100888461401e-06,True,0
4,ElasticNet,0.0001,0.95,0.985946586722871,0.035075245689641495,0.9102567456042503,3,False,0.985946586722871,9.638604935504241e-06,True,0
4,ElasticNet,0.0001,0.9,0.9869437637881745,0.034989534693790625,0.9101669308120847,3,False,0.9869437637881743,8.94185751136455e-06,True,0
4,ElasticNet,0.0001,0.7,0.9906698790360734,0.034924960221496326,0.9098295196544278,3,False,0.9906698790360734,9.174148402645753e-06,True,0
4,ElasticNet,0.1,0.5,0.9909701462542658,0.06617343031653561,0.9107336571171176,3,False,0.9909701462542659,7.859143205155017e-06,True,0
4,ElasticNet,0.0001,0.5,0.9941682546575489,0.034642950566204256,0.9095155440628709,3,False,0.994168254657549,8.516517776703522e-06,True,0
4,Ridge,0.1,0.0,0.995960115310619,0.03426467973798063,0.9093577583500264,3,False,0.9959601153106191,0.0,True,0
4,ElasticNet,0.0001,0.3,0.9979230994416358,0.03414515195498698,0.9091805829632319,3,False,0.9979230994416358,9.40902787458978e-06,True,0
6,ElasticNet,0.001,0.95,1.0009146574259364,0.18309427923009364,0.9110076862832943,3,False,1.0009146574259364,8.662887273883698e-06,True,0
4,ElasticNet,0.0001,0.1,1.0015067447436907,0.03414636412307166,0.9088554339959044,3,False,1.0015067447436907,9.284924389235999e-06,True,0
7,Ridge,10.0,0.0,1.0036015271311416,0.22996957575488114,0.910986667830799,3,False,1.0036015271311414,0.0,True,0
4,LASSO,1e-05,1.0,1.0096275743099528,0.03439520242907736,0.9081166627706319,3,False,1.0096275743099528,8.688786846828644e-06,True,0
4,ElasticNet,1e-05,0.95,1.009722320208544,0.034385327336487456,0.9081081445232577,3,False,1.009722320208544,8.407039462906283e-06,True,0
4,ElasticNet,1e-05,0.9,1.0098410875227222,0.03441651149745909,0.9080971068046303,3,False,1.0098410875227222,9.581533480037796e-06,True,0
4,ElasticNet,1e-05,0.7,1.0102075816230636,0.03442526427119991,0.9080638833524329,3,False,1.0102075816230636,9.505782956371549e-06,True,0
4,ElasticNet,1e-05,0.5,1.010604917027647,0.034393667507136745,0.9080281343600886,3,False,1.010604917027647,8.275001188468006e-06,True,0
4,Ridge,0.01,0.0,1.010801288353974,0.034468329374052295,0.9080096332643635,3,False,1.010801288353974,0.0,True,0
4,ElasticNet,1e-05,0.3,1.0110284414995554,0.03451809559260039,0.9079886253178896,3,False,1.0110284414995554,9.357834822952046e-06,True,0
4,ElasticNet,1e-05,0.1,1.0113792824995969,0.034437627874182426,0.9079575101383218,3,False,1.0113792824995969,9.765700979428272e-06,True,0
4,ElasticNet,1e-06,0.7,1.0120952671284358,0.03467703758891105,0.9078902230635116,3,False,1.0120952671284358,9.354896139143774e-06,True,0
4,ElasticNet,1e-06,0.3,1.0120974635428617,0.03456977054237515,0.9078907920939655,3,False,1.0120974635428615,9.905977582144584e-06,True,0
4,ElasticNet,1e-06,0.5,1.01213922440813,0.03467640695660692,0.9078861588941137,3,False,1.01213922440813,9.607959296391058e-06,True,0
4,LASSO,1e-06,1.0,1.0121610723359782,0.03466300601308333,0.9078843489501099,3,False,1.0121610723359784,8.34376559078241e-06,True,0
4,ElasticNet,1e-06,0.95,1.0121778561699093,0.03466515274339132,0.9078828147197232,3,False,1.0121778561699093,8.03624163154404e-06,True,0
4,ElasticNet,1e-06,0.9,1.0121798855106638,0.03464068834588865,0.9078828534716249,3,False,1.0121798855106638,8.156477418802733e-06,True,0
4,ElasticNet,1e-06,0.1,1.0121897690997275,0.03448661413483085,0.9078835005033272,3,False,1.0121897690997275,8.52146086000953e-06,True,0
4,Ridge,0.001,0.0,1.0123850396941838,0.03450688552335681,0.9078656571902336,3,False,1.0123850396941838,0.0,True,0
4,Ridge,0.0001,0.0,1.012544477322992,0.0345109503464559,0.9078511617375568,3,False,1.012544477322992,0.0,True,0
4,Ridge,1e-05,0.0,1.0125604317816017,0.034511358951323894,0.9078497112071853,3,False,1.0125604317816017,0.0,True,0
4,Ridge,1e-06,0.0,1.012562027334491,0.034511399833067245,0.9078495661442904,3,False,1.012562027334491,0.0,True,0
5,ElasticNet,0.001,0.3,1.0233071078911353,0.11553398862627688,0.9082885664415868,3,False,1.0233071078911353,9.808970091968437e-06,True,0
6,ElasticNet,0.001,0.9,1.0243568738683264,0.19362840268374956,0.9089849331165766,3,False,1.0243568738683264,8.152789328891297e-06,True,0
9,Ridge,100.0,0.0,1.0570631602290315,0.17218900697773934,0.905487207421956,3,False,1.0570631602290315,0.0,True,0
7,LASSO,0.001,1.0,1.097817492785282,0.17092776402576101,0.9020550962958324,3,False,1.097817492785282,2.7117913615406532e-05,True,0
4,Ridge,100.0,0.0,1.120773461019448,0.09074772077982815,0.8990804995432201,3,False,1.120773461019448,0.0,True,0
3,LASSO,0.01,1.0,1.1219515145780377,0.0719647617973899,0.8985383815160616,3,False,1.1219515145780374,4.615790215375254e-06,True,0
3,ElasticNet,0.01,0.95,1.123262349041435,0.07242594888833472,0.898419030413347,3,False,1.123262349041435,8.450905162644615e-06,True,0
3,ElasticNet,0.01,0.9,1.124622323526751,0.07257028513403482,0.8982937968556217,3,False,1.124622323526751,9.939428044039925e-06,True,0
7,ElasticNet,0.001,0.95,1.1261946821287419,0.18679892185328426,0.8996077749515585,3,False,1.126194682128742,2.5333135171994796e-05,True,0
3,ElasticNet,0.01,0.7,1.1305572765575738,0.07156223069395518,0.897708163122076,3,False,1.1305572765575735,5.835855463739818e-06,True,0
6,ElasticNet,0.001,0.7,1.1377546253579418,0.20467412953701475,0.8987934397348232,3,False,1.1377546253579418,8.933302851758785e-06,True,0
3,ElasticNet,0.01,0.5,1.1382312928080762,0.06928976735269618,0.8969148633197871,3,False,1.138231292808076,9.783010951983431e-06,True,0
9,ElasticNet,0.001,0.95,1.1418412706101588,0.4127443003467423,0.8999539201835521,3,False,1.1418412706101588,3.464200919070656e-05,True,0
3,ElasticNet,0.01,0.3,1.1493489577317675,0.06941637476074664,0.8958217348881218,3,False,1.1493489577317675,5.429841699262743e-06,True,0
7,ElasticNet,0.001,0.9,1.1556551987673838,0.19763468670552736,0.8970238959548719,3,False,1.155655198767384,1.0042690042640144e-05,True,0
3,ElasticNet,0.01,0.1,1.1632846210869767,0.07123472876355326,0.8944764639621563,3,False,1.1632846210869767,8.154786376385033e-06,True,0
3,LASSO,0.001,1.0,1.1722865284734767,0.07493669679565414,0.8934608044183272,3,False,1.1722865284734767,8.442005572816078e-06,True,0
3,ElasticNet,0.001,0.95,1.1728101257801187,0.07511423916942093,0.8934117359892139,3,False,1.1728101257801187,7.5314283684266336e-06,True,0
3,ElasticNet,0.001,0.9,1.173337112325578,0.07533594540404856,0.893362294393005,3,False,1.173337112325578,9.856898146214771e-06,True,0
8,ElasticNet,0.001,0.9,1.1734978494577224,0.31648016725255534,0.896653289410524,3,False,1.1734978494577224,8.403450393415198e-06,True,0
3,Ridge,10.0,0.0,1.1741402298996126,0.06703168189633724,0.8936329064536882,3,False,1.1741402298996126,0.0,True,0
3,ElasticNet,0.001,0.7,1.1754290404771284,0.07614562110960045,0.8931660025432605,3,False,1.1754290404771286,7.654995101243327e-06,True,0
3,ElasticNet,0.001,0.5,1.177501455221213,0.07720075895943501,0.8929725407296671,3,False,1.177501455221213,8.166405413862193e-06,True,0
3,ElasticNet,0.001,0.3,1.1796497054738182,0.07857625909415525,0.8927707783760469,3,False,1.1796497054738184,4.596642624533605e-06,True,0
3,Ridge,1.0,0.0,1.1802596114969497,0.08048221751516374,0.8927242608935813,3,False,1.1802596114969497,0.0,True,0
3,ElasticNet,0.001,0.1,1.1819727002094786,0.08005215191424023,0.8925525173530474,3,False,1.1819727002094786,8.848143692352322e-06,True,0
3,LASSO,0.0001,1.0,1.185471490517848,0.0800138529252072,0.8922160490853738,3,False,1.185471490517848,7.23043536226185e-06,True,0
3,ElasticNet,0.0001,0.95,1.1855263139465928,0.08006111248341662,0.8922108799160915,3,False,1.1855263139465928,5.709187404983088e-06,True,0
3,ElasticNet,0.0001,0.9,1.18558620614987,0.08009658604595485,0.8922052611915193,3,False,1.18558620614987,7.843422965842607e-06,True,0
3,ElasticNet,0.0001,0.7,1.185845080713981,0.08025109270272356,0.8921811696232083,3,False,1.185845080713981,9.111338200686892e-06,True,0
3,ElasticNet,0.0001,0.5,1.18609133394928,0.08038343537001107,0.8921580688043006,3,False,1.18609133394928,8.46389416087327e-06,True,0
3,Ridge,0.1,0.0,1.1863167232237626,0.08077920567527164,0.8921373080009132,3,False,1.1863167232237626,0.0,True,0
3,ElasticNet,0.0001,0.3,1.1863368376255943,0.08054412812340825,0.8921347607323962,3,False,1.1863368376255943,7.919170885605769e-06,True,0
3,ElasticNet,0.0001,0.1,1.186584179567152,0.0806964302249264,0.8921115419050142,3,False,1.186584179567152,6.72082846068358e-06,True,0
3,LASSO,1e-05,1.0,1.186971440016148,0.08067174031767066,0.8920744958009564,3,False,1.186971440016148,9.375550822132664e-06,True,0
3,ElasticNet,1e-05,0.95,1.1869775737063069,0.08067567134460815,0.8920739181190337,3,False,1.1869775737063066,9.062481728831507e-06,True,0
3,ElasticNet,1e-05,0.9,1.1869814508956722,0.08068333131695213,0.8920735439140026,3,False,1.1869814508956722,9.835950620700148e-06,True,0
3,ElasticNet,1e-05,0.7,1.1870058866920086,0.08069812311494273,0.8920712371320851,3,False,1.1870058866920086,8.501360141946002e-06,True,0
3,ElasticNet,1e-05,0.5,1.1870296740849244,0.08071202685654215,0.892068996487267,3,False,1.1870296740849244,7.223406537613597e-06,True,0
3,Ridge,0.01,0.0,1.1870594287284078,0.08075528443213928,0.8920662546889121,3,False,1.1870594287284078,0.0,True,0
3,ElasticNet,1e-05,0.3,1.1870596527916142,0.08073412417738458,0.8920661792100226,3,False,1.1870596527916144,9.814865512768068e-06,True,0
3,ElasticNet,1e-05,0.1,1.1870847734289436,0.080748007802875,0.8920638205106748,3,False,1.1870847734289436,7.4874674607421694e-06,True,0
3,LASSO,1e-06,1.0,1.1871229756495312,0.08074264483492923,0.8920600278547366,3,False,1.1871229756495312,7.730062572774641e-06,True,0
3,ElasticNet,1e-06,0.95,1.1871237481487944,0.08074306227102167,0.8920599600346094,3,False,1.1871237481487944,7.498564058622844e-06,True,0
3,ElasticNet,1e-06,0.9,1.1871248581985445,0.08074290491249246,0.8920598617648823,3,False,1.1871248581985445,7.266106010475009e-06,True,0
3,ElasticNet,1e-06,0.7,1.1871280619560531,0.08074478863271391,0.8920595839521627,3,False,1.1871280619560531,6.2774295821121745e-06,True,0
3,ElasticNet,1e-06,0.5,1.1871298461279098,0.08074803672596718,0.8920594306247894,3,False,1.1871298461279098,9.370212906290303e-06,True,0
3,ElasticNet,1e-06,0.3,1.1871320611328278,0.08075031748884887,0.8920592861376044,3,False,1.1871320611328278,6.913802784123734e-06,True,0
3,Ridge,0.001,0.0,1.187135279236811,0.08075223547343827,0.8920590069807249,3,False,1.187135279236811,0.0,True,0
3,ElasticNet,1e-06,0.1,1.187135901680983,0.0807540588233833,0.8920589176345871,3,False,1.187135901680983,4.793828744483303e-06,True,0
3,Ridge,0.0001,0.0,1.1871428803288868,0.08075192386831537,0.8920582807645112,3,False,1.1871428803288866,0.0,True,0
3,Ridge,1e-05,0.0,1.1871436405987519,0.08075189264056706,0.8920582081284141,3,False,1.1871436405987519,0.0,True,0
3,Ridge,1e-06,0.0,1.1871437166273453,0.08075188951712003,0.8920582008646595,3,False,1.1871437166273453,0.0,True,0
10,Ridge,100.0,0.0,1.237765393715174,0.18274917186852552,0.8893128779742074,3,False,1.237765393715174,0.0,True,0
7,ElasticNet,0.001,0.7,1.2521453815403163,0.2210179568233886,0.8885301236420604,3,False,1.2521453815403163,9.225153927761671e-06,True,0
10,ElasticNet,0.001,0.7,1.2609655628759393,0.38157133196534115,0.8887975102804387,3,False,1.2609655628759393,2.6027138894506763e-05,True,0
8,ElasticNet,0.001,0.7,1.2613391090208628,0.30923357464129886,0.888596037332069,3,False,1.2613391090208628,4.582348263169509e-05,True,0
9,ElasticNet,0.001,0.7,1.2677899781372912,0.3864806567418833,0.8880771309724703,3,False,1.267789978137291,3.091542815047315e-05,True,0
5,ElasticNet,0.001,0.1,1.2703326804905637,0.1528296094379243,0.8862289944829612,3,False,1.2703326804905637,9.776393763579884e-06,True,0
3,ElasticNet,0.1,0.1,1.3317088083957282,0.08772871327507341,0.8800786918846781,3,False,1.3317088083957282,9.697000126384497e-06,True,0
6,ElasticNet,0.001,0.5,1.3346561044146066,0.24471037504298115,0.8812594844595742,3,False,1.3346561044146068,8.897022202174459e-06,True,0
3,ElasticNet,0.1,0.3,1.3419705135551478,0.09181773140179247,0.8790669591726875,3,False,1.3419705135551478,7.550392763931019e-06,True,0
7,ElasticNet,0.001,0.5,1.3537912986420437,0.289895796881978,0.8799336720074828,3,False,1.3537912986420437,1.912663562599168e-05,True,0
10,ElasticNet,0.001,0.5,1.3788823902656182,0.3616455697982228,0.8778472413975265,3,False,1.3788823902656182,3.795606630163965e-05,True,0
3,ElasticNet,0.1,0.5,1.3876170838094073,0.1147571979515992,0.8750221198652426,3,False,1.387617083809407,7.977522180360741e-06,True,0
9,ElasticNet,0.001,0.5,1.3884444389969939,0.32729587856362696,0.8764303441720029,3,False,1.3884444389969939,2.0080651540625282e-05,True,0
9,Ridge,1000.0,0.0,1.3955158449172835,0.1196961795422575,0.8743079728639511,3,False,1.3955158449172835,0.0,True,0
8,ElasticNet,0.001,0.5,1.4035375690553902,0.28589195037032294,0.8753850848975487,3,False,1.4035375690553902,3.150200826719301e-05,True,0
3,ElasticNet,0.1,0.7,1.4502800883847244,0.13767041077400433,0.869527129542432,3,False,1.4502800883847244,5.308905352191529e-06,True,0
7,ElasticNet,0.001,0.3,1.479459853067806,0.32001108321606836,0.8688011798505144,3,False,1.479459853067806,1.5524169967259772e-05,True,0
10,Ridge,1000.0,0.0,1.4929856313018088,0.166717189226953,0.8660309117645574,3,False,1.4929856313018088,0.0,True,0
3,ElasticNet,0.1,0.9,1.5158043276838085,0.15718024999861452,0.8637307922633776,3,False,1.5158043276838085,4.7219495213912666e-07,True,0
3,ElasticNet,0.1,0.95,1.5310455071284335,0.15991841247842262,0.8623796509332565,3,False,1.5310455071284335,3.3905917104781746e-06,True,0
3,LASSO,0.1,1.0,1.54672005458292,0.16319192348996478,0.8609930662059219,3,False,1.54672005458292,8.51190206950514e-06,True,0
3,Ridge,100.0,0.0,1.5753962166258229,0.12659409369142824,0.8582926585895368,3,False,1.5753962166258229,0.0,True,0
6,ElasticNet,0.001,0.3,1.5904995210436568,0.3410189867965367,0.8590657402229639,3,False,1.5904995210436568,9.983977379306533e-06,True,0
9,ElasticNet,0.001,0.3,1.5911795728478273,0.3170142446451813,0.8583319413494256,3,False,1.5911795728478275,1.7864069347932104e-05,True,0
10,ElasticNet,0.001,0.3,1.601393989156283,0.4123300297281126,0.8582831315881786,3,False,1.601393989156283,3.597071717159687e-05,True,0
9,ElasticNet,1.0,0.1,1.6027115921281128,0.10890718647952023,0.8551147844686283,3,False,1.6027115921281128,8.290992892803772e-06,True,0
10,ElasticNet,1.0,0.1,1.6072075824083114,0.11300212397925685,0.8545393564671911,3,False,1.6072075824083114,4.327378812188365e-06,True,0
8,ElasticNet,0.001,0.3,1.6200680094142121,0.33463243360441874,0.8560992379053795,3,False,1.6200680094142121,3.174577172891554e-05,True,0
8,ElasticNet,1.0,0.1,1.644833030640213,0.08845512459216864,0.8512933419417408,3,False,1.644833030640213,6.821479625815363e-06,True,0
7,ElasticNet,1.0,0.1,1.6718518850569641,0.09340692394739997,0.8490565046587966,3,False,1.6718518850569641,7.905427661963893e-06,True,0
7,ElasticNet,0.001,0.1,1.768422438618514,0.46937806098098817,0.8437642990785256,3,False,1.768422438618514,1.579536430782045e-05,True,0
6,ElasticNet,1.0,0.1,1.7933371143141652,0.07630923926281119,0.8380430479765995,3,False,1.7933371143141652,5.393474655251973e-06,True,0
9,ElasticNet,0.001,0.1,1.918452248109933,0.5571631791797858,0.8308889130117948,3,False,1.918452248109933,2.9497884813817164e-05,True,0
10,ElasticNet,0.001,0.1,1.991185760622588,0.7185934018395006,0.8257348648415821,3,False,1.991185760622588,2.3765486741450842e-05,True,0
5,ElasticNet,1.0,0.1,2.004001658960112,0.09471803996855765,0.819178002390823,3,False,2.0040016589601115,5.7299218432921295e-06,True,0
6,ElasticNet,0.001,0.1,2.0450534322229186,0.5530807273749708,0.8197652867318838,3,False,2.0450534322229186,9.979913121679039e-06,True,0
8,ElasticNet,0.001,0.1,2.077007252432152,0.7860087584313797,0.8186547641407534,3,False,2.077007252432152,2.2857730996326433e-05,True,0
10,ElasticNet,0.0001,0.95,2.168173758984242,0.6936689714599402,0.8081852485471347,3,False,2.168173758984242,2.521386044862468e-05,True,0
10,ElasticNet,0.0001,0.9,2.175931253770776,0.6940516358273299,0.8077148056932589,3,False,2.175931253770776,2.7164638050823262e-05,True,0
10,ElasticNet,0.0001,0.5,2.2632958717019984,0.6484444485093379,0.7994653019357916,3,False,2.2632958717019984,1.3352684923553119e-05,True,0
9,ElasticNet,0.0001,0.7,2.3910901611665807,0.6241326678824588,0.7876725166195531,3,False,2.3910901611665807,2.273613396702973e-05,True,0
9,ElasticNet,0.0001,0.3,2.406205186918934,0.6890058544403815,0.7872605446728386,3,False,2.406205186918934,1.632295480542211e-05,True,0
10,ElasticNet,1e-05,0.7,2.4115901246401403,0.7466495229878691,0.7864805152199335,3,False,2.4115901246401403,8.974728652867973e-06,True,0
9,ElasticNet,0.0001,0.9,2.412535211541083,0.6281412697945146,0.786294362228845,3,False,2.412535211541083,3.386927107171184e-05,True,0
10,ElasticNet,1e-05,0.9,2.4296118549098984,0.7909173157159737,0.7851939293596487,3,False,2.4296118549098984,9.679681592747413e-06,True,0
9,ElasticNet,0.0001,0.95,2.4306681545161766,0.6948898081681959,0.7837507411027941,3,False,2.4306681545161766,3.6582530893092627e-05,True,0
10,ElasticNet,1e-05,0.3,2.439113397287219,0.8439266810968633,0.7852611181074142,3,False,2.439113397287219,9.589798552011779e-06,True,0
10,ElasticNet,1e-06,0.7,2.444213976914261,0.7626386838429319,0.7836362630746061,3,False,2.444213976914261,6.1746749412636525e-06,True,0
10,ElasticNet,1e-05,0.95,2.4534054335007935,0.7627108721737014,0.7822633849717132,3,False,2.4534054335007935,9.666299405014552e-06,True,0
10,ElasticNet,1e-05,0.5,2.4601355686042403,0.739721046827203,0.7818585329335422,3,False,2.4601355686042403,9.063220800107325e-06,True,0
10,ElasticNet,1e-06,0.3,2.4615382519148827,0.8411908920578824,0.7831689447278752,3,False,2.4615382519148827,4.999862083990995e-06,True,0
10,ElasticNet,1e-06,0.9,2.467148956582054,0.807547769993154,0.781892722698009,3,False,2.467148956582054,6.044196338451369e-06,True,0
10,LASSO,1e-05,1.0,2.4695329356666096,0.9940289600516202,0.7838111697109457,3,False,2.469532935666609,9.832123023003909e-06,True,0
10,ElasticNet,1e-06,0.5,2.483440514200024,0.764224940280931,0.7798824543971709,3,False,2.483440514200024,9.64370493837212e-06,True,0
10,ElasticNet,1e-06,0.95,2.4849711891150372,0.7700790986931295,0.7793771661714262,3,False,2.484971189115037,6.162741197118934e-06,True,0
9,ElasticNet,0.0001,0.1,2.486069736485041,0.7382522271558636,0.7805683162163984,3,False,2.486069736485041,9.153979348856252e-06,True,0
10,ElasticNet,0.0001,0.1,2.521314717301234,0.9940980213913978,0.7794405393835778,3,False,2.521314717301234,8.774100222591486e-06,True,0
10,LASSO,1e-06,1.0,2.525660008531993,1.0336065183145893,0.7790199597482125,3,False,2.525660008531993,9.994860282532617e-06,True,0
9,ElasticNet,1e-05,0.3,2.5514579562250534,0.7272994253102385,0.7742320746497721,3,False,2.5514579562250534,9.975755258103415e-06,True,0
9,ElasticNet,1e-05,0.1,2.5601670020705076,0.7478362188310145,0.7738244193759228,3,False,2.5601670020705076,9.915995945203079e-06,True,0
9,ElasticNet,1e-06,0.1,2.5663609445263655,0.7526493249608461,0.7733210554283803,3,False,2.5663609445263655,9.767734677291784e-06,True,0
9,ElasticNet,1e-06,0.3,2.581968205760953,0.7288126079078298,0.7715115764180709,3,False,2.581968205760953,9.968341657612666e-06,True,0
9,ElasticNet,1e-05,0.5,2.5989122790211603,0.639082608673039,0.768430343203175,3,False,2.5989122790211603,8.460640805499416e-06,True,0
10,ElasticNet,1e-05,0.1,2.610795527414997,1.0394793308555141,0.7716597547719529,3,False,2.610795527414997,9.6583395007255e-06,True,0
10,ElasticNet,1e-06,0.1,2.620254216075343,1.0450453298448523,0.7708448951567521,3,False,2.620254216075343,9.8260157783265e-06,True,0
9,ElasticNet,1e-06,0.5,2.623124611813861,0.6507445918362581,0.7661725186815075,3,False,2.623124611813861,9.480374799857488e-06,True,0
8,LASSO,0.0001,1.0,2.6652616406339535,0.5018083123258135,0.7631615303191279,3,False,2.6652616406339535,3.806511600644986e-05,True,0
9,LASSO,1e-05,1.0,2.6817633782894874,0.7354964477147824,0.7621379621710197,3,False,2.6817633782894874,1.3579173005724484e-05,True,0
9,ElasticNet,1e-05,0.7,2.685461540354401,0.715530086958231,0.7609001702135484,3,False,2.685461540354401,9.297506486406105e-06,True,0
9,ElasticNet,1e-06,0.7,2.722837128421462,0.7188814125500292,0.7574910867610015,3,False,2.722837128421462,5.887980509962208e-06,True,0
9,LASSO,1e-06,1.0,2.735428924719456,0.7605361249845342,0.7574211160099766,3,False,2.735428924719456,9.129771097220667e-06,True,0
7,ElasticNet,0.0001,0.1,2.762963882670506,0.7860539026557148,0.755785359819817,3,False,2.762963882670506,1.053025228694761e-05,True,0
7,ElasticNet,0.0001,0.7,2.766528699993502,0.6830930816452531,0.7552470757521405,3,False,2.766528699993502,3.4004775917188094e-05,True,0
8,ElasticNet,0.0001,0.5,2.7740675716384082,0.9332805904171717,0.7560135514862005,3,False,2.7740675716384082,2.243588701292612e-05,True,0
9,ElasticNet,1e-05,0.9,2.7843187449487403,0.783597631466234,0.7521761802026528,3,False,2.7843187449487403,8.983154630703306e-06,True,0
7,ElasticNet,0.0001,0.95,2.7877929658019713,0.5665635278951204,0.7525634334424701,3,False,2.7877929658019713,4.9291854128237186e-05,True,0
7,ElasticNet,0.0001,0.9,2.788519678122295,0.5716914965161549,0.7526125403792222,3,False,2.788519678122295,4.172584981393462e-05,True,0
7,ElasticNet,0.0001,0.3,2.788622506923126,0.8735559455532992,0.7544906452256073,3,False,2.7886225069231263,1.610002815363311e-05,True,0
8,ElasticNet,0.0001,0.3,2.814922862185345,1.0936849128154535,0.7535067040875253,3,False,2.814922862185345,1.4337898379509475e-05,True,0
8,ElasticNet,0.0001,0.9,2.817784298470888,0.5555527740850796,0.7496936035988017,3,False,2.817784298470888,3.375171640767492e-05,True,0
9,ElasticNet,1e-06,0.9,2.8299149704479234,0.7988376119984417,0.748023457201068,3,False,2.8299149704479234,6.569531149646112e-06,True,0
7,ElasticNet,0.0001,0.5,2.8502027294518584,0.9023421716158883,0.7494017526592693,3,False,2.8502027294518584,2.1322625029713038e-05,True,0
9,ElasticNet,1e-05,0.95,2.8750499568141437,0.867370130898166,0.7429751573756902,3,False,2.8750499568141437,1.0993829985617689e-05,True,0
9,ElasticNet,1e-06,0.95,2.9395543348943955,0.8952948867780304,0.737202250098537,3,False,2.9395543348943955,7.165291880617507e-06,True,0
8,ElasticNet,0.0001,0.1,2.984277237914805,1.3229182667539527,0.7402367787090155,3,False,2.984277237914805,9.890139466847773e-06,True,0
7,ElasticNet,1e-05,0.1,2.994444679762521,0.8580622710968765,0.7354534805448552,3,False,2.994444679762521,9.802318158005048e-06,True,0
7,ElasticNet,1e-06,0.1,3.0247215987084686,0.8775141562767715,0.7328508590394714,3,False,3.0247215987084686,9.716016284412976e-06,True,0
10,ElasticNet,1.0,0.3,3.0419380098511897,0.4341038369157744,0.7280323363583823,3,False,3.041938009851189,3.754440919817581e-05,True,0
9,ElasticNet,1.0,0.3,3.0474449188617325,0.44321403883047966,0.7276475241371827,3,False,3.0474449188617334,1.4175510046121609e-05,True,0
8,ElasticNet,1.0,0.3,3.0690411755036116,0.43218825095451713,0.7255899951999183,3,False,3.0690411755036116,4.972123545554652e-06,True,0
7,ElasticNet,1.0,0.3,3.096174998617556,0.4347418739469808,0.7232191878977069,3,False,3.096174998617556,8.044353376535085e-06,True,0
8,ElasticNet,1e-05,0.3,3.1098830293681545,1.2425313493452528,0.727741236583264,3,False,3.1098830293681545,9.928204197366329e-06,True,0
8,ElasticNet,1e-06,0.3,3.147112201280945,1.2718260575965887,0.7245909453173702,3,False,3.147112201280945,9.850297656503387e-06,True,0
8,ElasticNet,1e-05,0.1,3.1493626477744705,1.4029655455159529,0.7258622630739545,3,False,3.1493626477744705,9.930764038031411e-06,True,0
6,ElasticNet,1.0,0.3,3.1599577717927225,0.415184431822229,0.7172971539100527,3,False,3.1599577717927225,1.5156651759773432e-06,True,0
7,ElasticNet,1e-05,0.3,3.1655424443663738,1.0811150004845889,0.7220471946556977,3,False,3.1655424443663738,9.923102539233846e-06,True,0
8,ElasticNet,1e-06,0.1,3.170278807774876,1.4143146502331312,0.724038485981947,3,False,3.170278807774876,9.920424065657896e-06,True,0
8,ElasticNet,1e-05,0.5,3.1744288316246494,1.1457418180982093,0.7211626169171201,3,False,3.1744288316246494,9.955045985981135e-06,True,0
7,ElasticNet,1e-06,0.3,3.221786975668252,1.1140007962032705,0.7171998388286128,3,False,3.221786975668252,9.911726890725082e-06,True,0
8,ElasticNet,1e-06,0.5,3.2269600193042636,1.1836103580930162,0.7167167666241007,3,False,3.2269600193042636,9.941517482218936e-06,True,0
5,LASSO,0.0001,1.0,3.2600659701922354,0.06077574834041664,0.7048689976339215,3,False,3.2600659701922354,9.65267735929033e-06,True,0
2,LASSO,0.01,1.0,3.26186313511266,0.17927062382507336,0.705868897558409,3,False,3.26186313511266,7.874203215353995e-06,True,0
2,ElasticNet,0.01,0.95,3.262344238668401,0.17909173272601614,0.7058227315588677,3,False,3.2623442386684007,7.763973607405675e-06,True,0
2,ElasticNet,0.01,0.9,3.2628373514640097,0.17891340984006288,0.7057754758080405,3,False,3.2628373514640097,9.616491408737105e-09,True,0
2,ElasticNet,0.01,0.7,3.2649242591746055,0.17821088219224476,0.705576206122887,3,False,3.2649242591746055,2.32315277709505e-08,True,0
2,ElasticNet,0.01,0.5,3.267145374260282,0.1774991024733468,0.7053649026231558,3,False,3.267145374260281,2.014651665372541e-08,True,0
2,ElasticNet,0.01,0.3,3.27010567538453,0.17685362486245662,0.7050852571047685,3,False,3.27010567538453,2.3135967803893098e-08,True,0
2,LASSO,0.001,1.0,3.2727195809059886,0.17483085958727393,0.704817102171015,3,False,3.2727195809059886,1.4430453275024457e-08,True,0
2,ElasticNet,0.001,0.95,3.2728029397024123,0.17481657137090137,0.7048092735527277,3,False,3.2728029397024123,1.5412548664086624e-08,True,0
2,ElasticNet,0.001,0.9,3.272887661372098,0.17480372308438233,0.7048013393606362,3,False,3.272887661372098,7.496702605072386e-06,True,0
8,ElasticNet,1e-05,0.7,3.273162462576419,1.1701369926003935,0.7128496553826267,3,False,3.273162462576419,9.91323978470426e-06,True,0
2,ElasticNet,0.001,0.7,3.273222580484195,0.17474657503139607,0.7047698877621036,3,False,3.273222580484195,5.768199882458312e-06,True,0
2,ElasticNet,0.01,0.1,3.273279680573902,0.1762137269879536,0.704786115433797,3,False,3.273279680573902,1.6739376832580755e-08,True,0
2,ElasticNet,0.001,0.5,3.273559369573254,0.17468964449341035,0.7047382662734321,3,False,3.273559369573254,4.298476999156772e-06,True,0
2,ElasticNet,0.001,0.3,3.273901388155789,0.1746280438131452,0.7047061293042353,3,False,3.273901388155789,9.984782909453675e-06,True,0
2,ElasticNet,0.001,0.1,3.274242648678141,0.17457372540002108,0.7046741261855965,3,False,3.274242648678141,7.341877378744713e-06,True,0
2,LASSO,0.0001,1.0,3.274320233515841,0.17447237984232436,0.7046653439337635,3,False,3.274320233515841,2.6201564321281005e-06,True,0
2,ElasticNet,0.0001,0.95,3.274328816059073,0.17447098899625177,0.7046645387546114,3,False,3.274328816059073,2.458924530768155e-06,True,0
2,ElasticNet,0.0001,0.9,3.274337403857357,0.17446959657788186,0.7046637330903017,3,False,3.274337403857357,2.2956681839855493e-06,True,0
2,Ridge,1.0,0.0,3.274355595920159,0.17465644328814933,0.7046651315137075,3,False,3.274355595920159,0.0,True,0
2,ElasticNet,0.0001,0.7,3.2743717686444564,0.17446397296408914,0.7046605086333843,3,False,3.2743717686444564,1.631825824491539e-06,True,0
2,ElasticNet,0.0001,0.5,3.274406147694492,0.174458338292039,0.7046572828047912,3,False,3.2744061476944917,1.4280711234737086e-06,True,0
2,ElasticNet,0.0001,0.3,3.2744405188102825,0.1744528183695681,0.7046540589654278,3,False,3.2744405188102834,1.4473331144518838e-06,True,0
2,ElasticNet,0.0001,0.1,3.274474877201874,0.17444747883925033,0.7046508382540614,3,False,3.274474877201874,1.4634333064230071e-06,True,0
2,Ridge,0.1,0.0,3.274483326919867,0.17445533549946293,0.7046501929187635,3,False,3.274483326919867,0.0,True,0
2,LASSO,1e-06,1.0,3.2744846276517805,0.17443800548855215,0.7046497809327218,3,False,3.2744846276517805,9.119156724469716e-06,True,0
2,LASSO,1e-05,1.0,3.2744846276517805,0.17443800548855215,0.7046497809327218,3,False,3.2744846276517805,2.638244561122883e-07,True,0
2,ElasticNet,1e-06,0.95,3.274485488165302,0.17443786684424348,0.7046497002121591,3,False,3.274485488165302,9.323139888865354e-06,True,0
2,ElasticNet,1e-05,0.95,3.274485488165302,0.17443786684424348,0.7046497002121591,3,False,3.274485488165302,2.4776904365213747e-07,True,0
2,ElasticNet,1e-06,0.9,3.274486348845629,0.17443772772526528,0.7046496194717666,3,False,3.274486348845629,9.670958207726514e-06,True,0
2,ElasticNet,1e-05,0.9,3.274486348845629,0.17443772772526528,0.7046496194717666,3,False,3.274486348845629,2.3149364421919566e-07,True,0
2,ElasticNet,1e-05,0.7,3.2744897929426684,0.17443716666625775,0.704649296341311,3,False,3.2744897929426684,1.6511240432440177e-07,True,0
2,ElasticNet,1e-05,0.5,3.274493236877164,0.17443660400611488,0.7046489732150004,3,False,3.2744932368771646,1.4171127173852948e-07,True,0
2,ElasticNet,1e-05,0.3,3.2744966773770154,0.17443605408642507,0.7046486505397901,3,False,3.2744966773770154,1.442336444457836e-07,True,0
2,ElasticNet,1e-06,0.7,3.274497612444056,0.17443237088776664,0.704648538949502,3,False,3.274497612444056,9.093542641681605e-06,True,0
2,ElasticNet,1e-06,0.5,3.2744988515805034,0.17443287204027244,0.7046484270048041,3,False,3.2744988515805034,8.176202535101611e-06,True,0
2,ElasticNet,1e-05,0.1,3.274500115181389,0.174435520744743,0.7046483282947306,3,False,3.274500115181389,1.466240984314995e-07,True,0
2,ElasticNet,1e-06,0.3,3.2745008751477815,0.17443204165603401,0.7046482324235246,3,False,3.2745008751477815,9.719208938789989e-06,True,0
2,Ridge,0.01,0.0,3.274500925359996,0.1744362987049025,0.7046482668753232,3,False,3.274500925359996,0.0,True,0
2,ElasticNet,1e-06,0.1,3.2745026797607752,0.17443158485015264,0.7046480609523815,3,False,3.2745026797607744,9.093282761867644e-06,True,0
2,Ridge,0.001,0.0,3.2745027338812744,0.17443440591771864,0.7046480699112371,3,False,3.2745027338812744,0.0,True,0
2,Ridge,0.0001,0.0,3.274502915220603,0.17443421674807824,0.7046480501711928,3,False,3.274502915220602,0.0,True,0
2,Ridge,1e-05,0.0,3.2745029333594076,0.1744341978322044,0.704648048196752,3,False,3.2745029333594076,0.0,True,0
2,Ridge,1e-06,0.0,3.2745029351733375,0.17443419594062817,0.7046480479993035,3,False,3.2745029351733375,0.0,True,0
2,Ridge,10.0,0.0,3.277511007205103,0.1776076973232456,0.7044174459335583,3,False,3.277511007205103,0.0,True,0
5,ElasticNet,1.0,0.3,3.283174229782416,0.4139434299153998,0.7061950280486927,3,False,3.283174229782416,8.670130414112354e-06,True,0
8,LASSO,1e-05,1.0,3.3158622061492373,0.9425366011170337,0.7077382429091214,3,False,3.3158622061492373,8.635197510001856e-06,True,0
5,ElasticNet,0.0001,0.95,3.3353007610546537,0.05271987469107722,0.6980322469901975,3,False,3.3353007610546537,9.977588610074218e-06,True,0
8,ElasticNet,1e-06,0.7,3.3405942085440556,1.2163013286564126,0.7070965732169322,3,False,3.3405942085440556,8.78723866491742e-06,True,0
2,ElasticNet,0.1,0.3,3.3532125474522423,0.22432005280802816,0.6980313147520016,3,False,3.3532125474522423,2.117078858370619e-06,True,0
2,ElasticNet,0.1,0.5,3.3536528485723895,0.24230865912034066,0.6981862063356572,3,False,3.3536528485723895,4.873820811976404e-06,True,0
2,ElasticNet,0.1,0.1,3.35935860666183,0.21097655744730895,0.6973173690074148,3,False,3.35935860666183,6.2773770296425946e-09,True,0
2,ElasticNet,0.1,0.7,3.363086254715981,0.2612756019044181,0.6975302123999972,3,False,3.363086254715981,4.931914647551827e-06,True,0
8,ElasticNet,1e-05,0.95,3.364826614594788,0.9805290178194512,0.7027592347467957,3,False,3.364826614594788,9.662290736807935e-06,True,0
7,ElasticNet,1e-05,0.5,3.3684540789236856,1.1695864281709192,0.7042360348143233,3,False,3.3684540789236856,9.766320645820064e-06,True,0
2,ElasticNet,0.1,0.9,3.374610256356595,0.27900457907262666,0.6966619821024974,3,False,3.374610256356595,6.143530247026963e-07,True,0
8,ElasticNet,1e-05,0.9,3.3781258580090454,0.9405735340591109,0.701144398163617,3,False,3.3781258580090454,9.982738134557585e-06,True,0
2,ElasticNet,0.1,0.95,3.3787897644454556,0.28315225165460617,0.6963230157905306,3,False,3.3787897644454556,9.244052605883457e-07,True,0
2,LASSO,0.1,1.0,3.3837939424303554,0.2874376286940149,0.6959100711414674,3,False,3.3837939424303554,3.33699214649652e-07,True,0
7,ElasticNet,1e-05,0.7,3.400420838359379,0.9810335342501152,0.6999883880694483,3,False,3.400420838359379,9.99041549015076e-06,True,0
5,ElasticNet,0.0001,0.9,3.403777885752343,0.07201359351841444,0.6919348726351878,3,False,3.403777885752343,9.899663242697032e-06,True,0
8,LASSO,1e-06,1.0,3.40983328975673,0.9975423337664755,0.6996712788737111,3,False,3.40983328975673,9.012080451714116e-06,True,0
7,ElasticNet,1e-06,0.5,3.432478093935336,1.1887325812781124,0.6985947536223142,3,False,3.432478093935336,9.793050053027445e-06,True,0
8,ElasticNet,1e-06,0.9,3.450504031418879,0.9746935715112537,0.6948507977951209,3,False,3.450504031418879,8.582253954943893e-06,True,0
8,ElasticNet,1e-06,0.95,3.4636383920555587,1.0338832325510268,0.6941505058537056,3,False,3.4636383920555587,9.11147995195968e-06,True,0
7,ElasticNet,1e-06,0.7,3.4683495258440815,1.0015800380071698,0.6940206506529379,3,False,3.4683495258440815,9.907448589075617e-06,True,0
7,LASSO,1e-05,1.0,3.5343447747927574,1.0177740559537154,0.6876397327545192,3,False,3.5343447747927574,1.3222248129796572e-05,True,0
2,Ridge,100.0,0.0,3.5345183871099572,0.2454821364217662,0.681729588371542,3,False,3.5345183871099572,0.0,True,0
7,ElasticNet,1e-05,0.95,3.54041488614631,1.0080808742869733,0.687713359371939,3,False,3.54041488614631,1.2915500430651746e-05,True,0
7,ElasticNet,1e-05,0.9,3.5484086510314996,1.1169725883167827,0.6881891454194861,3,False,3.5484086510315005,1.1073158619338244e-05,True,0
7,LASSO,1e-06,1.0,3.63016506832585,1.03876889048496,0.6791492773047813,3,False,3.63016506832585,9.988015744562209e-06,True,0
7,ElasticNet,1e-06,0.95,3.630412250644716,1.0682844795922588,0.6800794321184768,3,False,3.630412250644716,9.899543036174748e-06,True,0
7,ElasticNet,1e-06,0.9,3.6332183582128437,1.1632282395954725,0.6808353647929589,3,False,3.6332183582128432,9.798922043354091e-06,True,0
5,ElasticNet,0.0001,0.7,3.68582748202171,0.1552025843669779,0.6666485477307706,3,False,3.68582748202171,9.90881053557552e-06,True,0
5,ElasticNet,0.0001,0.5,4.0084532390022565,0.23035767135390212,0.6374280549969188,3,False,4.0084532390022565,9.974155647160555e-06,True,0
10,ElasticNet,1.0,0.5,4.232427000824461,0.6482720084102378,0.6224517024457347,3,False,4.232427000824461,8.357173417405939e-06,True,0
9,ElasticNet,1.0,0.5,4.232461901932166,0.6579753611355956,0.622547503897741,3,False,4.232461901932166,5.02039011252009e-06,True,0
8,ElasticNet,1.0,0.5,4.23706798998005,0.6544963645438161,0.6220914780462213,3,False,4.23706798998005,1.317037255699205e-06,True,0
7,ElasticNet,1.0,0.5,4.249924102801907,0.6726983928668293,0.6211132291913581,3,False,4.249924102801907,6.614526242842977e-06,True,0
6,ElasticNet,1.0,0.5,4.261335869681189,0.6578647688439003,0.6199349445570433,3,False,4.261335869681189,9.443691176169722e-06,True,0
5,ElasticNet,1.0,0.5,4.342264398458009,0.6742395334005244,0.6127599708289672,3,False,4.342264398458009,6.258040224915717e-07,True,0
5,ElasticNet,0.0001,0.3,4.406335886253593,0.31727306546937634,0.601520446985702,3,False,4.406335886253593,9.979646965669735e-06,True,0
5,ElasticNet,0.0001,0.1,4.811997802469823,0.42473641593366773,0.5656238971902109,3,False,4.811997802469823,9.998920369043805e-06,True,0
6,LASSO,0.0001,1.0,5.057412647210154,1.312353857310845,0.5539977425918697,3,False,5.057412647210154,3.765896672170407e-05,True,0
6,ElasticNet,0.0001,0.95,5.070650010119324,1.312233101525779,0.5528731985965485,3,False,5.070650010119324,3.807827856350224e-05,True,0
8,ElasticNet,1.0,0.7,5.472200783160004,0.8861390431832656,0.512342377596713,3,False,5.472200783160003,8.055556190766922e-06,True,0
10,ElasticNet,1.0,0.7,5.472229705597429,0.8831059019330337,0.5123033868680605,3,False,5.472229705597429,2.710539666939127e-06,True,0
9,ElasticNet,1.0,0.7,5.472265948374699,0.8853243041961558,0.5123198291016952,3,False,5.472265948374699,1.6822868624810638e-06,True,0
7,ElasticNet,1.0,0.7,5.476976673239267,0.8893281595437678,0.5119351426169666,3,False,5.476976673239267,4.061877718397611e-06,True,0
6,ElasticNet,0.0001,0.7,5.480234324202986,1.5471222848940702,0.5180395988487768,3,False,5.480234324202985,2.0752592366765652e-05,True,0
6,ElasticNet,1.0,0.7,5.489783512407921,0.8867476686374421,0.5107551115900771,3,False,5.489783512407921,7.584343143518524e-06,True,0
5,ElasticNet,1.0,0.7,5.543015965477245,0.907058843553696,0.5061101843716919,3,False,5.543015965477245,1.4164560580010033e-06,True,0
6,ElasticNet,0.0001,0.5,5.745610245428357,1.8413935341634091,0.49636316341610004,3,False,5.745610245428357,2.2007433585196424e-05,True,0
6,ElasticNet,0.0001,0.3,6.189389664393489,2.4070441688680146,0.46165205538054027,3,False,6.189389664393489,1.862258725355997e-05,True,0
6,ElasticNet,0.0001,0.1,6.532263773151847,2.435842070498534,0.4306776327214637,3,False,6.532263773151847,2.0011260927545557e-05,True,0
7,ElasticNet,1.0,0.9,6.805682030495807,1.1305114899978912,0.3937742299530702,3,False,6.805682030495807,8.580685142978162e-06,True,0
6,ElasticNet,1.0,0.9,6.80635625722653,1.1221809006318553,0.3936412263182791,3,False,6.80635625722653,4.211097326067836e-06,True,0
10,ElasticNet,1.0,0.9,6.806511258890725,1.12375936076305,0.3936266363712486,3,False,6.806511258890726,9.644397022667839e-06,True,0
9,ElasticNet,1.0,0.9,6.806521826088496,1.1237468848959034,0.3936255582361666,3,False,6.806521826088496,3.301189564264284e-06,True,0
8,ElasticNet,1.0,0.9,6.807267879205287,1.1271667409687354,0.39359929245485703,3,False,6.807267879205287,5.1876008021478626e-06,True,0
5,ElasticNet,1.0,0.9,6.835597336849919,1.124841836306865,0.39100417641519264,3,False,6.835597336849919,9.726268435095164e-08,True,0
7,ElasticNet,1.0,0.95,7.124428608673217,1.1925942379497607,0.3654836256745577,3,False,7.124428608673216,4.902197157208299e-06,True,0
8,ElasticNet,1.0,0.95,7.126317226464706,1.1896931343680768,0.3652845819415866,3,False,7.126317226464706,3.7729568629352173e-06,True,0
10,ElasticNet,1.0,0.95,7.126629255795398,1.1925256079830497,0.365282311975127,3,False,7.126629255795397,3.7472484605283185e-06,True,0
9,ElasticNet,1.0,0.95,7.126633633310028,1.1925197816005693,0.36528185900381155,3,False,7.126633633310028,3.606696276525767e-06,True,0
6,ElasticNet,1.0,0.95,7.126986541650564,1.184551980093124,0.365177842943178,3,False,7.126986541650563,6.475988434395674e-08,True,0
5,ElasticNet,1.0,0.95,7.134576450829943,1.1852975494045288,0.3644942259892436,3,False,7.134576450829942,1.5995821871506166e-06,True,0
10,LASSO,1.0,1.0,7.461005284953093,1.2381832783545086,0.33540846447222555,3,False,7.461005284953093,2.405459138987709e-06,True,0
9,LASSO,1.0,1.0,7.461016609880953,1.2381836067260292,0.33540743997291117,3,False,7.461016609880951,9.85310741596912e-06,True,0
7,LASSO,1.0,1.0,7.461793252896467,1.235732745079601,0.3353132268262891,3,False,7.461793252896467,9.957671976090765e-06,True,0
8,LASSO,1.0,1.0,7.461798902114676,1.235736773869199,0.33531275359252516,3,False,7.461798902114676,5.783907172762781e-06,True,0
5,LASSO,1.0,1.0,7.463716923945628,1.241822353632735,0.3351979303800108,3,False,7.463716923945628,1.5271132025596046e-08,True,0
6,LASSO,1.0,1.0,7.4674163859934275,1.2362511635355786,0.33480808349354846,3,False,7.4674163859934275,4.876412243337569e-06,True,0
10,ElasticNet,10.0,0.1,9.07034561577484,1.564288524839076,0.19262979951874004,3,False,9.07034561577484,6.982710981984219e-06,True,0
9,ElasticNet,10.0,0.1,9.111308755971079,1.5513814783843638,0.18878969025707712,3,False,9.111308755971079,1.9400300477201426e-07,True,0
8,ElasticNet,10.0,0.1,9.162420477067192,1.5768938399177475,0.18440240079734915,3,False,9.162420477067192,5.483982746912197e-06,True,0
7,ElasticNet,10.0,0.1,9.248474522527367,1.5706579579429225,0.17653771062663712,3,False,9.248474522527367,4.1743767020818723e-07,True,0
6,ElasticNet,10.0,0.1,9.430862638658345,1.645455337770612,0.1607222705321483,3,False,9.430862638658345,1.2941301363866842e-09,True,0
6,ElasticNet,1e-05,0.1,9.47643707575356,3.3228343365717383,0.17165225534244302,3,False,9.47643707575356,9.998176254115218e-06,True,0
6,ElasticNet,1e-05,0.3,9.629827939837886,3.7293081274888986,0.16124070654879522,3,False,9.629827939837886,9.847692477801723e-06,True,0
6,ElasticNet,1e-05,0.5,9.641044032315966,3.436988133924649,0.15849853689498894,3,False,9.641044032315966,9.989458560608661e-06,True,0
5,ElasticNet,10.0,0.1,9.667751608595397,1.6595028880424487,0.13937339123582057,3,False,9.667751608595397,8.414579823146084e-06,True,0
6,LASSO,1e-05,1.0,9.669505571993392,2.9866353372675434,0.15212768904127824,3,False,9.669505571993392,1.8077483513950784e-05,True,0
6,ElasticNet,1e-05,0.95,9.697022768176703,3.1294140547636444,0.15087702583442317,3,False,9.697022768176703,1.8402801003743298e-05,True,0
1,ElasticNet,0.1,0.7,9.917920308996417,1.097390033299799,0.1100655350128857,3,False,9.917920308996417,3.459259737881304e-06,True,0
1,ElasticNet,0.1,0.9,9.918449435220852,1.1006979883953785,0.1101643510323597,3,False,9.918449435220852,3.179776472975182e-06,True,0
1,ElasticNet,0.1,0.95,9.918930947526617,1.1017486626348045,0.11015915160727625,3,False,9.918930947526615,3.252320671942588e-06,True,0
1,ElasticNet,0.1,0.3,9.918950139718055,1.0974390865783366,0.10972292693439349,3,False,9.918950139718053,1.3186322599841038e-06,True,0
1,ElasticNet,0.1,0.5,9.91898015370698,1.0956676788494137,0.10983288443360706,3,False,9.918980153706983,2.9865758371661055e-06,True,0
1,ElasticNet,0.1,0.1,9.919017183220113,1.1013629153096303,0.10962583210305114,3,False,9.919017183220111,9.845409383400089e-07,True,0
1,Ridge,100.0,0.0,9.91988386738898,1.1413323730578453,0.1101530566032574,3,False,9.91988386738898,0.0,True,0
1,LASSO,0.1,1.0,9.920262789243496,1.1021852604068676,0.1100673332920995,3,False,9.920262789243496,2.7552246191359098e-06,True,0
1,Ridge,10.0,0.0,9.935196643615642,1.0664350079137759,0.10739569417873303,3,False,9.935196643615642,0.0,True,0
1,LASSO,0.01,1.0,9.935586940005322,1.0571715369108012,0.10730359187856864,3,False,9.935586940005322,5.521903777387649e-07,True,0
1,ElasticNet,0.01,0.95,9.935699834660788,1.057436381574923,0.1072918951020615,3,False,9.935699834660788,1.3402673259693687e-06,True,0
1,ElasticNet,0.01,0.9,9.935814348430629,1.0577007427438667,0.10728005051702467,3,False,9.93581434843063,1.2851890682161193e-06,True,0
1,ElasticNet,0.01,0.7,9.936286607231159,1.058754711223071,0.10723140122627602,3,False,9.936286607231159,1.0650163524989625e-06,True,0
1,ElasticNet,0.01,0.5,9.936781245311188,1.059803128525633,0.10718074946663918,3,False,9.936781245311188,8.315756058448545e-07,True,0
1,ElasticNet,0.01,0.3,9.937297696890287,1.0608460922588048,0.10712814763284766,3,False,9.937297696890287,6.37578595261059e-07,True,0
1,ElasticNet,0.01,0.1,9.937835777069022,1.0618834357833422,0.10707360811927032,3,False,9.937835777069024,3.638922131455648e-07,True,0
1,Ridge,1.0,0.0,9.941114468909667,1.0586355399565162,0.10669204228171818,3,False,9.941114468909667,0.0,True,0
1,LASSO,0.001,1.0,9.941157553420792,1.057674464470514,0.10668196029024213,3,False,9.941157553420792,1.6668972121504887e-07,True,0
1,ElasticNet,0.001,0.95,9.941172177629909,1.0577023146140132,0.10668050056439349,3,False,9.941172177629909,1.6053963837925518e-07,True,0
1,ElasticNet,0.001,0.9,9.941186815171818,1.05773016071841,0.10667903964379562,3,False,9.94118681517182,1.5430387255324467e-07,True,0
1,ElasticNet,0.001,0.7,9.941245498549442,1.0578415047350036,0.10667318402426829,3,False,9.941245498549442,1.2849939474068525e-07,True,0
1,ElasticNet,0.001,0.5,9.94130439483307,1.0579527840510383,0.10666730932508328,3,False,9.94130439483307,1.0099173144409359e-07,True,0
1,ElasticNet,0.001,0.3,9.94136350338424,1.0580639990324205,0.10666141560227183,3,False,9.94136350338424,7.110166781813245e-08,True,0
1,ElasticNet,0.001,0.1,9.94142282402718,1.0581751501988947,0.10665550287074328,3,False,9.94142282402718,3.766638333818574e-08,True,0
1,Ridge,0.1,0.0,9.94177116701321,1.0578537470930438,0.10661539848523986,3,False,9.94177116701321,0.0,True,0
1,LASSO,0.0001,1.0,9.941775546626749,1.0577572947936884,0.1066143786591854,3,False,9.941775546626749,1.6669420974430743e-08,True,0
1,ElasticNet,0.0001,0.95,9.94177704136824,1.0577600929999493,0.10661422988084095,3,False,9.94177704136824,1.6070922920363045e-08,True,0
1,ElasticNet,0.0001,0.9,9.941778536242673,1.0577628911646257,0.10661408109057235,3,False,9.941778536242673,1.5463176289374765e-08,True,0
1,ElasticNet,0.0001,0.7,9.941784517072312,1.0577740834050904,0.10661348581000385,3,False,9.941784517072312,1.2928870077289455e-08,True,0
1,ElasticNet,0.0001,0.5,9.941790500043844,1.057785274967499,0.10661289033718058,3,False,9.941790500043844,1.0194078897160605e-08,True,0
1,ElasticNet,0.0001,0.3,9.941796485136713,1.057796465887147,0.10661229467380857,3,False,9.941796485136713,7.182235006529509e-09,True,0
1,ElasticNet,0.0001,0.1,9.941802472389194,1.0578076562080578,0.10661169881633754,3,False,9.941802472389194,3.755791916550748e-09,True,0
1,Ridge,0.01,0.0,9.941837516084755,1.0577755508639795,0.10660766846330534,3,False,9.941837516084755,0.0,True,0
1,LASSO,1e-05,1.0,9.941837954789152,1.0577659021894914,0.10660756636145001,3,False,9.941837954789152,1.6669423126687251e-09,True,0
1,ElasticNet,1e-06,0.95,9.94183810458568,1.0577661821414253,0.10660755145563187,3,False,9.94183810458568,8.996667056813682e-06,True,0
1,ElasticNet,1e-05,0.95,9.94183810458568,1.0577661821414253,0.10660755145563187,3,False,9.94183810458568,1.6072676165945749e-09,True,0
1,ElasticNet,1e-06,0.9,9.941838254383596,1.0577664620928766,0.10660753654968809,3,False,9.941838254383596,8.993244405899048e-06,True,0
1,ElasticNet,1e-05,0.9,9.941838254383596,1.0577664620928766,0.10660753654968809,3,False,9.941838254383596,1.5466512341637788e-09,True,0
1,ElasticNet,1e-06,0.7,9.941838853589427,1.057767581893614,0.10660747692462957,3,False,9.941838853589429,8.979551929713862e-06,True,0
1,ElasticNet,1e-05,0.7,9.941838853589427,1.057767581893614,0.10660747692462957,3,False,9.941838853589429,1.2936840984928357e-09,True,0
1,ElasticNet,1e-06,0.5,9.941839452819055,1.0577687016853505,0.10660741729740775,3,False,9.941839452819055,8.965856193056355e-06,True,0
1,ElasticNet,1e-05,0.5,9.941839452819055,1.0577687016853505,0.10660741729740775,3,False,9.941839452819055,1.0203648327124148e-09,True,0
1,ElasticNet,1e-06,0.3,9.941840052070459,1.0577698214716311,0.10660735766818948,3,False,9.941840052070459,8.95215660452602e-06,True,0
1,ElasticNet,1e-05,0.3,9.941840052070459,1.0577698214716311,0.10660735766818948,3,False,9.941840052070459,7.189410047089133e-10,True,0
1,ElasticNet,1e-05,0.1,9.941840651347633,1.0577709412568073,0.10660729803660444,3,False,9.941840651347633,3.7543898241642256e-10,True,0
1,Ridge,0.001,0.0,9.94184415781591,1.0577677310731868,0.10660689480171122,3,False,9.94184415781591,0.0,True,0
1,Ridge,0.0001,0.0,9.941844822057298,1.05776694909243,0.1066068174289548,3,False,9.941844822057298,0.0,True,0
1,Ridge,1e-05,0.0,9.941844888482121,1.0577668708943353,0.10660680969161314,3,False,9.94184488848212,0.0,True,0
1,Ridge,1e-06,0.0,9.941844895124609,1.0577668630745256,0.10660680891787833,3,False,9.941844895124609,0.0,True,0
1,ElasticNet,1e-06,0.1,9.9418461110354,1.0577663372236437,0.10660671327740194,3,False,9.9418461110354,7.651637542038991e-06,True,0
1,LASSO,1e-06,1.0,9.941849079160567,1.0577625271112896,0.10660644720816599,3,False,9.941849079160567,9.000003122538344e-06,True,0
6,ElasticNet,1e-05,0.9,9.975285662388648,3.1870933246828135,0.12631794824610265,3,False,9.97528566238865,1.3796572006019996e-05,True,0
6,ElasticNet,1e-05,0.7,10.024514398435633,3.4891249334927683,0.12479894279295689,3,False,10.024514398435633,1.3606623822360859e-05,True,0
6,ElasticNet,1e-06,0.1,10.049192159678583,3.531968105277434,0.121273309706549,3,False,10.049192159678583,9.94545437782268e-06,True,0
1,ElasticNet,1.0,0.1,10.184602850848327,1.4388857554537966,0.0900344130554442,3,False,10.184602850848327,1.0024592267399157e-11,True,0
6,ElasticNet,1e-06,0.3,10.247570353706635,4.026524585970841,0.10762337684900569,3,False,10.247570353706635,9.90382272344524e-06,True,0
6,ElasticNet,1e-06,0.5,10.256069395862584,3.741144028441929,0.10537429474725384,3,False,10.256069395862584,9.985507510412158e-06,True,0
1,Ridge,1000.0,0.0,10.315498011160303,1.5167389716737896,0.07898579664424588,3,False,10.315498011160303,0.0,True,0
1,ElasticNet,1.0,0.3,10.346760041781925,1.5243495914627643,0.07628111657318164,3,False,10.346760041781927,4.994338276276267e-13,True,0
6,ElasticNet,1e-06,0.95,10.49823287605529,3.483299912244169,0.08178380499780484,3,False,10.49823287605529,9.968670147648642e-06,True,0
6,LASSO,1e-06,1.0,10.552907413039312,3.3461871548926676,0.0754775839524628,3,False,10.552907413039312,9.92656314415697e-06,True,0
1,ElasticNet,1.0,0.5,10.60557880923919,1.6684828259130122,0.05429034839034005,3,False,10.60557880923919,6.369960114938067e-12,True,0
6,ElasticNet,1e-06,0.7,10.762718278544817,3.8067013678443034,0.06093291165908784,3,False,10.762718278544817,9.991437769547308e-06,True,0
6,ElasticNet,1e-06,0.9,10.809214130149178,3.5154055667303523,0.0539040976597854,3,False,10.809214130149178,9.967242886263381e-06,True,0
1,ElasticNet,1.0,0.7,10.815477237557902,1.8063423217289984,0.0366043679445481,3,False,10.815477237557902,1.0930700788946979e-11,True,0
1,Ridge,10000.0,0.0,11.037009091407226,1.7776925596253392,0.016260599315589208,3,False,11.037009091407223,0.0,True,0
1,ElasticNet,1.0,0.9,11.060083973263744,1.9688797155706326,0.016018953182450096,3,False,11.060083973263744,4.440892098500626e-16,True,0
1,ElasticNet,1.0,0.95,11.096067383460522,1.9545416310459534,0.012653889436277987,3,False,11.096067383460522,2.220446049250313e-16,True,0
5,ElasticNet,1e-05,0.1,11.12705036033726,1.049438885590391,-0.018930501843307135,3,False,11.12705036033726,9.982831486639283e-06,True,0
1,LASSO,1.0,1.0,11.137642123623115,1.9386349349316636,0.008760727927073128,3,False,11.137642123623115,0.0,True,0
5,ElasticNet,1e-05,0.7,11.14282619546887,1.3613828162409036,-0.02337784276194928,3,False,11.14282619546887,1.2598478229884103e-05,True,0
5,ElasticNet,1e-05,0.3,11.151094306644945,1.1587286497370275,-0.022153355139688562,3,False,11.151094306644945,9.987940153269874e-06,True,0
5,ElasticNet,1e-05,0.5,11.156236378727483,1.249744673122361,-0.023510079930882905,3,False,11.156236378727483,1.0290236257428939e-05,True,0
5,LASSO,1e-05,1.0,11.18671373143752,1.4529653518978947,-0.028181993243986996,3,False,11.18671373143752,2.1483103799408743e-05,True,0
5,ElasticNet,1e-05,0.95,11.199414446558835,1.3962065596505169,-0.028740532243754613,3,False,11.199414446558835,2.2192109663655808e-05,True,0
1,Ridge,100000.0,0.0,11.202260258442907,1.8162587755042578,0.001661343829575353,3,False,11.202260258442907,0.0,True,0
5,ElasticNet,1e-05,0.9,11.203160685058402,1.361595149474317,-0.02874035852665528,3,False,11.203160685058402,2.6209190950437048e-05,True,0
1,ElasticNet,10.0,0.1,11.212707059846572,1.8347579227471875,0.0009023850450312251,3,False,11.212707059846572,4.440892098500626e-16,True,0
1,Ridge,1000000.0,0.0,11.220799341024728,1.820277147177517,2.02711457470602e-05,3,False,11.220799341024728,0.0,True,0
1,LASSO,10.0,1.0,11.222884435197491,1.8207254869017189,-0.00016433811225594988,3,False,11.222884435197491,0.0,True,0
1,LASSO,100.0,1.0,11.222884435197491,1.8207254869017189,-0.00016433811225594988,3,False,11.222884435197491,0.0,True,0
1,LASSO,1000.0,1.0,11.222884435197491,1.8207254869017189,-0.00016433811225594988,3,False,11.222884435197491,0.0,True,0
1,LASSO,10000.0,1.0,11.222884435197491,1.8207254869017189,-0.00016433811225594988,3,False,11.222884435197491,0.0,True,0
1,LASSO,100000.0,1.0,11.222884435197491,1.8207254869017189,-0.00016433811225594988,3,False,11.222884435197491,0.0,True,0
1,LASSO,1000000.0,1.0,11.222884435197491,1.8207254869017189,-0.00016433811225594988,3,False,11.222884435197491,0.0,True,0
1,ElasticNet,100.0,0.1,11.222884435197491,1.8207254869017189,-0.00016433811225594988,3,False,11.222884435197491,0.0,True,0
1,ElasticNet,1000.0,0.1,11.222884435197491,1.8207254869017189,-0.00016433811225594988,3,False,11.222884435197491,0.0,True,0
1,ElasticNet,10000.0,0.1,11.222884435197491,1.8207254869017189,-0.00016433811225594988,3,False,11.222884435197491,0.0,True,0
1,ElasticNet,100000.0,0.1,11.222884435197491,1.8207254869017189,-0.00016433811225594988,3,False,11.222884435197491,0.0,True,0
1,ElasticNet,1000000.0,0.1,11.222884435197491,1.8207254869017189,-0.00016433811225594988,3,False,11.222884435197491,0.0,True,0
1,ElasticNet,10.0,0.3,11.222884435197491,1.8207254869017189,-0.00016433811225594988,3,False,11.222884435197491,0.0,True,0
1,ElasticNet,100.0,0.3,11.222884435197491,1.8207254869017189,-0.00016433811225594988,3,False,11.222884435197491,0.0,True,0
1,ElasticNet,1000.0,0.3,11.222884435197491,1.8207254869017189,-0.00016433811225594988,3,False,11.222884435197491,0.0,True,0
1,ElasticNet,10000.0,0.3,11.222884435197491,1.8207254869017189,-0.00016433811225594988,3,False,11.222884435197491,0.0,True,0
1,ElasticNet,100000.0,0.3,11.222884435197491,1.8207254869017189,-0.00016433811225594988,3,False,11.222884435197491,0.0,True,0
1,ElasticNet,1000000.0,0.3,11.222884435197491,1.8207254869017189,-0.00016433811225594988,3,False,11.222884435197491,0.0,True,0
1,ElasticNet,10.0,0.5,11.222884435197491,1.8207254869017189,-0.00016433811225594988,3,False,11.222884435197491,0.0,True,0
1,ElasticNet,100.0,0.5,11.222884435197491,1.8207254869017189,-0.00016433811225594988,3,False,11.222884435197491,0.0,True,0
1,ElasticNet,1000.0,0.5,11.222884435197491,1.8207254869017189,-0.00016433811225594988,3,False,11.222884435197491,0.0,True,0
1,ElasticNet,10000.0,0.5,11.222884435197491,1.8207254869017189,-0.00016433811225594988,3,False,11.222884435197491,0.0,True,0
1,ElasticNet,100000.0,0.5,11.222884435197491,1.8207254869017189,-0.00016433811225594988,3,False,11.222884435197491,0.0,True,0
1,ElasticNet,1000000.0,0.5,11.222884435197491,1.8207254869017189,-0.00016433811225594988,3,False,11.222884435197491,0.0,True,0
1,ElasticNet,10.0,0.7,11.222884435197491,1.8207254869017189,-0.00016433811225594988,3,False,11.222884435197491,0.0,True,0
1,ElasticNet,100.0,0.7,11.222884435197491,1.8207254869017189,-0.00016433811225594988,3,False,11.222884435197491,0.0,True,0
1,ElasticNet,1000.0,0.7,11.222884435197491,1.8207254869017189,-0.00016433811225594988,3,False,11.222884435197491,0.0,True,0
1,ElasticNet,10000.0,0.7,11.222884435197491,1.8207254869017189,-0.00016433811225594988,3,False,11.222884435197491,0.0,True,0
1,ElasticNet,100000.0,0.7,11.222884435197491,1.8207254869017189,-0.00016433811225594988,3,False,11.222884435197491,0.0,True,0
1,ElasticNet,1000000.0,0.7,11.222884435197491,1.8207254869017189,-0.00016433811225594988,3,False,11.222884435197491,0.0,True,0
1,ElasticNet,10.0,0.9,11.222884435197491,1.8207254869017189,-0.00016433811225594988,3,False,11.222884435197491,0.0,True,0
1,ElasticNet,100.0,0.9,11.222884435197491,1.8207254869017189,-0.00016433811225594988,3,False,11.222884435197491,0.0,True,0
1,ElasticNet,1000.0,0.9,11.222884435197491,1.8207254869017189,-0.00016433811225594988,3,False,11.222884435197491,0.0,True,0
1,ElasticNet,10000.0,0.9,11.222884435197491,1.8207254869017189,-0.00016433811225594988,3,False,11.222884435197491,0.0,True,0
1,ElasticNet,100000.0,0.9,11.222884435197491,1.8207254869017189,-0.00016433811225594988,3,False,11.222884435197491,0.0,True,0
1,ElasticNet,1000000.0,0.9,11.222884435197491,1.8207254869017189,-0.00016433811225594988,3,False,11.222884435197491,0.0,True,0
1,ElasticNet,10.0,0.95,11.222884435197491,1.8207254869017189,-0.00016433811225594988,3,False,11.222884435197491,0.0,True,0
1,ElasticNet,100.0,0.95,11.222884435197491,1.8207254869017189,-0.00016433811225594988,3,False,11.222884435197491,0.0,True,0
1,ElasticNet,1000.0,0.95,11.222884435197491,1.8207254869017189,-0.00016433811225594988,3,False,11.222884435197491,0.0,True,0
1,ElasticNet,10000.0,0.95,11.222884435197491,1.8207254869017189,-0.00016433811225594988,3,False,11.222884435197491,0.0,True,0
1,ElasticNet,100000.0,0.95,11.222884435197491,1.8207254869017189,-0.00016433811225594988,3,False,11.222884435197491,0.0,True,0
1,ElasticNet,1000000.0,0.95,11.222884435197491,1.8207254869017189,-0.00016433811225594988,3,False,11.222884435197491,0.0,True,0
5,LASSO,10.0,1.0,11.222884435197491,1.8207254869017189,-0.00016433811225594988,3,False,11.222884435197491,0.0,True,0
5,LASSO,100.0,1.0,11.222884435197491,1.8207254869017189,-0.00016433811225594988,3,False,11.222884435197491,0.0,True,0
5,LASSO,1000.0,1.0,11.222884435197491,1.8207254869017189,-0.00016433811225594988,3,False,11.222884435197491,0.0,True,0
5,LASSO,10000.0,1.0,11.222884435197491,1.8207254869017189,-0.00016433811225594988,3,False,11.222884435197491,0.0,True,0
5,LASSO,100000.0,1.0,11.222884435197491,1.8207254869017189,-0.00016433811225594988,3,False,11.222884435197491,0.0,True,0
5,LASSO,1000000.0,1.0,11.222884435197491,1.8207254869017189,-0.00016433811225594988,3,False,11.222884435197491,0.0,True,0
5,ElasticNet,100.0,0.1,11.222884435197491,1.8207254869017189,-0.00016433811225594988,3,False,11.222884435197491,0.0,True,0
5,ElasticNet,1000.0,0.1,11.222884435197491,1.8207254869017189,-0.00016433811225594988,3,False,11.222884435197491,0.0,True,0
5,ElasticNet,10000.0,0.1,11.222884435197491,1.8207254869017189,-0.00016433811225594988,3,False,11.222884435197491,0.0,True,0
5,ElasticNet,100000.0,0.1,11.222884435197491,1.8207254869017189,-0.00016433811225594988,3,False,11.222884435197491,0.0,True,0
5,ElasticNet,1000000.0,0.1,11.222884435197491,1.8207254869017189,-0.00016433811225594988,3,False,11.222884435197491,0.0,True,0
5,ElasticNet,10.0,0.3,11.222884435197491,1.8207254869017189,-0.00016433811225594988,3,False,11.222884435197491,0.0,True,0
5,ElasticNet,100.0,0.3,11.222884435197491,1.8207254869017189,-0.00016433811225594988,3,False,11.222884435197491,0.0,True,0
5,ElasticNet,1000.0,0.3,11.222884435197491,1.8207254869017189,-0.00016433811225594988,3,False,11.222884435197491,0.0,True,0
5,ElasticNet,10000.0,0.3,11.222884435197491,1.8207254869017189,-0.00016433811225594988,3,False,11.222884435197491,0.0,True,0
5,ElasticNet,100000.0,0.3,11.222884435197491,1.8207254869017189,-0.00016433811225594988,3,False,11.222884435197491,0.0,True,0
5,ElasticNet,1000000.0,0.3,11.222884435197491,1.8207254869017189,-0.00016433811225594988,3,False,11.222884435197491,0.0,True,0
5,ElasticNet,10.0,0.5,11.222884435197491,1.8207254869017189,-0.00016433811225594988,3,False,11.222884435197491,0.0,True,0
5,ElasticNet,100.0,0.5,11.222884435197491,1.8207254869017189,-0.00016433811225594988,3,False,11.222884435197491,0.0,True,0
5,ElasticNet,1000.0,0.5,11.222884435197491,1.8207254869017189,-0.00016433811225594988,3,False,11.222884435197491,0.0,True,0
5,ElasticNet,10000.0,0.5,11.222884435197491,1.8207254869017189,-0.00016433811225594988,3,False,11.222884435197491,0.0,True,0
5,ElasticNet,100000.0,0.5,11.222884435197491,1.8207254869017189,-0.00016433811225594988,3,False,11.222884435197491,0.0,True,0
5,ElasticNet,1000000.0,0.5,11.222884435197491,1.8207254869017189,-0.00016433811225594988,3,False,11.222884435197491,0.0,True,0
5,ElasticNet,10.0,0.7,11.222884435197491,1.8207254869017189,-0.00016433811225594988,3,False,11.222884435197491,0.0,True,0
5,ElasticNet,100.0,0.7,11.222884435197491,1.8207254869017189,-0.00016433811225594988,3,False,11.222884435197491,0.0,True,0
5,ElasticNet,1000.0,0.7,11.222884435197491,1.8207254869017189,-0.00016433811225594988,3,False,11.222884435197491,0.0,True,0
5,ElasticNet,10000.0,0.7,11.222884435197491,1.8207254869017189,-0.00016433811225594988,3,False,11.222884435197491,0.0,True,0
5,ElasticNet,100000.0,0.7,11.222884435197491,1.8207254869017189,-0.00016433811225594988,3,False,11.222884435197491,0.0,True,0
5,ElasticNet,1000000.0,0.7,11.222884435197491,1.8207254869017189,-0.00016433811225594988,3,False,11.222884435197491,0.0,True,0
5,ElasticNet,10.0,0.9,11.222884435197491,1.8207254869017189,-0.00016433811225594988,3,False,11.222884435197491,0.0,True,0
5,ElasticNet,100.0,0.9,11.222884435197491,1.8207254869017189,-0.00016433811225594988,3,False,11.222884435197491,0.0,True,0
5,ElasticNet,1000.0,0.9,11.222884435197491,1.8207254869017189,-0.00016433811225594988,3,False,11.222884435197491,0.0,True,0
5,ElasticNet,10000.0,0.9,11.222884435197491,1.8207254869017189,-0.00016433811225594988,3,False,11.222884435197491,0.0,True,0
5,ElasticNet,100000.0,0.9,11.222884435197491,1.8207254869017189,-0.00016433811225594988,3,False,11.222884435197491,0.0,True,0
5,ElasticNet,1000000.0,0.9,11.222884435197491,1.8207254869017189,-0.00016433811225594988,3,False,11.222884435197491,0.0,True,0
5,ElasticNet,10.0,0.95,11.222884435197491,1.8207254869017189,-0.00016433811225594988,3,False,11.222884435197491,0.0,True,0
5,ElasticNet,100.0,0.95,11.222884435197491,1.8207254869017189,-0.00016433811225594988,3,False,11.222884435197491,0.0,True,0
5,ElasticNet,1000.0,0.95,11.222884435197491,1.8207254869017189,-0.00016433811225594988,3,False,11.222884435197491,0.0,True,0
5,ElasticNet,10000.0,0.95,11.222884435197491,1.8207254869017189,-0.00016433811225594988,3,False,11.222884435197491,0.0,True,0
5,ElasticNet,100000.0,0.95,11.222884435197491,1.8207254869017189,-0.00016433811225594988,3,False,11.222884435197491,0.0,True,0
5,ElasticNet,1000000.0,0.95,11.222884435197491,1.8207254869017189,-0.00016433811225594988,3,False,11.222884435197491,0.0,True,0
6,LASSO,10.0,1.0,11.222884435197491,1.8207254869017189,-0.00016433811225594988,3,False,11.222884435197491,0.0,True,0
6,LASSO,100.0,1.0,11.222884435197491,1.8207254869017189,-0.00016433811225594988,3,False,11.222884435197491,0.0,True,0
6,LASSO,1000.0,1.0,11.222884435197491,1.8207254869017189,-0.00016433811225594988,3,False,11.222884435197491,0.0,True,0
6,LASSO,10000.0,1.0,11.222884435197491,1.8207254869017189,-0.00016433811225594988,3,False,11.222884435197491,0.0,True,0
6,LASSO,100000.0,1.0,11.222884435197491,1.8207254869017189,-0.00016433811225594988,3,False,11.222884435197491,0.0,True,0
6,LASSO,1000000.0,1.0,11.222884435197491,1.8207254869017189,-0.00016433811225594988,3,False,11.222884435197491,0.0,True,0
6,ElasticNet,100.0,0.1,11.222884435197491,1.8207254869017189,-0.00016433811225594988,3,False,11.222884435197491,0.0,True,0
6,ElasticNet,1000.0,0.1,11.222884435197491,1.8207254869017189,-0.00016433811225594988,3,False,11.222884435197491,0.0,True,0
6,ElasticNet,10000.0,0.1,11.222884435197491,1.8207254869017189,-0.00016433811225594988,3,False,11.222884435197491,0.0,True,0
6,ElasticNet,100000.0,0.1,11.222884435197491,1.8207254869017189,-0.00016433811225594988,3,False,11.222884435197491,0.0,True,0
6,ElasticNet,1000000.0,0.1,11.222884435197491,1.8207254869017189,-0.00016433811225594988,3,False,11.222884435197491,0.0,True,0
6,ElasticNet,10.0,0.3,11.222884435197491,1.8207254869017189,-0.00016433811225594988,3,False,11.222884435197491,0.0,True,0
6,ElasticNet,100.0,0.3,11.222884435197491,1.8207254869017189,-0.00016433811225594988,3,False,11.222884435197491,0.0,True,0
6,ElasticNet,1000.0,0.3,11.222884435197491,1.8207254869017189,-0.00016433811225594988,3,False,11.222884435197491,0.0,True,0
6,ElasticNet,10000.0,0.3,11.222884435197491,1.8207254869017189,-0.00016433811225594988,3,False,11.222884435197491,0.0,True,0
6,ElasticNet,100000.0,0.3,11.222884435197491,1.8207254869017189,-0.00016433811225594988,3,False,11.222884435197491,0.0,True,0
6,ElasticNet,1000000.0,0.3,11.222884435197491,1.8207254869017189,-0.00016433811225594988,3,False,11.222884435197491,0.0,True,0
6,ElasticNet,10.0,0.5,11.222884435197491,1.8207254869017189,-0.00016433811225594988,3,False,11.222884435197491,0.0,True,0
6,ElasticNet,100.0,0.5,11.222884435197491,1.8207254869017189,-0.00016433811225594988,3,False,11.222884435197491,0.0,True,0
6,ElasticNet,1000.0,0.5,11.222884435197491,1.8207254869017189,-0.00016433811225594988,3,False,11.222884435197491,0.0,True,0
6,ElasticNet,10000.0,0.5,11.222884435197491,1.8207254869017189,-0.00016433811225594988,3,False,11.222884435197491,0.0,True,0
6,ElasticNet,100000.0,0.5,11.222884435197491,1.8207254869017189,-0.00016433811225594988,3,False,11.222884435197491,0.0,True,0
6,ElasticNet,1000000.0,0.5,11.222884435197491,1.8207254869017189,-0.00016433811225594988,3,False,11.222884435197491,0.0,True,0
6,ElasticNet,10.0,0.7,11.222884435197491,1.8207254869017189,-0.00016433811225594988,3,False,11.222884435197491,0.0,True,0
6,ElasticNet,100.0,0.7,11.222884435197491,1.8207254869017189,-0.00016433811225594988,3,False,11.222884435197491,0.0,True,0
6,ElasticNet,1000.0,0.7,11.222884435197491,1.8207254869017189,-0.00016433811225594988,3,False,11.222884435197491,0.0,True,0
6,ElasticNet,10000.0,0.7,11.222884435197491,1.8207254869017189,-0.00016433811225594988,3,False,11.222884435197491,0.0,True,0
6,ElasticNet,100000.0,0.7,11.222884435197491,1.8207254869017189,-0.00016433811225594988,3,False,11.222884435197491,0.0,True,0
6,ElasticNet,1000000.0,0.7,11.222884435197491,1.8207254869017189,-0.00016433811225594988,3,False,11.222884435197491,0.0,True,0
6,ElasticNet,10.0,0.9,11.222884435197491,1.8207254869017189,-0.00016433811225594988,3,False,11.222884435197491,0.0,True,0
6,ElasticNet,100.0,0.9,11.222884435197491,1.8207254869017189,-0.00016433811225594988,3,False,11.222884435197491,0.0,True,0
6,ElasticNet,1000.0,0.9,11.222884435197491,1.8207254869017189,-0.00016433811225594988,3,False,11.222884435197491,0.0,True,0
6,ElasticNet,10000.0,0.9,11.222884435197491,1.8207254869017189,-0.00016433811225594988,3,False,11.222884435197491,0.0,True,0
6,ElasticNet,100000.0,0.9,11.222884435197491,1.8207254869017189,-0.00016433811225594988,3,False,11.222884435197491,0.0,True,0
6,ElasticNet,1000000.0,0.9,11.222884435197491,1.8207254869017189,-0.00016433811225594988,3,False,11.222884435197491,0.0,True,0
6,ElasticNet,10.0,0.95,11.222884435197491,1.8207254869017189,-0.00016433811225594988,3,False,11.222884435197491,0.0,True,0
6,ElasticNet,100.0,0.95,11.222884435197491,1.8207254869017189,-0.00016433811225594988,3,False,11.222884435197491,0.0,True,0
6,ElasticNet,1000.0,0.95,11.222884435197491,1.8207254869017189,-0.00016433811225594988,3,False,11.222884435197491,0.0,True,0
6,ElasticNet,10000.0,0.95,11.222884435197491,1.8207254869017189,-0.00016433811225594988,3,False,11.222884435197491,0.0,True,0
6,ElasticNet,100000.0,0.95,11.222884435197491,1.8207254869017189,-0.00016433811225594988,3,False,11.222884435197491,0.0,True,0
6,ElasticNet,1000000.0,0.95,11.222884435197491,1.8207254869017189,-0.00016433811225594988,3,False,11.222884435197491,0.0,True,0
7,LASSO,10.0,1.0,11.222884435197491,1.8207254869017189,-0.00016433811225594988,3,False,11.222884435197491,0.0,True,0
7,LASSO,100.0,1.0,11.222884435197491,1.8207254869017189,-0.00016433811225594988,3,False,11.222884435197491,0.0,True,0
7,LASSO,1000.0,1.0,11.222884435197491,1.8207254869017189,-0.00016433811225594988,3,False,11.222884435197491,0.0,True,0
7,LASSO,10000.0,1.0,11.222884435197491,1.8207254869017189,-0.00016433811225594988,3,False,11.222884435197491,0.0,True,0
7,LASSO,100000.0,1.0,11.222884435197491,1.8207254869017189,-0.00016433811225594988,3,False,11.222884435197491,0.0,True,0
7,LASSO,1000000.0,1.0,11.222884435197491,1.8207254869017189,-0.00016433811225594988,3,False,11.222884435197491,0.0,True,0
7,ElasticNet,100.0,0.1,11.222884435197491,1.8207254869017189,-0.00016433811225594988,3,False,11.222884435197491,0.0,True,0
7,ElasticNet,1000.0,0.1,11.222884435197491,1.8207254869017189,-0.00016433811225594988,3,False,11.222884435197491,0.0,True,0
7,ElasticNet,10000.0,0.1,11.222884435197491,1.8207254869017189,-0.00016433811225594988,3,False,11.222884435197491,0.0,True,0
7,ElasticNet,100000.0,0.1,11.222884435197491,1.8207254869017189,-0.00016433811225594988,3,False,11.222884435197491,0.0,True,0
7,ElasticNet,1000000.0,0.1,11.222884435197491,1.8207254869017189,-0.00016433811225594988,3,False,11.222884435197491,0.0,True,0
7,ElasticNet,10.0,0.3,11.222884435197491,1.8207254869017189,-0.00016433811225594988,3,False,11.222884435197491,0.0,True,0
7,ElasticNet,100.0,0.3,11.222884435197491,1.8207254869017189,-0.00016433811225594988,3,False,11.222884435197491,0.0,True,0
7,ElasticNet,1000.0,0.3,11.222884435197491,1.8207254869017189,-0.00016433811225594988,3,False,11.222884435197491,0.0,True,0
7,ElasticNet,10000.0,0.3,11.222884435197491,1.8207254869017189,-0.00016433811225594988,3,False,11.222884435197491,0.0,True,0
7,ElasticNet,100000.0,0.3,11.222884435197491,1.8207254869017189,-0.00016433811225594988,3,False,11.222884435197491,0.0,True,0
7,ElasticNet,1000000.0,0.3,11.222884435197491,1.8207254869017189,-0.00016433811225594988,3,False,11.222884435197491,0.0,True,0
7,ElasticNet,10.0,0.5,11.222884435197491,1.8207254869017189,-0.00016433811225594988,3,False,11.222884435197491,0.0,True,0
7,ElasticNet,100.0,0.5,11.222884435197491,1.8207254869017189,-0.00016433811225594988,3,False,11.222884435197491,0.0,True,0
7,ElasticNet,1000.0,0.5,11.222884435197491,1.8207254869017189,-0.00016433811225594988,3,False,11.222884435197491,0.0,True,0
7,ElasticNet,10000.0,0.5,11.222884435197491,1.8207254869017189,-0.00016433811225594988,3,False,11.222884435197491,0.0,True,0
7,ElasticNet,100000.0,0.5,11.222884435197491,1.8207254869017189,-0.00016433811225594988,3,False,11.222884435197491,0.0,True,0
7,ElasticNet,1000000.0,0.5,11.222884435197491,1.8207254869017189,-0.00016433811225594988,3,False,11.222884435197491,0.0,True,0
7,ElasticNet,10.0,0.7,11.222884435197491,1.8207254869017189,-0.00016433811225594988,3,False,11.222884435197491,0.0,True,0
7,ElasticNet,100.0,0.7,11.222884435197491,1.8207254869017189,-0.00016433811225594988,3,False,11.222884435197491,0.0,True,0
7,ElasticNet,1000.0,0.7,11.222884435197491,1.8207254869017189,-0.00016433811225594988,3,False,11.222884435197491,0.0,True,0
7,ElasticNet,10000.0,0.7,11.222884435197491,1.8207254869017189,-0.00016433811225594988,3,False,11.222884435197491,0.0,True,0
7,ElasticNet,100000.0,0.7,11.222884435197491,1.8207254869017189,-0.00016433811225594988,3,False,11.222884435197491,0.0,True,0
7,ElasticNet,1000000.0,0.7,11.222884435197491,1.8207254869017189,-0.00016433811225594988,3,False,11.222884435197491,0.0,True,0
7,ElasticNet,10.0,0.9,11.222884435197491,1.8207254869017189,-0.00016433811225594988,3,False,11.222884435197491,0.0,True,0
7,ElasticNet,100.0,0.9,11.222884435197491,1.8207254869017189,-0.00016433811225594988,3,False,11.222884435197491,0.0,True,0
7,ElasticNet,1000.0,0.9,11.222884435197491,1.8207254869017189,-0.00016433811225594988,3,False,11.222884435197491,0.0,True,0
7,ElasticNet,10000.0,0.9,11.222884435197491,1.8207254869017189,-0.00016433811225594988,3,False,11.222884435197491,0.0,True,0
7,ElasticNet,100000.0,0.9,11.222884435197491,1.8207254869017189,-0.00016433811225594988,3,False,11.222884435197491,0.0,True,0
7,ElasticNet,1000000.0,0.9,11.222884435197491,1.8207254869017189,-0.00016433811225594988,3,False,11.222884435197491,0.0,True,0
7,ElasticNet,10.0,0.95,11.222884435197491,1.8207254869017189,-0.00016433811225594988,3,False,11.222884435197491,0.0,True,0
7,ElasticNet,100.0,0.95,11.222884435197491,1.8207254869017189,-0.00016433811225594988,3,False,11.222884435197491,0.0,True,0
7,ElasticNet,1000.0,0.95,11.222884435197491,1.8207254869017189,-0.00016433811225594988,3,False,11.222884435197491,0.0,True,0
7,ElasticNet,10000.0,0.95,11.222884435197491,1.8207254869017189,-0.00016433811225594988,3,False,11.222884435197491,0.0,True,0
7,ElasticNet,100000.0,0.95,11.222884435197491,1.8207254869017189,-0.00016433811225594988,3,False,11.222884435197491,0.0,True,0
7,ElasticNet,1000000.0,0.95,11.222884435197491,1.8207254869017189,-0.00016433811225594988,3,False,11.222884435197491,0.0,True,0
8,LASSO,10.0,1.0,11.222884435197491,1.8207254869017189,-0.00016433811225594988,3,False,11.222884435197491,0.0,True,0
8,LASSO,100.0,1.0,11.222884435197491,1.8207254869017189,-0.00016433811225594988,3,False,11.222884435197491,0.0,True,0
8,LASSO,1000.0,1.0,11.222884435197491,1.8207254869017189,-0.00016433811225594988,3,False,11.222884435197491,0.0,True,0
8,LASSO,10000.0,1.0,11.222884435197491,1.8207254869017189,-0.00016433811225594988,3,False,11.222884435197491,0.0,True,0
8,LASSO,100000.0,1.0,11.222884435197491,1.8207254869017189,-0.00016433811225594988,3,False,11.222884435197491,0.0,True,0
8,LASSO,1000000.0,1.0,11.222884435197491,1.8207254869017189,-0.00016433811225594988,3,False,11.222884435197491,0.0,True,0
8,ElasticNet,100.0,0.1,11.222884435197491,1.8207254869017189,-0.00016433811225594988,3,False,11.222884435197491,0.0,True,0
8,ElasticNet,1000.0,0.1,11.222884435197491,1.8207254869017189,-0.00016433811225594988,3,False,11.222884435197491,0.0,True,0
8,ElasticNet,10000.0,0.1,11.222884435197491,1.8207254869017189,-0.00016433811225594988,3,False,11.222884435197491,0.0,True,0
8,ElasticNet,100000.0,0.1,11.222884435197491,1.8207254869017189,-0.00016433811225594988,3,False,11.222884435197491,0.0,True,0
8,ElasticNet,1000000.0,0.1,11.222884435197491,1.8207254869017189,-0.00016433811225594988,3,False,11.222884435197491,0.0,True,0
8,ElasticNet,10.0,0.3,11.222884435197491,1.8207254869017189,-0.00016433811225594988,3,False,11.222884435197491,0.0,True,0
8,ElasticNet,100.0,0.3,11.222884435197491,1.8207254869017189,-0.00016433811225594988,3,False,11.222884435197491,0.0,True,0
8,ElasticNet,1000.0,0.3,11.222884435197491,1.8207254869017189,-0.00016433811225594988,3,False,11.222884435197491,0.0,True,0
8,ElasticNet,10000.0,0.3,11.222884435197491,1.8207254869017189,-0.00016433811225594988,3,False,11.222884435197491,0.0,True,0
8,ElasticNet,100000.0,0.3,11.222884435197491,1.8207254869017189,-0.00016433811225594988,3,False,11.222884435197491,0.0,True,0
8,ElasticNet,1000000.0,0.3,11.222884435197491,1.8207254869017189,-0.00016433811225594988,3,False,11.222884435197491,0.0,True,0
8,ElasticNet,10.0,0.5,11.222884435197491,1.8207254869017189,-0.00016433811225594988,3,False,11.222884435197491,0.0,True,0
8,ElasticNet,100.0,0.5,11.222884435197491,1.8207254869017189,-0.00016433811225594988,3,False,11.222884435197491,0.0,True,0
8,ElasticNet,1000.0,0.5,11.222884435197491,1.8207254869017189,-0.00016433811225594988,3,False,11.222884435197491,0.0,True,0
8,ElasticNet,10000.0,0.5,11.222884435197491,1.8207254869017189,-0.00016433811225594988,3,False,11.222884435197491,0.0,True,0
8,ElasticNet,100000.0,0.5,11.222884435197491,1.8207254869017189,-0.00016433811225594988,3,False,11.222884435197491,0.0,True,0
8,ElasticNet,1000000.0,0.5,11.222884435197491,1.8207254869017189,-0.00016433811225594988,3,False,11.222884435197491,0.0,True,0
8,ElasticNet,10.0,0.7,11.222884435197491,1.8207254869017189,-0.00016433811225594988,3,False,11.222884435197491,0.0,True,0
8,ElasticNet,100.0,0.7,11.222884435197491,1.8207254869017189,-0.00016433811225594988,3,False,11.222884435197491,0.0,True,0
8,ElasticNet,1000.0,0.7,11.222884435197491,1.8207254869017189,-0.00016433811225594988,3,False,11.222884435197491,0.0,True,0
8,ElasticNet,10000.0,0.7,11.222884435197491,1.8207254869017189,-0.00016433811225594988,3,False,11.222884435197491,0.0,True,0
8,ElasticNet,100000.0,0.7,11.222884435197491,1.8207254869017189,-0.00016433811225594988,3,False,11.222884435197491,0.0,True,0
8,ElasticNet,1000000.0,0.7,11.222884435197491,1.8207254869017189,-0.00016433811225594988,3,False,11.222884435197491,0.0,True,0
8,ElasticNet,10.0,0.9,11.222884435197491,1.8207254869017189,-0.00016433811225594988,3,False,11.222884435197491,0.0,True,0
8,ElasticNet,100.0,0.9,11.222884435197491,1.8207254869017189,-0.00016433811225594988,3,False,11.222884435197491,0.0,True,0
8,ElasticNet,1000.0,0.9,11.222884435197491,1.8207254869017189,-0.00016433811225594988,3,False,11.222884435197491,0.0,True,0
8,ElasticNet,10000.0,0.9,11.222884435197491,1.8207254869017189,-0.00016433811225594988,3,False,11.222884435197491,0.0,True,0
8,ElasticNet,100000.0,0.9,11.222884435197491,1.8207254869017189,-0.00016433811225594988,3,False,11.222884435197491,0.0,True,0
8,ElasticNet,1000000.0,0.9,11.222884435197491,1.8207254869017189,-0.00016433811225594988,3,False,11.222884435197491,0.0,True,0
8,ElasticNet,10.0,0.95,11.222884435197491,1.8207254869017189,-0.00016433811225594988,3,False,11.222884435197491,0.0,True,0
8,ElasticNet,100.0,0.95,11.222884435197491,1.8207254869017189,-0.00016433811225594988,3,False,11.222884435197491,0.0,True,0
8,ElasticNet,1000.0,0.95,11.222884435197491,1.8207254869017189,-0.00016433811225594988,3,False,11.222884435197491,0.0,True,0
8,ElasticNet,10000.0,0.95,11.222884435197491,1.8207254869017189,-0.00016433811225594988,3,False,11.222884435197491,0.0,True,0
8,ElasticNet,100000.0,0.95,11.222884435197491,1.8207254869017189,-0.00016433811225594988,3,False,11.222884435197491,0.0,True,0
8,ElasticNet,1000000.0,0.95,11.222884435197491,1.8207254869017189,-0.00016433811225594988,3,False,11.222884435197491,0.0,True,0
9,LASSO,10.0,1.0,11.222884435197491,1.8207254869017189,-0.00016433811225594988,3,False,11.222884435197491,0.0,True,0
9,LASSO,100.0,1.0,11.222884435197491,1.8207254869017189,-0.00016433811225594988,3,False,11.222884435197491,0.0,True,0
9,LASSO,1000.0,1.0,11.222884435197491,1.8207254869017189,-0.00016433811225594988,3,False,11.222884435197491,0.0,True,0
9,LASSO,10000.0,1.0,11.222884435197491,1.8207254869017189,-0.00016433811225594988,3,False,11.222884435197491,0.0,True,0
9,LASSO,100000.0,1.0,11.222884435197491,1.8207254869017189,-0.00016433811225594988,3,False,11.222884435197491,0.0,True,0
9,LASSO,1000000.0,1.0,11.222884435197491,1.8207254869017189,-0.00016433811225594988,3,False,11.222884435197491,0.0,True,0
9,ElasticNet,100.0,0.1,11.222884435197491,1.8207254869017189,-0.00016433811225594988,3,False,11.222884435197491,0.0,True,0
9,ElasticNet,1000.0,0.1,11.222884435197491,1.8207254869017189,-0.00016433811225594988,3,False,11.222884435197491,0.0,True,0
9,ElasticNet,10000.0,0.1,11.222884435197491,1.8207254869017189,-0.00016433811225594988,3,False,11.222884435197491,0.0,True,0
9,ElasticNet,100000.0,0.1,11.222884435197491,1.8207254869017189,-0.00016433811225594988,3,False,11.222884435197491,0.0,True,0
9,ElasticNet,1000000.0,0.1,11.222884435197491,1.8207254869017189,-0.00016433811225594988,3,False,11.222884435197491,0.0,True,0
9,ElasticNet,10.0,0.3,11.222884435197491,1.8207254869017189,-0.00016433811225594988,3,False,11.222884435197491,0.0,True,0
9,ElasticNet,100.0,0.3,11.222884435197491,1.8207254869017189,-0.00016433811225594988,3,False,11.222884435197491,0.0,True,0
9,ElasticNet,1000.0,0.3,11.222884435197491,1.8207254869017189,-0.00016433811225594988,3,False,11.222884435197491,0.0,True,0
9,ElasticNet,10000.0,0.3,11.222884435197491,1.8207254869017189,-0.00016433811225594988,3,False,11.222884435197491,0.0,True,0
9,ElasticNet,100000.0,0.3,11.222884435197491,1.8207254869017189,-0.00016433811225594988,3,False,11.222884435197491,0.0,True,0
9,ElasticNet,1000000.0,0.3,11.222884435197491,1.8207254869017189,-0.00016433811225594988,3,False,11.222884435197491,0.0,True,0
9,ElasticNet,10.0,0.5,11.222884435197491,1.8207254869017189,-0.00016433811225594988,3,False,11.222884435197491,0.0,True,0
9,ElasticNet,100.0,0.5,11.222884435197491,1.8207254869017189,-0.00016433811225594988,3,False,11.222884435197491,0.0,True,0
9,ElasticNet,1000.0,0.5,11.222884435197491,1.8207254869017189,-0.00016433811225594988,3,False,11.222884435197491,0.0,True,0
9,ElasticNet,10000.0,0.5,11.222884435197491,1.8207254869017189,-0.00016433811225594988,3,False,11.222884435197491,0.0,True,0
9,ElasticNet,100000.0,0.5,11.222884435197491,1.8207254869017189,-0.00016433811225594988,3,False,11.222884435197491,0.0,True,0
9,ElasticNet,1000000.0,0.5,11.222884435197491,1.8207254869017189,-0.00016433811225594988,3,False,11.222884435197491,0.0,True,0
9,ElasticNet,10.0,0.7,11.222884435197491,1.8207254869017189,-0.00016433811225594988,3,False,11.222884435197491,0.0,True,0
9,ElasticNet,100.0,0.7,11.222884435197491,1.8207254869017189,-0.00016433811225594988,3,False,11.222884435197491,0.0,True,0
9,ElasticNet,1000.0,0.7,11.222884435197491,1.8207254869017189,-0.00016433811225594988,3,False,11.222884435197491,0.0,True,0
9,ElasticNet,10000.0,0.7,11.222884435197491,1.8207254869017189,-0.00016433811225594988,3,False,11.222884435197491,0.0,True,0
9,ElasticNet,100000.0,0.7,11.222884435197491,1.8207254869017189,-0.00016433811225594988,3,False,11.222884435197491,0.0,True,0
9,ElasticNet,1000000.0,0.7,11.222884435197491,1.8207254869017189,-0.00016433811225594988,3,False,11.222884435197491,0.0,True,0
9,ElasticNet,10.0,0.9,11.222884435197491,1.8207254869017189,-0.00016433811225594988,3,False,11.222884435197491,0.0,True,0
9,ElasticNet,100.0,0.9,11.222884435197491,1.8207254869017189,-0.00016433811225594988,3,False,11.222884435197491,0.0,True,0
9,ElasticNet,1000.0,0.9,11.222884435197491,1.8207254869017189,-0.00016433811225594988,3,False,11.222884435197491,0.0,True,0
9,ElasticNet,10000.0,0.9,11.222884435197491,1.8207254869017189,-0.00016433811225594988,3,False,11.222884435197491,0.0,True,0
9,ElasticNet,100000.0,0.9,11.222884435197491,1.8207254869017189,-0.00016433811225594988,3,False,11.222884435197491,0.0,True,0
9,ElasticNet,1000000.0,0.9,11.222884435197491,1.8207254869017189,-0.00016433811225594988,3,False,11.222884435197491,0.0,True,0
9,ElasticNet,10.0,0.95,11.222884435197491,1.8207254869017189,-0.00016433811225594988,3,False,11.222884435197491,0.0,True,0
9,ElasticNet,100.0,0.95,11.222884435197491,1.8207254869017189,-0.00016433811225594988,3,False,11.222884435197491,0.0,True,0
9,ElasticNet,1000.0,0.95,11.222884435197491,1.8207254869017189,-0.00016433811225594988,3,False,11.222884435197491,0.0,True,0
9,ElasticNet,10000.0,0.95,11.222884435197491,1.8207254869017189,-0.00016433811225594988,3,False,11.222884435197491,0.0,True,0
9,ElasticNet,100000.0,0.95,11.222884435197491,1.8207254869017189,-0.00016433811225594988,3,False,11.222884435197491,0.0,True,0
9,ElasticNet,1000000.0,0.95,11.222884435197491,1.8207254869017189,-0.00016433811225594988,3,False,11.222884435197491,0.0,True,0
10,LASSO,10.0,1.0,11.222884435197491,1.8207254869017189,-0.00016433811225594988,3,False,11.222884435197491,0.0,True,0
10,LASSO,100.0,1.0,11.222884435197491,1.8207254869017189,-0.00016433811225594988,3,False,11.222884435197491,0.0,True,0
10,LASSO,1000.0,1.0,11.222884435197491,1.8207254869017189,-0.00016433811225594988,3,False,11.222884435197491,0.0,True,0
10,LASSO,10000.0,1.0,11.222884435197491,1.8207254869017189,-0.00016433811225594988,3,False,11.222884435197491,0.0,True,0
10,LASSO,100000.0,1.0,11.222884435197491,1.8207254869017189,-0.00016433811225594988,3,False,11.222884435197491,0.0,True,0
10,LASSO,1000000.0,1.0,11.222884435197491,1.8207254869017189,-0.00016433811225594988,3,False,11.222884435197491,0.0,True,0
10,ElasticNet,100.0,0.1,11.222884435197491,1.8207254869017189,-0.00016433811225594988,3,False,11.222884435197491,0.0,True,0
10,ElasticNet,1000.0,0.1,11.222884435197491,1.8207254869017189,-0.00016433811225594988,3,False,11.222884435197491,0.0,True,0
10,ElasticNet,10000.0,0.1,11.222884435197491,1.8207254869017189,-0.00016433811225594988,3,False,11.222884435197491,0.0,True,0
10,ElasticNet,100000.0,0.1,11.222884435197491,1.8207254869017189,-0.00016433811225594988,3,False,11.222884435197491,0.0,True,0
10,ElasticNet,1000000.0,0.1,11.222884435197491,1.8207254869017189,-0.00016433811225594988,3,False,11.222884435197491,0.0,True,0
10,ElasticNet,10.0,0.3,11.222884435197491,1.8207254869017189,-0.00016433811225594988,3,False,11.222884435197491,0.0,True,0
10,ElasticNet,100.0,0.3,11.222884435197491,1.8207254869017189,-0.00016433811225594988,3,False,11.222884435197491,0.0,True,0
10,ElasticNet,1000.0,0.3,11.222884435197491,1.8207254869017189,-0.00016433811225594988,3,False,11.222884435197491,0.0,True,0
10,ElasticNet,10000.0,0.3,11.222884435197491,1.8207254869017189,-0.00016433811225594988,3,False,11.222884435197491,0.0,True,0
10,ElasticNet,100000.0,0.3,11.222884435197491,1.8207254869017189,-0.00016433811225594988,3,False,11.222884435197491,0.0,True,0
10,ElasticNet,1000000.0,0.3,11.222884435197491,1.8207254869017189,-0.00016433811225594988,3,False,11.222884435197491,0.0,True,0
10,ElasticNet,10.0,0.5,11.222884435197491,1.8207254869017189,-0.00016433811225594988,3,False,11.222884435197491,0.0,True,0
10,ElasticNet,100.0,0.5,11.222884435197491,1.8207254869017189,-0.00016433811225594988,3,False,11.222884435197491,0.0,True,0
10,ElasticNet,1000.0,0.5,11.222884435197491,1.8207254869017189,-0.00016433811225594988,3,False,11.222884435197491,0.0,True,0
10,ElasticNet,10000.0,0.5,11.222884435197491,1.8207254869017189,-0.00016433811225594988,3,False,11.222884435197491,0.0,True,0
10,ElasticNet,100000.0,0.5,11.222884435197491,1.8207254869017189,-0.00016433811225594988,3,False,11.222884435197491,0.0,True,0
10,ElasticNet,1000000.0,0.5,11.222884435197491,1.8207254869017189,-0.00016433811225594988,3,False,11.222884435197491,0.0,True,0
10,ElasticNet,10.0,0.7,11.222884435197491,1.8207254869017189,-0.00016433811225594988,3,False,11.222884435197491,0.0,True,0
10,ElasticNet,100.0,0.7,11.222884435197491,1.8207254869017189,-0.00016433811225594988,3,False,11.222884435197491,0.0,True,0
10,ElasticNet,1000.0,0.7,11.222884435197491,1.8207254869017189,-0.00016433811225594988,3,False,11.222884435197491,0.0,True,0
10,ElasticNet,10000.0,0.7,11.222884435197491,1.8207254869017189,-0.00016433811225594988,3,False,11.222884435197491,0.0,True,0
10,ElasticNet,100000.0,0.7,11.222884435197491,1.8207254869017189,-0.00016433811225594988,3,False,11.222884435197491,0.0,True,0
10,ElasticNet,1000000.0,0.7,11.222884435197491,1.8207254869017189,-0.00016433811225594988,3,False,11.222884435197491,0.0,True,0
10,ElasticNet,10.0,0.9,11.222884435197491,1.8207254869017189,-0.00016433811225594988,3,False,11.222884435197491,0.0,True,0
10,ElasticNet,100.0,0.9,11.222884435197491,1.8207254869017189,-0.00016433811225594988,3,False,11.222884435197491,0.0,True,0
10,ElasticNet,1000.0,0.9,11.222884435197491,1.8207254869017189,-0.00016433811225594988,3,False,11.222884435197491,0.0,True,0
10,ElasticNet,10000.0,0.9,11.222884435197491,1.8207254869017189,-0.00016433811225594988,3,False,11.222884435197491,0.0,True,0
10,ElasticNet,100000.0,0.9,11.222884435197491,1.8207254869017189,-0.00016433811225594988,3,False,11.222884435197491,0.0,True,0
10,ElasticNet,1000000.0,0.9,11.222884435197491,1.8207254869017189,-0.00016433811225594988,3,False,11.222884435197491,0.0,True,0
10,ElasticNet,10.0,0.95,11.222884435197491,1.8207254869017189,-0.00016433811225594988,3,False,11.222884435197491,0.0,True,0
10,ElasticNet,100.0,0.95,11.222884435197491,1.8207254869017189,-0.00016433811225594988,3,False,11.222884435197491,0.0,True,0
10,ElasticNet,1000.0,0.95,11.222884435197491,1.8207254869017189,-0.00016433811225594988,3,False,11.222884435197491,0.0,True,0
10,ElasticNet,10000.0,0.95,11.222884435197491,1.8207254869017189,-0.00016433811225594988,3,False,11.222884435197491,0.0,True,0
10,ElasticNet,100000.0,0.95,11.222884435197491,1.8207254869017189,-0.00016433811225594988,3,False,11.222884435197491,0.0,True,0
10,ElasticNet,1000000.0,0.95,11.222884435197491,1.8207254869017189,-0.00016433811225594988,3,False,11.222884435197491,0.0,True,0
5,ElasticNet,1e-06,0.1,13.738247923618522,1.8530635538143507,-0.2616917507100109,3,False,13.738247923618522,9.778425917456494e-06,True,0
5,ElasticNet,1e-06,0.5,13.769915905773416,1.9227150119927976,-0.2652897861736154,3,False,13.769915905773416,9.993859725724511e-06,True,0
5,ElasticNet,1e-06,0.3,13.789311650078886,1.9029039538964665,-0.26670010492644464,3,False,13.789311650078886,9.992795004923608e-06,True,0
5,ElasticNet,1e-06,0.9,13.824870322279926,2.044728260246486,-0.2712762053939728,3,False,13.824870322279923,9.988790661486896e-06,True,0
5,LASSO,1e-06,1.0,13.843329597134636,2.019888281328088,-0.2727978754044552,3,False,13.843329597134636,9.892844849700229e-06,True,0
5,ElasticNet,1e-06,0.95,13.847134756927938,2.0467914866218093,-0.2732690705953453,3,False,13.847134756927938,9.652662283544407e-06,True,0
5,ElasticNet,1e-06,0.7,13.85364088979295,1.9248231522488257,-0.272591261437575,3,False,13.85364088979295,9.973951839387957e-06,True,0
5,LASSO,0.01,1.0,0.392028264915363,0.04832121531013314,0.9648355112331789,3,False,0.392028264915363,0.0003744431372990249,False,0
5,ElasticNet,0.01,0.95,0.3939622178149496,0.050330921735777884,0.9646769655676053,3,False,0.39396221781494956,7.719786357397208e-05,False,0
6,LASSO,0.01,1.0,0.4186008499656828,0.05495741078743271,0.9625380999060639,3,False,0.4186008499656828,0.0007531956564038132,False,0
6,ElasticNet,0.01,0.95,0.42178386179548916,0.05441486733715397,0.9622457952183724,3,False,0.42178386179548916,0.0011713116131828842,False,0
7,LASSO,0.01,1.0,0.43936191301868455,0.05393323137165884,0.9605885624055182,3,False,0.43936191301868455,0.003306594997493568,False,0
7,ElasticNet,0.01,0.95,0.44910257534823456,0.06551797376406082,0.9597944032090407,3,False,0.44910257534823456,0.0030159453574827196,False,0
8,LASSO,0.01,1.0,0.4592357378374902,0.06928849321350201,0.958956111876315,3,False,0.4592357378374902,0.004900331795978988,False,0
8,ElasticNet,0.01,0.95,0.465800851919846,0.05157632197118064,0.9581214660636421,3,False,0.465800851919846,0.0034725355936413276,False,0
9,LASSO,0.01,1.0,0.46790696477350585,0.05943064174500373,0.9581055787576912,3,False,0.46790696477350585,0.0005714197334215857,False,0
9,ElasticNet,0.01,0.95,0.47343467484371704,0.059274732179829384,0.9576103611023926,3,False,0.47343467484371704,0.00021617959340800713,False,0
10,LASSO,0.01,1.0,0.4750271377911517,0.06418858448999284,0.9575116665069356,3,False,0.4750271377911517,0.0005990650436263484,False,0
10,ElasticNet,0.01,0.95,0.48002201872855405,0.06365537772598825,0.9570639112500565,3,False,0.48002201872855405,0.0005323803477132686,False,0
9,ElasticNet,0.01,0.9,0.4974560603258795,0.04893421509687585,0.955244907372837,3,False,0.4974560603258796,0.015913017559939534,False,0
10,ElasticNet,0.01,0.9,0.5042965395654523,0.06254236076787682,0.9547935909990585,3,False,0.5042965395654523,0.02579307921884759,False,0
10,ElasticNet,0.01,0.7,0.5176668453429363,0.06719733779805329,0.9536982322467885,3,False,0.5176668453429363,5.579094979609768e-05,False,0
9,ElasticNet,0.1,0.3,0.6279806451527465,0.04782772134692254,0.9433779951217333,3,False,0.6279806451527465,5.341249342515064e-05,False,0
10,ElasticNet,0.1,0.3,0.6357869533315296,0.04450905393007704,0.9426387354877823,3,False,0.6357869533315296,6.902171741877614e-05,False,0
10,ElasticNet,0.01,0.3,0.6833201392362244,0.1484877038584658,0.9393400069803236,3,False,0.6833201392362244,8.130161497720131e-05,False,0
8,ElasticNet,0.1,0.5,0.6955350670358641,0.04657440581290475,0.9373256926441131,3,False,0.6955350670358641,0.00010466420934543419,False,0
9,ElasticNet,0.1,0.5,0.6979748661330358,0.04591415102596823,0.937092172640042,3,False,0.6979748661330358,0.0003284696617207039,False,0
10,ElasticNet,0.1,0.5,0.7036150686473635,0.042734603399551666,0.9365648527963705,3,False,0.7036150686473635,0.00010337540826117764,False,0
8,ElasticNet,0.1,0.7,0.7941884512608368,0.06081580366980246,0.9285113567687547,3,False,0.7941884512608368,5.322976895348608e-05,False,0
10,ElasticNet,0.1,0.7,0.7963934662504853,0.05700215080229332,0.9282708556824918,3,False,0.7963934662504853,0.00014252123538179007,False,0
8,ElasticNet,0.01,0.1,0.8706744977841572,0.18502251795566607,0.9227726689422129,3,False,0.8706744977841572,6.584076835257921e-05,False,0
9,ElasticNet,0.1,0.9,0.8830288652474042,0.07237392863750979,0.9205483358243658,3,False,0.8830288652474042,7.880346854806375e-05,False,0
10,ElasticNet,0.1,0.9,0.8873430765283059,0.06935882204760636,0.9201367634499812,3,False,0.8873430765283059,0.0006446372922364191,False,0
8,ElasticNet,0.1,0.9,0.8903261631385905,0.07636483083338477,0.9199445491792,3,False,0.8903261631385905,8.308638194280682e-05,False,0
9,ElasticNet,0.1,0.95,0.9060083204919774,0.07660623546801225,0.9184951601210344,3,False,0.9060083204919774,9.032361410968304e-05,False,0
7,ElasticNet,0.1,0.95,0.9077974252212563,0.08627878179814676,0.9184180946658135,3,False,0.9077974252212563,5.5691642652677675e-05,False,0
10,ElasticNet,0.1,0.95,0.9109936205689416,0.0730237034190435,0.9180122674821515,3,False,0.9109936205689415,0.0004664901660328402,False,0
8,ElasticNet,0.1,0.95,0.9143619264136852,0.08245964037205301,0.9178051266830086,3,False,0.9143619264136852,0.0001966070722592833,False,0
9,LASSO,0.1,1.0,0.9308833342385608,0.08271401553822808,0.9162766433759394,3,False,0.9308833342385608,0.0005013893235375766,False,0
10,LASSO,0.1,1.0,0.9362691307255068,0.07968823306059615,0.9157565903419308,3,False,0.9362691307255068,0.001204593593164771,False,0
8,LASSO,0.1,1.0,0.9400594682263984,0.08987390923232658,0.9155150827225741,3,False,0.9400594682263984,0.000314104735922055,False,0
9,ElasticNet,0.01,0.1,0.9403332118074447,0.21263665420006028,0.9165369118097965,3,False,0.9403332118074447,6.85258848715203e-05,False,0
10,ElasticNet,0.01,0.1,0.9946594555597437,0.21715560567273667,0.9117656120561843,3,False,0.9946594555597438,7.782991840554223e-05,False,0
10,LASSO,0.001,1.0,1.0487722292501376,0.298830520755144,0.9076583647472646,3,False,1.0487722292501376,0.003136344505639513,False,0
9,LASSO,0.001,1.0,1.1144000860987189,0.30789577300261567,0.9013860506588669,3,False,1.114400086098719,0.0017968195674108187,False,0
8,LASSO,0.001,1.0,1.123178195517078,0.2945203955535831,0.9010029749085223,3,False,1.123178195517078,0.000180521920398815,False,0
10,ElasticNet,0.001,0.95,1.1361945327814131,0.3299330080272884,0.8997647080490129,3,False,1.1361945327814131,9.083856260418783e-05,False,0
8,ElasticNet,0.001,0.95,1.1373683194482693,0.3054234907645481,0.8998232382363893,3,False,1.137368319448269,9.959056831637724e-05,False,0
9,ElasticNet,0.001,0.9,1.1606919626143009,0.41063857375478513,0.8982010438456905,3,False,1.1606919626143009,0.00011508956148893257,False,0
10,ElasticNet,0.001,0.9,1.1715675682305475,0.3595029323189549,0.8968004280465623,3,False,1.1715675682305475,0.00031507653332477406,False,0
10,LASSO,0.0001,1.0,2.082089463455649,0.7432331827954506,0.8172545725495817,3,False,2.082089463455649,0.00012825986969911313,False,0
10,ElasticNet,0.0001,0.7,2.200706820016111,0.6679921921630144,0.8050892362889819,3,False,2.200706820016111,0.00010327467464141363,False,0
9,LASSO,0.0001,1.0,2.240637190506189,0.574112169572105,0.8014281185384308,3,False,2.240637190506189,0.00015898653672253584,False,0
10,ElasticNet,0.0001,0.3,2.3053275250695893,0.7786582364268412,0.7969758710156932,3,False,2.3053275250695893,5.6954308867665247e-05,False,0
9,ElasticNet,0.0001,0.5,2.3976805423164915,0.5883054589314568,0.7868236807268466,3,False,2.3976805423164915,8.344651732727378e-05,False,0
7,LASSO,0.0001,1.0,2.7602659746878158,0.5647840430657277,0.7548234725091829,3,False,2.7602659746878158,5.303097214974091e-05,False,0
8,ElasticNet,0.0001,0.7,2.7832942326863304,0.8326971129407432,0.7551697618710539,3,False,2.7832942326863304,0.0001188998472750982,False,0
8,ElasticNet,0.0001,0.95,2.7866234456101293,0.5342344349137291,0.7524566371639704,3,False,2.7866234456101293,5.0957545296172406e-05,False,0
6,ElasticNet,0.0001,0.9,5.187358072766849,1.3925098518518018,0.5429491164334802,3,False,5.187358072766849,0.00015785625610552492,False,0
2,Ridge,1000.0,0.0,,,,2,True,4.530209234773337,0.0,False,0
2,Ridge,10000.0,0.0,,,,1,True,3.355144602552191,0.0,False,0
2,Ridge,100000.0,0.0,,,,1,True,3.6472129833054954,0.0,False,0
2,Ridge,1000000.0,0.0,,,,1,True,3.681553373975815,0.0,False,0
2,LASSO,1.0,1.0,,,,2,True,6.486090414039478,2.3375881164078294e-06,False,0
2,LASSO,10.0,1.0,,,,1,True,3.6854388185159936,0.0,False,0
2,LASSO,100.0,1.0,,,,1,True,3.6854388185159936,0.0,False,0
2,LASSO,1000.0,1.0,,,,1,True,3.6854388185159936,0.0,False,0
2,LASSO,10000.0,1.0,,,,1,True,3.6854388185159936,0.0,False,0
2,LASSO,100000.0,1.0,,,,1,True,3.6854388185159936,0.0,False,0
2,LASSO,1000000.0,1.0,,,,1,True,3.6854388185159936,0.0,False,0
2,ElasticNet,1.0,0.1,,,,2,True,3.8998118853085266,7.304722660084195e-10,False,0
2,ElasticNet,10.0,0.1,,,,1,True,3.600533557718336,3.112261216298151e-06,False,0
2,ElasticNet,100.0,0.1,,,,1,True,3.6854388185159936,0.0,False,0
2,ElasticNet,1000.0,0.1,,,,1,True,3.6854388185159936,0.0,False,0
2,ElasticNet,10000.0,0.1,,,,1,True,3.6854388185159936,0.0,False,0
2,ElasticNet,100000.0,0.1,,,,1,True,3.6854388185159936,0.0,False,0
2,ElasticNet,1000000.0,0.1,,,,1,True,3.6854388185159936,0.0,False,0
2,ElasticNet,1.0,0.3,,,,2,True,4.36603837992394,1.4306117956941478e-09,False,0
2,ElasticNet,10.0,0.3,,,,1,True,3.6854388185159936,0.0,False,0
2,ElasticNet,100.0,0.3,,,,1,True,3.6854388185159936,0.0,False,0
2,ElasticNet,1000.0,0.3,,,,1,True,3.6854388185159936,0.0,False,0
2,ElasticNet,10000.0,0.3,,,,1,True,3.6854388185159936,0.0,False,0
2,ElasticNet,100000.0,0.3,,,,1,True,3.6854388185159936,0.0,False,0
2,ElasticNet,1000000.0,0.3,,,,1,True,3.6854388185159936,0.0,False,0
2,ElasticNet,1.0,0.5,,,,2,True,4.893416058000528,2.3415516197111685e-06,False,0
2,ElasticNet,10.0,0.5,,,,1,True,3.6854388185159936,0.0,False,0
2,ElasticNet,100.0,0.5,,,,1,True,3.6854388185159936,0.0,False,0
2,ElasticNet,1000.0,0.5,,,,1,True,3.6854388185159936,0.0,False,0
2,ElasticNet,10000.0,0.5,,,,1,True,3.6854388185159936,0.0,False,0
2,ElasticNet,100000.0,0.5,,,,1,True,3.6854388185159936,0.0,False,0
2,ElasticNet,1000000.0,0.5,,,,1,True,3.6854388185159936,0.0,False,0
2,ElasticNet,1.0,0.7,,,,2,True,5.542599809761825,4.980238443863527e-12,False,0
2,ElasticNet,10.0,0.7,,,,1,True,3.6854388185159936,0.0,False,0
2,ElasticNet,100.0,0.7,,,,1,True,3.6854388185159936,0.0,False,0
2,ElasticNet,1000.0,0.7,,,,1,True,3.6854388185159936,0.0,False,0
2,ElasticNet,10000.0,0.7,,,,1,True,3.6854388185159936,0.0,False,0
2,ElasticNet,100000.0,0.7,,,,1,True,3.6854388185159936,0.0,False,0
2,ElasticNet,1000000.0,0.7,,,,1,True,3.6854388185159936,0.0,False,0
2,ElasticNet,1.0,0.9,,,,2,True,6.161440870767909,1.942337332416777e-06,False,0
2,ElasticNet,10.0,0.9,,,,1,True,3.6854388185159936,0.0,False,0
2,ElasticNet,100.0,0.9,,,,1,True,3.6854388185159936,0.0,False,0
2,ElasticNet,1000.0,0.9,,,,1,True,3.6854388185159936,0.0,False,0
2,ElasticNet,10000.0,0.9,,,,1,True,3.6854388185159936,0.0,False,0
2,ElasticNet,100000.0,0.9,,,,1,True,3.6854388185159936,0.0,False,0
2,ElasticNet,1000000.0,0.9,,,,1,True,3.6854388185159936,0.0,False,0
2,ElasticNet,1.0,0.95,,,,2,True,6.316838019322961,2.1255386515317554e-06,False,0
2,ElasticNet,10.0,0.95,,,,1,True,3.6854388185159936,0.0,False,0
2,ElasticNet,100.0,0.95,,,,1,True,3.6854388185159936,0.0,False,0
2,ElasticNet,1000.0,0.95,,,,1,True,3.6854388185159936,0.0,False,0
2,ElasticNet,10000.0,0.95,,,,1,True,3.6854388185159936,0.0,False,0
2,ElasticNet,100000.0,0.95,,,,1,True,3.6854388185159936,0.0,False,0
2,ElasticNet,1000000.0,0.95,,,,1,True,3.6854388185159936,0.0,False,0
3,Ridge,1000.0,0.0,,,,1,True,1.4958403357789203,0.0,False,0
3,Ridge,10000.0,0.0,,,,1,True,2.9103740592406395,0.0,False,0
3,Ridge,100000.0,0.0,,,,1,True,3.5680591904937113,0.0,False,0
3,Ridge,1000000.0,0.0,,,,1,True,3.6729991900999654,0.0,False,0
3,LASSO,1.0,1.0,,,,1,True,2.6280667532193474,6.661338147750939e-16,False,0
3,LASSO,10.0,1.0,,,,1,True,3.6854388185159936,0.0,False,0
3,LASSO,100.0,1.0,,,,1,True,3.6854388185159936,0.0,False,0
3,LASSO,1000.0,1.0,,,,1,True,3.6854388185159936,0.0,False,0
3,LASSO,10000.0,1.0,,,,1,True,3.6854388185159936,0.0,False,0
3,LASSO,100000.0,1.0,,,,1,True,3.6854388185159936,0.0,False,0
3,LASSO,1000000.0,1.0,,,,1,True,3.6854388185159936,0.0,False,0
3,ElasticNet,1.0,0.1,,,,1,True,1.2278129901084458,6.721337995896359e-08,False,0
3,ElasticNet,10.0,0.1,,,,1,True,3.5017306371744987,8.452881606668683e-06,False,0
3,ElasticNet,100.0,0.1,,,,1,True,3.6854388185159936,0.0,False,0
3,ElasticNet,1000.0,0.1,,,,1,True,3.6854388185159936,0.0,False,0
3,ElasticNet,10000.0,0.1,,,,1,True,3.6854388185159936,0.0,False,0
3,ElasticNet,100000.0,0.1,,,,1,True,3.6854388185159936,0.0,False,0
3,ElasticNet,1000000.0,0.1,,,,1,True,3.6854388185159936,0.0,False,0
3,ElasticNet,1.0,0.3,,,,1,True,1.4704079667780292,9.273844486790139e-07,False,0
3,ElasticNet,10.0,0.3,,,,1,True,3.6854388185159936,0.0,False,0
3,ElasticNet,100.0,0.3,,,,1,True,3.6854388185159936,0.0,False,0
3,ElasticNet,1000.0,0.3,,,,1,True,3.6854388185159936,0.0,False,0
3,ElasticNet,10000.0,0.3,,,,1,True,3.6854388185159936,0.0,False,0
3,ElasticNet,100000.0,0.3,,,,1,True,3.6854388185159936,0.0,False,0
3,ElasticNet,1000000.0,0.3,,,,1,True,3.6854388185159936,0.0,False,0
3,ElasticNet,1.0,0.5,,,,1,True,1.7263963322520357,5.980974072228307e-06,False,0
3,ElasticNet,10.0,0.5,,,,1,True,3.6854388185159936,0.0,False,0
3,ElasticNet,100.0,0.5,,,,1,True,3.6854388185159936,0.0,False,0
3,ElasticNet,1000.0,0.5,,,,1,True,3.6854388185159936,0.0,False,0
3,ElasticNet,10000.0,0.5,,,,1,True,3.6854388185159936,0.0,False,0
3,ElasticNet,100000.0,0.5,,,,1,True,3.6854388185159936,0.0,False,0
3,ElasticNet,1000000.0,0.5,,,,1,True,3.6854388185159936,0.0,False,0
3,ElasticNet,1.0,0.7,,,,1,True,2.0499747555564247,3.259734171479067e-08,False,0
3,ElasticNet,10.0,0.7,,,,1,True,3.6854388185159936,0.0,False,0
3,ElasticNet,100.0,0.7,,,,1,True,3.6854388185159936,0.0,False,0
3,ElasticNet,1000.0,0.7,,,,1,True,3.6854388185159936,0.0,False,0
3,ElasticNet,10000.0,0.7,,,,1,True,3.6854388185159936,0.0,False,0
3,ElasticNet,100000.0,0.7,,,,1,True,3.6854388185159936,0.0,False,0
3,ElasticNet,1000000.0,0.7,,,,1,True,3.6854388185159936,0.0,False,0
3,ElasticNet,1.0,0.9,,,,1,True,2.4215915998286746,5.214963190947053e-06,False,0
3,ElasticNet,10.0,0.9,,,,1,True,3.6854388185159936,0.0,False,0
3,ElasticNet,100.0,0.9,,,,1,True,3.6854388185159936,0.0,False,0
3,ElasticNet,1000.0,0.9,,,,1,True,3.6854388185159936,0.0,False,0
3,ElasticNet,10000.0,0.9,,,,1,True,3.6854388185159936,0.0,False,0
3,ElasticNet,100000.0,0.9,,,,1,True,3.6854388185159936,0.0,False,0
3,ElasticNet,1000000.0,0.9,,,,1,True,3.6854388185159936,0.0,False,0
3,ElasticNet,1.0,0.95,,,,1,True,2.519916565442134,4.745456584909213e-06,False,0
3,ElasticNet,10.0,0.95,,,,1,True,3.6854388185159936,0.0,False,0
3,ElasticNet,100.0,0.95,,,,1,True,3.6854388185159936,0.0,False,0
3,ElasticNet,1000.0,0.95,,,,1,True,3.6854388185159936,0.0,False,0
3,ElasticNet,10000.0,0.95,,,,1,True,3.6854388185159936,0.0,False,0
3,ElasticNet,100000.0,0.95,,,,1,True,3.6854388185159936,0.0,False,0
3,ElasticNet,1000000.0,0.95,,,,1,True,3.6854388185159936,0.0,False,0
4,Ridge,1000.0,0.0,,,,1,True,0.9236531585873801,0.0,False,0
4,Ridge,10000.0,0.0,,,,1,True,2.3684691387275847,0.0,False,0
4,Ridge,100000.0,0.0,,,,1,True,3.446086273908828,0.0,False,0
4,Ridge,1000000.0,0.0,,,,1,True,3.6589780774090843,0.0,False,0
4,LASSO,0.1,1.0,,,,2,True,0.8103654951868821,6.1644572812158405e-06,False,0
4,LASSO,1.0,1.0,,,,1,True,2.538344160079617,5.483988585464061e-07,False,0
4,LASSO,10.0,1.0,,,,1,True,3.6854388185159936,0.0,False,0
4,LASSO,100.0,1.0,,,,1,True,3.6854388185159936,0.0,False,0
4,LASSO,1000.0,1.0,,,,1,True,3.6854388185159936,0.0,False,0
4,LASSO,10000.0,1.0,,,,1,True,3.6854388185159936,0.0,False,0
4,LASSO,100000.0,1.0,,,,1,True,3.6854388185159936,0.0,False,0
4,LASSO,1000000.0,1.0,,,,1,True,3.6854388185159936,0.0,False,0
4,ElasticNet,1.0,0.1,,,,1,True,0.8247574648999062,1.1805147705212793e-06,False,0
4,ElasticNet,10.0,0.1,,,,1,True,3.356910605820442,3.250749092131855e-06,False,0
4,ElasticNet,100.0,0.1,,,,1,True,3.6854388185159936,0.0,False,0
4,ElasticNet,1000.0,0.1,,,,1,True,3.6854388185159936,0.0,False,0
4,ElasticNet,10000.0,0.1,,,,1,True,3.6854388185159936,0.0,False,0
4,ElasticNet,100000.0,0.1,,,,1,True,3.6854388185159936,0.0,False,0
4,ElasticNet,1000000.0,0.1,,,,1,True,3.6854388185159936,0.0,False,0
4,ElasticNet,1.0,0.3,,,,1,True,1.1830750784886532,3.486382958994838e-07,False,0
4,ElasticNet,10.0,0.3,,,,1,True,3.6854388185159936,0.0,False,0
4,ElasticNet,100.0,0.3,,,,1,True,3.6854388185159936,0.0,False,0
4,ElasticNet,1000.0,0.3,,,,1,True,3.6854388185159936,0.0,False,0
4,ElasticNet,10000.0,0.3,,,,1,True,3.6854388185159936,0.0,False,0
4,ElasticNet,100000.0,0.3,,,,1,True,3.6854388185159936,0.0,False,0
4,ElasticNet,1000000.0,0.3,,,,1,True,3.6854388185159936,0.0,False,0
4,ElasticNet,1.0,0.5,,,,1,True,1.5406262781685995,6.223468864696713e-07,False,0
4,ElasticNet,10.0,0.5,,,,1,True,3.6854388185159936,0.0,False,0
4,ElasticNet,100.0,0.5,,,,1,True,3.6854388185159936,0.0,False,0
4,ElasticNet,1000.0,0.5,,,,1,True,3.6854388185159936,0.0,False,0
4,ElasticNet,10000.0,0.5,,,,1,True,3.6854388185159936,0.0,False,0
4,ElasticNet,100000.0,0.5,,,,1,True,3.6854388185159936,0.0,False,0
4,ElasticNet,1000000.0,0.5,,,,1,True,3.6854388185159936,0.0,False,0
4,ElasticNet,0.1,0.7,,,,2,True,0.7222111837470178,1.9729374389765297e-06,False,0
4,ElasticNet,1.0,0.7,,,,1,True,1.9169836136596343,6.170843206421139e-07,False,0
4,ElasticNet,10.0,0.7,,,,1,True,3.6854388185159936,0.0,False,0
4,ElasticNet,100.0,0.7,,,,1,True,3.6854388185159936,0.0,False,0
4,ElasticNet,1000.0,0.7,,,,1,True,3.6854388185159936,0.0,False,0
4,ElasticNet,10000.0,0.7,,,,1,True,3.6854388185159936,0.0,False,0
4,ElasticNet,100000.0,0.7,,,,1,True,3.6854388185159936,0.0,False,0
4,ElasticNet,1000000.0,0.7,,,,1,True,3.6854388185159936,0.0,False,0
4,ElasticNet,0.1,0.9,,,,2,True,0.7773735050100327,2.334535109699276e-06,False,0
4,ElasticNet,1.0,0.9,,,,1,True,2.3387616132115334,3.375077994860476e-14,False,0
4,ElasticNet,10.0,0.9,,,,1,True,3.6854388185159936,0.0,False,0
4,ElasticNet,100.0,0.9,,,,1,True,3.6854388185159936,0.0,False,0
4,ElasticNet,1000.0,0.9,,,,1,True,3.6854388185159936,0.0,False,0
4,ElasticNet,10000.0,0.9,,,,1,True,3.6854388185159936,0.0,False,0
4,ElasticNet,100000.0,0.9,,,,1,True,3.6854388185159936,0.0,False,0
4,ElasticNet,1000000.0,0.9,,,,1,True,3.6854388185159936,0.0,False,0
4,ElasticNet,0.1,0.95,,,,2,True,0.7934163466317535,2.7820674845246973e-06,False,0
4,ElasticNet,1.0,0.95,,,,1,True,2.433819205883741,1.7990373148979444e-06,False,0
4,ElasticNet,10.0,0.95,,,,1,True,3.6854388185159936,0.0,False,0
4,ElasticNet,100.0,0.95,,,,1,True,3.6854388185159936,0.0,False,0
4,ElasticNet,1000.0,0.95,,,,1,True,3.6854388185159936,0.0,False,0
4,ElasticNet,10000.0,0.95,,,,1,True,3.6854388185159936,0.0,False,0
4,ElasticNet,100000.0,0.95,,,,1,True,3.6854388185159936,0.0,False,0
4,ElasticNet,1000000.0,0.95,,,,1,True,3.6854388185159936,0.0,False,0
5,Ridge,1e-06,0.0,,,,1,True,4.335298556682697,0.0,False,0
5,Ridge,1e-05,0.0,,,,1,True,4.333521237070256,0.0,False,0
5,Ridge,0.0001,0.0,,,,1,True,4.315888443883417,0.0,False,0
5,Ridge,0.001,0.0,,,,1,True,4.152341415751946,0.0,False,0
5,Ridge,0.01,0.0,,,,1,True,3.180674990709294,0.0,False,0
5,Ridge,0.1,0.0,,,,1,True,1.3237510473120586,0.0,False,0
5,Ridge,1.0,0.0,,,,2,True,0.7886753327803833,0.0,False,0
5,Ridge,1000.0,0.0,,,,1,True,0.728737447358568,0.0,False,0
5,Ridge,10000.0,0.0,,,,1,True,1.970577426065553,0.0,False,0
5,Ridge,100000.0,0.0,,,,1,True,3.1976008973661316,0.0,False,0
5,Ridge,1000000.0,0.0,,,,1,True,3.622111071031848,0.0,False,0
6,Ridge,1e-06,0.0,,,,1,True,2.629711215998373,0.0,False,0
6,Ridge,1e-05,0.0,,,,1,True,2.629538140723328,0.0,False,0
6,Ridge,0.0001,0.0,,,,1,True,2.6278089602819947,0.0,False,0
6,Ridge,0.001,0.0,,,,1,True,2.610672893817086,0.0,False,0
6,Ridge,0.01,0.0,,,,1,True,2.453526117036529,0.0,False,0
6,Ridge,0.1,0.0,,,,1,True,1.6136449535069597,0.0,False,0
6,Ridge,1.0,0.0,,,,2,True,1.4094213249146998,0.0,False,0
6,Ridge,1000.0,0.0,,,,2,True,1.1283943506035008,0.0,False,0
6,Ridge,10000.0,0.0,,,,1,True,1.5637886015154805,0.0,False,0
6,Ridge,100000.0,0.0,,,,1,True,2.9762082639062797,0.0,False,0
6,Ridge,1000000.0,0.0,,,,1,True,3.5848198816921553,0.0,False,0
7,Ridge,1e-06,0.0,,,,1,True,0.9556310417458125,0.0,False,0
7,Ridge,1e-05,0.0,,,,1,True,0.9556186046272388,0.0,False,0
7,Ridge,0.0001,0.0,,,,1,True,0.955494263964062,0.0,False,0
7,Ridge,0.001,0.0,,,,1,True,0.9542539015673569,0.0,False,0
7,Ridge,0.01,0.0,,,,1,True,0.9421468935797365,0.0,False,0
7,Ridge,0.1,0.0,,,,1,True,0.8445976757056725,0.0,False,0
7,Ridge,1.0,0.0,,,,2,True,1.3054387412154431,0.0,False,0
7,Ridge,1000.0,0.0,,,,2,True,0.9909332782044661,0.0,False,0
7,Ridge,10000.0,0.0,,,,1,True,1.4176454238706373,0.0,False,0
7,Ridge,100000.0,0.0,,,,1,True,2.691975352806781,0.0,False,0
7,Ridge,1000000.0,0.0,,,,1,True,3.4912940583101704,0.0,False,0
8,Ridge,1e-06,0.0,,,,2,True,2.620978007120122,0.0,False,0
8,Ridge,1e-05,0.0,,,,2,True,2.6209639014531505,0.0,False,0
8,Ridge,0.0001,0.0,,,,2,True,2.620822865980391,0.0,False,0
8,Ridge,0.001,0.0,,,,2,True,2.6194146241275926,0.0,False,0
8,Ridge,0.01,0.0,,,,2,True,2.6055369725984465,0.0,False,0
8,Ridge,0.1,0.0,,,,2,True,2.482725469382768,0.0,False,0
8,Ridge,1.0,0.0,,,,2,True,1.8436648676497664,0.0,False,0
8,Ridge,10.0,0.0,,,,2,True,0.9416147552873816,0.0,False,0
8,Ridge,1000.0,0.0,,,,2,True,0.9810394425313126,0.0,False,0
8,Ridge,10000.0,0.0,,,,1,True,1.2078225605212938,0.0,False,0
8,Ridge,100000.0,0.0,,,,1,True,2.4570560123527883,0.0,False,0
8,Ridge,1000000.0,0.0,,,,1,True,3.4230818855861482,0.0,False,0
9,Ridge,1e-06,0.0,,,,2,True,2.184194867913446,0.0,False,0
9,Ridge,1e-05,0.0,,,,2,True,2.1841877445402735,0.0,False,0
9,Ridge,0.0001,0.0,,,,2,True,2.1841165213695963,0.0,False,0
9,Ridge,0.001,0.0,,,,2,True,2.183405342557823,0.0,False,0
9,Ridge,0.01,0.0,,,,2,True,2.176395753979884,0.0,False,0
9,Ridge,0.1,0.0,,,,2,True,2.1142868166993094,0.0,False,0
9,Ridge,1.0,0.0,,,,2,True,1.7749827178449256,0.0,False,0
9,Ridge,10.0,0.0,,,,2,True,1.1486386717474686,0.0,False,0
9,Ridge,10000.0,0.0,,,,1,True,1.1174528570001798,0.0,False,0
9,Ridge,100000.0,0.0,,,,1,True,2.3092983411895123,0.0,False,0
9,Ridge,1000000.0,0.0,,,,1,True,3.2751483879316408,0.0,False,0
10,Ridge,1e-06,0.0,,,,2,True,2.846957225323155,0.0,False,0
10,Ridge,1e-05,0.0,,,,2,True,2.846951641403708,0.0,False,0
10,Ridge,0.0001,0.0,,,,2,True,2.8468958072791275,0.0,False,0
10,Ridge,0.001,0.0,,,,2,True,2.8463379716063013,0.0,False,0
10,Ridge,0.01,0.0,,,,2,True,2.840808808767088,0.0,False,0
10,Ridge,0.1,0.0,,,,2,True,2.7894480477184787,0.0,False,0
10,Ridge,1.0,0.0,,,,2,True,2.4411094783523613,0.0,False,0
10,Ridge,10.0,0.0,,,,2,True,1.5207509655829947,0.0,False,0
10,Ridge,10000.0,0.0,,,,2,True,2.011750415405041,0.0,False,0
10,Ridge,100000.0,0.0,,,,1,True,2.11862062043982,0.0,False,0
10,Ridge,1000000.0,0.0,,,,1,True,3.185077071774541,0.0,False,0
5,Ridge,1.0,0.0,,,,2,True,0.7886753327803833,0.0,False,0
5,LASSO,0.001,1.0,,,,2,True,0.4954752600859213,9.501497022567501e-06,False,0
5,LASSO,0.05623413251903491,1.0,,,,2,True,0.40100835149041175,9.087443083678759e-06,False,0
5,LASSO,0.1,1.0,,,,2,True,0.6445771740166825,7.916039753252946e-06,False,0
5,ElasticNet,0.001,0.1,,,,1,True,0.4397083735855993,9.957472179764689e-06,False,0
5,ElasticNet,0.0017782794100389228,0.1,,,,2,True,0.6941607130701232,9.569546214036203e-06,False,0
5,ElasticNet,0.0031622776601683794,0.1,,,,2,True,0.567452003066285,8.924420256180494e-06,False,0
5,ElasticNet,0.005623413251903491,0.1,,,,2,True,0.474185776819485,9.860140589615027e-06,False,0
5,ElasticNet,0.01,0.1,,,,2,True,0.409059732683356,9.590966051980891e-06,False,0
5,ElasticNet,0.1,0.1,,,,2,True,0.4334437465068331,9.372338408307132e-06,False,0
5,ElasticNet,0.001,0.3,,,,2,True,0.7243189717866206,9.998128483807952e-06,False,0
5,ElasticNet,0.0017782794100389228,0.3,,,,2,True,0.5742479283479875,9.024449536549207e-06,False,0
5,ElasticNet,0.0031622776601683794,0.3,,,,2,True,0.4537988817670082,9.764504137148907e-06,False,0
5,ElasticNet,0.1,0.3,,,,2,True,0.43465832847665914,4.577844496360395e-06,False,0
5,ElasticNet,0.001,0.5,,,,2,True,0.637530449444902,9.495495385115839e-06,False,0
5,ElasticNet,0.0017782794100389228,0.5,,,,2,True,0.49220604947095675,9.486614069306428e-06,False,0
5,ElasticNet,0.1,0.5,,,,2,True,0.4799151331371179,6.231623954792986e-06,False,0
5,ElasticNet,0.001,0.7,,,,2,True,0.5701076380357221,9.655997841929759e-06,False,0
5,ElasticNet,0.0017782794100389228,0.7,,,,2,True,0.4335557923268005,9.679859029554589e-06,False,0
5,ElasticNet,0.1,0.7,,,,2,True,0.5332322329181256,9.191521638085565e-06,False,0
5,ElasticNet,0.001,0.9,,,,2,True,0.5189752827919677,9.160098847014369e-06,False,0
5,ElasticNet,0.1,0.9,,,,2,True,0.6005942626813419,4.081097618874319e-06,False,0
5,ElasticNet,0.001,0.95,,,,2,True,0.5070380226118568,9.874099059948823e-06,False,0
5,ElasticNet,0.05623413251903491,0.95,,,,2,True,0.3950851500990191,7.814621914320474e-06,False,0
5,ElasticNet,0.1,0.95,,,,2,True,0.6220644703507647,7.452212434838623e-06,False,0
