degree,model,alpha,l1_ratio,mean_mse,std_mse,mean_r2,evaluated_folds,pruned,mse_lower_bound,max_kkt,converged,warning_count
5,LASSO,0.01,1.0,0.37524705974802247,0.024804634630061557,0.9667980077207791,3,False,0.37524705974802247,5.969286851694941e-06,True,0
5,LASSO,0.01,1.0,0.3752513089624933,0.024804363479925137,0.9667976496533569,3,False,0.3752513089624933,9.219278609355619e-06,True,0
5,ElasticNet,0.01,0.95,0.3770097401020281,0.024288981389595326,0.9666399916664271,3,False,0.3770097401020281,9.749855345729877e-06,True,0
5,ElasticNet,0.01,0.95,0.3770165992400407,0.024288052872825247,0.9666393392443023,3,False,0.3770165992400407,8.077567528613078e-06,True,0
5,ElasticNet,0.01,0.9,0.37918327621967013,0.023664258401469525,0.966445236828701,3,False,0.37918327621967013,8.95718196888308e-06,True,0
5,ElasticNet,0.01,0.9,0.37919200637619693,0.02367432648185022,0.9664444954152277,3,False,0.37919200637619693,8.175908954003233e-06,True,0
5,LASSO,0.01778279410038923,1.0,0.38090836493066366,0.03442079366673147,0.9663207555312786,3,False,0.38090836493066366,6.51475796922471e-06,True,0
5,ElasticNet,0.01778279410038923,0.95,0.3810036141460207,0.03328612256228775,0.9663087781112359,3,False,0.3810036141460207,8.420675800310112e-06,True,0
5,ElasticNet,0.01778279410038923,0.9,0.38122940990124726,0.032276160829566705,0.9662851012578025,3,False,0.38122940990124726,7.722310497310092e-06,True,0
5,ElasticNet,0.01778279410038923,0.7,0.3885650026419541,0.027774229430347228,0.9656162909808746,3,False,0.3885650026419541,5.952811088014501e-06,True,0
5,ElasticNet,0.01,0.7,0.39348139764235684,0.020625516418885968,0.9651631829747988,3,False,0.39348139764235684,3.27625977406161e-06,True,0
5,ElasticNet,0.01,0.7,0.39348229952729125,0.02063067507300318,0.9651630831124537,3,False,0.39348229952729125,8.406992736911638e-06,True,0
5,LASSO,0.005623413251903491,1.0,0.39683144706045176,0.021281176471440916,0.9648761323934777,3,False,0.39683144706045176,6.914318544355182e-06,True,0
6,LASSO,0.01,1.0,0.3974853778102235,0.020556821407532996,0.9648168361445407,3,False,0.3974853778102235,9.18312433570434e-06,True,0
5,ElasticNet,0.005623413251903491,0.95,0.3998371155388957,0.021092737694354994,0.964609469707467,3,False,0.3998371155388957,9.672917825030887e-06,True,0
6,ElasticNet,0.01,0.9,0.4027346229576278,0.015329417723148595,0.9643337581894272,3,False,0.4027346229576278,7.90867775751769e-06,True,0
5,ElasticNet,0.005623413251903491,0.9,0.4032205061161159,0.02073658214204237,0.9643086542890048,3,False,0.4032205061161159,6.919998413300148e-06,True,0
5,ElasticNet,0.01778279410038923,0.5,0.4042185589592549,0.024610366880126584,0.9641987626509921,3,False,0.40421855895925485,7.760730998519413e-06,True,0
5,ElasticNet,0.01,0.5,0.4096637842399882,0.017595452159266084,0.9637172944461243,3,False,0.40966378423998817,9.733142395061505e-06,True,0
5,ElasticNet,0.01,0.5,0.4096659038101911,0.01759188699224849,0.9637170798628697,3,False,0.4096659038101911,9.181212052600772e-06,True,0
7,LASSO,0.01,1.0,0.4172959093329977,0.022551446770089956,0.963064503387972,3,False,0.4172959093329977,3.6969941806658246e-06,True,0
5,ElasticNet,0.005623413251903491,0.7,0.42004416517300935,0.017098524292061896,0.9628046978688092,3,False,0.42004416517300935,8.393932184358986e-06,True,0
6,ElasticNet,0.01,0.7,0.4231358061374162,0.003418630093009953,0.9624656330260702,3,False,0.4231358061374162,9.344010678903614e-06,True,0
5,ElasticNet,0.03162277660168379,0.7,0.42417255918341573,0.04370707476129242,0.9624748216451892,3,False,0.42417255918341573,9.76476303976917e-06,True,0
7,ElasticNet,0.01,0.9,0.42680504515161005,0.017958970379223612,0.9622045834835027,3,False,0.42680504515161005,2.0337120483656518e-05,True,0
5,ElasticNet,0.03162277660168379,0.5,0.42747473719031914,0.03469035197745047,0.9621497551489503,3,False,0.42747473719031914,8.907902870131795e-06,True,0
5,ElasticNet,0.01778279410038923,0.3,0.43126360878484454,0.023108984040418428,0.9617855280230856,3,False,0.43126360878484454,6.967640893355831e-06,True,0
5,ElasticNet,0.03162277660168379,0.9,0.43137324769254975,0.050056945149690495,0.961868447312459,3,False,0.43137324769254975,8.132282002217689e-06,True,0
5,ElasticNet,0.03162277660168379,0.95,0.4336095598692394,0.051936443116186386,0.9616773398419186,3,False,0.4336095598692394,9.489709205192515e-06,True,0
5,LASSO,0.03162277660168379,1.0,0.43724590921189294,0.052906740915466675,0.9613582275271387,3,False,0.437245909211893,4.715331891072538e-06,True,0
5,LASSO,0.0031622776601683794,1.0,0.4375671358506641,0.018611984701842298,0.9612541649775412,3,False,0.4375671358506641,8.295735544206016e-06,True,0
5,ElasticNet,0.0031622776601683794,0.95,0.44284645132009387,0.017587313168653584,0.9607811831635812,3,False,0.442846451320094,9.928178555140485e-06,True,0
5,ElasticNet,0.0031622776601683794,0.9,0.4485167840830658,0.016579594343061936,0.9602732494823455,3,False,0.4485167840830657,9.347051624163105e-06,True,0
5,ElasticNet,0.03162277660168379,0.3,0.45015122084306675,0.03240374366813756,0.9601179524182762,3,False,0.45015122084306675,6.4958413349136546e-06,True,0
5,ElasticNet,0.005623413251903491,0.5,0.4508503646523761,0.0060023972742327064,0.9600302612051103,3,False,0.4508503646523761,6.73201735898769e-06,True,0
5,ElasticNet,0.01,0.3,0.45217910949894335,0.005515776527760723,0.959885486182071,3,False,0.45217910949894335,9.469005838856539e-06,True,0
5,ElasticNet,0.01,0.3,0.45220771237534163,0.005469980867078249,0.9598828429809391,3,False,0.45220771237534163,9.176998157606978e-06,True,0
7,ElasticNet,0.01,0.7,0.45570548851946374,0.016656141955194877,0.959620648728499,3,False,0.45570548851946374,1.1731254792233387e-05,True,0
6,ElasticNet,0.01,0.5,0.46162231737568593,0.0231599726765812,0.9589837699665975,3,False,0.46162231737568593,9.336658167995344e-06,True,0
5,ElasticNet,0.0031622776601683794,0.7,0.4751235401452392,0.008822021359529694,0.9578766587785731,3,False,0.4751235401452392,9.240482721490587e-06,True,0
8,ElasticNet,0.01,0.7,0.4798089904064591,0.01660912399548188,0.9575017652146598,3,False,0.4798089904064591,1.9392119043729755e-05,True,0
7,ElasticNet,0.01,0.5,0.5021473751653938,0.023458383587749147,0.9554458076161625,3,False,0.5021473751653939,7.4178396157987755e-06,True,0
5,LASSO,0.0017782794100389228,1.0,0.5081787481708816,0.013938566843001867,0.9549096416913505,3,False,0.5081787481708816,9.564328519100045e-06,True,0
5,ElasticNet,0.05623413251903491,0.3,0.508209467681087,0.05007757395902126,0.9549926416119862,3,False,0.508209467681087,7.956089463186794e-06,True,0
5,ElasticNet,0.005623413251903491,0.3,0.5091521961334288,0.01823331856604408,0.9547807345953702,3,False,0.5091521961334288,9.913633785020408e-06,True,0
5,ElasticNet,0.05623413251903491,0.5,0.5108443226968559,0.06907382454703359,0.9548106308909273,3,False,0.5108443226968558,6.705432060275657e-06,True,0
5,ElasticNet,0.0017782794100389228,0.95,0.5147671142467232,0.014957679985707382,0.9543150717673762,3,False,0.5147671142467232,9.713499845470522e-06,True,0
5,ElasticNet,0.0031622776601683794,0.5,0.5153953984154049,0.015444059638396799,0.9542372500023744,3,False,0.5153953984154049,9.898266816886665e-06,True,0
5,ElasticNet,0.0017782794100389228,0.9,0.5224389209251203,0.016064186926915865,0.9536215772031555,3,False,0.5224389209251203,8.882551404044373e-06,True,0
5,ElasticNet,0.03162277660168379,0.1,0.5230681815251387,0.014702505523974146,0.953576012964452,3,False,0.5230681815251387,8.757236428214542e-06,True,0
8,ElasticNet,0.01,0.5,0.5269495835562091,0.0056986790352810054,0.9532736953469412,3,False,0.5269495835562091,9.880200936796153e-06,True,0
5,ElasticNet,0.01778279410038923,0.1,0.5275178608647936,0.02633283615839824,0.9531275384373301,3,False,0.5275178608647936,9.464116416200942e-06,True,0
5,ElasticNet,0.05623413251903491,0.7,0.5325112796030366,0.07400549832985809,0.9529178420902974,3,False,0.5325112796030366,6.519516809175285e-06,True,0
9,ElasticNet,0.01,0.5,0.5467761847963288,0.01079219120847432,0.9515431786165257,3,False,0.5467761847963288,4.4359556851599445e-05,True,0
6,ElasticNet,0.01,0.3,0.547025549885306,0.06486813789860008,0.951267202824074,3,False,0.547025549885306,7.476294031539318e-06,True,0
5,ElasticNet,0.05623413251903491,0.1,0.5515860857038746,0.02882205445908922,0.9511073743213281,3,False,0.5515860857038746,9.393684273906536e-06,True,0
5,ElasticNet,0.01,0.1,0.5626085423137818,0.03863668575316549,0.949970109700231,3,False,0.5626085423137818,9.985617099750321e-06,True,0
5,ElasticNet,0.05623413251903491,0.9,0.5696937816254058,0.07669295221991804,0.9496692533177596,3,False,0.5696937816254058,5.069701405735483e-06,True,0
5,ElasticNet,0.05623413251903491,0.95,0.5805859408363938,0.08037954849237877,0.948720177152464,3,False,0.5805859408363939,8.017960898595855e-06,True,0
7,ElasticNet,0.1,0.1,0.5851689896370075,0.017593287006725515,0.9481566676875138,3,False,0.5851689896370075,8.452461801707056e-06,True,0
7,ElasticNet,0.1,0.3,0.5887195871521154,0.045693701921661396,0.9479266530386822,3,False,0.5887195871521153,9.553970102171155e-06,True,0
7,ElasticNet,0.01,0.3,0.5890035797432062,0.03202952452714363,0.9476706427000248,3,False,0.5890035797432062,9.605481998401898e-06,True,0
8,ElasticNet,0.1,0.3,0.5926112940319208,0.03988993602577296,0.9475712309283074,3,False,0.5926112940319207,4.542596433183832e-06,True,0
5,LASSO,0.05623413251903491,1.0,0.592896706783875,0.08595129955277629,0.9476482924618418,3,False,0.592896706783875,8.036280109015304e-06,True,0
6,ElasticNet,0.1,0.3,0.6038947224199777,0.05699004422670575,0.9465982721647778,3,False,0.6038947224199777,2.9163256187007824e-06,True,0
9,ElasticNet,0.1,0.3,0.6092663266961337,0.04340709586383434,0.9461111496232247,3,False,0.6092663266961337,6.514274068974979e-06,True,0
8,ElasticNet,0.01,0.3,0.6105067599463886,0.038111532064392224,0.9457244715509883,3,False,0.6105067599463886,6.945463235400948e-06,True,0
8,ElasticNet,0.1,0.1,0.6121551791890196,0.028870363793056415,0.9457546652291434,3,False,0.6121551791890196,9.009600686196023e-06,True,0
5,ElasticNet,0.1,0.3,0.6241699243805533,0.08580779361053611,0.9447977716805251,3,False,0.6241699243805533,9.412059978751441e-06,True,0
6,ElasticNet,0.1,0.1,0.6251056138279861,0.03557234457168197,0.9446716974178636,3,False,0.6251056138279861,8.897284132676486e-06,True,0
5,ElasticNet,0.1,0.1,0.625588345401345,0.04676632693375032,0.9446104109819023,3,False,0.625588345401345,9.659822522111589e-06,True,0
9,ElasticNet,0.1,0.1,0.6339934535655143,0.02272714367826481,0.9438036797146689,3,False,0.6339934535655144,8.868749573575502e-06,True,0
9,ElasticNet,0.01,0.3,0.6391223430075234,0.026751837003103362,0.9432835962702789,3,False,0.6391223430075234,1.3571402193970385e-05,True,0
5,LASSO,0.001,1.0,0.6421282243933488,0.055650300392581266,0.9428609467986476,3,False,0.6421282243933488,8.949566221208224e-06,True,0
5,Ridge,17.78279410038923,0.0,0.6435859735565056,0.0479316593345865,0.9427932469866974,3,False,0.6435859735565056,0.0,True,0
10,ElasticNet,0.1,0.1,0.6512345230660207,0.026231796627467045,0.9422527147461949,3,False,0.6512345230660207,5.468473650105041e-06,True,0
5,Ridge,31.622776601683793,0.0,0.654652190518611,0.04888698190146454,0.9418457155649481,3,False,0.654652190518611,0.0,True,0
5,Ridge,10.0,0.0,0.6549402863153588,0.04387028538771653,0.9417723005461639,3,False,0.6549402863153589,0.0,True,0
5,Ridge,10.0,0.0,0.6549402863153589,0.04387028538771659,0.9417723005461639,3,False,0.6549402863153589,0.0,True,0
5,ElasticNet,0.001,0.95,0.6566878638055873,0.05918879450046293,0.9415577770596264,3,False,0.6566878638055873,9.553791416483165e-06,True,0
5,ElasticNet,0.001,0.9,0.6721817598730212,0.06400147773966812,0.9401665423013466,3,False,0.6721817598730212,9.30942737099481e-06,True,0
7,ElasticNet,0.1,0.5,0.6728928333808447,0.07052341132227932,0.9405459244899395,3,False,0.6728928333808447,7.95670606757587e-06,True,0
6,ElasticNet,0.1,0.5,0.6733123310520536,0.08662098070038897,0.9405196104600918,3,False,0.6733123310520536,9.072158226167137e-06,True,0
4,LASSO,0.01,1.0,0.6765975423664427,0.07126164477003444,0.9402108132806192,3,False,0.6765975423664427,7.295520998210764e-06,True,0
4,ElasticNet,0.01,0.95,0.677282364794468,0.07220695225128897,0.9401544740942734,3,False,0.677282364794468,6.6755839514213294e-06,True,0
4,ElasticNet,0.01,0.9,0.6788614768844878,0.07358618889474348,0.9400202887008104,3,False,0.6788614768844878,8.57340722223987e-06,True,0
8,ElasticNet,0.1,0.5,0.6803113623365435,0.06806818390267029,0.9398819038352553,3,False,0.6803113623365434,1.7845279628968258e-05,True,0
4,ElasticNet,0.01,0.7,0.6886405672440209,0.08108645736782563,0.9391820521995294,3,False,0.6886405672440209,9.667784747647602e-06,True,0
5,ElasticNet,0.1,0.5,0.6893701687117887,0.11241859534759904,0.9391047942307803,3,False,0.6893701687117888,3.64659676530682e-06,True,0
5,Ridge,5.623413251903491,0.0,0.6909427002467255,0.041591829142700834,0.9385780563918891,3,False,0.6909427002467255,0.0,True,0
5,Ridge,56.23413251903491,0.0,0.6927561879267237,0.046217234488764226,0.9385207887889423,3,False,0.6927561879267237,0.0,True,0
9,ElasticNet,0.1,0.5,0.694795061899605,0.06926177879601345,0.9386091636430439,3,False,0.694795061899605,2.3768860817369175e-05,True,0
4,ElasticNet,0.01,0.5,0.70430385666847,0.08806846120988734,0.9378239502302815,3,False,0.70430385666847,9.973843305985733e-06,True,0
4,ElasticNet,0.01,0.3,0.7249046998916677,0.08210870416411559,0.9359836140352457,3,False,0.7249046998916677,8.567604123928957e-06,True,0
5,ElasticNet,0.001,0.7,0.7482169598352034,0.06280034170432365,0.9334268400300038,3,False,0.7482169598352032,9.910055194136715e-06,True,0
6,ElasticNet,0.01,0.1,0.758053931926982,0.0817096112185346,0.9324883190764698,3,False,0.758053931926982,9.908894629760343e-06,True,0
5,Ridge,3.1622776601683795,0.0,0.7627271768047047,0.04992355848903669,0.9322009286410444,3,False,0.7627271768047047,0.0,True,0
5,Ridge,100.0,0.0,0.7672470366232793,0.043860436717516056,0.9319929540587862,3,False,0.7672470366232793,0.0,True,0
5,Ridge,100.0,0.0,0.7672470366232793,0.043860436717516056,0.9319929540587862,3,False,0.7672470366232793,0.0,True,0
4,ElasticNet,0.01,0.1,0.777487244292097,0.06386861854924859,0.9312628717343777,3,False,0.7774872442920969,8.446027667363253e-06,True,0
6,ElasticNet,0.1,0.7,0.779405760583063,0.11845706203806061,0.931239676899796,3,False,0.779405760583063,9.110903404441206e-06,True,0
7,ElasticNet,0.1,0.7,0.7809152139366321,0.10500907082447809,0.9310935585290651,3,False,0.7809152139366321,1.5607107883855442e-05,True,0
5,ElasticNet,0.1,0.7,0.7849775456714161,0.13460089322662527,0.9307338849089816,3,False,0.7849775456714161,6.4116751251896975e-06,True,0
8,ElasticNet,0.1,0.7,0.793958331176358,0.10168750909063543,0.929927674997319,3,False,0.793958331176358,2.190554887332441e-05,True,0
4,LASSO,0.001,1.0,0.7951116093319753,0.06815877873477316,0.9295912541767118,3,False,0.7951116093319753,9.260071665791224e-06,True,0
4,ElasticNet,0.001,0.95,0.7994328873072566,0.06899593748678245,0.9292046161144553,3,False,0.7994328873072566,9.640494866683868e-06,True,0
7,ElasticNet,0.01,0.1,0.8034491232927675,0.02609533500554614,0.928724189291429,3,False,0.8034491232927673,1.4588705858199422e-05,True,0
4,ElasticNet,0.001,0.9,0.803714681593303,0.06973561435089805,0.928821243015817,3,False,0.803714681593303,9.681384047030605e-06,True,0
4,ElasticNet,0.001,0.7,0.8222299023963422,0.07457148599089365,0.9271652734342983,3,False,0.8222299023963422,8.555834584769825e-06,True,0
4,Ridge,10.0,0.0,0.8325108296184386,0.051718918749542486,0.9263414230138634,3,False,0.8325108296184386,0.0,True,0
5,ElasticNet,0.001,0.5,0.8407576335602857,0.05847798618029282,0.925232807116676,3,False,0.8407576335602857,9.974182700588433e-06,True,0
4,ElasticNet,0.001,0.5,0.8428576041254693,0.07939058550906931,0.9253186948060254,3,False,0.8428576041254693,9.844973224967801e-06,True,0
5,ElasticNet,0.1,0.9,0.8588757385779099,0.11902550255263196,0.924178744656106,3,False,0.8588757385779099,9.60262655180788e-06,True,0
6,ElasticNet,0.1,0.9,0.8608211326064206,0.12278848460913822,0.9240554361010435,3,False,0.8608211326064206,4.984053538381605e-06,True,0
4,ElasticNet,0.001,0.3,0.8660784636069936,0.0850894507486102,0.9232431236091992,3,False,0.8660784636069936,9.689349024434742e-06,True,0
6,Ridge,100.0,0.0,0.8729835671274975,0.010118223363923772,0.9225566565746783,3,False,0.8729835671274976,0.0,True,0
4,Ridge,1.0,0.0,0.8758184322337641,0.08291114102261206,0.9223909900137838,3,False,0.8758184322337641,0.0,True,0
5,ElasticNet,0.1,0.95,0.877775326439199,0.11588087293024316,0.9225029968786398,3,False,0.877775326439199,2.2011746749067695e-06,True,0
6,ElasticNet,0.1,0.95,0.880601863432935,0.12445293966183221,0.9223078245385622,3,False,0.880601863432935,1.2811350212610373e-05,True,0
7,ElasticNet,0.1,0.95,0.8873521858631678,0.12618293908013464,0.9217323600540265,3,False,0.8873521858631678,4.234632215696643e-05,True,0
5,Ridge,1.7782794100389228,0.0,0.8909351557814763,0.07458663548966626,0.9207808943670172,3,False,0.8909351557814763,0.0,True,0
8,ElasticNet,0.01,0.1,0.8920491195047631,0.0775955752112018,0.9207366390763712,3,False,0.8920491195047631,3.464238851157045e-05,True,0
7,Ridge,100.0,0.0,0.8931342418702851,0.026532568832812964,0.920732968050915,3,False,0.8931342418702851,0.0,True,0
4,ElasticNet,0.001,0.1,0.8931914950431814,0.09307213008509138,0.9208181875208857,3,False,0.8931914950431814,8.006210718542771e-06,True,0
6,Ridge,10.0,0.0,0.8951126451200225,0.09665516534029577,0.920313172804201,3,False,0.8951126451200228,0.0,True,0
5,LASSO,0.1,1.0,0.895501170133426,0.11488562375210161,0.9209359055924183,3,False,0.895501170133426,7.208570059868968e-06,True,0
6,LASSO,0.1,1.0,0.9004200344524066,0.12709007089332047,0.920559440700884,3,False,0.9004200344524066,1.268686418991194e-05,True,0
4,ElasticNet,0.1,0.1,0.9384302038169924,0.13463348717408666,0.9171527233714333,3,False,0.9384302038169924,5.298840837851537e-06,True,0
4,LASSO,0.0001,1.0,0.9449074489056476,0.11799583209749044,0.9161666392142572,3,False,0.9449074489056476,8.984291776876363e-06,True,0
4,ElasticNet,0.0001,0.95,0.945920489696299,0.11822833921103834,0.9160756547024705,3,False,0.945920489696299,9.119006054397847e-06,True,0
4,ElasticNet,0.0001,0.9,0.9470695650504842,0.11835514756719125,0.9159730895885764,3,False,0.9470695650504842,9.895155370121973e-06,True,0
4,ElasticNet,0.0001,0.7,0.9509920317711801,0.11932573332826905,0.9156218332249545,3,False,0.9509920317711801,9.077737746279304e-06,True,0
4,ElasticNet,0.1,0.3,0.9523535375143776,0.1677559920946306,0.915986995276878,3,False,0.9523535375143776,6.897461654498116e-06,True,0
4,ElasticNet,0.0001,0.5,0.9550512075120484,0.12021473541053614,0.9152580626594773,3,False,0.9550512075120484,9.47959501898069e-06,True,0
4,Ridge,0.1,0.0,0.9579326027231851,0.11956429421389803,0.9150028718765891,3,False,0.9579326027231851,0.0,True,0
4,ElasticNet,0.0001,0.3,0.9590053511652622,0.12130266330287005,0.9149048771314349,3,False,0.9590053511652622,8.424982461838334e-06,True,0
4,ElasticNet,0.0001,0.1,0.9631466247204706,0.1222561126075388,0.9145342136416342,3,False,0.9631466247204706,9.487370157985444e-06,True,0
5,ElasticNet,0.001,0.3,0.9660787859239077,0.06987895068205172,0.9140888140467753,3,False,0.9660787859239077,9.02188162347562e-06,True,0
4,LASSO,1e-05,1.0,0.9710502264713958,0.1255915718948521,0.9138243864827995,3,False,0.9710502264713958,9.961518209007244e-06,True,0
4,ElasticNet,1e-05,0.95,0.9711523486433485,0.12561801809486037,0.9138152439169825,3,False,0.9711523486433484,9.647989538638029e-06,True,0
4,ElasticNet,1e-05,0.9,0.9712274852326933,0.12558585394253724,0.9138085279387477,3,False,0.9712274852326933,9.287996078288291e-06,True,0
4,ElasticNet,1e-05,0.7,0.971652672215282,0.1256856314029424,0.9137704566471313,3,False,0.9716526722152822,9.402134822334479e-06,True,0
4,ElasticNet,1e-05,0.5,0.9720988265258438,0.1257709922249875,0.9137304994997942,3,False,0.9720988265258438,9.758511477813644e-06,True,0
4,Ridge,0.01,0.0,0.9723772947890513,0.1257825688011245,0.9137059382288184,3,False,0.9723772947890513,0.0,True,0
4,ElasticNet,1e-05,0.3,0.972569617519782,0.12595376053476606,0.913688386910254,3,False,0.972569617519782,8.7112920768465e-06,True,0
4,ElasticNet,1e-05,0.1,0.972963190702299,0.12599609388171532,0.9136531791296214,3,False,0.9729631907022989,8.890565312617764e-06,True,0
4,ElasticNet,1e-06,0.95,0.9734976573046286,0.1265204876107192,0.9136053164847627,3,False,0.9734976573046286,9.955609011696498e-06,True,0
4,ElasticNet,1e-06,0.9,0.9735130216935444,0.12651669640819385,0.9136039245492406,3,False,0.9735130216935444,9.561858003974437e-06,True,0
4,ElasticNet,1e-06,0.3,0.9735336862052426,0.12644830737286947,0.913602014218594,3,False,0.9735336862052426,9.301746634824574e-06,True,0
4,LASSO,1e-06,1.0,0.973561580906862,0.12644171597574846,0.9135992567841885,3,False,0.973561580906862,9.678930612711655e-06,True,0
4,ElasticNet,1e-06,0.7,0.9735744385374208,0.1265314841804438,0.9135987898740825,3,False,0.9735744385374208,8.966669326741894e-06,True,0
4,ElasticNet,1e-06,0.5,0.9735774024190685,0.12642514817960743,0.9135983549400395,3,False,0.9735774024190685,9.76400326576956e-06,True,0
4,ElasticNet,1e-06,0.1,0.9736109540831211,0.1263151266401636,0.9135950414803048,3,False,0.9736109540831209,9.849706813455241e-06,True,0
4,Ridge,0.001,0.0,0.97392523897877,0.12644262640104142,0.9135670001785915,3,False,0.97392523897877,0.0,True,0
4,Ridge,0.0001,0.0,0.9740811360789826,0.12650903140688385,0.9135530078911577,3,False,0.9740811360789826,0.0,True,0
4,Ridge,1e-05,0.0,0.9740967368881863,0.12651567591730956,0.9135516076711623,3,False,0.9740967368881864,0.0,True,0
4,Ridge,1e-06,0.0,0.9740982970801717,0.12651634040846815,0.9135514676392438,3,False,0.9740982970801717,0.0,True,0
4,ElasticNet,0.1,0.5,1.0086501069167573,0.19232605284004092,0.9110486291486769,3,False,1.0086501069167573,1.8604911071196106e-06,True,0
7,LASSO,0.001,1.0,1.0510994472630155,0.082591601123823,0.9068938182538497,3,False,1.0510994472630155,8.646995663440325e-06,True,0
10,ElasticNet,0.001,0.9,1.0563614977845581,0.1081553622088167,0.9062416540183552,3,False,1.0563614977845581,4.878055459411727e-05,True,0
8,Ridge,100.0,0.0,1.0583998107596002,0.07992776019451876,0.9058624936936713,3,False,1.0583998107596,0.0,True,0
6,LASSO,0.001,1.0,1.0635607669651386,0.13768019973372442,0.9053781490938789,3,False,1.0635607669651386,8.781994422182209e-06,True,0
3,LASSO,0.001,1.0,1.0650891686640127,0.19438300163174496,0.9057271598773223,3,False,1.0650891686640127,8.422502669794794e-06,True,0
3,ElasticNet,0.001,0.95,1.0651665800172445,0.1941855823078872,0.9057200086414104,3,False,1.0651665800172445,6.401538302237592e-06,True,0
3,ElasticNet,0.001,0.9,1.0652426464227818,0.1939867851233562,0.9057129593359922,3,False,1.0652426464227818,6.993880564657492e-06,True,0
3,ElasticNet,0.001,0.7,1.0655561001028961,0.19320051815569367,0.9056841114145845,3,False,1.0655561001028964,8.007075589654957e-06,True,0
3,ElasticNet,0.001,0.5,1.0658371854649822,0.19262066114664322,0.9056583785504912,3,False,1.065837185464982,7.684863506339122e-06,True,0
3,Ridge,1.0,0.0,1.065913659033152,0.19394962691961118,0.9056548716268772,3,False,1.065913659033152,0.0,True,0
3,ElasticNet,0.001,0.3,1.0662001658647915,0.19205870952131784,0.9056253743516732,3,False,1.0662001658647915,9.339606106265519e-06,True,0
3,ElasticNet,0.001,0.1,1.066684340414781,0.19142757020097081,0.9055815029552937,3,False,1.066684340414781,8.59489366298902e-06,True,0
3,LASSO,0.0001,1.0,1.0680822211775893,0.18827553499008368,0.9054516485897978,3,False,1.0680822211775893,7.87004524441793e-06,True,0
3,ElasticNet,0.0001,0.95,1.0680966430015149,0.18825696319621604,0.9054503516004259,3,False,1.0680966430015149,7.54143381422486e-06,True,0
3,ElasticNet,0.0001,0.9,1.0681055957053045,0.18825188167341395,0.9054495342645752,3,False,1.0681055957053045,7.635793354885968e-06,True,0
3,ElasticNet,0.0001,0.7,1.0681545483488069,0.1882238092046887,0.9054450981959409,3,False,1.0681545483488069,8.871278294745311e-06,True,0
3,Ridge,0.1,0.0,1.068157481189969,0.1884293441610192,0.9054451204126046,3,False,1.068157481189969,0.0,True,0
3,ElasticNet,0.0001,0.5,1.0681956245859543,0.18820273009705915,0.9054413612781808,3,False,1.0681956245859543,9.675819102139236e-06,True,0
3,ElasticNet,0.0001,0.3,1.068240881738841,0.18817319051915565,0.9054372665926708,3,False,1.068240881738841,8.957884131149639e-06,True,0
3,ElasticNet,0.0001,0.1,1.0683013623786135,0.18811497715991513,0.9054317834301515,3,False,1.0683013623786135,7.285591297711333e-06,True,0
3,LASSO,1e-05,1.0,1.0684776612107214,0.1877554034142063,0.9054154845206913,3,False,1.0684776612107214,7.551597863435748e-06,True,0
3,ElasticNet,1e-05,0.95,1.068478999779785,0.18775434579669753,0.9054153623499221,3,False,1.068478999779785,9.569889765169926e-06,True,0
3,ElasticNet,1e-05,0.9,1.0684804245218873,0.1877538598552269,0.9054152338732114,3,False,1.0684804245218873,9.263884441436537e-06,True,0
3,ElasticNet,1e-05,0.7,1.0684831587263683,0.18775678776590524,0.9054149857419591,3,False,1.0684831587263681,9.925027064767174e-06,True,0
3,ElasticNet,1e-05,0.5,1.0684880344115413,0.1877514126267358,0.905414554929231,3,False,1.0684880344115413,9.435740310586271e-06,True,0
3,Ridge,0.01,0.0,1.0684900556195844,0.18778141079253624,0.9054144155551661,3,False,1.0684900556195844,0.0,True,0
3,ElasticNet,1e-05,0.3,1.0685008164687921,0.18774584815010845,0.9054133902450993,3,False,1.0685008164687921,9.917305923082995e-06,True,0
3,ElasticNet,1e-05,0.1,1.068508378940429,0.18774483582270887,0.9054127124126939,3,False,1.068508378940429,8.394291838486836e-06,True,0
3,Ridge,0.001,0.0,1.0685245557655636,0.18771553109078043,0.9054112333179697,3,False,1.0685245557655634,0.0,True,0
3,ElasticNet,1e-06,0.3,1.0685246758920341,0.18772106523097007,0.9054112325492357,3,False,1.0685246758920341,8.143634054098747e-06,True,0
3,ElasticNet,1e-06,0.1,1.0685263824870512,0.1877203110072762,0.905411080367878,3,False,1.0685263824870512,9.78270968666296e-06,True,0
3,ElasticNet,1e-06,0.5,1.0685266614393856,0.18772120007926948,0.9054110590594671,3,False,1.0685266614393856,8.667003740053652e-06,True,0
3,LASSO,1e-06,1.0,1.0685275562022516,0.18772221281327864,0.9054109732921164,3,False,1.0685275562022516,5.92683105972872e-06,True,0
3,Ridge,0.0001,0.0,1.068528018389566,0.18770893211397346,0.9054109139603413,3,False,1.068528018389566,0.0,True,0
3,ElasticNet,1e-06,0.7,1.0685280325240314,0.18772367454996738,0.9054109352093267,3,False,1.0685280325240314,8.328382844900846e-06,True,0
3,Ridge,1e-05,0.0,1.0685283647782453,0.18770827210608168,0.9054108820132228,3,False,1.0685283647782453,0.0,True,0
3,Ridge,1e-06,0.0,1.068528399418376,0.18770820610419037,0.9054108788183974,3,False,1.068528399418376,0.0,True,0
3,ElasticNet,1e-06,0.95,1.0685291006882454,0.18772330573661056,0.9054108442254959,3,False,1.0685291006882454,5.719400406636722e-06,True,0
3,ElasticNet,1e-06,0.9,1.0685295608503738,0.1877230998560466,0.9054108006344892,3,False,1.0685295608503735,9.985127820777144e-06,True,0
3,ElasticNet,0.01,0.1,1.0696975817276833,0.2106949793543218,0.9053572171998491,3,False,1.0696975817276833,5.1433094590668665e-06,True,0
3,ElasticNet,0.01,0.3,1.0709701051398064,0.21864806294076705,0.9052549728413702,3,False,1.0709701051398064,7.978093088481866e-06,True,0
3,ElasticNet,0.01,0.5,1.0722664110549485,0.22479884534812583,0.9051457259371328,3,False,1.0722664110549485,9.046257058806066e-06,True,0
4,ElasticNet,0.1,0.7,1.074579119224138,0.20000856915659665,0.9052180490520668,3,False,1.074579119224138,1.469051294139545e-06,True,0
3,ElasticNet,0.01,0.7,1.0760742285228322,0.22917601602219037,0.9048113990505572,3,False,1.0760742285228324,5.436267863709668e-06,True,0
7,Ridge,10.0,0.0,1.082819821859953,0.022496568064851376,0.9040255927625207,3,False,1.082819821859953,0.0,True,0
7,ElasticNet,0.001,0.95,1.0840445786783752,0.07875880497335462,0.9039418797684279,3,False,1.0840445786783752,3.942013404376521e-05,True,0
3,ElasticNet,0.01,0.9,1.0846317834553705,0.2333124734201383,0.9040606747959216,3,False,1.0846317834553703,9.311504738597834e-06,True,0
3,Ridge,10.0,0.0,1.0850317249504193,0.2093125595471155,0.9040155191076438,3,False,1.0850317249504193,0.0,True,0
3,ElasticNet,0.01,0.95,1.0866325292851107,0.23494785815069213,0.9038874367635911,3,False,1.0866325292851107,7.428127166995979e-06,True,0
3,LASSO,0.01,1.0,1.0883778670528292,0.2362740070229306,0.9037388328224435,3,False,1.0883778670528292,5.152288228730401e-06,True,0
6,ElasticNet,0.001,0.95,1.0963930212335529,0.14332909396759058,0.9024796116994874,3,False,1.0963930212335529,9.019140214409395e-06,True,0
4,Ridge,100.0,0.0,1.1047401978904474,0.13448789722109186,0.902438927793185,3,False,1.1047401978904474,0.0,True,0
7,ElasticNet,0.001,0.9,1.123085695432379,0.09206308048351837,0.900488829761351,3,False,1.123085695432379,1.5249240884376955e-05,True,0
6,ElasticNet,0.001,0.9,1.126296411868587,0.1432534650017345,0.8998626766000243,3,False,1.1262964118685868,8.934979623094605e-06,True,0
9,ElasticNet,0.001,0.95,1.1372968056179154,0.21271303855299112,0.8990881993013983,3,False,1.1372968056179154,4.19267903809629e-05,True,0
9,ElasticNet,0.001,0.9,1.1630519806839879,0.22384974663340956,0.8968151339533327,3,False,1.1630519806839879,3.807758635246004e-05,True,0
10,ElasticNet,0.001,0.7,1.1894969677532872,0.1388657667921396,0.8944770247292059,3,False,1.1894969677532872,1.994976842061328e-05,True,0
8,ElasticNet,0.001,0.95,1.2137195330687447,0.2796168508215787,0.8921232800295483,3,False,1.2137195330687447,3.0191864674112092e-05,True,0
6,ElasticNet,0.001,0.7,1.2386073027766793,0.13975399290367924,0.8900722738479602,3,False,1.2386073027766795,5.4052854320168825e-06,True,0
9,Ridge,100.0,0.0,1.2388880246139022,0.04684048171828486,0.8902759532953901,3,False,1.2388880246139022,0.0,True,0
5,ElasticNet,0.001,0.1,1.2559825637713364,0.1320917078920459,0.8881820961522581,3,False,1.2559825637713364,9.850849554110853e-06,True,0
3,ElasticNet,0.1,0.1,1.2893877231970987,0.22510513991014455,0.8861353101980279,3,False,1.2893877231970987,7.403080479119473e-06,True,0
7,ElasticNet,0.001,0.7,1.2927841164671332,0.14429268540054577,0.8853894466896851,3,False,1.2927841164671332,6.573784115850435e-06,True,0
3,ElasticNet,0.1,0.3,1.3122883830450147,0.2810788367451147,0.8842226265020773,3,False,1.3122883830450147,2.890641089207946e-06,True,0
3,ElasticNet,0.1,0.5,1.3378603236381295,0.32685996224714287,0.8820669085918009,3,False,1.3378603236381295,1.3613404995158063e-06,True,0
8,Ridge,10.0,0.0,1.353145947648594,0.17596313226170573,0.8798351162724445,3,False,1.353145947648594,0.0,True,0
8,ElasticNet,0.001,0.7,1.3625207165317752,0.2625348652695505,0.8789561188326506,3,False,1.3625207165317752,1.9123613271610808e-05,True,0
9,ElasticNet,0.001,0.5,1.3745744771720603,0.21211631339358775,0.8782099703756868,3,False,1.3745744771720603,2.6049219951116776e-05,True,0
3,ElasticNet,0.1,0.7,1.3791572283324978,0.3531001228564849,0.8784904956679324,3,False,1.3791572283324978,9.607738012396005e-07,True,0
7,Ridge,1000.0,0.0,1.3864246635164863,0.1421510420572084,0.8774834188783295,3,False,1.3864246635164863,0.0,True,0
10,Ridge,100.0,0.0,1.397549197227091,0.04689510935815084,0.8759697852423128,3,False,1.397549197227091,0.0,True,0
6,ElasticNet,0.001,0.5,1.40034015467755,0.18406741199621932,0.8757162826379626,3,False,1.40034015467755,7.084286470311748e-06,True,0
8,Ridge,1000.0,0.0,1.4193103888583325,0.14189965149608572,0.8745181260560798,3,False,1.4193103888583325,0.0,True,0
9,Ridge,1000.0,0.0,1.4215207725624428,0.1141289768362357,0.8742365937975872,3,False,1.4215207725624428,0.0,True,0
3,ElasticNet,0.1,0.9,1.4307110555635172,0.3633379815620049,0.8739699714080199,3,False,1.4307110555635172,6.222605974243178e-07,True,0
3,ElasticNet,0.1,0.95,1.4454137224437045,0.3650318066048203,0.8726787033394915,3,False,1.4454137224437045,8.590940902372668e-06,True,0
3,LASSO,0.1,1.0,1.4599413165617168,0.3670552092109458,0.8714055697059045,3,False,1.4599413165617168,7.673641364169814e-06,True,0
8,ElasticNet,0.001,0.5,1.4722080092994172,0.1815818185202042,0.8692449734835641,3,False,1.4722080092994172,1.801052225828398e-05,True,0
7,ElasticNet,0.001,0.5,1.481489699923248,0.20101720584582441,0.8683522138121749,3,False,1.481489699923248,9.3826901756619e-06,True,0
3,Ridge,100.0,0.0,1.5397809967003198,0.2126291061982763,0.8640255705840453,3,False,1.5397809967003198,0.0,True,0
10,ElasticNet,1.0,0.1,1.5441658692299953,0.18258763094753266,0.863672196248278,3,False,1.5441658692299953,7.744981651722216e-06,True,0
9,ElasticNet,1.0,0.1,1.5461802479058957,0.19007812649158312,0.863519058952621,3,False,1.5461802479058957,4.705677604466274e-06,True,0
10,Ridge,1000.0,0.0,1.5503906156735106,0.10379907608322611,0.8626209836652806,3,False,1.5503906156735106,0.0,True,0
8,ElasticNet,1.0,0.1,1.5705775437715994,0.18544798242442342,0.8613343401085052,3,False,1.5705775437715994,5.537077065395635e-06,True,0
9,ElasticNet,0.001,0.3,1.576982605478362,0.2576262454641064,0.8597212833266185,3,False,1.576982605478362,2.5509862390005926e-05,True,0
7,ElasticNet,1.0,0.1,1.5972150140839603,0.21258458944362563,0.8590654359685974,3,False,1.5972150140839603,6.313348640485383e-06,True,0
10,ElasticNet,0.001,0.3,1.6216186788475522,0.16616351756924722,0.8559904110514219,3,False,1.6216186788475522,3.426570059338979e-05,True,0
8,ElasticNet,0.001,0.3,1.6261224375277699,0.1973889897289239,0.8553787203687292,3,False,1.6261224375277699,4.199171802769813e-05,True,0
6,ElasticNet,0.001,0.3,1.6668992006023868,0.28595804769094973,0.8520657837210409,3,False,1.6668992006023868,9.937453976249398e-06,True,0
9,Ridge,10.0,0.0,1.6705029397882274,0.15952745835728188,0.8521157832941277,3,False,1.6705029397882274,0.0,True,0
7,ElasticNet,0.001,0.3,1.7059717215353636,0.32321277298591644,0.8484286803230722,3,False,1.7059717215353636,1.3124942241415742e-05,True,0
6,ElasticNet,1.0,0.1,1.7245041408782356,0.25780073812861715,0.8479170308759687,3,False,1.7245041408782356,8.621375982786894e-06,True,0
6,ElasticNet,0.001,0.1,1.8933268357670539,0.2669996504303735,0.8319250920819309,3,False,1.8933268357670539,9.821881427266258e-06,True,0
5,ElasticNet,1.0,0.1,1.903044212873982,0.293809820864432,0.8322104449930642,3,False,1.903044212873982,1.809340260228165e-06,True,0
10,Ridge,10.0,0.0,1.9696750681850472,0.2699052779935863,0.8252976561791646,3,False,1.9696750681850472,0.0,True,0
7,ElasticNet,0.001,0.1,2.030931011688728,0.4698489837143035,0.8192398100848483,3,False,2.030931011688728,2.242217228477447e-05,True,0
9,ElasticNet,0.001,0.1,2.07356794512066,0.4171900586664094,0.8154932908661131,3,False,2.0735679451206597,2.743454928350534e-05,True,0
8,ElasticNet,0.001,0.1,2.1772590197640485,0.4135497061678286,0.8062723585260919,3,False,2.1772590197640485,2.6435688409502905e-05,True,0
10,ElasticNet,0.001,0.1,2.225975569862456,0.48565228386840864,0.8018806003494201,3,False,2.225975569862456,1.892507700500868e-05,True,0
10,ElasticNet,0.0001,0.9,2.7004875465962495,0.7298702828856457,0.7598071653685606,3,False,2.7004875465962495,3.051088095790819e-05,True,0
10,ElasticNet,0.0001,0.7,2.727983959814455,0.7307088056396726,0.7572090166987868,3,False,2.727983959814455,2.591731124102876e-05,True,0
10,ElasticNet,0.0001,0.5,2.7676184798399697,0.8244545580941525,0.7536251903995271,3,False,2.7676184798399697,2.173754955648689e-05,True,0
9,ElasticNet,0.0001,0.9,2.8489667880515044,0.8799068663907958,0.7461086096172935,3,False,2.848966788051504,3.0161828819216273e-05,True,0
9,ElasticNet,0.0001,0.95,2.8812246794084846,1.0481165574855453,0.7435009043098972,3,False,2.8812246794084846,3.8285551126664694e-05,True,0
9,ElasticNet,0.0001,0.5,2.892896392833922,0.7415793469106766,0.7418934799789777,3,False,2.892896392833922,2.3124466597654527e-05,True,0
9,ElasticNet,1.0,0.3,2.933403104317294,0.2488817008215517,0.7406863283053667,3,False,2.933403104317294,1.5102054880977711e-05,True,0
8,ElasticNet,1.0,0.3,2.9469030851657982,0.258099038700327,0.739521012778912,3,False,2.9469030851657974,3.2744285800023754e-06,True,0
7,ElasticNet,1.0,0.3,2.9594576698433688,0.27967810567086354,0.7384822731523136,3,False,2.9594576698433683,4.098597128632253e-06,True,0
9,ElasticNet,0.0001,0.3,2.9632254837506697,0.7734983815430029,0.735519436475586,3,False,2.9632254837506697,2.024049282441622e-05,True,0
10,ElasticNet,0.0001,0.3,2.9791368226697124,0.8087894348618986,0.7347888827617032,3,False,2.9791368226697124,1.5483727149626218e-05,True,0
6,ElasticNet,1.0,0.3,3.056764198270218,0.32187094580452286,0.7299900537058721,3,False,3.056764198270218,4.658458452322378e-06,True,0
9,ElasticNet,0.0001,0.1,3.072719748375411,0.7848303783197552,0.7261099444390897,3,False,3.072719748375411,2.0723016189719163e-05,True,0
5,ElasticNet,1.0,0.3,3.1710168683313142,0.36550420890352514,0.7200124807559964,3,False,3.1710168683313142,3.2942080152031927e-06,True,0
10,LASSO,1e-05,1.0,3.246186232007491,1.0233671216517837,0.7111018306690854,3,False,3.246186232007491,9.71108277464714e-06,True,0
8,ElasticNet,0.0001,0.5,3.284209259294221,0.8939129035731904,0.7071891448004748,3,False,3.284209259294221,2.788465934895622e-05,True,0
9,ElasticNet,1e-05,0.1,3.288440845231284,0.8853373250881056,0.7068244000451099,3,False,3.288440845231284,9.881982456039046e-06,True,0
10,ElasticNet,1e-05,0.5,3.293068792920893,0.9694088018856858,0.7066193933553562,3,False,3.2930687929208933,9.758880584111031e-06,True,0
2,LASSO,0.01,1.0,3.2966290505014366,0.40504814781669685,0.7077502703862288,3,False,3.2966290505014366,6.507051037402817e-06,True,0
2,ElasticNet,0.01,0.95,3.2972030463747775,0.4047418148118274,0.7076972249035428,3,False,3.2972030463747775,6.5872795961229025e-06,True,0
2,ElasticNet,0.01,0.9,3.297787988966659,0.40443578293529353,0.7076432186666075,3,False,3.297787988966659,5.61924406389594e-07,True,0
2,ElasticNet,0.01,0.7,3.3002440509292605,0.40322632252248014,0.7074168489266778,3,False,3.30024405092926,2.5809983310309814e-08,True,0
2,ElasticNet,0.01,0.5,3.3031132714066227,0.40184307457561846,0.7071514715701624,3,False,3.3031132714066227,1.7929802824737107e-08,True,0
2,ElasticNet,0.01,0.3,3.3067830063141685,0.39967312404909244,0.7068145466431752,3,False,3.3067830063141685,5.744138717629632e-09,True,0
2,Ridge,10.0,0.0,3.308149304438983,0.3979790504958633,0.7067312258948889,3,False,3.308149304438983,0.0,True,0
2,ElasticNet,0.01,0.1,3.3109560271997727,0.3970900736579515,0.7064329055588909,3,False,3.3109560271997727,1.2435595306108105e-08,True,0
9,ElasticNet,1e-05,0.3,3.3125128995530253,0.8447808576150104,0.7043359331906979,3,False,3.3125128995530257,9.865619554454362e-06,True,0
9,ElasticNet,1e-06,0.1,3.3160637991895574,0.915222902116714,0.7043170509152418,3,False,3.3160637991895574,9.995098168442691e-06,True,0
2,LASSO,0.001,1.0,3.318960098636659,0.39488018423879323,0.7056623740364688,3,False,3.318960098636659,1.148898803439739e-06,True,0
2,ElasticNet,0.001,0.95,3.319069254452097,0.3948112689948868,0.7056523967662315,3,False,3.319069254452097,1.150878737317721e-06,True,0
2,ElasticNet,0.001,0.9,3.3191763732332293,0.3947405213888555,0.7056425985078922,3,False,3.3191763732332293,9.821076692596961e-06,True,0
2,ElasticNet,0.001,0.7,3.3196184239750406,0.39446239710072367,0.7056022015889578,3,False,3.3196184239750406,7.002157363310301e-06,True,0
2,ElasticNet,0.001,0.5,3.32006034605374,0.39419133144833807,0.7055618129397851,3,False,3.32006034605374,5.249165755649688e-06,True,0
2,Ridge,1.0,0.0,3.320249380081916,0.3937284007724222,0.7055482402721083,3,False,3.320249380081916,0.0,True,0
2,ElasticNet,0.001,0.3,3.3205030680142245,0.39392021693230994,0.7055213733177128,3,False,3.3205030680142245,8.582906006605981e-06,True,0
2,ElasticNet,0.001,0.1,3.3209515816145654,0.3936442753708077,0.705480418431481,3,False,3.3209515816145654,6.0207542497429305e-06,True,0
2,LASSO,0.0001,1.0,3.3219320352765247,0.3934112824394864,0.7053871400514437,3,False,3.3219320352765247,2.193282821646674e-06,True,0
2,ElasticNet,0.0001,0.95,3.321943185057513,0.3934044430112091,0.7053861215391105,3,False,3.321943185057513,1.9928025872487532e-06,True,0
2,ElasticNet,0.0001,0.9,3.3219543298680754,0.3933976016054504,0.7053851034627563,3,False,3.3219543298680754,1.7870493791405487e-06,True,0
2,ElasticNet,0.0001,0.7,3.321998945426151,0.393370291142041,0.7053810279436301,3,False,3.321998945426151,1.1364006933650141e-06,True,0
2,ElasticNet,0.0001,0.5,3.3220436197151653,0.3933430864889596,0.7053769472920649,3,False,3.322043619715165,7.41832584604313e-07,True,0
2,Ridge,0.1,0.0,3.322058856756545,0.3932966042758154,0.7053759207188338,3,False,3.322058856756545,0.0,True,0
2,ElasticNet,0.0001,0.3,3.3220884950447336,0.39331595486066606,0.7053728494340655,3,False,3.3220884950447336,8.891196162886295e-07,True,0
2,ElasticNet,0.0001,0.1,3.3221334786800587,0.39328863260805613,0.7053687419796292,3,False,3.3221334786800583,1.3702874225732504e-06,True,0
2,LASSO,1e-06,1.0,3.3222336466744125,0.393264897086709,0.7053592227376729,3,False,3.3222336466744125,9.176334615168132e-06,True,0
2,LASSO,1e-05,1.0,3.3222336466744125,0.393264897086709,0.7053592227376729,3,False,3.3222336466744125,2.2433303770300093e-07,True,0
2,ElasticNet,1e-06,0.95,3.322234764492485,0.3932642130516134,0.7053591206358248,3,False,3.322234764492485,9.462049321928749e-06,True,0
2,ElasticNet,1e-05,0.95,3.322234764492485,0.3932642130516134,0.7053591206358248,3,False,3.322234764492485,2.0400391758221635e-07,True,0
2,ElasticNet,1e-06,0.9,3.3222358821693323,0.3932635292375523,0.705359018546417,3,False,3.3222358821693323,9.83875622954928e-06,True,0
2,ElasticNet,1e-05,0.9,3.3222358821693323,0.3932635292375523,0.705359018546417,3,False,3.3222358821693323,1.8312558900471412e-07,True,0
2,ElasticNet,1e-05,0.7,3.322240352400993,0.3932607980750292,0.7053586102304573,3,False,3.3222403524009927,1.1410209463975686e-07,True,0
2,ElasticNet,1e-05,0.5,3.322244826790488,0.3932580771692192,0.7053582015502705,3,False,3.322244826790488,7.483578721297798e-08,True,0
2,Ridge,0.01,0.0,3.322246311650398,0.3932534253098019,0.7053581024011238,3,False,3.322246311650398,0.0,True,0
2,ElasticNet,1e-05,0.3,3.3222493195715335,0.3932553630107143,0.7053577912982872,3,False,3.3222493195715335,8.9039336015836e-08,True,0
2,ElasticNet,1e-05,0.1,3.322253820262356,0.3932526304549371,0.7053573803444623,3,False,3.322253820262356,1.3697829817873514e-07,True,0
2,ElasticNet,1e-06,0.7,3.322254630997117,0.3932536379833187,0.7053572496573114,3,False,3.3222546309971164,9.35116603492134e-06,True,0
2,ElasticNet,1e-06,0.5,3.322256594933677,0.3932519737615199,0.7053570755250042,3,False,3.322256594933677,9.131321829962568e-06,True,0
2,ElasticNet,1e-06,0.3,3.3222585689258963,0.39325031210795613,0.7053569005252243,3,False,3.3222585689258963,8.911612408833695e-06,True,0
2,ElasticNet,1e-06,0.1,3.322260550930729,0.3932486411377645,0.7053567248319421,3,False,3.322260550930729,8.69262901192863e-06,True,0
2,Ridge,0.001,0.0,3.3222651227654043,0.39324910750469866,0.7053563146559022,3,False,3.3222651227654048,0.0,True,0
2,Ridge,0.0001,0.0,3.322267004533719,0.39324867572518934,0.7053561358221953,3,False,3.322267004533719,0.0,True,0
2,Ridge,1e-05,0.0,3.322267192717119,0.39324863254724846,0.7053561179382326,3,False,3.3222671927171192,0.0,True,0
2,Ridge,1e-06,0.0,3.3222672115355247,0.3932486282294551,0.7053561161498304,3,False,3.3222672115355247,0.0,True,0
10,ElasticNet,0.0001,0.1,3.3236145083057664,0.8976077319668696,0.7037776624432563,3,False,3.3236145083057664,9.668393983052316e-06,True,0
2,ElasticNet,0.1,0.5,3.32991465686452,0.4387082495932908,0.7053681708117968,3,False,3.32991465686452,8.19091640157088e-06,True,0
2,ElasticNet,0.1,0.3,3.3333547121711766,0.4273585676733884,0.704996489927694,3,False,3.333354712171177,4.809728264238561e-06,True,0
2,ElasticNet,0.1,0.7,3.334686089669359,0.45108978845763015,0.7050083900513474,3,False,3.334686089669359,2.1656518766344224e-06,True,0
2,ElasticNet,0.1,0.1,3.3437986344075044,0.41764841372798683,0.7039866671497693,3,False,3.3437986344075052,2.3264202266004563e-09,True,0
2,ElasticNet,0.1,0.9,3.3497649867931254,0.46229669463045486,0.7037202217274937,3,False,3.3497649867931254,1.675263128914084e-06,True,0
2,ElasticNet,0.1,0.95,3.3547883014582696,0.4648268823908141,0.703291993434486,3,False,3.3547883014582696,3.004880741314109e-07,True,0
2,LASSO,0.1,1.0,3.3600536144403086,0.46757773077057735,0.7028425926519274,3,False,3.360053614440309,1.7484273277801332e-07,True,0
10,LASSO,1e-06,1.0,3.3645799689829885,1.08821671107744,0.7004847861555713,3,False,3.3645799689829876,8.174877061328986e-06,True,0
9,ElasticNet,1e-06,0.3,3.370364544247874,0.8523667771499467,0.6992138186905237,3,False,3.3703645442478734,9.827266457866084e-06,True,0
8,ElasticNet,0.0001,0.7,3.370651107737826,1.2052537753927888,0.6993927397145234,3,False,3.370651107737826,2.780302526451363e-05,True,0
10,ElasticNet,1e-05,0.3,3.3721954993069083,0.9922568003312986,0.6996025748534803,3,False,3.3721954993069083,8.303156135680567e-06,True,0
10,ElasticNet,1e-05,0.9,3.3744610795985714,0.9977611979626544,0.6995215714632971,3,False,3.3744610795985714,9.241807032186462e-06,True,0
10,ElasticNet,1e-06,0.5,3.384348456317687,1.0194062740098895,0.6984960268073666,3,False,3.384348456317687,7.634175562683139e-06,True,0
10,ElasticNet,1e-05,0.95,3.389397078302499,1.0216801632131904,0.6984078836306663,3,False,3.389397078302499,9.061526872022e-06,True,0
8,ElasticNet,0.0001,0.3,3.392030271788928,0.8449289601616983,0.697779549880076,3,False,3.392030271788928,2.3712986128304275e-05,True,0
10,ElasticNet,1e-05,0.7,3.4039204399055882,1.064195128377432,0.6969548824465456,3,False,3.4039204399055882,9.553622052379758e-06,True,0
9,ElasticNet,1e-05,0.5,3.4151424307456106,0.7947400926801937,0.6953852472345479,3,False,3.4151424307456106,9.622814832122877e-06,True,0
8,ElasticNet,0.0001,0.95,3.4213204462429196,1.1715399778670503,0.6949861210932319,3,False,3.4213204462429196,3.9954112001512344e-05,True,0
10,ElasticNet,1e-06,0.3,3.4370444121303705,1.0079842767883986,0.6938805835478167,3,False,3.4370444121303705,8.505791791236696e-06,True,0
7,LASSO,0.0001,1.0,3.4650263537140553,1.2680965029312443,0.6917025670525616,3,False,3.4650263537140553,4.788116096461299e-05,True,0
8,ElasticNet,0.0001,0.1,3.4676958986188935,0.746447510789795,0.6906780838069312,3,False,3.4676958986188935,1.6298182176026325e-05,True,0
8,ElasticNet,0.0001,0.9,3.483949750387857,1.1586378794210996,0.6899847699798274,3,False,3.4839497503878576,3.731732408755963e-05,True,0
9,ElasticNet,1e-06,0.5,3.492891711515354,0.7974942184146739,0.6885327001083725,3,False,3.492891711515354,8.369849711129758e-06,True,0
2,Ridge,100.0,0.0,3.5012448926170876,0.4239075453264546,0.6902375372365049,3,False,3.501244892617087,0.0,True,0
7,ElasticNet,0.0001,0.3,3.5065403789129044,0.974923869736385,0.687140936386245,3,False,3.5065403789129044,3.675930055490642e-05,True,0
10,ElasticNet,1e-06,0.95,3.5145369544089218,1.0418342758432453,0.6873270292564752,3,False,3.5145369544089218,9.721434675108592e-06,True,0
10,ElasticNet,1e-06,0.7,3.5153143004823115,1.1091285700729632,0.6870830382761396,3,False,3.5153143004823115,6.362133611678365e-06,True,0
10,ElasticNet,1e-06,0.9,3.5219569591722895,1.037589625550635,0.6864885032340363,3,False,3.5219569591722895,8.824103374965362e-06,True,0
10,ElasticNet,1e-05,0.1,3.5378294617856647,0.9928083880115159,0.6845607802928991,3,False,3.5378294617856647,9.981905254129465e-06,True,0
7,ElasticNet,0.0001,0.95,3.539206894385997,1.1810459513331142,0.6851202128374366,3,False,3.539206894385997,4.680350483363674e-05,True,0
10,ElasticNet,1e-06,0.1,3.5711889870685116,1.0218172138387398,0.6815885697601041,3,False,3.5711889870685116,9.979113444021969e-06,True,0
9,ElasticNet,1e-05,0.9,3.576000424069887,1.0104614187178018,0.6812344643295442,3,False,3.5760004240698873,1.8273042387373233e-05,True,0
9,ElasticNet,1e-05,0.7,3.617034369151939,0.9206977852773178,0.6776252585390027,3,False,3.617034369151939,8.787491351202156e-06,True,0
7,ElasticNet,0.0001,0.9,3.6300462648115897,1.3524322740321633,0.6768963518563215,3,False,3.6300462648115897,3.740117893403352e-05,True,0
7,ElasticNet,0.0001,0.1,3.652260944761706,0.828438265201883,0.6749941206548676,3,False,3.652260944761706,1.360506460074567e-05,True,0
9,ElasticNet,1e-06,0.9,3.7094719033160146,1.0458095333407809,0.6693347540609315,3,False,3.7094719033160146,9.66858261944342e-06,True,0
7,ElasticNet,0.0001,0.5,3.711526870750412,1.2285304888300308,0.6688554051500116,3,False,3.7115268707504114,2.5498044443736315e-05,True,0
9,ElasticNet,1e-06,0.7,3.715636224051497,0.9441120249110766,0.6688758340354827,3,False,3.7156362240514973,9.214946135229177e-06,True,0
9,ElasticNet,1e-05,0.95,3.7449656939892235,1.1992967580864968,0.6664570816424358,3,False,3.7449656939892226,9.943077850547778e-06,True,0
8,ElasticNet,1e-05,0.1,3.7629218648249836,0.8459852411517591,0.6642991121545253,3,False,3.7629218648249836,9.993453594036505e-06,True,0
8,ElasticNet,1e-06,0.1,3.7881871044318047,0.8309263769345808,0.6620510602288486,3,False,3.7881871044318047,9.905521627238627e-06,True,0
9,LASSO,1e-05,1.0,3.8365282051848593,1.7189980222891807,0.6581578051049969,3,False,3.8365282051848593,1.4115150707065862e-05,True,0
5,LASSO,0.0001,1.0,3.8611315614589667,0.7578043733428549,0.6559758213877039,3,False,3.8611315614589663,9.918014333853585e-06,True,0
8,ElasticNet,1e-05,0.3,3.883849085271674,0.9964570977363243,0.653719509487364,3,False,3.8838490852716743,9.987790957171375e-06,True,0
9,ElasticNet,1e-06,0.95,3.888393849511264,1.278964747713537,0.6536465552258045,3,False,3.888393849511264,8.022681110178102e-06,True,0
5,ElasticNet,0.0001,0.95,3.9535660650353712,0.776526162816627,0.647781253600307,3,False,3.9535660650353712,9.989411669847464e-06,True,0
8,ElasticNet,1e-06,0.3,3.95447933267288,1.0211665837109405,0.6474270733810416,3,False,3.95447933267288,9.989888214811007e-06,True,0
9,LASSO,1e-06,1.0,3.9573987618147513,1.7516507868019044,0.6473787600460589,3,False,3.9573987618147513,8.936370240932822e-06,True,0
8,ElasticNet,1e-05,0.5,3.970301460786652,1.0713444749139598,0.6458106548272077,3,False,3.970301460786651,9.683467794410249e-06,True,0
5,ElasticNet,0.0001,0.9,4.055565358546609,0.8007494877059607,0.638680618287869,3,False,4.055565358546609,9.910928788569714e-06,True,0
8,ElasticNet,1e-06,0.5,4.07061617712466,1.0921891983775995,0.6369215741374009,3,False,4.07061617712466,9.98353103626072e-06,True,0
8,ElasticNet,1e-05,0.7,4.105830659161618,1.4215760882378803,0.633606562496925,3,False,4.105830659161618,9.907990744437669e-06,True,0
6,LASSO,0.0001,1.0,4.125119635221214,1.2248838024825943,0.6341869995116721,3,False,4.125119635221214,2.4173441182376927e-05,True,0
8,ElasticNet,1e-06,0.7,4.252302196621316,1.450189282002147,0.6206349790108135,3,False,4.252302196621317,9.420063645375636e-06,True,0
7,ElasticNet,1e-05,0.3,4.275895958564461,1.328674632631796,0.6182418016450617,3,False,4.275895958564461,9.991780254312923e-06,True,0
7,ElasticNet,1e-05,0.1,4.283499687450161,1.3024198249315158,0.6184598804750749,3,False,4.283499687450161,9.989668536750392e-06,True,0
10,ElasticNet,1.0,0.5,4.296423257833863,0.4130199631548485,0.6203586390556315,3,False,4.296423257833863,2.607335127580157e-06,True,0
9,ElasticNet,1.0,0.5,4.297151442952466,0.4148026880369499,0.6203002934729344,3,False,4.297151442952467,8.625006353679687e-06,True,0
8,ElasticNet,1.0,0.5,4.302259706312666,0.43450806485454524,0.6199052137938755,3,False,4.302259706312667,2.4568509569000696e-06,True,0
6,ElasticNet,0.0001,0.95,4.304170778926143,1.2332008787839943,0.6185030025095332,3,False,4.304170778926143,1.1484641834593381e-05,True,0
7,ElasticNet,1.0,0.5,4.305769705210093,0.44533963393369674,0.619632993659064,3,False,4.305769705210093,8.969756997212475e-06,True,0
8,LASSO,1e-05,1.0,4.327084407193125,1.6405931900438908,0.6139475470145404,3,False,4.327084407193125,1.4660115215312671e-05,True,0
7,ElasticNet,1e-06,0.1,4.349753287750031,1.345524134587139,0.6125143839802427,3,False,4.349753287750031,9.87660279449022e-06,True,0
8,ElasticNet,1e-05,0.9,4.351882581780426,1.4067904406395781,0.6123877448155052,3,False,4.351882581780426,1.0843621875159227e-05,True,0
6,ElasticNet,0.0001,0.9,4.3742358862572575,1.248145735134788,0.6122471617728599,3,False,4.3742358862572575,1.4044915593118524e-05,True,0
6,ElasticNet,1.0,0.5,4.380350271691273,0.4990459341847977,0.6131918215604075,3,False,4.380350271691273,1.6766247745714224e-06,True,0
7,ElasticNet,1e-06,0.3,4.382994026780053,1.4065140082140692,0.6086785299490888,3,False,4.382994026780053,9.864789767273886e-06,True,0
8,ElasticNet,1e-05,0.95,4.417735418195291,1.3855559697472395,0.6061725382718596,3,False,4.417735418195291,1.239290449132433e-05,True,0
5,ElasticNet,1.0,0.5,4.4302384342416765,0.5097522053170638,0.6088209093239737,3,False,4.4302384342416765,7.351729203186608e-08,True,0
5,ElasticNet,0.0001,0.7,4.462916924459701,0.7705339479779448,0.6028265753168157,3,False,4.462916924459701,9.982836484504344e-06,True,0
8,ElasticNet,1e-06,0.9,4.469932695520697,1.4227182149139574,0.6019099694616383,3,False,4.469932695520698,9.528069197206371e-06,True,0
8,LASSO,1e-06,1.0,4.495360589865163,1.665779352416683,0.5989677339888003,3,False,4.495360589865163,9.883183110992018e-06,True,0
7,LASSO,1e-05,1.0,4.498351101653754,1.5461912201295733,0.5993922922696636,3,False,4.498351101653754,1.1709513960770549e-05,True,0
7,ElasticNet,1e-05,0.7,4.519314604976408,1.2211740542361667,0.5975983513017665,3,False,4.519314604976408,9.96520177330457e-06,True,0
8,ElasticNet,1e-06,0.95,4.530503069467739,1.3999698113415364,0.5960863790203255,3,False,4.530503069467739,9.758746242448662e-06,True,0
6,ElasticNet,0.0001,0.7,4.542320619244265,1.2699099067021957,0.5966972919182055,3,False,4.542320619244265,1.4081606834277614e-05,True,0
7,ElasticNet,1e-05,0.5,4.570511030774451,1.5780330520544246,0.5919066952495324,3,False,4.570511030774451,9.695739987594829e-06,True,0
7,ElasticNet,1e-06,0.7,4.6384319865734325,1.2580828307901395,0.5869629392533837,3,False,4.6384319865734325,9.937013212432245e-06,True,0
7,ElasticNet,1e-05,0.95,4.662832104936316,1.581470219820504,0.5844121870761178,3,False,4.662832104936316,1.3002877972146938e-05,True,0
7,ElasticNet,1e-06,0.5,4.672918731824159,1.6338989733158293,0.5827456366290645,3,False,4.672918731824159,9.937998664593773e-06,True,0
7,ElasticNet,1e-05,0.9,4.688154406577662,1.502694198147592,0.5826698320516946,3,False,4.688154406577662,1.257494469898377e-05,True,0
6,ElasticNet,0.0001,0.5,4.7123851387814195,1.3958907010360524,0.5813906534962942,3,False,4.71238513878142,1.8381736323957663e-05,True,0
7,LASSO,1e-06,1.0,4.71258123261092,1.6618358279608314,0.5801939267611874,3,False,4.71258123261092,9.804724813294607e-06,True,0
6,ElasticNet,0.0001,0.3,4.768541218328337,1.0608297532638031,0.5772330611491779,3,False,4.768541218328337,1.2509533672703998e-05,True,0
7,ElasticNet,1e-06,0.9,4.846792035913025,1.5299455748053987,0.568518942568108,3,False,4.846792035913025,9.897772203574174e-06,True,0
7,ElasticNet,1e-06,0.95,4.852733623444437,1.645876468350437,0.5674311042801725,3,False,4.852733623444437,9.905631767651995e-06,True,0
5,ElasticNet,0.0001,0.5,4.948538082460138,0.8977289276348649,0.5599519192035375,3,False,4.948538082460138,9.998141900152939e-06,True,0
6,ElasticNet,0.0001,0.1,4.980667939812119,0.7158927149234849,0.558875720512755,3,False,4.980667939812118,1.4803066556283615e-05,True,0
5,ElasticNet,0.0001,0.3,5.545300863832334,1.173928488079091,0.5070451206970119,3,False,5.545300863832334,9.955920527358151e-06,True,0
9,ElasticNet,1.0,0.7,5.578835760372967,0.5624943901344054,0.5071299737153427,3,False,5.578835760372967,9.690827920683098e-06,True,0
10,ElasticNet,1.0,0.7,5.578905895389146,0.5625465482571598,0.5071239165725302,3,False,5.578905895389146,7.755536759135317e-06,True,0
8,ElasticNet,1.0,0.7,5.5887594280763615,0.5877990367185522,0.5063343618289959,3,False,5.5887594280763615,6.865391380062036e-06,True,0
7,ElasticNet,1.0,0.7,5.5932993589907625,0.5901857850591041,0.5059387049908689,3,False,5.5932993589907625,2.494251051254892e-06,True,0
6,ElasticNet,1.0,0.7,5.665283887836833,0.6599540387060929,0.4997945152754742,3,False,5.665283887836833,9.740253635093232e-06,True,0
5,ElasticNet,1.0,0.7,5.667851791410662,0.6368286948811401,0.49949400029522195,3,False,5.667851791410662,8.660588947106973e-07,True,0
5,ElasticNet,0.0001,0.1,6.211402561084596,1.5000208011132528,0.44810981668111477,3,False,6.211402561084596,9.846282894988056e-06,True,0
9,ElasticNet,1.0,0.9,6.844904138535074,0.7527767360787486,0.3954998401217642,3,False,6.844904138535074,5.030086278279278e-06,True,0
10,ElasticNet,1.0,0.9,6.844909078075801,0.752776196563113,0.3954994000868415,3,False,6.844909078075801,3.941538191831739e-06,True,0
8,ElasticNet,1.0,0.9,6.860793186190146,0.7806769862993606,0.39418677754710446,3,False,6.860793186190146,4.596352619068433e-06,True,0
7,ElasticNet,1.0,0.9,6.861145464184607,0.7812560261142911,0.3941575148625353,3,False,6.861145464184607,7.46737461643221e-07,True,0
6,ElasticNet,1.0,0.9,6.91768033849235,0.838798720357017,0.3893404080631299,3,False,6.91768033849235,1.6737205085215479e-06,True,0
5,ElasticNet,1.0,0.9,6.930994296466039,0.8387670074184344,0.3881592189728358,3,False,6.930994296466039,4.0764480002675185e-07,True,0
10,ElasticNet,1.0,0.95,7.175801666069616,0.8134020012938331,0.3663570407026359,3,False,7.175801666069616,1.4780261851088383e-06,True,0
9,ElasticNet,1.0,0.95,7.175802162056861,0.8134007675736499,0.3663569927461717,3,False,7.175802162056861,8.084456406542984e-07,True,0
7,ElasticNet,1.0,0.95,7.197024105419608,0.8430665731695142,0.36457818760635,3,False,7.197024105419608,2.013220704033536e-06,True,0
8,ElasticNet,1.0,0.95,7.197027336830275,0.8430700775039206,0.3645779134504144,3,False,7.197027336830275,4.867680467590674e-06,True,0
6,ElasticNet,1.0,0.95,7.215383532674143,0.8603383310214084,0.3630072418512114,3,False,7.215383532674143,8.551097796516416e-08,True,0
5,ElasticNet,1.0,0.95,7.226253018358361,0.868634882105443,0.36207284632318765,3,False,7.226253018358361,7.328347784052447e-06,True,0
6,LASSO,1.0,1.0,7.511010724242785,0.9006437501699335,0.3369200078769943,3,False,7.511010724242785,4.04201087944589e-06,True,0
9,LASSO,1.0,1.0,7.511758377942061,0.8917309827546477,0.33682163739373383,3,False,7.511758377942061,3.2519489692184322e-06,True,0
10,LASSO,1.0,1.0,7.511760383921186,0.8917286704320951,0.3368214519142369,3,False,7.511760383921186,7.309612430894674e-07,True,0
7,LASSO,1.0,1.0,7.5143070961992295,0.895378421902911,0.3366087200500081,3,False,7.5143070961992295,6.776773378347478e-06,True,0
8,LASSO,1.0,1.0,7.514307462303177,0.8953784745662136,0.336608687583886,3,False,7.5143074623031785,5.563809144626397e-06,True,0
5,LASSO,1.0,1.0,7.523600703342663,0.9206783648820838,0.33587395621691735,3,False,7.523600703342663,6.579622235936e-08,True,0
6,ElasticNet,1e-05,0.1,7.548576176364591,1.3829578601880181,0.3295185878714458,3,False,7.548576176364591,9.964602650374284e-06,True,0
6,ElasticNet,1e-05,0.3,7.597673496933346,1.77752381066407,0.3247058497729331,3,False,7.597673496933346,9.965351332860974e-06,True,0
6,ElasticNet,1e-05,0.5,7.7818683120257015,2.155156217491401,0.30718850839326883,3,False,7.7818683120257015,1.1307802776644302e-05,True,0
6,LASSO,1e-05,1.0,7.808368726943109,2.3722339033915105,0.3048569761288212,3,False,7.808368726943108,2.2514026941729424e-05,True,0
6,ElasticNet,1e-05,0.95,7.902998234301798,2.3791635854873956,0.2964782781770157,3,False,7.902998234301798,1.8732276714022474e-05,True,0
6,ElasticNet,1e-05,0.7,7.920107811705537,2.30565660505675,0.2942774526360538,3,False,7.920107811705537,1.7483493932868763e-05,True,0
6,ElasticNet,1e-05,0.9,7.927088951702611,2.597556998630959,0.29351090798949336,3,False,7.927088951702611,1.7865255153702704e-05,True,0
6,ElasticNet,1e-06,0.1,8.157546055991943,1.7637571584249259,0.27483636119471144,3,False,8.157546055991943,9.986034019453145e-06,True,0
6,ElasticNet,1e-06,0.3,8.251765101647107,2.194082970394049,0.2661794516054144,3,False,8.251765101647107,9.973351297000303e-06,True,0
6,ElasticNet,1e-06,0.5,8.517754706588958,2.5433222903673123,0.241160256158613,3,False,8.517754706588958,9.78245191575278e-06,True,0
6,ElasticNet,1e-06,0.7,8.672472887162112,2.466266376711812,0.226904162067431,3,False,8.672472887162112,9.989064488890172e-06,True,0
6,ElasticNet,1e-06,0.95,8.807988128287539,2.651239950045786,0.21510049176095491,3,False,8.807988128287539,9.948270519443243e-06,True,0
6,LASSO,1e-06,1.0,8.826539672615331,2.6258653427099294,0.21374352905673763,3,False,8.826539672615331,9.92548653551907e-06,True,0
6,ElasticNet,1e-06,0.9,8.843258147184665,2.805390492012951,0.21141845950394023,3,False,8.843258147184665,9.987586037443692e-06,True,0
10,ElasticNet,10.0,0.1,9.202780244044602,0.8757852649694274,0.18679993320688817,3,False,9.202780244044602,5.737005693395858e-06,True,0
9,ElasticNet,10.0,0.1,9.24940455672368,0.8599378364497624,0.1826114978291098,3,False,9.24940455672368,5.118312152663229e-06,True,0
8,ElasticNet,10.0,0.1,9.353185029864088,0.8717231921662071,0.17344750683134044,3,False,9.353185029864088,2.1217172885279467e-07,True,0
7,ElasticNet,10.0,0.1,9.475325333715237,0.8536223204693407,0.1625522083675848,3,False,9.475325333715237,2.487913034698863e-06,True,0
6,ElasticNet,10.0,0.1,9.673125892459064,0.8471655220159666,0.1449864540475262,3,False,9.673125892459064,5.160062377385088e-10,True,0
5,ElasticNet,10.0,0.1,10.002741805407224,0.8338420307283778,0.11570072351828779,3,False,10.002741805407224,2.46105159329435e-06,True,0
1,ElasticNet,0.1,0.5,10.304825124167111,1.0004265939125367,0.08913181929815983,3,False,10.304825124167111,2.8286941975569357e-06,True,0
1,ElasticNet,0.1,0.3,10.30708412708986,1.0123750721300229,0.08893968938863554,3,False,10.30708412708986,6.694789348934971e-07,True,0
1,ElasticNet,0.1,0.7,10.308533669311224,0.9847461378561073,0.08877288129353729,3,False,10.308533669311224,2.777033257517214e-08,True,0
1,ElasticNet,0.1,0.9,10.313977744969435,0.9681292811208443,0.08825798167966714,3,False,10.313977744969435,1.2586755693266838e-08,True,0
1,ElasticNet,0.1,0.1,10.314772015325518,1.0251473821987986,0.08827318332863972,3,False,10.314772015325518,3.772065063720881e-07,True,0
1,ElasticNet,0.1,0.95,10.315566074218038,0.9638735716902231,0.08810909004234795,3,False,10.315566074218037,1.4990561791883295e-08,True,0
1,LASSO,0.1,1.0,10.317274567712163,0.9595615858521055,0.08794944215020928,3,False,10.317274567712163,1.6666919414043413e-08,True,0
1,LASSO,0.01,1.0,10.32135197786636,1.0792374930239046,0.0877712613259537,3,False,10.321351977866362,3.49648601905006e-07,True,0
1,ElasticNet,0.01,0.95,10.32185228206003,1.0796680565849937,0.08772770641299914,3,False,10.32185228206003,3.2399048359270377e-07,True,0
1,ElasticNet,0.01,0.9,10.322353403587748,1.0800978176683016,0.0876840771853817,3,False,10.322353403587748,2.9858801437604443e-07,True,0
1,ElasticNet,0.01,0.7,10.324365962974792,1.0818088655711016,0.08750882599906751,3,False,10.324365962974792,1.9393430777513848e-07,True,0
1,ElasticNet,0.01,0.5,10.326391076284985,1.0835072463162607,0.08733243274574798,3,False,10.326391076284985,6.844001071166367e-08,True,0
1,ElasticNet,0.01,0.3,10.328428365076716,1.0851931134231718,0.0871549311675693,3,False,10.328428365076714,4.334893944973536e-08,True,0
1,Ridge,10.0,0.0,10.329457472825398,1.0816317818850223,0.08705993808449657,3,False,10.329457472825398,0.0,True,0
1,Ridge,100.0,0.0,10.329512273062079,0.9933177739776069,0.08691399600849799,3,False,10.329512273062079,0.0,True,0
1,ElasticNet,0.01,0.1,10.330477485710901,1.0868665225342768,0.08697635189985364,3,False,10.330477485710901,4.8989207377791305e-08,True,0
1,LASSO,0.001,1.0,10.33288112388967,1.0933220283109713,0.08677202611132988,3,False,10.33288112388967,2.1807860170692042e-08,True,0
1,ElasticNet,0.001,0.95,10.332934135959848,1.0933638380320894,0.08676740306061603,3,False,10.332934135959848,1.9811113331639e-08,True,0
1,ElasticNet,0.001,0.9,10.33298715513771,1.0934056398789953,0.08676277936178149,3,False,10.33298715513771,1.778340906499233e-08,True,0
1,ElasticNet,0.001,0.7,10.333199302739182,1.093572768412808,0.08674427810141054,3,False,10.333199302739182,9.349440536652806e-09,True,0
1,ElasticNet,0.001,0.5,10.333411563311655,1.0937397703508114,0.08672576653542811,3,False,10.333411563311655,4.3498478702460805e-09,True,0
1,ElasticNet,0.001,0.3,10.333623937029353,1.0939066456552342,0.08670724464651125,3,False,10.333623937029355,6.11277761552011e-09,True,0
1,Ridge,1.0,0.0,10.333691694716627,1.0935202994945532,0.08670084414204315,3,False,10.333691694716627,0.0,True,0
1,ElasticNet,0.001,0.1,10.333836425689093,1.0940733965428493,0.08668871227913273,3,False,10.33383642568909,5.667276533491091e-09,True,0
1,LASSO,0.0001,1.0,10.334098525387978,1.094731240211335,0.08666635849444215,3,False,10.334098525387978,2.180779897200595e-09,True,0
1,ElasticNet,0.0001,0.95,10.334103855497103,1.094735408648673,0.08666589359516252,3,False,10.334103855497101,1.9821656540252013e-09,True,0
1,ElasticNet,0.0001,0.9,10.334109185675183,1.094739577005025,0.08666542868958534,3,False,10.334109185675183,1.7800104509389965e-09,True,0
1,ElasticNet,0.0001,0.7,10.334130507069707,1.0947562496046532,0.08666356900490446,3,False,10.334130507069707,9.34198552473035e-10,True,0
1,ElasticNet,0.0001,0.5,10.334151829537477,1.0947729208277295,0.08666170922184235,3,False,10.334151829537477,4.427475139238816e-10,True,0
1,ElasticNet,0.0001,0.3,10.33417315313685,1.0947895906563394,0.08665984933499193,3,False,10.33417315313685,6.222070805734007e-10,True,0
1,Ridge,0.1,0.0,10.3341795513319,1.094750640587695,0.08665924258543393,3,False,10.3341795513319,0.0,True,0
1,ElasticNet,0.0001,0.1,10.33419447809178,1.094806259307388,0.08665798932485506,3,False,10.33419447809178,5.78983581945661e-10,True,0
1,LASSO,1e-05,1.0,10.334220910567225,1.094872168764846,0.08665573427726785,3,False,10.334220910567227,2.1807801302159706e-10,True,0
1,ElasticNet,1e-05,0.95,10.334221443866232,1.094872585483171,0.08665568776148043,3,False,10.334221443866232,1.982271029890841e-10,True,0
1,ElasticNet,1e-06,0.9,10.334221977165816,1.0948730022004463,0.08665564124563936,3,False,10.334221977165816,8.792217881177447e-06,True,0
1,ElasticNet,1e-05,0.9,10.334221977165816,1.0948730022004463,0.08665564124563936,3,False,10.334221977165816,1.7801776877959547e-10,True,0
1,ElasticNet,1e-06,0.7,10.334224110369233,1.0948746690574196,0.08665545518179651,3,False,10.334224110369231,8.376655813689994e-06,True,0
1,ElasticNet,1e-05,0.7,10.334224110369233,1.0948746690574196,0.08665545518179651,3,False,10.334224110369231,9.341145011598979e-11,True,0
1,ElasticNet,1e-06,0.5,10.334226243578959,1.0948763358894344,0.08665526911732808,3,False,10.334226243578959,7.961098751494063e-06,True,0
1,ElasticNet,1e-05,0.5,10.334226243578959,1.0948763358894344,0.08665526911732808,3,False,10.334226243578959,4.435301827077228e-11,True,0
1,ElasticNet,1e-06,0.3,10.33422837680091,1.0948780026946743,0.08665508305168641,3,False,10.33422837680091,7.54554354007721e-06,True,0
1,ElasticNet,1e-05,0.3,10.33422837680091,1.0948780026946743,0.08665508305168641,3,False,10.33422837680091,6.23304825086624e-11,True,0
1,Ridge,0.01,0.0,10.334229012817394,1.0948741045194923,0.08665502271216308,3,False,10.334229012817394,0.0,True,0
1,ElasticNet,1e-06,0.1,10.334230510057594,1.0948796694949072,0.08665489698291173,3,False,10.334230510057594,7.129984047869126e-06,True,0
1,ElasticNet,1e-05,0.1,10.334230510057594,1.0948796694949072,0.08665489698291173,3,False,10.334230510057594,5.802180319294025e-11,True,0
1,Ridge,0.001,0.0,10.334233965756987,1.0948864552263773,0.08665460012474602,3,False,10.334233965756987,0.0,True,0
1,Ridge,0.0001,0.0,10.33423446111889,1.0948876903402174,0.0866545578600005,3,False,10.33423446111889,0.0,True,0
1,Ridge,1e-05,0.0,10.33423451065576,1.0948878138520335,0.08665455363346593,3,False,10.33423451065576,0.0,True,0
1,Ridge,1e-06,0.0,10.334234515609454,1.0948878262032196,0.08665455321081177,3,False,10.334234515609452,0.0,True,0
1,LASSO,1e-06,1.0,10.334235471083067,1.094884480728215,0.08665446851004299,3,False,10.334235471083067,9.000001172329847e-06,True,0
1,ElasticNet,1e-06,0.95,10.334235524480194,1.0948845223182027,0.08665446385240953,3,False,10.334235524480194,8.831109596490085e-06,True,0
1,ElasticNet,1.0,0.1,10.60580384550084,0.8048919382938221,0.06201907149501099,3,False,10.60580384550084,1.7544882213726964e-11,True,0
1,Ridge,1000.0,0.0,10.734340425184572,0.7920101544281445,0.05057159406430689,3,False,10.734340425184572,0.0,True,0
1,ElasticNet,1.0,0.3,10.823591970277548,0.7352834632097118,0.04252015832251436,3,False,10.823591970277548,8.146816554699399e-13,True,0
1,ElasticNet,1.0,0.5,11.070379911241796,0.7212608378818864,0.02059532279248122,3,False,11.070379911241796,9.00834962180852e-13,True,0
1,ElasticNet,1.0,0.7,11.264113266680987,0.6897155209925959,0.0033206891179462885,3,False,11.264113266680987,2.220446049250313e-16,True,0
1,Ridge,10000.0,0.0,11.316458414187858,0.7277181972979209,-0.0012237550273594595,3,False,11.316458414187858,0.0,True,0
1,Ridge,100000.0,0.0,11.437650264865637,0.7214346303064331,-0.01198877437440323,3,False,11.437650264865637,0.0,True,0
1,ElasticNet,1.0,0.9,11.444683102142198,0.7072989624682687,-0.012658247977805534,3,False,11.444683102142198,1.1102230246251565e-16,True,0
1,Ridge,1000000.0,0.0,11.451022903801713,0.7208308421012961,-0.01317637253719639,3,False,11.451022903801713,0.0,True,0
1,LASSO,1.0,1.0,11.45252418555983,0.7207640872837461,-0.013309695650060238,3,False,11.45252418555983,0.0,True,0
1,LASSO,10.0,1.0,11.45252418555983,0.7207640872837461,-0.013309695650060238,3,False,11.45252418555983,0.0,True,0
1,LASSO,100.0,1.0,11.45252418555983,0.7207640872837461,-0.013309695650060238,3,False,11.45252418555983,0.0,True,0
1,LASSO,1000.0,1.0,11.45252418555983,0.7207640872837461,-0.013309695650060238,3,False,11.45252418555983,0.0,True,0
1,LASSO,10000.0,1.0,11.45252418555983,0.7207640872837461,-0.013309695650060238,3,False,11.45252418555983,0.0,True,0
1,LASSO,100000.0,1.0,11.45252418555983,0.7207640872837461,-0.013309695650060238,3,False,11.45252418555983,0.0,True,0
1,LASSO,1000000.0,1.0,11.45252418555983,0.7207640872837461,-0.013309695650060238,3,False,11.45252418555983,0.0,True,0
1,ElasticNet,10.0,0.1,11.45252418555983,0.7207640872837461,-0.013309695650060238,3,False,11.45252418555983,0.0,True,0
1,ElasticNet,100.0,0.1,11.45252418555983,0.7207640872837461,-0.013309695650060238,3,False,11.45252418555983,0.0,True,0
1,ElasticNet,1000.0,0.1,11.45252418555983,0.7207640872837461,-0.013309695650060238,3,False,11.45252418555983,0.0,True,0
1,ElasticNet,10000.0,0.1,11.45252418555983,0.7207640872837461,-0.013309695650060238,3,False,11.45252418555983,0.0,True,0
1,ElasticNet,100000.0,0.1,11.45252418555983,0.7207640872837461,-0.013309695650060238,3,False,11.45252418555983,0.0,True,0
1,ElasticNet,1000000.0,0.1,11.45252418555983,0.7207640872837461,-0.013309695650060238,3,False,11.45252418555983,0.0,True,0
1,ElasticNet,10.0,0.3,11.45252418555983,0.7207640872837461,-0.013309695650060238,3,False,11.45252418555983,0.0,True,0
1,ElasticNet,100.0,0.3,11.45252418555983,0.7207640872837461,-0.013309695650060238,3,False,11.45252418555983,0.0,True,0
1,ElasticNet,1000.0,0.3,11.45252418555983,0.7207640872837461,-0.013309695650060238,3,False,11.45252418555983,0.0,True,0
1,ElasticNet,10000.0,0.3,11.45252418555983,0.7207640872837461,-0.013309695650060238,3,False,11.45252418555983,0.0,True,0
1,ElasticNet,100000.0,0.3,11.45252418555983,0.7207640872837461,-0.013309695650060238,3,False,11.45252418555983,0.0,True,0
1,ElasticNet,1000000.0,0.3,11.45252418555983,0.7207640872837461,-0.013309695650060238,3,False,11.45252418555983,0.0,True,0
1,ElasticNet,10.0,0.5,11.45252418555983,0.7207640872837461,-0.013309695650060238,3,False,11.45252418555983,0.0,True,0
1,ElasticNet,100.0,0.5,11.45252418555983,0.7207640872837461,-0.013309695650060238,3,False,11.45252418555983,0.0,True,0
1,ElasticNet,1000.0,0.5,11.45252418555983,0.7207640872837461,-0.013309695650060238,3,False,11.45252418555983,0.0,True,0
1,ElasticNet,10000.0,0.5,11.45252418555983,0.7207640872837461,-0.013309695650060238,3,False,11.45252418555983,0.0,True,0
1,ElasticNet,100000.0,0.5,11.45252418555983,0.7207640872837461,-0.013309695650060238,3,False,11.45252418555983,0.0,True,0
1,ElasticNet,1000000.0,0.5,11.45252418555983,0.7207640872837461,-0.013309695650060238,3,False,11.45252418555983,0.0,True,0
1,ElasticNet,10.0,0.7,11.45252418555983,0.7207640872837461,-0.013309695650060238,3,False,11.45252418555983,0.0,True,0
1,ElasticNet,100.0,0.7,11.45252418555983,0.7207640872837461,-0.013309695650060238,3,False,11.45252418555983,0.0,True,0
1,ElasticNet,1000.0,0.7,11.45252418555983,0.7207640872837461,-0.013309695650060238,3,False,11.45252418555983,0.0,True,0
1,ElasticNet,10000.0,0.7,11.45252418555983,0.7207640872837461,-0.013309695650060238,3,False,11.45252418555983,0.0,True,0
1,ElasticNet,100000.0,0.7,11.45252418555983,0.7207640872837461,-0.013309695650060238,3,False,11.45252418555983,0.0,True,0
1,ElasticNet,1000000.0,0.7,11.45252418555983,0.7207640872837461,-0.013309695650060238,3,False,11.45252418555983,0.0,True,0
1,ElasticNet,10.0,0.9,11.45252418555983,0.7207640872837461,-0.013309695650060238,3,False,11.45252418555983,0.0,True,0
1,ElasticNet,100.0,0.9,11.45252418555983,0.7207640872837461,-0.013309695650060238,3,False,11.45252418555983,0.0,True,0
1,ElasticNet,1000.0,0.9,11.45252418555983,0.7207640872837461,-0.013309695650060238,3,False,11.45252418555983,0.0,True,0
1,ElasticNet,10000.0,0.9,11.45252418555983,0.7207640872837461,-0.013309695650060238,3,False,11.45252418555983,0.0,True,0
1,ElasticNet,100000.0,0.9,11.45252418555983,0.7207640872837461,-0.013309695650060238,3,False,11.45252418555983,0.0,True,0
1,ElasticNet,1000000.0,0.9,11.45252418555983,0.7207640872837461,-0.013309695650060238,3,False,11.45252418555983,0.0,True,0
1,ElasticNet,1.0,0.95,11.45252418555983,0.7207640872837461,-0.013309695650060238,3,False,11.45252418555983,0.0,True,0
1,ElasticNet,10.0,0.95,11.45252418555983,0.7207640872837461,-0.013309695650060238,3,False,11.45252418555983,0.0,True,0
1,ElasticNet,100.0,0.95,11.45252418555983,0.7207640872837461,-0.013309695650060238,3,False,11.45252418555983,0.0,True,0
1,ElasticNet,1000.0,0.95,11.45252418555983,0.7207640872837461,-0.013309695650060238,3,False,11.45252418555983,0.0,True,0
1,ElasticNet,10000.0,0.95,11.45252418555983,0.7207640872837461,-0.013309695650060238,3,False,11.45252418555983,0.0,True,0
1,ElasticNet,100000.0,0.95,11.45252418555983,0.7207640872837461,-0.013309695650060238,3,False,11.45252418555983,0.0,True,0
1,ElasticNet,1000000.0,0.95,11.45252418555983,0.7207640872837461,-0.013309695650060238,3,False,11.45252418555983,0.0,True,0
5,LASSO,10.0,1.0,11.45252418555983,0.7207640872837461,-0.013309695650060238,3,False,11.45252418555983,0.0,True,0
5,LASSO,100.0,1.0,11.45252418555983,0.7207640872837461,-0.013309695650060238,3,False,11.45252418555983,0.0,True,0
5,LASSO,1000.0,1.0,11.45252418555983,0.7207640872837461,-0.013309695650060238,3,False,11.45252418555983,0.0,True,0
5,LASSO,10000.0,1.0,11.45252418555983,0.7207640872837461,-0.013309695650060238,3,False,11.45252418555983,0.0,True,0
5,LASSO,100000.0,1.0,11.45252418555983,0.7207640872837461,-0.013309695650060238,3,False,11.45252418555983,0.0,True,0
5,LASSO,1000000.0,1.0,11.45252418555983,0.7207640872837461,-0.013309695650060238,3,False,11.45252418555983,0.0,True,0
5,ElasticNet,100.0,0.1,11.45252418555983,0.7207640872837461,-0.013309695650060238,3,False,11.45252418555983,0.0,True,0
5,ElasticNet,1000.0,0.1,11.45252418555983,0.7207640872837461,-0.013309695650060238,3,False,11.45252418555983,0.0,True,0
5,ElasticNet,10000.0,0.1,11.45252418555983,0.7207640872837461,-0.013309695650060238,3,False,11.45252418555983,0.0,True,0
5,ElasticNet,100000.0,0.1,11.45252418555983,0.7207640872837461,-0.013309695650060238,3,False,11.45252418555983,0.0,True,0
5,ElasticNet,1000000.0,0.1,11.45252418555983,0.7207640872837461,-0.013309695650060238,3,False,11.45252418555983,0.0,True,0
5,ElasticNet,10.0,0.3,11.45252418555983,0.7207640872837461,-0.013309695650060238,3,False,11.45252418555983,0.0,True,0
5,ElasticNet,100.0,0.3,11.45252418555983,0.7207640872837461,-0.013309695650060238,3,False,11.45252418555983,0.0,True,0
5,ElasticNet,1000.0,0.3,11.45252418555983,0.7207640872837461,-0.013309695650060238,3,False,11.45252418555983,0.0,True,0
5,ElasticNet,10000.0,0.3,11.45252418555983,0.7207640872837461,-0.013309695650060238,3,False,11.45252418555983,0.0,True,0
5,ElasticNet,100000.0,0.3,11.45252418555983,0.7207640872837461,-0.013309695650060238,3,False,11.45252418555983,0.0,True,0
5,ElasticNet,1000000.0,0.3,11.45252418555983,0.7207640872837461,-0.013309695650060238,3,False,11.45252418555983,0.0,True,0
5,ElasticNet,10.0,0.5,11.45252418555983,0.7207640872837461,-0.013309695650060238,3,False,11.45252418555983,0.0,True,0
5,ElasticNet,100.0,0.5,11.45252418555983,0.7207640872837461,-0.013309695650060238,3,False,11.45252418555983,0.0,True,0
5,ElasticNet,1000.0,0.5,11.45252418555983,0.7207640872837461,-0.013309695650060238,3,False,11.45252418555983,0.0,True,0
5,ElasticNet,10000.0,0.5,11.45252418555983,0.7207640872837461,-0.013309695650060238,3,False,11.45252418555983,0.0,True,0
5,ElasticNet,100000.0,0.5,11.45252418555983,0.7207640872837461,-0.013309695650060238,3,False,11.45252418555983,0.0,True,0
5,ElasticNet,1000000.0,0.5,11.45252418555983,0.7207640872837461,-0.013309695650060238,3,False,11.45252418555983,0.0,True,0
5,ElasticNet,10.0,0.7,11.45252418555983,0.7207640872837461,-0.013309695650060238,3,False,11.45252418555983,0.0,True,0
5,ElasticNet,100.0,0.7,11.45252418555983,0.7207640872837461,-0.013309695650060238,3,False,11.45252418555983,0.0,True,0
5,ElasticNet,1000.0,0.7,11.45252418555983,0.7207640872837461,-0.013309695650060238,3,False,11.45252418555983,0.0,True,0
5,ElasticNet,10000.0,0.7,11.45252418555983,0.7207640872837461,-0.013309695650060238,3,False,11.45252418555983,0.0,True,0
5,ElasticNet,100000.0,0.7,11.45252418555983,0.7207640872837461,-0.013309695650060238,3,False,11.45252418555983,0.0,True,0
5,ElasticNet,1000000.0,0.7,11.45252418555983,0.7207640872837461,-0.013309695650060238,3,False,11.45252418555983,0.0,True,0
5,ElasticNet,10.0,0.9,11.45252418555983,0.7207640872837461,-0.013309695650060238,3,False,11.45252418555983,0.0,True,0
5,ElasticNet,100.0,0.9,11.45252418555983,0.7207640872837461,-0.013309695650060238,3,False,11.45252418555983,0.0,True,0
5,ElasticNet,1000.0,0.9,11.45252418555983,0.7207640872837461,-0.013309695650060238,3,False,11.45252418555983,0.0,True,0
5,ElasticNet,10000.0,0.9,11.45252418555983,0.7207640872837461,-0.013309695650060238,3,False,11.45252418555983,0.0,True,0
5,ElasticNet,100000.0,0.9,11.45252418555983,0.7207640872837461,-0.013309695650060238,3,False,11.45252418555983,0.0,True,0
5,ElasticNet,1000000.0,0.9,11.45252418555983,0.7207640872837461,-0.013309695650060238,3,False,11.45252418555983,0.0,True,0
5,ElasticNet,10.0,0.95,11.45252418555983,0.7207640872837461,-0.013309695650060238,3,False,11.45252418555983,0.0,True,0
5,ElasticNet,100.0,0.95,11.45252418555983,0.7207640872837461,-0.013309695650060238,3,False,11.45252418555983,0.0,True,0
5,ElasticNet,1000.0,0.95,11.45252418555983,0.7207640872837461,-0.013309695650060238,3,False,11.45252418555983,0.0,True,0
5,ElasticNet,10000.0,0.95,11.45252418555983,0.7207640872837461,-0.013309695650060238,3,False,11.45252418555983,0.0,True,0
5,ElasticNet,100000.0,0.95,11.45252418555983,0.7207640872837461,-0.013309695650060238,3,False,11.45252418555983,0.0,True,0
5,ElasticNet,1000000.0,0.95,11.45252418555983,0.7207640872837461,-0.013309695650060238,3,False,11.45252418555983,0.0,True,0
6,LASSO,10.0,1.0,11.45252418555983,0.7207640872837461,-0.013309695650060238,3,False,11.45252418555983,0.0,True,0
6,LASSO,100.0,1.0,11.45252418555983,0.7207640872837461,-0.013309695650060238,3,False,11.45252418555983,0.0,True,0
6,LASSO,1000.0,1.0,11.45252418555983,0.7207640872837461,-0.013309695650060238,3,False,11.45252418555983,0.0,True,0
6,LASSO,10000.0,1.0,11.45252418555983,0.7207640872837461,-0.013309695650060238,3,False,11.45252418555983,0.0,True,0
6,LASSO,100000.0,1.0,11.45252418555983,0.7207640872837461,-0.013309695650060238,3,False,11.45252418555983,0.0,True,0
6,LASSO,1000000.0,1.0,11.45252418555983,0.7207640872837461,-0.013309695650060238,3,False,11.45252418555983,0.0,True,0
6,ElasticNet,100.0,0.1,11.45252418555983,0.7207640872837461,-0.013309695650060238,3,False,11.45252418555983,0.0,True,0
6,ElasticNet,1000.0,0.1,11.45252418555983,0.7207640872837461,-0.013309695650060238,3,False,11.45252418555983,0.0,True,0
6,ElasticNet,10000.0,0.1,11.45252418555983,0.7207640872837461,-0.013309695650060238,3,False,11.45252418555983,0.0,True,0
6,ElasticNet,100000.0,0.1,11.45252418555983,0.7207640872837461,-0.013309695650060238,3,False,11.45252418555983,0.0,True,0
6,ElasticNet,1000000.0,0.1,11.45252418555983,0.7207640872837461,-0.013309695650060238,3,False,11.45252418555983,0.0,True,0
6,ElasticNet,10.0,0.3,11.45252418555983,0.7207640872837461,-0.013309695650060238,3,False,11.45252418555983,0.0,True,0
6,ElasticNet,100.0,0.3,11.45252418555983,0.7207640872837461,-0.013309695650060238,3,False,11.45252418555983,0.0,True,0
6,ElasticNet,1000.0,0.3,11.45252418555983,0.7207640872837461,-0.013309695650060238,3,False,11.45252418555983,0.0,True,0
6,ElasticNet,10000.0,0.3,11.45252418555983,0.7207640872837461,-0.013309695650060238,3,False,11.45252418555983,0.0,True,0
6,ElasticNet,100000.0,0.3,11.45252418555983,0.7207640872837461,-0.013309695650060238,3,False,11.45252418555983,0.0,True,0
6,ElasticNet,1000000.0,0.3,11.45252418555983,0.7207640872837461,-0.013309695650060238,3,False,11.45252418555983,0.0,True,0
6,ElasticNet,10.0,0.5,11.45252418555983,0.7207640872837461,-0.013309695650060238,3,False,11.45252418555983,0.0,True,0
6,ElasticNet,100.0,0.5,11.45252418555983,0.7207640872837461,-0.013309695650060238,3,False,11.45252418555983,0.0,True,0
6,ElasticNet,1000.0,0.5,11.45252418555983,0.7207640872837461,-0.013309695650060238,3,False,11.45252418555983,0.0,True,0
6,ElasticNet,10000.0,0.5,11.45252418555983,0.7207640872837461,-0.013309695650060238,3,False,11.45252418555983,0.0,True,0
6,ElasticNet,100000.0,0.5,11.45252418555983,0.7207640872837461,-0.013309695650060238,3,False,11.45252418555983,0.0,True,0
6,ElasticNet,1000000.0,0.5,11.45252418555983,0.7207640872837461,-0.013309695650060238,3,False,11.45252418555983,0.0,True,0
6,ElasticNet,10.0,0.7,11.45252418555983,0.7207640872837461,-0.013309695650060238,3,False,11.45252418555983,0.0,True,0
6,ElasticNet,100.0,0.7,11.45252418555983,0.7207640872837461,-0.013309695650060238,3,False,11.45252418555983,0.0,True,0
6,ElasticNet,1000.0,0.7,11.45252418555983,0.7207640872837461,-0.013309695650060238,3,False,11.45252418555983,0.0,True,0
6,ElasticNet,10000.0,0.7,11.45252418555983,0.7207640872837461,-0.013309695650060238,3,False,11.45252418555983,0.0,True,0
6,ElasticNet,100000.0,0.7,11.45252418555983,0.7207640872837461,-0.013309695650060238,3,False,11.45252418555983,0.0,True,0
6,ElasticNet,1000000.0,0.7,11.45252418555983,0.7207640872837461,-0.013309695650060238,3,False,11.45252418555983,0.0,True,0
6,ElasticNet,10.0,0.9,11.45252418555983,0.7207640872837461,-0.013309695650060238,3,False,11.45252418555983,0.0,True,0
6,ElasticNet,100.0,0.9,11.45252418555983,0.7207640872837461,-0.013309695650060238,3,False,11.45252418555983,0.0,True,0
6,ElasticNet,1000.0,0.9,11.45252418555983,0.7207640872837461,-0.013309695650060238,3,False,11.45252418555983,0.0,True,0
6,ElasticNet,10000.0,0.9,11.45252418555983,0.7207640872837461,-0.013309695650060238,3,False,11.45252418555983,0.0,True,0
6,ElasticNet,100000.0,0.9,11.45252418555983,0.7207640872837461,-0.013309695650060238,3,False,11.45252418555983,0.0,True,0
6,ElasticNet,1000000.0,0.9,11.45252418555983,0.7207640872837461,-0.013309695650060238,3,False,11.45252418555983,0.0,True,0
6,ElasticNet,10.0,0.95,11.45252418555983,0.7207640872837461,-0.013309695650060238,3,False,11.45252418555983,0.0,True,0
6,ElasticNet,100.0,0.95,11.45252418555983,0.7207640872837461,-0.013309695650060238,3,False,11.45252418555983,0.0,True,0
6,ElasticNet,1000.0,0.95,11.45252418555983,0.7207640872837461,-0.013309695650060238,3,False,11.45252418555983,0.0,True,0
6,ElasticNet,10000.0,0.95,11.45252418555983,0.7207640872837461,-0.013309695650060238,3,False,11.45252418555983,0.0,True,0
6,ElasticNet,100000.0,0.95,11.45252418555983,0.7207640872837461,-0.013309695650060238,3,False,11.45252418555983,0.0,True,0
6,ElasticNet,1000000.0,0.95,11.45252418555983,0.7207640872837461,-0.013309695650060238,3,False,11.45252418555983,0.0,True,0
7,LASSO,10.0,1.0,11.45252418555983,0.7207640872837461,-0.013309695650060238,3,False,11.45252418555983,0.0,True,0
7,LASSO,100.0,1.0,11.45252418555983,0.7207640872837461,-0.013309695650060238,3,False,11.45252418555983,0.0,True,0
7,LASSO,1000.0,1.0,11.45252418555983,0.7207640872837461,-0.013309695650060238,3,False,11.45252418555983,0.0,True,0
7,LASSO,10000.0,1.0,11.45252418555983,0.7207640872837461,-0.013309695650060238,3,False,11.45252418555983,0.0,True,0
7,LASSO,100000.0,1.0,11.45252418555983,0.7207640872837461,-0.013309695650060238,3,False,11.45252418555983,0.0,True,0
7,LASSO,1000000.0,1.0,11.45252418555983,0.7207640872837461,-0.013309695650060238,3,False,11.45252418555983,0.0,True,0
7,ElasticNet,100.0,0.1,11.45252418555983,0.7207640872837461,-0.013309695650060238,3,False,11.45252418555983,0.0,True,0
7,ElasticNet,1000.0,0.1,11.45252418555983,0.7207640872837461,-0.013309695650060238,3,False,11.45252418555983,0.0,True,0
7,ElasticNet,10000.0,0.1,11.45252418555983,0.7207640872837461,-0.013309695650060238,3,False,11.45252418555983,0.0,True,0
7,ElasticNet,100000.0,0.1,11.45252418555983,0.7207640872837461,-0.013309695650060238,3,False,11.45252418555983,0.0,True,0
7,ElasticNet,1000000.0,0.1,11.45252418555983,0.7207640872837461,-0.013309695650060238,3,False,11.45252418555983,0.0,True,0
7,ElasticNet,10.0,0.3,11.45252418555983,0.7207640872837461,-0.013309695650060238,3,False,11.45252418555983,0.0,True,0
7,ElasticNet,100.0,0.3,11.45252418555983,0.7207640872837461,-0.013309695650060238,3,False,11.45252418555983,0.0,True,0
7,ElasticNet,1000.0,0.3,11.45252418555983,0.7207640872837461,-0.013309695650060238,3,False,11.45252418555983,0.0,True,0
7,ElasticNet,10000.0,0.3,11.45252418555983,0.7207640872837461,-0.013309695650060238,3,False,11.45252418555983,0.0,True,0
7,ElasticNet,100000.0,0.3,11.45252418555983,0.7207640872837461,-0.013309695650060238,3,False,11.45252418555983,0.0,True,0
7,ElasticNet,1000000.0,0.3,11.45252418555983,0.7207640872837461,-0.013309695650060238,3,False,11.45252418555983,0.0,True,0
7,ElasticNet,10.0,0.5,11.45252418555983,0.7207640872837461,-0.013309695650060238,3,False,11.45252418555983,0.0,True,0
7,ElasticNet,100.0,0.5,11.45252418555983,0.7207640872837461,-0.013309695650060238,3,False,11.45252418555983,0.0,True,0
7,ElasticNet,1000.0,0.5,11.45252418555983,0.7207640872837461,-0.013309695650060238,3,False,11.45252418555983,0.0,True,0
7,ElasticNet,10000.0,0.5,11.45252418555983,0.7207640872837461,-0.013309695650060238,3,False,11.45252418555983,0.0,True,0
7,ElasticNet,100000.0,0.5,11.45252418555983,0.7207640872837461,-0.013309695650060238,3,False,11.45252418555983,0.0,True,0
7,ElasticNet,1000000.0,0.5,11.45252418555983,0.7207640872837461,-0.013309695650060238,3,False,11.45252418555983,0.0,True,0
7,ElasticNet,10.0,0.7,11.45252418555983,0.7207640872837461,-0.013309695650060238,3,False,11.45252418555983,0.0,True,0
7,ElasticNet,100.0,0.7,11.45252418555983,0.7207640872837461,-0.013309695650060238,3,False,11.45252418555983,0.0,True,0
7,ElasticNet,1000.0,0.7,11.45252418555983,0.7207640872837461,-0.013309695650060238,3,False,11.45252418555983,0.0,True,0
7,ElasticNet,10000.0,0.7,11.45252418555983,0.7207640872837461,-0.013309695650060238,3,False,11.45252418555983,0.0,True,0
7,ElasticNet,100000.0,0.7,11.45252418555983,0.7207640872837461,-0.013309695650060238,3,False,11.45252418555983,0.0,True,0
7,ElasticNet,1000000.0,0.7,11.45252418555983,0.7207640872837461,-0.013309695650060238,3,False,11.45252418555983,0.0,True,0
7,ElasticNet,10.0,0.9,11.45252418555983,0.7207640872837461,-0.013309695650060238,3,False,11.45252418555983,0.0,True,0
7,ElasticNet,100.0,0.9,11.45252418555983,0.7207640872837461,-0.013309695650060238,3,False,11.45252418555983,0.0,True,0
7,ElasticNet,1000.0,0.9,11.45252418555983,0.7207640872837461,-0.013309695650060238,3,False,11.45252418555983,0.0,True,0
7,ElasticNet,10000.0,0.9,11.45252418555983,0.7207640872837461,-0.013309695650060238,3,False,11.45252418555983,0.0,True,0
7,ElasticNet,100000.0,0.9,11.45252418555983,0.7207640872837461,-0.013309695650060238,3,False,11.45252418555983,0.0,True,0
7,ElasticNet,1000000.0,0.9,11.45252418555983,0.7207640872837461,-0.013309695650060238,3,False,11.45252418555983,0.0,True,0
7,ElasticNet,10.0,0.95,11.45252418555983,0.7207640872837461,-0.013309695650060238,3,False,11.45252418555983,0.0,True,0
7,ElasticNet,100.0,0.95,11.45252418555983,0.7207640872837461,-0.013309695650060238,3,False,11.45252418555983,0.0,True,0
7,ElasticNet,1000.0,0.95,11.45252418555983,0.7207640872837461,-0.013309695650060238,3,False,11.45252418555983,0.0,True,0
7,ElasticNet,10000.0,0.95,11.45252418555983,0.7207640872837461,-0.013309695650060238,3,False,11.45252418555983,0.0,True,0
7,ElasticNet,100000.0,0.95,11.45252418555983,0.7207640872837461,-0.013309695650060238,3,False,11.45252418555983,0.0,True,0
7,ElasticNet,1000000.0,0.95,11.45252418555983,0.7207640872837461,-0.013309695650060238,3,False,11.45252418555983,0.0,True,0
8,LASSO,10.0,1.0,11.45252418555983,0.7207640872837461,-0.013309695650060238,3,False,11.45252418555983,0.0,True,0
8,LASSO,100.0,1.0,11.45252418555983,0.7207640872837461,-0.013309695650060238,3,False,11.45252418555983,0.0,True,0
8,LASSO,1000.0,1.0,11.45252418555983,0.7207640872837461,-0.013309695650060238,3,False,11.45252418555983,0.0,True,0
8,LASSO,10000.0,1.0,11.45252418555983,0.7207640872837461,-0.013309695650060238,3,False,11.45252418555983,0.0,True,0
8,LASSO,100000.0,1.0,11.45252418555983,0.7207640872837461,-0.013309695650060238,3,False,11.45252418555983,0.0,True,0
8,LASSO,1000000.0,1.0,11.45252418555983,0.7207640872837461,-0.013309695650060238,3,False,11.45252418555983,0.0,True,0
8,ElasticNet,100.0,0.1,11.45252418555983,0.7207640872837461,-0.013309695650060238,3,False,11.45252418555983,0.0,True,0
8,ElasticNet,1000.0,0.1,11.45252418555983,0.7207640872837461,-0.013309695650060238,3,False,11.45252418555983,0.0,True,0
8,ElasticNet,10000.0,0.1,11.45252418555983,0.7207640872837461,-0.013309695650060238,3,False,11.45252418555983,0.0,True,0
8,ElasticNet,100000.0,0.1,11.45252418555983,0.7207640872837461,-0.013309695650060238,3,False,11.45252418555983,0.0,True,0
8,ElasticNet,1000000.0,0.1,11.45252418555983,0.7207640872837461,-0.013309695650060238,3,False,11.45252418555983,0.0,True,0
8,ElasticNet,10.0,0.3,11.45252418555983,0.7207640872837461,-0.013309695650060238,3,False,11.45252418555983,0.0,True,0
8,ElasticNet,100.0,0.3,11.45252418555983,0.7207640872837461,-0.013309695650060238,3,False,11.45252418555983,0.0,True,0
8,ElasticNet,1000.0,0.3,11.45252418555983,0.7207640872837461,-0.013309695650060238,3,False,11.45252418555983,0.0,True,0
8,ElasticNet,10000.0,0.3,11.45252418555983,0.7207640872837461,-0.013309695650060238,3,False,11.45252418555983,0.0,True,0
8,ElasticNet,100000.0,0.3,11.45252418555983,0.7207640872837461,-0.013309695650060238,3,False,11.45252418555983,0.0,True,0
8,ElasticNet,1000000.0,0.3,11.45252418555983,0.7207640872837461,-0.013309695650060238,3,False,11.45252418555983,0.0,True,0
8,ElasticNet,10.0,0.5,11.45252418555983,0.7207640872837461,-0.013309695650060238,3,False,11.45252418555983,0.0,True,0
8,ElasticNet,100.0,0.5,11.45252418555983,0.7207640872837461,-0.013309695650060238,3,False,11.45252418555983,0.0,True,0
8,ElasticNet,1000.0,0.5,11.45252418555983,0.7207640872837461,-0.013309695650060238,3,False,11.45252418555983,0.0,True,0
8,ElasticNet,10000.0,0.5,11.45252418555983,0.7207640872837461,-0.013309695650060238,3,False,11.45252418555983,0.0,True,0
8,ElasticNet,100000.0,0.5,11.45252418555983,0.7207640872837461,-0.013309695650060238,3,False,11.45252418555983,0.0,True,0
8,ElasticNet,1000000.0,0.5,11.45252418555983,0.7207640872837461,-0.013309695650060238,3,False,11.45252418555983,0.0,True,0
8,ElasticNet,10.0,0.7,11.45252418555983,0.7207640872837461,-0.013309695650060238,3,False,11.45252418555983,0.0,True,0
8,ElasticNet,100.0,0.7,11.45252418555983,0.7207640872837461,-0.013309695650060238,3,False,11.45252418555983,0.0,True,0
8,ElasticNet,1000.0,0.7,11.45252418555983,0.7207640872837461,-0.013309695650060238,3,False,11.45252418555983,0.0,True,0
8,ElasticNet,10000.0,0.7,11.45252418555983,0.7207640872837461,-0.013309695650060238,3,False,11.45252418555983,0.0,True,0
8,ElasticNet,100000.0,0.7,11.45252418555983,0.7207640872837461,-0.013309695650060238,3,False,11.45252418555983,0.0,True,0
8,ElasticNet,1000000.0,0.7,11.45252418555983,0.7207640872837461,-0.013309695650060238,3,False,11.45252418555983,0.0,True,0
8,ElasticNet,10.0,0.9,11.45252418555983,0.7207640872837461,-0.013309695650060238,3,False,11.45252418555983,0.0,True,0
8,ElasticNet,100.0,0.9,11.45252418555983,0.7207640872837461,-0.013309695650060238,3,False,11.45252418555983,0.0,True,0
8,ElasticNet,1000.0,0.9,11.45252418555983,0.7207640872837461,-0.013309695650060238,3,False,11.45252418555983,0.0,True,0
8,ElasticNet,10000.0,0.9,11.45252418555983,0.7207640872837461,-0.013309695650060238,3,False,11.45252418555983,0.0,True,0
8,ElasticNet,100000.0,0.9,11.45252418555983,0.7207640872837461,-0.013309695650060238,3,False,11.45252418555983,0.0,True,0
8,ElasticNet,1000000.0,0.9,11.45252418555983,0.7207640872837461,-0.013309695650060238,3,False,11.45252418555983,0.0,True,0
8,ElasticNet,10.0,0.95,11.45252418555983,0.7207640872837461,-0.013309695650060238,3,False,11.45252418555983,0.0,True,0
8,ElasticNet,100.0,0.95,11.45252418555983,0.7207640872837461,-0.013309695650060238,3,False,11.45252418555983,0.0,True,0
8,ElasticNet,1000.0,0.95,11.45252418555983,0.7207640872837461,-0.013309695650060238,3,False,11.45252418555983,0.0,True,0
8,ElasticNet,10000.0,0.95,11.45252418555983,0.7207640872837461,-0.013309695650060238,3,False,11.45252418555983,0.0,True,0
8,ElasticNet,100000.0,0.95,11.45252418555983,0.7207640872837461,-0.013309695650060238,3,False,11.45252418555983,0.0,True,0
8,ElasticNet,1000000.0,0.95,11.45252418555983,0.7207640872837461,-0.013309695650060238,3,False,11.45252418555983,0.0,True,0
9,LASSO,10.0,1.0,11.45252418555983,0.7207640872837461,-0.013309695650060238,3,False,11.45252418555983,0.0,True,0
9,LASSO,100.0,1.0,11.45252418555983,0.7207640872837461,-0.013309695650060238,3,False,11.45252418555983,0.0,True,0
9,LASSO,1000.0,1.0,11.45252418555983,0.7207640872837461,-0.013309695650060238,3,False,11.45252418555983,0.0,True,0
9,LASSO,10000.0,1.0,11.45252418555983,0.7207640872837461,-0.013309695650060238,3,False,11.45252418555983,0.0,True,0
9,LASSO,100000.0,1.0,11.45252418555983,0.7207640872837461,-0.013309695650060238,3,False,11.45252418555983,0.0,True,0
9,LASSO,1000000.0,1.0,11.45252418555983,0.7207640872837461,-0.013309695650060238,3,False,11.45252418555983,0.0,True,0
9,ElasticNet,100.0,0.1,11.45252418555983,0.7207640872837461,-0.013309695650060238,3,False,11.45252418555983,0.0,True,0
9,ElasticNet,1000.0,0.1,11.45252418555983,0.7207640872837461,-0.013309695650060238,3,False,11.45252418555983,0.0,True,0
9,ElasticNet,10000.0,0.1,11.45252418555983,0.7207640872837461,-0.013309695650060238,3,False,11.45252418555983,0.0,True,0
9,ElasticNet,100000.0,0.1,11.45252418555983,0.7207640872837461,-0.013309695650060238,3,False,11.45252418555983,0.0,True,0
9,ElasticNet,1000000.0,0.1,11.45252418555983,0.7207640872837461,-0.013309695650060238,3,False,11.45252418555983,0.0,True,0
9,ElasticNet,10.0,0.3,11.45252418555983,0.7207640872837461,-0.013309695650060238,3,False,11.45252418555983,0.0,True,0
9,ElasticNet,100.0,0.3,11.45252418555983,0.7207640872837461,-0.013309695650060238,3,False,11.45252418555983,0.0,True,0
9,ElasticNet,1000.0,0.3,11.45252418555983,0.7207640872837461,-0.013309695650060238,3,False,11.45252418555983,0.0,True,0
9,ElasticNet,10000.0,0.3,11.45252418555983,0.7207640872837461,-0.013309695650060238,3,False,11.45252418555983,0.0,True,0
9,ElasticNet,100000.0,0.3,11.45252418555983,0.7207640872837461,-0.013309695650060238,3,False,11.45252418555983,0.0,True,0
9,ElasticNet,1000000.0,0.3,11.45252418555983,0.7207640872837461,-0.013309695650060238,3,False,11.45252418555983,0.0,True,0
9,ElasticNet,10.0,0.5,11.45252418555983,0.7207640872837461,-0.013309695650060238,3,False,11.45252418555983,0.0,True,0
9,ElasticNet,100.0,0.5,11.45252418555983,0.7207640872837461,-0.013309695650060238,3,False,11.45252418555983,0.0,True,0
9,ElasticNet,1000.0,0.5,11.45252418555983,0.7207640872837461,-0.013309695650060238,3,False,11.45252418555983,0.0,True,0
9,ElasticNet,10000.0,0.5,11.45252418555983,0.7207640872837461,-0.013309695650060238,3,False,11.45252418555983,0.0,True,0
9,ElasticNet,100000.0,0.5,11.45252418555983,0.7207640872837461,-0.013309695650060238,3,False,11.45252418555983,0.0,True,0
9,ElasticNet,1000000.0,0.5,11.45252418555983,0.7207640872837461,-0.013309695650060238,3,False,11.45252418555983,0.0,True,0
9,ElasticNet,10.0,0.7,11.45252418555983,0.7207640872837461,-0.013309695650060238,3,False,11.45252418555983,0.0,True,0
9,ElasticNet,100.0,0.7,11.45252418555983,0.7207640872837461,-0.013309695650060238,3,False,11.45252418555983,0.0,True,0
9,ElasticNet,1000.0,0.7,11.45252418555983,0.7207640872837461,-0.013309695650060238,3,False,11.45252418555983,0.0,True,0
9,ElasticNet,10000.0,0.7,11.45252418555983,0.7207640872837461,-0.013309695650060238,3,False,11.45252418555983,0.0,True,0
9,ElasticNet,100000.0,0.7,11.45252418555983,0.7207640872837461,-0.013309695650060238,3,False,11.45252418555983,0.0,True,0
9,ElasticNet,1000000.0,0.7,11.45252418555983,0.7207640872837461,-0.013309695650060238,3,False,11.45252418555983,0.0,True,0
9,ElasticNet,10.0,0.9,11.45252418555983,0.7207640872837461,-0.013309695650060238,3,False,11.45252418555983,0.0,True,0
9,ElasticNet,100.0,0.9,11.45252418555983,0.7207640872837461,-0.013309695650060238,3,False,11.45252418555983,0.0,True,0
9,ElasticNet,1000.0,0.9,11.45252418555983,0.7207640872837461,-0.013309695650060238,3,False,11.45252418555983,0.0,True,0
9,ElasticNet,10000.0,0.9,11.45252418555983,0.7207640872837461,-0.013309695650060238,3,False,11.45252418555983,0.0,True,0
9,ElasticNet,100000.0,0.9,11.45252418555983,0.7207640872837461,-0.013309695650060238,3,False,11.45252418555983,0.0,True,0
9,ElasticNet,1000000.0,0.9,11.45252418555983,0.7207640872837461,-0.013309695650060238,3,False,11.45252418555983,0.0,True,0
9,ElasticNet,10.0,0.95,11.45252418555983,0.7207640872837461,-0.013309695650060238,3,False,11.45252418555983,0.0,True,0
9,ElasticNet,100.0,0.95,11.45252418555983,0.7207640872837461,-0.013309695650060238,3,False,11.45252418555983,0.0,True,0
9,ElasticNet,1000.0,0.95,11.45252418555983,0.7207640872837461,-0.013309695650060238,3,False,11.45252418555983,0.0,True,0
9,ElasticNet,10000.0,0.95,11.45252418555983,0.7207640872837461,-0.013309695650060238,3,False,11.45252418555983,0.0,True,0
9,ElasticNet,100000.0,0.95,11.45252418555983,0.7207640872837461,-0.013309695650060238,3,False,11.45252418555983,0.0,True,0
9,ElasticNet,1000000.0,0.95,11.45252418555983,0.7207640872837461,-0.013309695650060238,3,False,11.45252418555983,0.0,True,0
10,LASSO,10.0,1.0,11.45252418555983,0.7207640872837461,-0.013309695650060238,3,False,11.45252418555983,0.0,True,0
10,LASSO,100.0,1.0,11.45252418555983,0.7207640872837461,-0.013309695650060238,3,False,11.45252418555983,0.0,True,0
10,LASSO,1000.0,1.0,11.45252418555983,0.7207640872837461,-0.013309695650060238,3,False,11.45252418555983,0.0,True,0
10,LASSO,10000.0,1.0,11.45252418555983,0.7207640872837461,-0.013309695650060238,3,False,11.45252418555983,0.0,True,0
10,LASSO,100000.0,1.0,11.45252418555983,0.7207640872837461,-0.013309695650060238,3,False,11.45252418555983,0.0,True,0
10,LASSO,1000000.0,1.0,11.45252418555983,0.7207640872837461,-0.013309695650060238,3,False,11.45252418555983,0.0,True,0
10,ElasticNet,100.0,0.1,11.45252418555983,0.7207640872837461,-0.013309695650060238,3,False,11.45252418555983,0.0,True,0
10,ElasticNet,1000.0,0.1,11.45252418555983,0.7207640872837461,-0.013309695650060238,3,False,11.45252418555983,0.0,True,0
10,ElasticNet,10000.0,0.1,11.45252418555983,0.7207640872837461,-0.013309695650060238,3,False,11.45252418555983,0.0,True,0
10,ElasticNet,100000.0,0.1,11.45252418555983,0.7207640872837461,-0.013309695650060238,3,False,11.45252418555983,0.0,True,0
10,ElasticNet,1000000.0,0.1,11.45252418555983,0.7207640872837461,-0.013309695650060238,3,False,11.45252418555983,0.0,True,0
10,ElasticNet,10.0,0.3,11.45252418555983,0.7207640872837461,-0.013309695650060238,3,False,11.45252418555983,0.0,True,0
10,ElasticNet,100.0,0.3,11.45252418555983,0.7207640872837461,-0.013309695650060238,3,False,11.45252418555983,0.0,True,0
10,ElasticNet,1000.0,0.3,11.45252418555983,0.7207640872837461,-0.013309695650060238,3,False,11.45252418555983,0.0,True,0
10,ElasticNet,10000.0,0.3,11.45252418555983,0.7207640872837461,-0.013309695650060238,3,False,11.45252418555983,0.0,True,0
10,ElasticNet,100000.0,0.3,11.45252418555983,0.7207640872837461,-0.013309695650060238,3,False,11.45252418555983,0.0,True,0
10,ElasticNet,1000000.0,0.3,11.45252418555983,0.7207640872837461,-0.013309695650060238,3,False,11.45252418555983,0.0,True,0
10,ElasticNet,10.0,0.5,11.45252418555983,0.7207640872837461,-0.013309695650060238,3,False,11.45252418555983,0.0,True,0
10,ElasticNet,100.0,0.5,11.45252418555983,0.7207640872837461,-0.013309695650060238,3,False,11.45252418555983,0.0,True,0
10,ElasticNet,1000.0,0.5,11.45252418555983,0.7207640872837461,-0.013309695650060238,3,False,11.45252418555983,0.0,True,0
10,ElasticNet,10000.0,0.5,11.45252418555983,0.7207640872837461,-0.013309695650060238,3,False,11.45252418555983,0.0,True,0
10,ElasticNet,100000.0,0.5,11.45252418555983,0.7207640872837461,-0.013309695650060238,3,False,11.45252418555983,0.0,True,0
10,ElasticNet,1000000.0,0.5,11.45252418555983,0.7207640872837461,-0.013309695650060238,3,False,11.45252418555983,0.0,True,0
10,ElasticNet,10.0,0.7,11.45252418555983,0.7207640872837461,-0.013309695650060238,3,False,11.45252418555983,0.0,True,0
10,ElasticNet,100.0,0.7,11.45252418555983,0.7207640872837461,-0.013309695650060238,3,False,11.45252418555983,0.0,True,0
10,ElasticNet,1000.0,0.7,11.45252418555983,0.7207640872837461,-0.013309695650060238,3,False,11.45252418555983,0.0,True,0
10,ElasticNet,10000.0,0.7,11.45252418555983,0.7207640872837461,-0.013309695650060238,3,False,11.45252418555983,0.0,True,0
10,ElasticNet,100000.0,0.7,11.45252418555983,0.7207640872837461,-0.013309695650060238,3,False,11.45252418555983,0.0,True,0
10,ElasticNet,1000000.0,0.7,11.45252418555983,0.7207640872837461,-0.013309695650060238,3,False,11.45252418555983,0.0,True,0
10,ElasticNet,10.0,0.9,11.45252418555983,0.7207640872837461,-0.013309695650060238,3,False,11.45252418555983,0.0,True,0
10,ElasticNet,100.0,0.9,11.45252418555983,0.7207640872837461,-0.013309695650060238,3,False,11.45252418555983,0.0,True,0
10,ElasticNet,1000.0,0.9,11.45252418555983,0.7207640872837461,-0.013309695650060238,3,False,11.45252418555983,0.0,True,0
10,ElasticNet,10000.0,0.9,11.45252418555983,0.7207640872837461,-0.013309695650060238,3,False,11.45252418555983,0.0,True,0
10,ElasticNet,100000.0,0.9,11.45252418555983,0.7207640872837461,-0.013309695650060238,3,False,11.45252418555983,0.0,True,0
10,ElasticNet,1000000.0,0.9,11.45252418555983,0.7207640872837461,-0.013309695650060238,3,False,11.45252418555983,0.0,True,0
10,ElasticNet,10.0,0.95,11.45252418555983,0.7207640872837461,-0.013309695650060238,3,False,11.45252418555983,0.0,True,0
10,ElasticNet,100.0,0.95,11.45252418555983,0.7207640872837461,-0.013309695650060238,3,False,11.45252418555983,0.0,True,0
10,ElasticNet,1000.0,0.95,11.45252418555983,0.7207640872837461,-0.013309695650060238,3,False,11.45252418555983,0.0,True,0
10,ElasticNet,10000.0,0.95,11.45252418555983,0.7207640872837461,-0.013309695650060238,3,False,11.45252418555983,0.0,True,0
10,ElasticNet,100000.0,0.95,11.45252418555983,0.7207640872837461,-0.013309695650060238,3,False,11.45252418555983,0.0,True,0
10,ElasticNet,1000000.0,0.95,11.45252418555983,0.7207640872837461,-0.013309695650060238,3,False,11.45252418555983,0.0,True,0
5,ElasticNet,1e-05,0.9,20.09171893838713,10.87871329788194,-0.7753019816425608,3,False,20.09171893838713,2.0226396943317753e-05,True,0
5,LASSO,1e-05,1.0,20.099072493632434,11.00645936087847,-0.7762374756686793,3,False,20.09907249363243,1.787839061879036e-05,True,0
5,ElasticNet,1e-05,0.95,20.107404560823294,10.965445876153348,-0.7769001227181335,3,False,20.107404560823294,1.960886168588823e-05,True,0
5,ElasticNet,1e-05,0.7,20.120748649082113,10.637421353472664,-0.7769866347684798,3,False,20.120748649082113,2.132304611115401e-05,True,0
5,ElasticNet,1e-05,0.3,20.126098365937114,10.499578227499418,-0.7768525526258733,3,False,20.126098365937114,1.726583631337808e-05,True,0
5,ElasticNet,1e-05,0.1,20.14637525232759,10.393302059465393,-0.7782121205008555,3,False,20.14637525232759,9.973162011715793e-06,True,0
5,ElasticNet,1e-05,0.5,20.161448840691772,10.664194789378346,-0.780530042250328,3,False,20.161448840691772,1.146943495894611e-05,True,0
5,ElasticNet,1e-06,0.95,27.207787295723403,15.733162637052464,-1.3981051605552672,3,False,27.207787295723403,9.971618160704128e-06,True,0
5,ElasticNet,1e-06,0.3,27.237193942213622,15.558435073123627,-1.399707196176391,3,False,27.237193942213622,9.992024401185337e-06,True,0
5,ElasticNet,1e-06,0.9,27.270522794145034,15.778637475596392,-1.4035411279923906,3,False,27.270522794145034,9.99909007120104e-06,True,0
5,ElasticNet,1e-06,0.5,27.35903605831191,15.591232272433334,-1.4100702047978224,3,False,27.35903605831191,9.953326617225727e-06,True,0
5,LASSO,1e-06,1.0,27.363682249730484,15.730831535718908,-1.4110589429495128,3,False,27.363682249730484,9.928914127523073e-06,True,0
5,ElasticNet,1e-06,0.1,27.460910549838687,15.499212783304628,-1.4182810761144238,3,False,27.460910549838687,9.762923305921482e-06,True,0
5,ElasticNet,1e-06,0.7,27.5335054138195,15.712517651304047,-1.4251279667825614,3,False,27.533505413819498,9.971091477290036e-06,True,0
5,LASSO,0.01,1.0,0.3753205959874526,0.02484607682856144,0.9667915678729392,3,False,0.3753205959874526,0.0001557573726975875,False,0
5,ElasticNet,0.01,0.95,0.37707751329624895,0.024259067022085364,0.9666337591156496,3,False,0.37707751329624895,0.00019987778986844777,False,0
6,LASSO,0.01,1.0,0.3972728277818489,0.020488511467019473,0.9648355149346378,3,False,0.39727282778184897,0.000278113890634004,False,0
6,ElasticNet,0.01,0.95,0.4000939713766069,0.018349241551615048,0.964578062678841,3,False,0.4000939713766069,0.000978233550167051,False,0
7,LASSO,0.01,1.0,0.41817196685971014,0.02177173491139996,0.962983263489633,3,False,0.41817196685971014,0.0009625629637002395,False,0
7,ElasticNet,0.01,0.95,0.4223615530940706,0.020344531408421757,0.9626061609400871,3,False,0.4223615530940706,0.0022289730415343215,False,0
8,LASSO,0.01,1.0,0.44542551782173395,0.02638507769704154,0.960571823730264,3,False,0.44542551782173395,0.0001301303584345867,False,0
9,LASSO,0.01,1.0,0.44592720226721055,0.020892703600991287,0.9605219731417612,3,False,0.44592720226721055,0.00034117180318501625,False,0
8,ElasticNet,0.01,0.95,0.45050336401703284,0.02541165896145484,0.9601202473381454,3,False,0.45050336401703284,0.0001093022012048396,False,0
9,ElasticNet,0.01,0.95,0.4523522987252511,0.020873717373867864,0.959952148438454,3,False,0.4523522987252511,0.00018505264186775665,False,0
9,ElasticNet,0.01,0.9,0.4603005519522909,0.020161574774093454,0.959244807648114,3,False,0.46030055195229097,0.00016477343627287026,False,0
10,LASSO,0.01,1.0,0.4623642811415622,0.025111067902334566,0.9590772736570501,3,False,0.4623642811415622,0.00044579004393756685,False,0
8,ElasticNet,0.01,0.9,0.4637295186885542,0.030976856686187566,0.9589761905951003,3,False,0.4637295186885542,0.008231712955356817,False,0
10,ElasticNet,0.01,0.95,0.46735094634759994,0.024621519229164033,0.9586316244417779,3,False,0.46735094634759994,0.00010864629114980262,False,0
10,ElasticNet,0.01,0.9,0.4736810690323507,0.023332063298736244,0.9580653082886235,3,False,0.4736810690323507,0.0001262971552674439,False,0
9,ElasticNet,0.01,0.7,0.4851301230092587,0.017707577583584506,0.9570251668759333,3,False,0.4851301230092587,0.013324991868766598,False,0
10,ElasticNet,0.01,0.7,0.5045188583654557,0.014075976023820453,0.9553003907847355,3,False,0.5045188583654557,8.178235480934756e-05,False,0
10,ElasticNet,0.01,0.5,0.5422307656451837,0.02720526731333697,0.9518288881341695,3,False,0.5422307656451837,0.01447692227891327,False,0
10,ElasticNet,0.1,0.3,0.6119400726838852,0.04250748728535364,0.9458698972519928,3,False,0.6119400726838852,5.2315644029372194e-05,False,0
10,ElasticNet,0.01,0.3,0.6436503785686807,0.028848579516538405,0.9428514723269726,3,False,0.6436503785686808,6.769176346294948e-05,False,0
10,ElasticNet,0.1,0.5,0.6981870477388541,0.06867089399484572,0.9383050898077236,3,False,0.6981870477388541,6.9283992506948e-05,False,0
9,ElasticNet,0.1,0.7,0.8007281388041706,0.10389270705767029,0.9293373560338258,3,False,0.8007281388041706,0.00014607455100826283,False,0
10,ElasticNet,0.1,0.7,0.8054703234826602,0.10305613460397835,0.9289138589789467,3,False,0.8054703234826602,0.00010174971958386292,False,0
7,ElasticNet,0.1,0.9,0.8688873552040238,0.12447417576044233,0.9233641559703359,3,False,0.8688873552040238,0.00014437411736631378,False,0
9,ElasticNet,0.1,0.9,0.8795747226851023,0.1286695013539044,0.9224307271731998,3,False,0.8795747226851023,0.0003987543750297584,False,0
8,ElasticNet,0.1,0.9,0.8806523859486822,0.12218143905113948,0.922312939147318,3,False,0.8806523859486822,0.0003060495421211423,False,0
10,ElasticNet,0.1,0.9,0.8842083280222649,0.12611511108253948,0.9220110359913128,3,False,0.8842083280222649,0.0008401046957032254,False,0
9,ElasticNet,0.1,0.95,0.8950532854575094,0.12906225732703716,0.9210592845754929,3,False,0.8950532854575095,0.0004206699075514353,False,0
10,ElasticNet,0.1,0.95,0.8980689552329982,0.12616119794380684,0.9207818705648458,3,False,0.8980689552329982,0.0008321874237824239,False,0
8,ElasticNet,0.1,0.95,0.8988868214430532,0.12337341283143248,0.9206998058975748,3,False,0.8988868214430532,7.552614943852343e-05,False,0
7,LASSO,0.1,1.0,0.9058812637346741,0.12962808398649908,0.9201008846878437,3,False,0.9058812637346741,0.0012423521798254622,False,0
9,LASSO,0.1,1.0,0.9101658482914381,0.1317900052203647,0.9197282674002089,3,False,0.9101658482914381,0.000310875616824538,False,0
10,LASSO,0.1,1.0,0.9151105058460948,0.13307976080107733,0.9192941572691719,3,False,0.9151105058460948,0.0018062669002349152,False,0
8,LASSO,0.1,1.0,0.9156280231985486,0.12762096949421473,0.9192294841153839,3,False,0.9156280231985486,0.0006188431398406746,False,0
9,ElasticNet,0.01,0.1,0.9454127348449014,0.11565443386330311,0.916229696382593,3,False,0.9454127348449014,7.387152619623446e-05,False,0
10,ElasticNet,0.01,0.1,0.9704464738356894,0.11190171036766368,0.9139328017822749,3,False,0.9704464738356894,7.48693742936889e-05,False,0
10,ElasticNet,0.001,0.95,1.023584117130839,0.09475961016904069,0.9091657468510045,3,False,1.023584117130839,6.120974389410485e-05,False,0
10,LASSO,0.001,1.0,1.0591294930648232,0.05042468185081607,0.9060487327116776,3,False,1.0591294930648234,0.0030285899818864367,False,0
9,LASSO,0.001,1.0,1.0924997415052013,0.20245384280568082,0.9030977860817475,3,False,1.0924997415052016,0.0019429508541663962,False,0
8,LASSO,0.001,1.0,1.1777096016593511,0.26834077512586185,0.8954900693564198,3,False,1.1777096016593511,0.001613310914432235,False,0
9,ElasticNet,0.001,0.7,1.2256194800159284,0.20218445867085436,0.8913513412124988,3,False,1.2256194800159284,6.216968732047662e-05,False,0
8,ElasticNet,0.001,0.9,1.2334140198520573,0.2818831191104602,0.8903569112055821,3,False,1.2334140198520573,7.414467180277221e-05,False,0
10,ElasticNet,0.001,0.5,1.3683800085888442,0.16219539799810886,0.8786138727421978,3,False,1.3683800085888442,5.4679202088486864e-05,False,0
10,LASSO,0.0001,1.0,2.399289931588422,0.5924781475459912,0.7868893025165482,3,False,2.3992899315884215,0.00022014400392498387,False,0
10,ElasticNet,0.0001,0.95,2.689371994931745,0.6576023334710798,0.7609899023931032,3,False,2.689371994931745,0.0001393093849243615,False,0
9,LASSO,0.0001,1.0,2.8316268293047986,1.1353948226728037,0.7480465179558234,3,False,2.8316268293047986,0.00016346535262972266,False,0
9,ElasticNet,0.0001,0.7,2.9193996019832453,0.8449392583133687,0.7398580246989036,3,False,2.9193996019832453,9.382649807625436e-05,False,0
10,ElasticNet,1.0,0.3,2.935688853776226,0.24094549366469156,0.7404563276147528,3,False,2.935688853776226,9.86471628628971e-05,False,0
8,LASSO,0.0001,1.0,3.3536432467939417,1.4303209089702773,0.7007453011297908,3,False,3.353643246793942,6.812534798945961e-05,False,0
7,ElasticNet,0.0001,0.7,3.7374287066980254,1.204370818714307,0.6675064259778737,3,False,3.7374287066980254,0.00011580928409153667,False,0
2,Ridge,1000.0,0.0,,,,2,True,4.097634920332116,0.0,False,0
2,Ridge,10000.0,0.0,,,,1,True,3.364295677825783,0.0,False,0
2,Ridge,100000.0,0.0,,,,1,True,3.6714964476511422,0.0,False,0
2,Ridge,1000000.0,0.0,,,,1,True,3.706996082232242,0.0,False,0
2,LASSO,1.0,1.0,,,,2,True,5.508212075507088,1.2468869898807355e-06,False,0
2,LASSO,10.0,1.0,,,,1,True,3.711003867033357,0.0,False,0
2,LASSO,100.0,1.0,,,,1,True,3.711003867033357,0.0,False,0
2,LASSO,1000.0,1.0,,,,1,True,3.711003867033357,0.0,False,0
2,LASSO,10000.0,1.0,,,,1,True,3.711003867033357,0.0,False,0
2,LASSO,100000.0,1.0,,,,1,True,3.711003867033357,0.0,False,0
2,LASSO,1000000.0,1.0,,,,1,True,3.711003867033357,0.0,False,0
2,ElasticNet,1.0,0.1,,,,2,True,3.463516928089849,6.0693827741431505e-09,False,0
2,ElasticNet,10.0,0.1,,,,1,True,3.615846970408249,1.139269610650473e-06,False,0
2,ElasticNet,100.0,0.1,,,,1,True,3.711003867033357,0.0,False,0
2,ElasticNet,1000.0,0.1,,,,1,True,3.711003867033357,0.0,False,0
2,ElasticNet,10000.0,0.1,,,,1,True,3.711003867033357,0.0,False,0
2,ElasticNet,100000.0,0.1,,,,1,True,3.711003867033357,0.0,False,0
2,ElasticNet,1000000.0,0.1,,,,1,True,3.711003867033357,0.0,False,0
2,ElasticNet,1.0,0.3,,,,2,True,3.911201037971331,7.6229178456732605e-06,False,0
2,ElasticNet,10.0,0.3,,,,1,True,3.711003867033357,0.0,False,0
2,ElasticNet,100.0,0.3,,,,1,True,3.711003867033357,0.0,False,0
2,ElasticNet,1000.0,0.3,,,,1,True,3.711003867033357,0.0,False,0
2,ElasticNet,10000.0,0.3,,,,1,True,3.711003867033357,0.0,False,0
2,ElasticNet,100000.0,0.3,,,,1,True,3.711003867033357,0.0,False,0
2,ElasticNet,1000000.0,0.3,,,,1,True,3.711003867033357,0.0,False,0
2,ElasticNet,1.0,0.5,,,,2,True,4.335881016194713,1.00358125226796e-06,False,0
2,ElasticNet,10.0,0.5,,,,1,True,3.711003867033357,0.0,False,0
2,ElasticNet,100.0,0.5,,,,1,True,3.711003867033357,0.0,False,0
2,ElasticNet,1000.0,0.5,,,,1,True,3.711003867033357,0.0,False,0
2,ElasticNet,10000.0,0.5,,,,1,True,3.711003867033357,0.0,False,0
2,ElasticNet,100000.0,0.5,,,,1,True,3.711003867033357,0.0,False,0
2,ElasticNet,1000000.0,0.5,,,,1,True,3.711003867033357,0.0,False,0
2,ElasticNet,1.0,0.7,,,,2,True,4.8637303476522336,9.467981954003335e-13,False,0
2,ElasticNet,10.0,0.7,,,,1,True,3.711003867033357,0.0,False,0
2,ElasticNet,100.0,0.7,,,,1,True,3.711003867033357,0.0,False,0
2,ElasticNet,1000.0,0.7,,,,1,True,3.711003867033357,0.0,False,0
2,ElasticNet,10000.0,0.7,,,,1,True,3.711003867033357,0.0,False,0
2,ElasticNet,100000.0,0.7,,,,1,True,3.711003867033357,0.0,False,0
2,ElasticNet,1000000.0,0.7,,,,1,True,3.711003867033357,0.0,False,0
2,ElasticNet,1.0,0.9,,,,2,True,5.29558942311396,1.0268456808182336e-06,False,0
2,ElasticNet,10.0,0.9,,,,1,True,3.711003867033357,0.0,False,0
2,ElasticNet,100.0,0.9,,,,1,True,3.711003867033357,0.0,False,0
2,ElasticNet,1000.0,0.9,,,,1,True,3.711003867033357,0.0,False,0
2,ElasticNet,10000.0,0.9,,,,1,True,3.711003867033357,0.0,False,0
2,ElasticNet,100000.0,0.9,,,,1,True,3.711003867033357,0.0,False,0
2,ElasticNet,1000000.0,0.9,,,,1,True,3.711003867033357,0.0,False,0
2,ElasticNet,1.0,0.95,,,,2,True,5.395098312455172,1.1288418262367372e-06,False,0
2,ElasticNet,10.0,0.95,,,,1,True,3.711003867033357,0.0,False,0
2,ElasticNet,100.0,0.95,,,,1,True,3.711003867033357,0.0,False,0
2,ElasticNet,1000.0,0.95,,,,1,True,3.711003867033357,0.0,False,0
2,ElasticNet,10000.0,0.95,,,,1,True,3.711003867033357,0.0,False,0
2,ElasticNet,100000.0,0.95,,,,1,True,3.711003867033357,0.0,False,0
2,ElasticNet,1000000.0,0.95,,,,1,True,3.711003867033357,0.0,False,0
3,Ridge,1000.0,0.0,,,,1,True,1.4481272888748575,0.0,False,0
3,Ridge,10000.0,0.0,,,,1,True,2.9697426897824415,0.0,False,0
3,Ridge,100000.0,0.0,,,,1,True,3.6046732359922884,0.0,False,0
3,Ridge,1000000.0,0.0,,,,1,True,3.699840589139111,0.0,False,0
3,LASSO,1.0,1.0,,,,1,True,2.596863883249694,6.730022650280887e-08,False,0
3,LASSO,10.0,1.0,,,,1,True,3.711003867033357,0.0,False,0
3,LASSO,100.0,1.0,,,,1,True,3.711003867033357,0.0,False,0
3,LASSO,1000.0,1.0,,,,1,True,3.711003867033357,0.0,False,0
3,LASSO,10000.0,1.0,,,,1,True,3.711003867033357,0.0,False,0
3,LASSO,100000.0,1.0,,,,1,True,3.711003867033357,0.0,False,0
3,LASSO,1000000.0,1.0,,,,1,True,3.711003867033357,0.0,False,0
3,ElasticNet,1.0,0.1,,,,1,True,1.161551359719526,1.0571553354932206e-09,False,0
3,ElasticNet,10.0,0.1,,,,1,True,3.544994437420872,1.500020416544956e-06,False,0
3,ElasticNet,100.0,0.1,,,,1,True,3.711003867033357,0.0,False,0
3,ElasticNet,1000.0,0.1,,,,1,True,3.711003867033357,0.0,False,0
3,ElasticNet,10000.0,0.1,,,,1,True,3.711003867033357,0.0,False,0
3,ElasticNet,100000.0,0.1,,,,1,True,3.711003867033357,0.0,False,0
3,ElasticNet,1000000.0,0.1,,,,1,True,3.711003867033357,0.0,False,0
3,ElasticNet,1.0,0.3,,,,1,True,1.460088547013479,7.537528831591533e-06,False,0
3,ElasticNet,10.0,0.3,,,,1,True,3.711003867033357,0.0,False,0
3,ElasticNet,100.0,0.3,,,,1,True,3.711003867033357,0.0,False,0
3,ElasticNet,1000.0,0.3,,,,1,True,3.711003867033357,0.0,False,0
3,ElasticNet,10000.0,0.3,,,,1,True,3.711003867033357,0.0,False,0
3,ElasticNet,100000.0,0.3,,,,1,True,3.711003867033357,0.0,False,0
3,ElasticNet,1000000.0,0.3,,,,1,True,3.711003867033357,0.0,False,0
3,ElasticNet,1.0,0.5,,,,1,True,1.744789763788491,5.056433161065854e-09,False,0
3,ElasticNet,10.0,0.5,,,,1,True,3.711003867033357,0.0,False,0
3,ElasticNet,100.0,0.5,,,,1,True,3.711003867033357,0.0,False,0
3,ElasticNet,1000.0,0.5,,,,1,True,3.711003867033357,0.0,False,0
3,ElasticNet,10000.0,0.5,,,,1,True,3.711003867033357,0.0,False,0
3,ElasticNet,100000.0,0.5,,,,1,True,3.711003867033357,0.0,False,0
3,ElasticNet,1000000.0,0.5,,,,1,True,3.711003867033357,0.0,False,0
3,ElasticNet,1.0,0.7,,,,1,True,2.062526952683587,3.750599830709689e-11,False,0
3,ElasticNet,10.0,0.7,,,,1,True,3.711003867033357,0.0,False,0
3,ElasticNet,100.0,0.7,,,,1,True,3.711003867033357,0.0,False,0
3,ElasticNet,1000.0,0.7,,,,1,True,3.711003867033357,0.0,False,0
3,ElasticNet,10000.0,0.7,,,,1,True,3.711003867033357,0.0,False,0
3,ElasticNet,100000.0,0.7,,,,1,True,3.711003867033357,0.0,False,0
3,ElasticNet,1000000.0,0.7,,,,1,True,3.711003867033357,0.0,False,0
3,ElasticNet,1.0,0.9,,,,1,True,2.399448227331342,9.83148740196782e-09,False,0
3,ElasticNet,10.0,0.9,,,,1,True,3.711003867033357,0.0,False,0
3,ElasticNet,100.0,0.9,,,,1,True,3.711003867033357,0.0,False,0
3,ElasticNet,1000.0,0.9,,,,1,True,3.711003867033357,0.0,False,0
3,ElasticNet,10000.0,0.9,,,,1,True,3.711003867033357,0.0,False,0
3,ElasticNet,100000.0,0.9,,,,1,True,3.711003867033357,0.0,False,0
3,ElasticNet,1000000.0,0.9,,,,1,True,3.711003867033357,0.0,False,0
3,ElasticNet,1.0,0.95,,,,1,True,2.4921371915091743,5.634560240608266e-08,False,0
3,ElasticNet,10.0,0.95,,,,1,True,3.711003867033357,0.0,False,0
3,ElasticNet,100.0,0.95,,,,1,True,3.711003867033357,0.0,False,0
3,ElasticNet,1000.0,0.95,,,,1,True,3.711003867033357,0.0,False,0
3,ElasticNet,10000.0,0.95,,,,1,True,3.711003867033357,0.0,False,0
3,ElasticNet,100000.0,0.95,,,,1,True,3.711003867033357,0.0,False,0
3,ElasticNet,1000000.0,0.95,,,,1,True,3.711003867033357,0.0,False,0
4,Ridge,1000.0,0.0,,,,2,True,1.5496220326519161,0.0,False,0
4,Ridge,10000.0,0.0,,,,1,True,2.3221260998403266,0.0,False,0
4,Ridge,100000.0,0.0,,,,1,True,3.4597877217799007,0.0,False,0
4,Ridge,1000000.0,0.0,,,,1,True,3.6833296688247885,0.0,False,0
4,LASSO,0.1,1.0,,,,2,True,0.707611115123917,2.4652096139998747e-06,False,0
4,LASSO,1.0,1.0,,,,1,True,2.537577822235499,2.9757352137949056e-10,False,0
4,LASSO,10.0,1.0,,,,1,True,3.711003867033357,0.0,False,0
4,LASSO,100.0,1.0,,,,1,True,3.711003867033357,0.0,False,0
4,LASSO,1000.0,1.0,,,,1,True,3.711003867033357,0.0,False,0
4,LASSO,10000.0,1.0,,,,1,True,3.711003867033357,0.0,False,0
4,LASSO,100000.0,1.0,,,,1,True,3.711003867033357,0.0,False,0
4,LASSO,1000000.0,1.0,,,,1,True,3.711003867033357,0.0,False,0
4,ElasticNet,1.0,0.1,,,,1,True,0.7023555880709896,6.912635158728975e-09,False,0
4,ElasticNet,10.0,0.1,,,,1,True,3.3721193629534074,1.8347101269355903e-06,False,0
4,ElasticNet,100.0,0.1,,,,1,True,3.711003867033357,0.0,False,0
4,ElasticNet,1000.0,0.1,,,,1,True,3.711003867033357,0.0,False,0
4,ElasticNet,10000.0,0.1,,,,1,True,3.711003867033357,0.0,False,0
4,ElasticNet,100000.0,0.1,,,,1,True,3.711003867033357,0.0,False,0
4,ElasticNet,1000000.0,0.1,,,,1,True,3.711003867033357,0.0,False,0
4,ElasticNet,1.0,0.3,,,,1,True,1.1272274608683448,3.167103305723451e-07,False,0
4,ElasticNet,10.0,0.3,,,,1,True,3.711003867033357,0.0,False,0
4,ElasticNet,100.0,0.3,,,,1,True,3.711003867033357,0.0,False,0
4,ElasticNet,1000.0,0.3,,,,1,True,3.711003867033357,0.0,False,0
4,ElasticNet,10000.0,0.3,,,,1,True,3.711003867033357,0.0,False,0
4,ElasticNet,100000.0,0.3,,,,1,True,3.711003867033357,0.0,False,0
4,ElasticNet,1000000.0,0.3,,,,1,True,3.711003867033357,0.0,False,0
4,ElasticNet,1.0,0.5,,,,1,True,1.5153566266239136,1.8918447151072826e-06,False,0
4,ElasticNet,10.0,0.5,,,,1,True,3.711003867033357,0.0,False,0
4,ElasticNet,100.0,0.5,,,,1,True,3.711003867033357,0.0,False,0
4,ElasticNet,1000.0,0.5,,,,1,True,3.711003867033357,0.0,False,0
4,ElasticNet,10000.0,0.5,,,,1,True,3.711003867033357,0.0,False,0
4,ElasticNet,100000.0,0.5,,,,1,True,3.711003867033357,0.0,False,0
4,ElasticNet,1000000.0,0.5,,,,1,True,3.711003867033357,0.0,False,0
4,ElasticNet,1.0,0.7,,,,1,True,1.9274498548884098,4.633803929454672e-06,False,0
4,ElasticNet,10.0,0.7,,,,1,True,3.711003867033357,0.0,False,0
4,ElasticNet,100.0,0.7,,,,1,True,3.711003867033357,0.0,False,0
4,ElasticNet,1000.0,0.7,,,,1,True,3.711003867033357,0.0,False,0
4,ElasticNet,10000.0,0.7,,,,1,True,3.711003867033357,0.0,False,0
4,ElasticNet,100000.0,0.7,,,,1,True,3.711003867033357,0.0,False,0
4,ElasticNet,1000000.0,0.7,,,,1,True,3.711003867033357,0.0,False,0
4,ElasticNet,0.1,0.9,,,,2,True,0.6918152557077303,8.136638413758224e-06,False,0
4,ElasticNet,1.0,0.9,,,,1,True,2.3272667247853445,2.1414884643355947e-08,False,0
4,ElasticNet,10.0,0.9,,,,1,True,3.711003867033357,0.0,False,0
4,ElasticNet,100.0,0.9,,,,1,True,3.711003867033357,0.0,False,0
4,ElasticNet,1000.0,0.9,,,,1,True,3.711003867033357,0.0,False,0
4,ElasticNet,10000.0,0.9,,,,1,True,3.711003867033357,0.0,False,0
4,ElasticNet,100000.0,0.9,,,,1,True,3.711003867033357,0.0,False,0
4,ElasticNet,1000000.0,0.9,,,,1,True,3.711003867033357,0.0,False,0
4,ElasticNet,0.1,0.95,,,,2,True,0.6995228037066102,1.383399453783185e-06,False,0
4,ElasticNet,1.0,0.95,,,,1,True,2.429878467529035,2.4718160851477933e-10,False,0
4,ElasticNet,10.0,0.95,,,,1,True,3.711003867033357,0.0,False,0
4,ElasticNet,100.0,0.95,,,,1,True,3.711003867033357,0.0,False,0
4,ElasticNet,1000.0,0.95,,,,1,True,3.711003867033357,0.0,False,0
4,ElasticNet,10000.0,0.95,,,,1,True,3.711003867033357,0.0,False,0
4,ElasticNet,100000.0,0.95,,,,1,True,3.711003867033357,0.0,False,0
4,ElasticNet,1000000.0,0.95,,,,1,True,3.711003867033357,0.0,False,0
5,Ridge,1e-06,0.0,,,,1,True,15.371542399845005,0.0,False,0
5,Ridge,1e-05,0.0,,,,1,True,15.358081313498147,0.0,False,0
5,Ridge,0.0001,0.0,,,,1,True,15.225022700125313,0.0,False,0
5,Ridge,0.001,0.0,,,,1,True,14.031115847029746,0.0,False,0
5,Ridge,0.01,0.0,,,,1,True,8.131993921041621,0.0,False,0
5,Ridge,0.1,0.0,,,,1,True,1.7470477277255922,0.0,False,0
5,Ridge,1.0,0.0,,,,2,True,0.7811913870657042,0.0,False,0
5,Ridge,1000.0,0.0,,,,2,True,1.2341377667169144,0.0,False,0
5,Ridge,10000.0,0.0,,,,1,True,1.958418064542925,0.0,False,0
5,Ridge,100000.0,0.0,,,,1,True,3.2356121594673035,0.0,False,0
5,Ridge,1000000.0,0.0,,,,1,True,3.650608197746715,0.0,False,0
6,Ridge,1e-06,0.0,,,,1,True,3.069245987014075,0.0,False,0
6,Ridge,1e-05,0.0,,,,1,True,3.0684228631493955,0.0,False,0
6,Ridge,0.0001,0.0,,,,1,True,3.0602520253108807,0.0,False,0
6,Ridge,0.001,0.0,,,,1,True,2.984071656187899,0.0,False,0
6,Ridge,0.01,0.0,,,,1,True,2.5193003651232617,0.0,False,0
6,Ridge,0.1,0.0,,,,1,True,1.5052426002384927,0.0,False,0
6,Ridge,1.0,0.0,,,,2,True,1.1434390159714405,0.0,False,0
6,Ridge,1000.0,0.0,,,,2,True,0.9722472691903591,0.0,False,0
6,Ridge,10000.0,0.0,,,,1,True,1.4779307924782188,0.0,False,0
6,Ridge,100000.0,0.0,,,,1,True,2.9643714341927048,0.0,False,0
6,Ridge,1000000.0,0.0,,,,1,True,3.603219547280601,0.0,False,0
7,Ridge,1e-06,0.0,,,,1,True,2.0526229643654252,0.0,False,0
7,Ridge,1e-05,0.0,,,,1,True,2.052556122011401,0.0,False,0
7,Ridge,0.0001,0.0,,,,1,True,2.0518881509234403,0.0,False,0
7,Ridge,0.001,0.0,,,,1,True,2.0452532849031284,0.0,False,0
7,Ridge,0.01,0.0,,,,1,True,1.983030428272424,0.0,False,0
7,Ridge,0.1,0.0,,,,1,True,1.593941006316394,0.0,False,0
7,Ridge,1.0,0.0,,,,2,True,1.4768258238582916,0.0,False,0
7,Ridge,10000.0,0.0,,,,1,True,1.368920902108713,0.0,False,0
7,Ridge,100000.0,0.0,,,,1,True,2.704301785301117,0.0,False,0
7,Ridge,1000000.0,0.0,,,,1,True,3.516790312280192,0.0,False,0
8,Ridge,1e-06,0.0,,,,1,True,1.747763330730673,0.0,False,0
8,Ridge,1e-05,0.0,,,,1,True,1.7477397295015704,0.0,False,0
8,Ridge,0.0001,0.0,,,,1,True,1.7475037984060393,0.0,False,0
8,Ridge,0.001,0.0,,,,1,True,1.7451525734284619,0.0,False,0
8,Ridge,0.01,0.0,,,,1,True,1.722416745403879,0.0,False,0
8,Ridge,0.1,0.0,,,,1,True,1.5502349820438779,0.0,False,0
8,Ridge,1.0,0.0,,,,2,True,1.8030950861741448,0.0,False,0
8,Ridge,10000.0,0.0,,,,1,True,1.1232504976732305,0.0,False,0
8,Ridge,100000.0,0.0,,,,1,True,2.4378353364907395,0.0,False,0
8,Ridge,1000000.0,0.0,,,,1,True,3.4251954846807937,0.0,False,0
9,Ridge,1e-06,0.0,,,,1,True,1.808397469939383,0.0,False,0
9,Ridge,1e-05,0.0,,,,1,True,1.8083782729290272,0.0,False,0
9,Ridge,0.0001,0.0,,,,1,True,1.8081863623082457,0.0,False,0
9,Ridge,0.001,0.0,,,,1,True,1.806273182342765,0.0,False,0
9,Ridge,0.01,0.0,,,,1,True,1.787712777169862,0.0,False,0
9,Ridge,0.1,0.0,,,,1,True,1.6438624355334666,0.0,False,0
9,Ridge,1.0,0.0,,,,2,True,2.0403039548553115,0.0,False,0
9,Ridge,10000.0,0.0,,,,2,True,1.9934955100205602,0.0,False,0
9,Ridge,100000.0,0.0,,,,1,True,2.3050748523940787,0.0,False,0
9,Ridge,1000000.0,0.0,,,,1,True,3.286638517339748,0.0,False,0
10,Ridge,1e-06,0.0,,,,1,True,2.035361746379054,0.0,False,0
10,Ridge,1e-05,0.0,,,,1,True,2.035341529415032,0.0,False,0
10,Ridge,0.0001,0.0,,,,1,True,2.0351394195168946,0.0,False,0
10,Ridge,0.001,0.0,,,,1,True,2.0331242745929905,0.0,False,0
10,Ridge,0.01,0.0,,,,1,True,2.0135487445523292,0.0,False,0
10,Ridge,0.1,0.0,,,,1,True,1.8608647857383673,0.0,False,0
10,Ridge,1.0,0.0,,,,2,True,2.380167492994446,0.0,False,0
10,Ridge,10000.0,0.0,,,,2,True,1.7914301089584719,0.0,False,0
10,Ridge,100000.0,0.0,,,,1,True,2.083505734957097,0.0,False,0
10,Ridge,1000000.0,0.0,,,,1,True,3.1711472703367445,0.0,False,0
5,Ridge,1.0,0.0,,,,2,True,0.7811913870657042,0.0,False,0
5,LASSO,0.001,1.0,,,,2,True,0.4469875991330607,9.373604157190008e-06,False,0
5,LASSO,0.1,1.0,,,,2,True,0.5529795465150328,7.1727675476640496e-06,False,0
5,ElasticNet,0.001,0.1,,,,1,True,0.4469334153875533,9.93843294391058e-06,False,0
5,ElasticNet,0.0017782794100389228,0.1,,,,2,True,0.6540355446978043,9.862303703463116e-06,False,0
5,ElasticNet,0.0031622776601683794,0.1,,,,2,True,0.5123415402036252,9.81752968401894e-06,False,0
5,ElasticNet,0.005623413251903491,0.1,,,,2,True,0.43372133296081977,9.698620515980979e-06,False,0
5,ElasticNet,0.01,0.1,,,,2,True,0.38877830223388793,9.320251270861701e-06,False,0
5,ElasticNet,0.1,0.1,,,,2,True,0.4023321535402316,8.071784724492104e-06,False,0
5,ElasticNet,0.001,0.3,,,,2,True,0.6653076598400824,9.922344264066193e-06,False,0
5,ElasticNet,0.0017782794100389228,0.3,,,,2,True,0.5210581964241131,9.743239065536347e-06,False,0
5,ElasticNet,0.0031622776601683794,0.3,,,,2,True,0.40519088915604556,8.926965949266133e-06,False,0
5,ElasticNet,0.1,0.3,,,,2,True,0.39048594839760087,5.670880428888803e-06,False,0
5,ElasticNet,0.001,0.5,,,,2,True,0.5815767546715155,9.502650885831227e-06,False,0
5,ElasticNet,0.0017782794100389228,0.5,,,,2,True,0.44362281971498013,9.452348168934076e-06,False,0
5,ElasticNet,0.1,0.5,,,,2,True,0.4226851344689875,4.824974408214333e-06,False,0
5,ElasticNet,0.001,0.7,,,,2,True,0.5225514373311791,9.325291332461217e-06,False,0
5,ElasticNet,0.0017782794100389228,0.7,,,,2,True,0.3891932409872023,9.486285264724992e-06,False,0
5,ElasticNet,0.1,0.7,,,,2,True,0.47492618904591427,2.3999311998257333e-06,False,0
5,ElasticNet,0.001,0.9,,,,2,True,0.47038681527515386,8.857967138125255e-06,False,0
5,ElasticNet,0.1,0.9,,,,2,True,0.5276286227003878,2.186046750021764e-06,False,0
5,ElasticNet,0.001,0.95,,,,2,True,0.457857801598254,8.73952061892602e-06,False,0
5,ElasticNet,0.1,0.95,,,,2,True,0.541026117157218,7.679083267680964e-06,False,0
