degree,model,alpha,l1_ratio,mean_mse,std_mse,mean_r2,max_kkt,converged,warning_count
5,LASSO,0.01,1.0,0.3551867110469333,0.05732410070498116,0.9683988209311319,6.636307832581442e-06,True,0
5,LASSO,0.01,1.0,0.35519295119523675,0.05732475376051497,0.968398295474386,5.193821469273371e-06,True,0
5,ElasticNet,0.01,0.95,0.3566034602362129,0.05770978436462299,0.9682743447923242,7.419858636743132e-06,True,0
5,ElasticNet,0.01,0.95,0.35661346551051776,0.05769491691890544,0.9682734855309758,8.502151474553896e-06,True,0
5,ElasticNet,0.01,0.9,0.3582607996318119,0.05758549058340177,0.968127678142956,8.711066980807841e-06,True,0
5,ElasticNet,0.01,0.9,0.35826124424413824,0.05758094678979231,0.9681275981130145,7.99866772284441e-06,True,0
5,ElasticNet,0.01778279410038923,0.9,0.3661019592915605,0.053998421962454565,0.9674182840181677,8.358893545959423e-06,True,0
5,ElasticNet,0.01778279410038923,0.95,0.36631395893200197,0.053620736427253755,0.9673994960108638,6.097572713394117e-06,True,0
5,LASSO,0.01778279410038923,1.0,0.36727515204456385,0.053696248797785916,0.9673164599582457,9.31384843272376e-06,True,0
5,ElasticNet,0.01,0.7,0.370536517398931,0.05931619768181113,0.967042985076828,8.39659078775458e-06,True,0
5,ElasticNet,0.01,0.7,0.3705381605156488,0.05932565464949828,0.9670428541561241,5.779540031505652e-06,True,0
5,ElasticNet,0.01778279410038923,0.7,0.3713472852137829,0.05909013301948225,0.9669644419738934,6.373254410387344e-06,True,0
5,LASSO,0.005623413251903491,1.0,0.3756512956620955,0.05719215719142269,0.9665881001466604,6.925475232899547e-06,True,0
5,ElasticNet,0.005623413251903491,0.95,0.3791931152178471,0.05748615169125372,0.9662740982643596,9.690975793258394e-06,True,0
6,LASSO,0.01,1.0,0.38255386777378336,0.057667873969704436,0.9659485065270115,8.6923863598775e-06,True,0
5,ElasticNet,0.005623413251903491,0.9,0.3827567930209632,0.05755618990135898,0.9659589012495496,5.294576238854681e-06,True,0
5,ElasticNet,0.01778279410038923,0.5,0.3834629834327541,0.06126191845548749,0.9658939645084385,6.3836856883572185e-06,True,0
6,ElasticNet,0.01,0.95,0.38577247558972744,0.057859045034923784,0.9656574708493263,9.536107874363181e-06,True,0
6,ElasticNet,0.01,0.9,0.3893594399207183,0.058253993401504264,0.9653326177387435,9.481040121550599e-06,True,0
5,ElasticNet,0.01,0.5,0.3942148944060097,0.06015084727387738,0.9649415830786962,5.649489381558646e-06,True,0
5,ElasticNet,0.01,0.5,0.3942186421344989,0.0601501659326234,0.9649412604712185,7.2131589236778745e-06,True,0
5,ElasticNet,0.005623413251903491,0.7,0.40155013199873196,0.05904333485700273,0.9642927119778811,8.226454689997525e-06,True,0
5,ElasticNet,0.03162277660168379,0.5,0.4094305775278679,0.061293414184342546,0.9635720593282849,6.724582642531063e-06,True,0
5,ElasticNet,0.03162277660168379,0.7,0.4119449338805244,0.056808005079186215,0.9633399493543844,5.064354090981299e-06,True,0
6,ElasticNet,0.01,0.7,0.41348182510351544,0.06013130407073222,0.9631743902094642,5.957936701061345e-06,True,0
7,LASSO,0.01,1.0,0.4164788045373489,0.07445208677501995,0.9629820941063891,9.515920713102852e-06,True,0
5,ElasticNet,0.01778279410038923,0.3,0.4165720255945878,0.06369707930264928,0.9629560860735281,9.448317018171705e-06,True,0
7,ElasticNet,0.01,0.95,0.41885055465327126,0.07299850354772082,0.9627674592727836,3.251652787357104e-05,True,0
5,LASSO,0.0031622776601683794,1.0,0.419255775375399,0.059780052392920606,0.9627200037639012,9.283719359018654e-06,True,0
7,ElasticNet,0.01,0.9,0.42220982199967266,0.07200484684421522,0.9624679850375903,1.657335671654929e-05,True,0
5,ElasticNet,0.03162277660168379,0.9,0.4223678966500221,0.05596820604192304,0.9624111323912659,6.708811107477425e-06,True,0
5,ElasticNet,0.0031622776601683794,0.95,0.4239882837084814,0.059969814174493874,0.9622984559048713,7.636857405500866e-06,True,0
5,ElasticNet,0.03162277660168379,0.95,0.4257014751356021,0.05540738089116452,0.9621150763005949,3.2221396587053808e-06,True,0
5,ElasticNet,0.03162277660168379,0.3,0.4271215711209016,0.06590642757382792,0.9620159044499657,8.434782671165597e-06,True,0
5,LASSO,0.03162277660168379,1.0,0.42825189363032723,0.05496827008160909,0.9618902725941202,9.856753567620558e-06,True,0
5,ElasticNet,0.0031622776601683794,0.9,0.42937680349663837,0.06100202489653942,0.9618180777132661,8.031239085902475e-06,True,0
8,ElasticNet,0.01,0.9,0.43248027345864876,0.0826811783962274,0.9615606295511446,4.3087813997243554e-05,True,0
5,ElasticNet,0.005623413251903491,0.5,0.43269804989931254,0.06374284810722552,0.9615271531184018,9.139632887992036e-06,True,0
5,ElasticNet,0.01,0.3,0.4384245963725484,0.06686671194022994,0.9610241387884466,9.467350102718933e-06,True,0
5,ElasticNet,0.01,0.3,0.4384292546495396,0.06686117540206982,0.9610237361900195,9.223995321955974e-06,True,0
7,ElasticNet,0.01,0.7,0.44259473305186553,0.06608196869210901,0.9606437690044022,8.568623310302274e-06,True,0
9,ElasticNet,0.01,0.9,0.44570185081472014,0.05704414779744754,0.9603656273190562,3.9432257266802315e-05,True,0
6,ElasticNet,0.01,0.5,0.45187516271274514,0.07198461238519847,0.9597925012347505,8.705823544652089e-06,True,0
5,ElasticNet,0.0031622776601683794,0.7,0.45468147192628927,0.06462528560802927,0.959571061124365,7.206051626081501e-06,True,0
8,ElasticNet,0.01,0.7,0.4561420002604968,0.08085396729053963,0.9594468532705817,1.381634623660432e-05,True,0
9,ElasticNet,0.01,0.7,0.47802935939061664,0.0637905139855369,0.9575166264760471,3.0380954309491663e-05,True,0
5,LASSO,0.0017782794100389228,1.0,0.48395891120153944,0.07477446245007,0.9569725823541902,8.794994976138275e-06,True,0
5,ElasticNet,0.05623413251903491,0.3,0.4842978585376792,0.06917427835149212,0.9569221689394669,8.448727889850266e-06,True,0
7,ElasticNet,0.01,0.5,0.4850569005720895,0.06414244620267315,0.9568657937361579,1.186285681160134e-05,True,0
5,ElasticNet,0.005623413251903491,0.3,0.48993144157783436,0.07717257931626746,0.9564481933507919,9.501788669337386e-06,True,0
5,ElasticNet,0.0017782794100389228,0.95,0.4933093213654837,0.07762599321530567,0.9561412296225714,9.949632863679846e-06,True,0
5,ElasticNet,0.05623413251903491,0.5,0.49466986036807087,0.06405467201169794,0.9559877977161192,5.851105477846369e-06,True,0
5,ElasticNet,0.03162277660168379,0.1,0.49872795738642184,0.07950156115230304,0.9556790154202067,9.737146138910548e-06,True,0
5,ElasticNet,0.0031622776601683794,0.5,0.5002146644667264,0.08152353688527499,0.955531501932786,9.322278389066766e-06,True,0
5,ElasticNet,0.0017782794100389228,0.9,0.5030729791919902,0.08122893277992292,0.9552727350423987,9.442262426627218e-06,True,0
8,ElasticNet,0.01,0.5,0.503914203455878,0.07509926595286413,0.955193245890499,1.7984750187260805e-05,True,0
5,ElasticNet,0.01778279410038923,0.1,0.5055886170146479,0.08034398558017747,0.9550651196020027,9.903542355973842e-06,True,0
5,ElasticNet,0.05623413251903491,0.7,0.5137471669415897,0.06369408557734087,0.954278521644167,7.93424836257467e-06,True,0
5,ElasticNet,0.05623413251903491,0.1,0.5271458101066283,0.08364691047156167,0.953162296156318,9.15300826677401e-06,True,0
6,ElasticNet,0.01,0.3,0.5326897884683354,0.11507629027301734,0.9526640171726388,7.948524307187753e-06,True,0
9,ElasticNet,0.01,0.5,0.5332724046361106,0.06322533720096767,0.9526231697300408,3.08657676250778e-05,True,0
5,ElasticNet,0.05623413251903491,0.9,0.5404606294562199,0.06015375934298964,0.9518938848086999,9.794302867266458e-06,True,0
5,ElasticNet,0.01,0.1,0.5467429009930167,0.09534135439116913,0.9513938862199441,9.951951950542496e-06,True,0
5,ElasticNet,0.01,0.1,0.5467681301528985,0.09523516525808481,0.9513918022659379,9.364689416858007e-06,True,0
5,ElasticNet,0.05623413251903491,0.95,0.5494673272804989,0.05932574169452135,0.9510893332263501,4.231603884893853e-06,True,0
7,ElasticNet,0.1,0.1,0.5554568888125937,0.07518921272463137,0.9506019380549496,8.431467007527851e-06,True,0
5,LASSO,0.05623413251903491,1.0,0.5589905403957492,0.05937438056948387,0.9502394216508737,7.885520661624068e-06,True,0
5,ElasticNet,0.0017782794100389228,0.7,0.5601700191420416,0.11113238500138378,0.9501877349981749,8.601454660111868e-06,True,0
7,ElasticNet,0.1,0.3,0.5722912305842133,0.07499022380201344,0.9491111784272027,9.554948290618065e-06,True,0
7,ElasticNet,0.01,0.3,0.5787617467567321,0.08230846530515776,0.9485470144488733,7.24081596966894e-06,True,0
8,ElasticNet,0.1,0.3,0.5803852347188273,0.07757282483743357,0.9484177671790954,8.394766964979483e-06,True,0
8,ElasticNet,0.1,0.1,0.582418572796473,0.08053508916033406,0.948207663392418,4.5873455451345135e-06,True,0
9,ElasticNet,0.1,0.3,0.5904746148216758,0.07830925824939612,0.9475242836609099,8.422777040668905e-06,True,0
10,ElasticNet,0.1,0.3,0.5937143319905519,0.08249820221050053,0.9472484193578831,6.178952543726968e-06,True,0
9,ElasticNet,0.1,0.1,0.5940028692600255,0.06773339839920173,0.94716342990244,1.0285044931264073e-05,True,0
5,ElasticNet,0.1,0.1,0.5955500016871039,0.09087758898972732,0.9471044432209895,8.890088407138494e-06,True,0
5,ElasticNet,0.1,0.1,0.5955513144627375,0.09087542422272943,0.9471043081298317,9.644500243575355e-06,True,0
6,ElasticNet,0.1,0.3,0.5980069707488372,0.073789868739475,0.946840295406436,7.90431165398342e-06,True,0
5,ElasticNet,0.1,0.3,0.601299342358772,0.0703430603985232,0.9465300074701113,9.09881975514129e-06,True,0
5,ElasticNet,0.1,0.3,0.6012996922243524,0.07034436460829757,0.9465299833693878,8.665945547322446e-06,True,0
5,ElasticNet,0.0031622776601683794,0.3,0.6015782456180858,0.1300222366182246,0.9464987860221372,9.92428051405916e-06,True,0
8,ElasticNet,0.01,0.3,0.6031103489726588,0.08723653904621759,0.9463908834903133,7.4315445872680935e-06,True,0
5,Ridge,17.78279410038923,0.0,0.6051842829707452,0.09985673800627577,0.9462000200607538,0.0,True,0
5,Ridge,31.622776601683793,0.0,0.6110368059272732,0.09929246310827973,0.9457215096664547,0.0,True,0
10,ElasticNet,0.1,0.1,0.6121998610286098,0.07039723916413365,0.9455617692642884,8.3716409102607e-06,True,0
6,ElasticNet,0.1,0.1,0.616444755127905,0.08853235298232177,0.9452140625746606,9.567769947460211e-06,True,0
5,Ridge,10.0,0.0,0.63472939559953,0.11112782968587451,0.9435092756503209,0.0,True,0
5,Ridge,10.0,0.0,0.63472939559953,0.11112782968587451,0.9435092756503209,0.0,True,0
5,ElasticNet,0.005623413251903491,0.1,0.6357508632403516,0.13126074113241365,0.9434118110156854,8.756935942841955e-06,True,0
5,LASSO,0.001,1.0,0.6370920597062472,0.15303609992538741,0.9433290987510935,9.130278030316857e-06,True,0
5,LASSO,0.001,1.0,0.6372811881894123,0.1529968756312967,0.9433131153982036,9.67071576537257e-06,True,0
5,ElasticNet,0.0017782794100389228,0.5,0.6446392205440836,0.1510104761942777,0.9426510881266216,9.694557232225727e-06,True,0
5,Ridge,56.23413251903491,0.0,0.6488837987031589,0.10492991932790231,0.9423906175303275,0.0,True,0
7,ElasticNet,0.1,0.5,0.651959648922508,0.07498319146725807,0.9419965930719582,5.6710083181366056e-06,True,0
5,ElasticNet,0.001,0.95,0.6525543555655706,0.15961578010316288,0.9419513740399627,9.928543235570436e-06,True,0
5,ElasticNet,0.001,0.95,0.6525962157399517,0.1592920910821678,0.9419474532281872,9.920963756783864e-06,True,0
8,ElasticNet,0.1,0.5,0.6577114517071837,0.07827022252198385,0.9415033550956192,2.0919467571017814e-05,True,0
9,ElasticNet,0.01,0.3,0.6610718453848702,0.09786721170016575,0.9413812253024195,4.931693369556768e-05,True,0
5,ElasticNet,0.1,0.5,0.6617051208034647,0.07280947604103445,0.9411221228558794,6.59706322167497e-06,True,0
5,ElasticNet,0.1,0.5,0.6617061473488893,0.0728112941446076,0.9411220360016657,4.145986106089683e-06,True,0
9,ElasticNet,0.1,0.5,0.6640710838380404,0.07933544049461316,0.9409383496769833,4.5773734205438454e-05,True,0
6,ElasticNet,0.1,0.5,0.6652446972507186,0.06543958568074074,0.9408113240060493,3.6141073176676475e-06,True,0
5,ElasticNet,0.001,0.9,0.6684117736049805,0.1650113335439723,0.9405333559693254,9.767605375008087e-06,True,0
5,ElasticNet,0.001,0.9,0.6685247893543981,0.16487752664908792,0.9405234696793173,9.756017876385898e-06,True,0
4,LASSO,0.01,1.0,0.6963320196989096,0.08469494566130761,0.9380858625794594,6.012686144469051e-06,True,0
4,ElasticNet,0.01,0.95,0.6985836928485006,0.08576834013792774,0.9378886214366532,8.665345052432522e-06,True,0
4,ElasticNet,0.01,0.9,0.7016824703422055,0.08757674348384362,0.937616634346281,9.567828466928996e-06,True,0
5,Ridge,5.623413251903491,0.0,0.705303134375605,0.1399298746747776,0.9371304688246774,0.0,True,0
6,ElasticNet,0.01,0.1,0.7103703176094792,0.1519185968483633,0.9367837261382399,9.88486671697395e-06,True,0
4,ElasticNet,0.01,0.7,0.7146684373433958,0.09361810278509332,0.9364746324881214,7.197410079870688e-06,True,0
5,Ridge,100.0,0.0,0.719742614533747,0.11281594241034411,0.9361146724709964,0.0,True,0
5,Ridge,100.0,0.0,0.719742614533747,0.11281594241034411,0.9361146724709964,0.0,True,0
4,ElasticNet,0.01,0.5,0.730789930575142,0.09729266988823583,0.9350472264234794,8.016649085354488e-06,True,0
7,ElasticNet,0.1,0.7,0.7447915193003984,0.07063354380593002,0.9336892962167772,2.0912232300537847e-05,True,0
5,ElasticNet,0.001,0.7,0.7464283842203691,0.18291190270715182,0.9335214477094748,9.961249211830055e-06,True,0
5,ElasticNet,0.001,0.7,0.7467263600432581,0.18292584460347222,0.9334950244496949,9.759145154222544e-06,True,0
5,ElasticNet,0.1,0.7,0.7473823916333551,0.06651174433916454,0.9334677652182468,5.228804072568427e-06,True,0
5,ElasticNet,0.1,0.7,0.747382596512745,0.06650989908972767,0.9334677439710207,5.386335714285817e-06,True,0
8,ElasticNet,0.1,0.7,0.7485919997474632,0.07171370217319581,0.9333588436684037,3.748503603728803e-05,True,0
6,ElasticNet,0.1,0.7,0.7529709800477443,0.05579603514493903,0.9329286577099336,3.532357705476885e-06,True,0
4,ElasticNet,0.01,0.3,0.7557172568430657,0.10520574864106735,0.9328372778919406,9.809605917421652e-06,True,0
5,ElasticNet,0.0017782794100389228,0.3,0.7668062299669076,0.18810578047160045,0.9316540469911191,9.98157079653097e-06,True,0
7,ElasticNet,0.01,0.1,0.7713925071164628,0.09369050862285748,0.9314071683364835,2.442955616171528e-05,True,0
5,ElasticNet,0.0031622776601683794,0.1,0.7713961455493371,0.17544935097940217,0.9311950755909089,9.597531627926438e-06,True,0
7,Ridge,100.0,0.0,0.7749010317572891,0.09384845006177146,0.931060930876242,0.0,True,0
4,ElasticNet,0.01,0.1,0.7939153333760585,0.13290740971949272,0.92950144581765,8.142567040699163e-06,True,0
4,LASSO,0.001,1.0,0.8005750715218397,0.11297663470604553,0.9288236814179629,9.671246032937238e-06,True,0
4,ElasticNet,0.001,0.95,0.8027212976731043,0.11269556366943079,0.9286309910989953,7.830859838413372e-06,True,0
4,ElasticNet,0.001,0.9,0.8048950243479052,0.112425476610315,0.92843592173848,8.478409552648328e-06,True,0
4,ElasticNet,0.001,0.7,0.8139048443707316,0.11247613870878138,0.9276309213302513,9.29488175176749e-06,True,0
6,Ridge,100.0,0.0,0.81625595393083,0.18719250368957874,0.9275269284220188,0.0,True,0
5,Ridge,3.1622776601683795,0.0,0.8232076447757124,0.19140407661009556,0.9264931182868507,0.0,True,0
4,ElasticNet,0.001,0.5,0.8235287087731914,0.11355159708898677,0.9267745626392143,9.967446338144661e-06,True,0
4,Ridge,10.0,0.0,0.8292892335607435,0.15111970105420514,0.9264022764802157,0.0,True,0
6,LASSO,0.001,1.0,0.8315454952395238,0.158458118814049,0.9261013943681625,6.689243483060147e-06,True,0
4,ElasticNet,0.001,0.3,0.8343423244577273,0.1149041418850028,0.9258127620175708,9.823101642358542e-06,True,0
7,ElasticNet,0.1,0.9,0.835517223121712,0.0773843534247832,0.9256013602774459,3.1681056712293265e-05,True,0
5,ElasticNet,0.1,0.9,0.8393292645467186,0.07055170418649803,0.9252867563529028,5.0302513009414795e-06,True,0
5,ElasticNet,0.1,0.9,0.8393324076948877,0.07055427711003154,0.9252864789912792,8.677870612303074e-06,True,0
4,Ridge,1.0,0.0,0.8459943656293064,0.12065646002104134,0.924789754414704,0.0,True,0
4,ElasticNet,0.001,0.1,0.846684366142362,0.11510342519985499,0.9247116168838975,9.330227707555388e-06,True,0
6,ElasticNet,0.1,0.9,0.8468853268838479,0.058975163117054114,0.9245574829141296,7.652759713386303e-06,True,0
6,ElasticNet,0.001,0.95,0.8545927590410787,0.15959034943766437,0.9240310227252578,3.889148609798163e-06,True,0
5,ElasticNet,0.001,0.5,0.8554424500178457,0.2082123526045024,0.9237036795797623,9.893950427000524e-06,True,0
5,ElasticNet,0.001,0.5,0.8555031964141495,0.20856161281162153,0.923697202910647,9.767900173115562e-06,True,0
7,ElasticNet,0.1,0.95,0.8568719294804108,0.07784591213337556,0.9236977638328264,3.292132645686674e-05,True,0
5,ElasticNet,0.1,0.95,0.8633043422850027,0.06938216243454781,0.92314282479765,4.7651826546729614e-06,True,0
5,ElasticNet,0.1,0.95,0.8633075874016836,0.06937966844639294,0.9231425254608975,8.998085812880752e-06,True,0
4,LASSO,0.0001,1.0,0.8649528698353418,0.10351354600673451,0.9230371614608824,7.301691983479269e-06,True,0
4,ElasticNet,0.0001,0.95,0.8653655313685055,0.10346434236506774,0.9229997982596204,7.650264372265991e-06,True,0
4,ElasticNet,0.0001,0.9,0.8657400656702533,0.10353033953328854,0.922966190300348,7.031734700315472e-06,True,0
4,ElasticNet,0.0001,0.7,0.867376903181178,0.10326569151303189,0.9228176948793515,7.229097290786045e-06,True,0
6,ElasticNet,0.1,0.95,0.8685115792579777,0.0601608313291434,0.922618153891908,2.4738701258700257e-05,True,0
4,ElasticNet,0.0001,0.5,0.8688148533361785,0.1030094704438952,0.9226873183381198,8.152199515552577e-06,True,0
4,ElasticNet,0.0001,0.3,0.8704988403656341,0.10282240406437469,0.9225350326705352,7.510751635925115e-06,True,0
4,Ridge,0.1,0.0,0.8715773416252571,0.10346019422109327,0.9224395584173138,0.0,True,0
4,ElasticNet,0.0001,0.1,0.8722769814416192,0.10282089970265826,0.92237434937573,9.79339813434139e-06,True,0
4,LASSO,1e-05,1.0,0.8746305505008597,0.10109121471444582,0.9221577207980688,9.895563881871888e-06,True,0
4,ElasticNet,1e-05,0.95,0.8747344652798222,0.10118362757032981,0.9221485210641536,9.80853942310666e-06,True,0
4,ElasticNet,1e-05,0.9,0.8747779705241724,0.10117089079041963,0.9221445704231211,8.977845536433208e-06,True,0
4,ElasticNet,1e-05,0.7,0.8748991046568803,0.10105129255975859,0.9221333943446339,9.402891949975795e-06,True,0
4,ElasticNet,1e-05,0.5,0.8750835580631117,0.10102899454221988,0.9221166781314944,8.482836336290235e-06,True,0
6,Ridge,10.0,0.0,0.8752231803386716,0.19599028071910365,0.9218739555933491,0.0,True,0
4,ElasticNet,1e-05,0.3,0.875223921894587,0.10093353491568573,0.9221037435101841,9.483362934417609e-06,True,0
4,ElasticNet,1e-05,0.1,0.8754288403312892,0.10090983477461792,0.9220854167179354,9.469534664471183e-06,True,0
4,Ridge,0.01,0.0,0.875452888353307,0.10111430291449214,0.9220835485911758,0.0,True,0
4,ElasticNet,1e-06,0.3,0.8756794647202019,0.10086918599464219,0.9220626111175357,8.338355133511728e-06,True,0
4,LASSO,1e-06,1.0,0.8756999130909303,0.10090112076161561,0.922060963292917,8.366753686621017e-06,True,0
4,ElasticNet,1e-06,0.5,0.8757127616156302,0.10091985960749046,0.9220596958620941,9.45098467752022e-06,True,0
4,ElasticNet,1e-06,0.1,0.875720634436401,0.10085060842832982,0.9220588005470104,9.418540517092666e-06,True,0
4,ElasticNet,1e-06,0.95,0.8757327097247138,0.10091939317568714,0.9220580862464622,9.806163077974566e-06,True,0
4,ElasticNet,1e-06,0.9,0.8757385060488673,0.10091628744380376,0.922057542845489,9.403101128739383e-06,True,0
4,ElasticNet,1e-06,0.7,0.8757476746108875,0.1008778529893707,0.9220565908650133,9.034151685411089e-06,True,0
4,Ridge,0.001,0.0,0.8758590521052887,0.10087211795428512,0.9220462362291267,0.0,True,0
4,Ridge,0.0001,0.0,0.8758998621204883,0.10084782262249908,0.9220424871819836,0.0,True,0
4,Ridge,1e-05,0.0,0.8759039450662486,0.10084539232022034,0.9220421120984357,0.0,True,0
4,Ridge,1e-06,0.0,0.875904353380275,0.10084514928230083,0.9220420745882918,0.0,True,0
6,ElasticNet,0.001,0.9,0.880048179220508,0.15935900813141204,0.9217555419153008,6.662063383060463e-06,True,0
5,LASSO,0.1,1.0,0.8886697400574741,0.07011409267818661,0.9208821797784457,4.431045526914756e-06,True,0
5,LASSO,0.1,1.0,0.8886750887810058,0.07011595081777386,0.9208817069274334,3.7469640538217996e-06,True,0
6,LASSO,0.1,1.0,0.890407741449465,0.06209628807732581,0.9206571378797976,1.7507681910625128e-05,True,0
4,ElasticNet,0.1,0.3,0.9211489363502973,0.08660208823276314,0.9181282363149262,1.7931133882397032e-06,True,0
4,ElasticNet,0.1,0.1,0.9318090058919797,0.12337080383152212,0.9172655202486304,6.122655039249303e-06,True,0
8,Ridge,100.0,0.0,0.9539843737952701,0.15849823683942568,0.9150779745140513,0.0,True,0
4,ElasticNet,0.1,0.5,0.9651536390409508,0.07919191145999753,0.914173911661536,4.842522725805043e-06,True,0
8,LASSO,0.001,1.0,0.969333252398016,0.15224949066561896,0.9132423694586708,1.1245365792827457e-05,True,0
7,LASSO,0.001,1.0,0.9722459210891906,0.13049755663950918,0.913352202010692,8.525422699325524e-06,True,0
5,ElasticNet,0.0017782794100389228,0.1,0.9746650729004352,0.2470339097804462,0.9129156951145081,9.823542969656599e-06,True,0
7,ElasticNet,0.001,0.95,0.9845292447818427,0.14305125112235917,0.9122436773807167,9.505919586518842e-06,True,0
8,ElasticNet,0.001,0.95,0.9945475185408621,0.15301972005544975,0.9110146916866007,2.0509135120170847e-05,True,0
5,Ridge,1.7782794100389228,0.0,0.9953177469774549,0.2645580793968086,0.9109799804801386,0.0,True,0
7,ElasticNet,0.001,0.9,0.9991031598774481,0.14551054056843848,0.9109257721835347,8.542280148780422e-06,True,0
5,ElasticNet,0.001,0.3,0.9994813146255295,0.24119446082577953,0.9107505798105318,9.901634223140896e-06,True,0
5,ElasticNet,0.001,0.3,0.9995463146823398,0.2409895220329039,0.9107445190005129,9.947495356292719e-06,True,0
6,ElasticNet,0.001,0.7,1.013078122663086,0.14563024246506392,0.9099217548396874,9.5747225168707e-06,True,0
7,Ridge,10.0,0.0,1.0180413155892023,0.1426997789166847,0.909261251448167,0.0,True,0
8,ElasticNet,0.001,0.9,1.022702093980934,0.1493376556729468,0.9085198147643713,3.824611327640933e-05,True,0
4,ElasticNet,0.1,0.7,1.0351657884603025,0.08628031023407332,0.9079577228295963,5.547182764423231e-06,True,0
9,Ridge,100.0,0.0,1.0467462500715927,0.10036126908277321,0.9068790833668787,0.0,True,0
9,ElasticNet,0.001,0.95,1.04802385671265,0.1776091085112965,0.9066063464202568,4.12918947972099e-05,True,0
4,Ridge,100.0,0.0,1.0571126093325345,0.18009541739288498,0.9062665091201841,0.0,True,0
9,ElasticNet,0.001,0.9,1.0602027540553196,0.18288317083091724,0.905477076876469,3.143153596719148e-05,True,0
3,LASSO,0.001,1.0,1.063161885026683,0.06961416472769731,0.9053719722036018,8.64525953837977e-06,True,0
3,ElasticNet,0.001,0.95,1.0633746532694137,0.06975625517906159,0.9053535321054172,8.546294578380578e-06,True,0
3,ElasticNet,0.001,0.9,1.0635942687037365,0.06988864283283784,0.9053344344009727,7.89904202053767e-06,True,0
3,ElasticNet,0.001,0.7,1.0644890684237664,0.07046072284546172,0.9052566679973388,8.174562140972016e-06,True,0
3,ElasticNet,0.001,0.5,1.0653671207505917,0.07096942040118288,0.9051802712244109,7.63756305612105e-06,True,0
3,ElasticNet,0.001,0.3,1.066247544397952,0.07135917175675482,0.9051032649441338,8.847771818156944e-06,True,0
3,ElasticNet,0.01,0.7,1.0669175478789674,0.07289898502469454,0.9050301961630925,2.2165615538947275e-06,True,0
3,ElasticNet,0.01,0.9,1.0670092714738704,0.06876248280558324,0.905005828209795,5.455732141718475e-06,True,0
3,ElasticNet,0.001,0.1,1.0671774855891363,0.07175902985518279,0.9050217876022608,9.787607495424645e-06,True,0
3,ElasticNet,0.01,0.5,1.0672894005398128,0.07586765410674269,0.9050063621664282,4.567769846313893e-06,True,0
3,ElasticNet,0.01,0.95,1.0673484079887479,0.0683701909699215,0.9049717287260804,9.940191753430791e-06,True,0
3,Ridge,1.0,0.0,1.067562896733023,0.07242432549638216,0.9049888618583868,0.0,True,0
3,LASSO,0.0001,1.0,1.0675819474766581,0.07104110669527651,0.9049849328695062,7.843132662546366e-06,True,0
3,ElasticNet,0.0001,0.95,1.0676083696797056,0.07105208458665487,0.9049826190532212,7.537299454022891e-06,True,0
3,ElasticNet,0.0001,0.9,1.0676346205059348,0.07106503413222547,0.9049803215083548,7.253265823103133e-06,True,0
3,ElasticNet,0.0001,0.7,1.0677404460055466,0.07110582657796224,0.9049710406155432,8.443487282539324e-06,True,0
3,LASSO,0.01,1.0,1.0678072458937684,0.06809075133395158,0.9049280001744608,6.960056477645776e-06,True,0
3,ElasticNet,0.0001,0.5,1.0678467405660468,0.07115389249001662,0.9049617338018777,7.3673437017202344e-06,True,0
3,ElasticNet,0.0001,0.3,1.0679544992928836,0.07121456656764115,0.9049523224101957,9.357247860029358e-06,True,0
3,ElasticNet,0.0001,0.1,1.0680611640187545,0.07126063879140448,0.9049429791705123,9.881019604890378e-06,True,0
3,Ridge,0.1,0.0,1.0680769383051445,0.07131317807521417,0.904941673714481,0.0,True,0
3,LASSO,1e-05,1.0,1.068125442756798,0.07118535910343173,0.9049371800858905,8.078080310968767e-06,True,0
3,ElasticNet,1e-05,0.95,1.0681279342573127,0.07118634206866778,0.9049369616022328,7.805700282802077e-06,True,0
3,ElasticNet,1e-05,0.9,1.068130474422122,0.07118735170679205,0.9049367389138708,7.51956401210893e-06,True,0
3,ElasticNet,1e-05,0.7,1.0681408337494978,0.07119179089094226,0.9049358359094185,9.968418348722502e-06,True,0
3,ElasticNet,1e-05,0.5,1.068150411197718,0.07119645639231138,0.9049349993237232,9.333881652638327e-06,True,0
3,ElasticNet,1e-05,0.3,1.0681572115959848,0.07119556788902304,0.9049343961314563,8.135117657139981e-06,True,0
3,ElasticNet,1e-05,0.1,1.0681678381209616,0.07120115763379715,0.9049334647128914,8.138311242996461e-06,True,0
3,Ridge,0.01,0.0,1.068173170186685,0.07121166269707692,0.9049330072798928,0.0,True,0
3,LASSO,1e-06,1.0,1.0681758497310216,0.07119769771425313,0.9049327406884338,7.6058402740657444e-06,True,0
3,ElasticNet,1e-06,0.95,1.068176236455095,0.07119791768183446,0.9049327070802221,7.403933826267091e-06,True,0
3,ElasticNet,1e-06,0.9,1.068176621376031,0.07119813134583035,0.9049326736200832,7.2127180304667626e-06,True,0
3,ElasticNet,1e-06,0.7,1.0681777485665662,0.07119974312749482,0.9049325800256325,9.88359565953986e-06,True,0
3,ElasticNet,0.01,0.3,1.0681807246106958,0.07834327916377085,0.904935594265592,8.676174870091927e-06,True,0
3,Ridge,0.001,0.0,1.0681832954382613,0.07120162833279858,0.9049320964426921,0.0,True,0
3,Ridge,0.0001,0.0,1.0681843130435444,0.07120062609203584,0.9049320049118178,0.0,True,0
3,Ridge,1e-05,0.0,1.0681844148549342,0.07120052587994044,0.9049319957542535,0.0,True,0
3,Ridge,1e-06,0.0,1.0681844250365815,0.07120051585885066,0.9049319948384523,0.0,True,0
3,ElasticNet,1e-06,0.5,1.0681855169950987,0.07120892269461407,0.9049319126327576,9.584582225416705e-06,True,0
3,ElasticNet,1e-06,0.3,1.0681859519455126,0.07120779917971551,0.9049318712934459,7.483766722078249e-06,True,0
3,ElasticNet,1e-06,0.1,1.0681864453491174,0.07120633504454099,0.9049318255925725,4.900152135021291e-06,True,0
3,ElasticNet,0.01,0.1,1.0714797214439822,0.07931403776109823,0.904650673974626,8.454267993169076e-06,True,0
3,Ridge,10.0,0.0,1.0819637985467818,0.08467193947701777,0.9037338169002194,0.0,True,0
7,ElasticNet,0.001,0.7,1.0855880672417653,0.1953870909572028,0.9030163283223831,1.285447565332323e-05,True,0
4,ElasticNet,0.1,0.9,1.1181724619940017,0.09646458365918412,0.9005956137914272,3.227235133226869e-06,True,0
8,ElasticNet,0.001,0.7,1.1386509605119084,0.1587455611003993,0.8981204396712398,2.3468856042931432e-05,True,0
4,ElasticNet,0.1,0.95,1.1425663294930901,0.09629241216869368,0.8984203657412354,4.375515461507717e-06,True,0
10,ElasticNet,0.001,0.9,1.1546137888112964,0.1261159728650775,0.8969600877794907,3.593502771030309e-05,True,0
4,LASSO,0.1,1.0,1.1664528621774402,0.09504290371259339,0.8962841479891587,9.102062527133192e-06,True,0
6,ElasticNet,0.001,0.5,1.1732896975296427,0.1405484563043088,0.8954184914812714,9.85353292657482e-06,True,0
9,ElasticNet,0.001,0.7,1.181114327370376,0.2099686149871444,0.8945702829264272,3.820915756523808e-05,True,0
7,ElasticNet,0.001,0.5,1.1997924628072851,0.28516621896802613,0.8925373660814628,1.5478354188865062e-05,True,0
5,Ridge,1.0,0.0,1.2300858064961244,0.3540832086199456,0.8898194393413995,0.0,True,0
5,Ridge,1.0,0.0,1.2300858064961244,0.3540832086199456,0.8898194393413995,0.0,True,0
10,Ridge,100.0,0.0,1.2345745334559743,0.1707076638722528,0.8900888241969982,0.0,True,0
10,ElasticNet,0.001,0.7,1.2423472316393769,0.07026993011464576,0.8891325168514111,2.6929787092575767e-05,True,0
5,ElasticNet,0.001,0.1,1.2454235420969735,0.33823762707514454,0.8884988153835396,9.843783081624387e-06,True,0
5,ElasticNet,0.001,0.1,1.2460361885252698,0.3374477028437711,0.8884461741520683,9.437809983656615e-06,True,0
3,ElasticNet,0.1,0.1,1.259664112331561,0.10964100861188403,0.8879745552829325,6.036073792455715e-06,True,0
9,Ridge,1000.0,0.0,1.273402412699243,0.1746672822001831,0.8868229280393182,0.0,True,0
7,Ridge,1000.0,0.0,1.2757864966995853,0.15085967002871153,0.8865936489118441,0.0,True,0
3,ElasticNet,0.1,0.3,1.2831489616467768,0.10475607782165076,0.8858193948367631,3.0277575719800387e-06,True,0
8,ElasticNet,0.001,0.5,1.3129839016597744,0.22052744390329604,0.8823187361768943,1.6248467559959836e-05,True,0
8,Ridge,1000.0,0.0,1.3173212836952886,0.21309840062126406,0.8829972831916235,0.0,True,0
3,ElasticNet,0.1,0.5,1.3250998030541166,0.10918452275681964,0.8820605606487321,3.5143038836643603e-06,True,0
9,ElasticNet,0.001,0.5,1.3492336398370497,0.16565309865621017,0.8794492041950704,3.0575942551174884e-05,True,0
8,Ridge,10.0,0.0,1.3799296330710316,0.33801316399272946,0.8766331325024669,0.0,True,0
3,ElasticNet,0.1,0.7,1.3867334168293437,0.116531652367027,0.8765790291994761,8.776989680603364e-07,True,0
10,Ridge,1000.0,0.0,1.3909436453716815,0.2081300847782093,0.8763664078022376,0.0,True,0
7,ElasticNet,0.001,0.3,1.392840637323329,0.33975628957309173,0.8752846299690001,1.7751705410691705e-05,True,0
6,ElasticNet,0.001,0.3,1.401607181138749,0.2842212348813824,0.874616814673567,9.81351793436755e-06,True,0
3,Ridge,100.0,0.0,1.4034154879558918,0.12091916266001339,0.8752132405550065,0.0,True,0
10,ElasticNet,0.001,0.5,1.4077944234327262,0.08094205694778059,0.874187170757248,2.8397954342431462e-05,True,0
3,ElasticNet,0.1,0.9,1.4507301793500418,0.12416053476688468,0.8709120313639609,5.544527274956024e-06,True,0
3,ElasticNet,0.1,0.95,1.4652663505351275,0.12344701010312337,0.8696159733864876,7.123530973762726e-06,True,0
3,LASSO,0.1,1.0,1.4797468856078335,0.12247068371115771,0.8683254831518229,8.616353015938882e-07,True,0
6,Ridge,1000.0,0.0,1.4831720310446734,0.17146519042829653,0.8682355625052538,0.0,True,0
9,ElasticNet,0.001,0.3,1.5296396505451648,0.22799981468791894,0.8629806270903867,3.6162693007468424e-05,True,0
8,ElasticNet,0.001,0.3,1.5548554163844897,0.3136372730945159,0.8603602339544786,1.9046011810019102e-05,True,0
9,ElasticNet,1.0,0.1,1.5757338562951826,0.08392309076838864,0.8597298294859644,7.0285026670807715e-06,True,0
9,Ridge,10.0,0.0,1.5810674699541183,0.27094924921756675,0.8591808478978744,0.0,True,0
10,ElasticNet,1.0,0.1,1.5818231150005266,0.08309694254550068,0.8591753875220599,2.966810801754982e-05,True,0
8,ElasticNet,1.0,0.1,1.606661518203711,0.09738669258684382,0.8569920324233377,7.370121722125034e-06,True,0
7,ElasticNet,1.0,0.1,1.6133420346963536,0.1061557798291104,0.8564441334510119,7.274901170251091e-06,True,0
10,ElasticNet,0.001,0.3,1.692957141233119,0.133599425979572,0.8485333814048671,2.820279982806127e-05,True,0
5,Ridge,1000.0,0.0,1.7247008858063673,0.08941709795837997,0.8464605781062309,0.0,True,0
6,ElasticNet,1.0,0.1,1.735702220164803,0.1403699625900345,0.8456022504886231,7.188738548338791e-06,True,0
7,ElasticNet,0.001,0.1,1.8142525014713395,0.3802761496939063,0.8376837995402532,1.1143920902573828e-05,True,0
5,ElasticNet,1.0,0.1,1.9068698441308884,0.14928601122138727,0.8303630473858448,4.0363827263911745e-06,True,0
10,Ridge,10.0,0.0,1.9943561126349092,0.3883383175371981,0.8219782661572413,0.0,True,0
6,ElasticNet,0.001,0.1,2.036512656777962,0.4670254106118124,0.8177353699553603,9.910806453652642e-06,True,0
6,Ridge,1.0,0.0,2.1008315866851555,0.5166023524511713,0.8120324755048235,0.0,True,0
7,Ridge,1.0,0.0,2.110613074980825,0.35440146691041136,0.8112785626644428,0.0,True,0
9,ElasticNet,0.001,0.1,2.2219284914523514,0.4137732734204333,0.8005056721045417,2.619080126523963e-05,True,0
5,LASSO,0.0001,1.0,2.2795789260822232,0.68559727807021,0.7944716386911548,9.701907184850848e-06,True,0
8,ElasticNet,0.001,0.1,2.3096751561409974,0.395101956790902,0.792897316649936,2.6224881926327403e-05,True,0
4,Ridge,1000.0,0.0,2.325032176691485,0.16752235408890678,0.7931684681210579,0.0,True,0
5,ElasticNet,0.0001,0.95,2.3304444595802223,0.7139969016351433,0.7898154964744911,9.921903255000582e-06,True,0
4,ElasticNet,1.0,0.1,2.3622098563780582,0.21877828253659531,0.7899440459968684,7.917683289088151e-06,True,0
5,ElasticNet,0.0001,0.9,2.371801382423523,0.7328176189049457,0.786052334042746,9.930353463644321e-06,True,0
10,ElasticNet,0.001,0.1,2.3775229656298524,0.39937613666077854,0.7865868409281959,2.193429381920975e-05,True,0
5,ElasticNet,0.0001,0.7,2.5671601972499167,0.8464644104235678,0.7681835774992681,9.927721246106664e-06,True,0
10,Ridge,10000.0,0.0,2.732605387420661,0.17932559528077438,0.7568623430815916,0.0,True,0
5,ElasticNet,0.0001,0.5,2.7427551526833294,0.9626805560962873,0.7521045757723887,9.96204354337905e-06,True,0
9,ElasticNet,0.0001,0.95,2.788437670237341,0.6437800855868262,0.7489153463794086,3.7285145538541775e-05,True,0
9,LASSO,0.0001,1.0,2.800800911165886,0.6707943729210993,0.7477133859621601,4.5063836815731535e-05,True,0
8,Ridge,1.0,0.0,2.8335216465527258,0.6399351553732574,0.7461290240437587,0.0,True,0
10,LASSO,0.0001,1.0,2.885053131995388,0.29731965131232807,0.7421830426395757,4.069804562622244e-05,True,0
9,Ridge,10000.0,0.0,2.89284596922468,0.1292679229237565,0.742398194569815,0.0,True,0
5,Ridge,0.1,0.0,2.8950547783087948,1.029665036041845,0.7383640558476086,0.0,True,0
5,ElasticNet,0.0001,0.3,2.940894744710823,1.0694930687759292,0.7340498682716242,9.995800659804798e-06,True,0
7,ElasticNet,0.0001,0.95,2.9760278884109073,0.18559399530030546,0.7343943189734782,4.364327620411658e-05,True,0
9,ElasticNet,1.0,0.3,2.9842161155526306,0.28017949390272173,0.7345988680325899,2.0230213393201968e-05,True,0
10,ElasticNet,1.0,0.3,2.984801120412358,0.2858280443948761,0.73455828769319,1.2553255036185096e-05,True,0
8,ElasticNet,1.0,0.3,3.005722250990606,0.29540782136305027,0.7327089370875347,2.9670245925150773e-06,True,0
7,ElasticNet,1.0,0.3,3.020403684674123,0.29281057987684417,0.731391556390268,5.74804161057596e-06,True,0
10,ElasticNet,0.0001,0.7,3.0209000855334085,0.3753000420141325,0.7297781166143148,3.555327749518853e-05,True,0
9,Ridge,1.0,0.0,3.0236323509752268,0.4335212887381741,0.7299986171738034,0.0,True,0
10,ElasticNet,0.0001,0.9,3.026473001320898,0.35274671370164706,0.7291330138213041,4.347799672492358e-05,True,0
10,ElasticNet,0.0001,0.95,3.0693622579872266,0.2883624701043022,0.7258524243684054,3.76504573584863e-05,True,0
8,Ridge,10000.0,0.0,3.099746755186883,0.16938039732611554,0.7239908016944879,0.0,True,0
8,LASSO,0.0001,1.0,3.1058859849050235,0.45635743183914607,0.7214082734853143,4.6007194480561506e-05,True,0
6,ElasticNet,1.0,0.3,3.11293267889218,0.32475249552610347,0.7232328684339828,9.230168124929605e-06,True,0
8,ElasticNet,0.0001,0.95,3.1161026805519323,0.438294523482143,0.7204342533879724,4.8452085273307204e-05,True,0
9,ElasticNet,0.0001,0.5,3.1196881672417014,0.684117293062775,0.7192207408220123,3.744707662725649e-05,True,0
5,ElasticNet,0.0001,0.1,3.1499514630343928,1.2038993077492786,0.7148842997118018,9.649754619832256e-06,True,0
10,ElasticNet,0.0001,0.5,3.1907355274995575,0.32717694868401714,0.7145124466229639,3.301728901544204e-05,True,0
5,ElasticNet,1.0,0.3,3.2158749844923826,0.3155593875687533,0.7140084912733263,1.1817004601510916e-06,True,0
8,ElasticNet,0.0001,0.9,3.229516420160607,0.41962397719650474,0.7103814809643101,3.869287742210383e-05,True,0
7,ElasticNet,0.0001,0.7,3.2685559144537355,0.3593511600326731,0.7081001398725008,3.67717516775166e-05,True,0
2,LASSO,0.01,1.0,3.3511692708808094,0.28673807106378063,0.7020133580091565,1.0520372264316569e-08,True,0
2,ElasticNet,0.01,0.95,3.3521307925487602,0.28718422457664156,0.7019289777566261,4.6072671702063195e-09,True,0
2,ElasticNet,0.01,0.9,3.3530943002334905,0.28762652039781095,0.7018443876939927,9.998159401086726e-09,True,0
2,ElasticNet,0.01,0.7,3.3568980514414757,0.2893077717424007,0.7015098414076668,6.523055961701885e-09,True,0
2,ElasticNet,0.01,0.5,3.3608356706666087,0.2909344673040223,0.7011630345818212,4.723053326043114e-09,True,0
2,ElasticNet,0.01,0.3,3.3647704962392164,0.29282547986979657,0.7008174395622445,7.920647682874149e-09,True,0
2,ElasticNet,0.01,0.1,3.368501382849862,0.2947963390372525,0.7004906948494231,2.1245719093732074e-08,True,0
2,Ridge,10.0,0.0,3.3690978052928386,0.2965056706551734,0.7004487739535822,0.0,True,0
2,LASSO,0.001,1.0,3.372354316177958,0.2928335583794466,0.7001300107067919,8.01526355356688e-06,True,0
2,ElasticNet,0.001,0.95,3.372439556754209,0.2928741146349705,0.7001225511839332,9.920724227130266e-06,True,0
2,ElasticNet,0.001,0.9,3.372526455676324,0.2929140558258999,0.7001149435429403,9.183770395490738e-06,True,0
2,ElasticNet,0.001,0.7,3.372870518287636,0.2930723504045712,0.7000848122730305,7.873427762828886e-06,True,0
2,ElasticNet,0.001,0.5,3.373226504646013,0.29324138536586025,0.7000536394717196,6.570799283538023e-06,True,0
2,ElasticNet,0.001,0.3,3.3735921984616852,0.29341675007196455,0.7000216087687049,6.07881797276788e-06,True,0
2,Ridge,1.0,0.0,3.3738547549054467,0.2937773856151749,0.6999999969093086,0.0,True,0
2,ElasticNet,0.001,0.1,3.3739601329772806,0.29359388314180274,0.6999893823902221,5.1919575038942314e-06,True,0
2,LASSO,0.0001,1.0,3.3744977207037556,0.29341845593626165,0.6999397449751686,1.1080659987456026e-06,True,0
2,ElasticNet,0.0001,0.95,3.3745069123558005,0.2934228700156321,0.6999389399652717,1.131582444891091e-06,True,0
2,ElasticNet,0.0001,0.9,3.374516106577547,0.29342727772344057,0.6999381347013894,1.1385008764515765e-06,True,0
2,ElasticNet,0.0001,0.7,3.3745529061245687,0.2934448808555591,0.6999349115368316,1.155159412034637e-06,True,0
2,ElasticNet,0.0001,0.5,3.3745899879601153,0.2934627346464123,0.6999316635956442,1.1435891012777952e-06,True,0
2,ElasticNet,0.0001,0.3,3.3746268119306584,0.2934801659026893,0.699928437775375,1.0775910188476554e-06,True,0
2,Ridge,0.1,0.0,3.3746514068702083,0.2935159231267051,0.6999264246397975,0.0,True,0
2,ElasticNet,0.0001,0.1,3.374663721126885,0.2934976887584893,0.699925204542153,1.1231989413105832e-06,True,0
2,LASSO,1e-06,1.0,3.3747191518972293,0.2934801952375035,0.6999200912528677,9.156664703939275e-06,True,0
2,LASSO,1e-05,1.0,3.3747191518972293,0.2934801952375035,0.6999200912528677,1.5666470393927493e-07,True,0
2,ElasticNet,1e-06,0.95,3.3747200723906094,0.29348063451738304,0.6999200106280302,9.320953660620519e-06,True,0
2,ElasticNet,1e-05,0.95,3.3747200723906094,0.29348063451738304,0.6999200106280302,1.5172027532508333e-07,True,0
2,ElasticNet,1e-06,0.9,3.374720992900018,0.29348107359152736,0.6999199300011562,9.617028012948782e-06,True,0
2,ElasticNet,1e-05,0.9,3.374720992900018,0.29348107359152736,0.6999199300011562,1.4689335836580226e-07,True,0
2,ElasticNet,1e-05,0.7,3.374724675299525,0.2934828269945605,0.6999196074526962,1.2829294207106958e-07,True,0
2,ElasticNet,1e-05,0.5,3.3747283593449335,0.29348457466831496,0.6999192847393388,1.1505406422418949e-07,True,0
2,ElasticNet,1e-05,0.3,3.3747320455487846,0.2934863175513573,0.6999189618180818,1.0791083599651169e-07,True,0
2,ElasticNet,1e-06,0.7,3.37473396067907,0.2934868236646216,0.6999187820317193,9.018657103496848e-06,True,0
2,Ridge,0.01,0.0,3.37473448733601,0.29348989426942285,0.6999187620964017,0.0,True,0
2,ElasticNet,1e-05,0.1,3.3747357381991243,0.2934880702320813,0.6999186383437325,1.1383832289793112e-07,True,0
2,ElasticNet,1e-06,0.5,3.3747360542239035,0.29348776582299946,0.6999185981791021,7.424449357121444e-06,True,0
2,ElasticNet,1e-06,0.3,3.374738150466751,0.2934887068488261,0.6999184140799132,7.234152238463021e-06,True,0
2,ElasticNet,1e-06,0.1,3.374740249750348,0.2934896512595374,0.6999182297173178,7.385763745234984e-06,True,0
2,Ridge,0.001,0.0,3.3747428297528956,0.29348729256142864,0.6999179927694636,0.0,True,0
2,Ridge,0.0001,0.0,3.3747436643385065,0.2934870324024098,0.6999179158060244,0.0,True,0
2,Ridge,1e-05,0.0,3.374743747800507,0.29348700638662634,0.6999179081093727,0.0,True,0
2,Ridge,1e-06,0.0,3.3747437561467417,0.2934870037850495,0.6999179073397045,0.0,True,0
2,ElasticNet,0.1,0.5,3.3962543745775027,0.28582440031973466,0.6980593949445862,3.0724143303892393e-06,True,0
2,ElasticNet,0.1,0.7,3.3998532835014603,0.27290452760476636,0.6976939065903691,9.769445964327717e-06,True,0
2,ElasticNet,0.1,0.3,3.4005768241472722,0.3008332588881417,0.6977228471666375,8.464187611946505e-07,True,0
2,ElasticNet,0.1,0.9,3.40997891829262,0.2615588469706703,0.6967492166064039,6.698147364106455e-06,True,0
2,ElasticNet,0.1,0.95,3.4142368884846124,0.25897767139137734,0.6963597484857532,6.0657414091697115e-06,True,0
2,ElasticNet,0.1,0.1,3.418969714453281,0.3116792091299859,0.6961140325778307,9.462496694187528e-09,True,0
2,LASSO,0.1,1.0,3.419235870859456,0.2574223620867438,0.6959076393680714,4.241637170498969e-06,True,0
8,ElasticNet,0.0001,0.7,3.4334411641225486,0.5172499508233565,0.691946540653284,4.108888254053688e-05,True,0
2,Ridge,100.0,0.0,3.5124518493956565,0.3316656739291799,0.6878577290708883,0.0,True,0
7,ElasticNet,0.0001,0.5,3.5645075716415007,0.579355225471166,0.6804490584815938,3.818592313266098e-05,True,0
4,ElasticNet,1.0,0.3,3.580063741000959,0.38559075302176105,0.6817755583660574,1.9368922049567416e-07,True,0
3,ElasticNet,1.0,0.1,3.618340736337514,0.16205895115291927,0.677740048629286,2.6595084311603623e-06,True,0
7,Ridge,10000.0,0.0,3.634132771008085,0.17057110460852895,0.676242522810148,0.0,True,0
10,Ridge,1.0,0.0,3.696303125133733,0.5123900121041695,0.6697555311204461,0.0,True,0
8,ElasticNet,0.0001,0.5,3.7804857839865726,0.6305743894205471,0.6605411817296858,4.080329452853096e-05,True,0
7,ElasticNet,0.0001,0.3,3.827428691023107,0.8308674838334719,0.6557566293222856,4.164573038172349e-05,True,0
10,ElasticNet,1e-05,0.7,3.9651131045206527,0.6299130442966372,0.6451705976608093,1.0527462805332424e-05,True,0
9,ElasticNet,0.0001,0.1,3.974996771880964,0.6887868414664046,0.6429024855775407,1.2298025882008342e-05,True,0
3,Ridge,1000.0,0.0,3.996654224350093,0.16890047374500394,0.6439453619367234,0.0,True,0
9,ElasticNet,1e-05,0.5,4.063568248434457,0.8901873296250044,0.6343412326792734,1.0673959103189404e-05,True,0
6,Ridge,10000.0,0.0,4.066876562996062,0.2881954799542795,0.6378487409872063,0.0,True,0
10,ElasticNet,0.0001,0.1,4.102528703674791,0.4914350755938678,0.6322857684930185,2.2065707061379616e-05,True,0
9,LASSO,1e-05,1.0,4.118222904775965,0.8518235632662132,0.6297247884955423,1.775174717200621e-05,True,0
10,ElasticNet,1e-05,0.9,4.133064290525616,0.6446110516473715,0.6304733071535128,1.8103721076437468e-05,True,0
10,LASSO,1e-05,1.0,4.157119404311476,0.734579646539798,0.6287230122624207,1.8547702717858187e-05,True,0
10,ElasticNet,1e-05,0.95,4.17137901497851,0.588771892314333,0.6269323191075751,1.9801121138730512e-05,True,0
10,ElasticNet,1e-05,0.5,4.1828070520346605,0.3631020776968575,0.626113465536563,1.0689661411343496e-05,True,0
9,ElasticNet,1e-05,0.95,4.201173845921853,1.028263883554334,0.6216194820553589,1.741334958336232e-05,True,0
9,ElasticNet,1e-05,0.7,4.2212241675211475,1.1769943771885012,0.6193098913793272,1.4333532543716024e-05,True,0
10,ElasticNet,1e-05,0.3,4.238560167258357,0.4370276990019885,0.620583318845306,9.194472767248073e-06,True,0
10,ElasticNet,1e-06,0.7,4.239815998161348,0.6266312100667537,0.62083973269585,9.99523777677467e-06,True,0
9,ElasticNet,1e-05,0.3,4.255503810186064,0.9114449105388287,0.6171210304514133,9.95940943308147e-06,True,0
7,Ridge,0.1,0.0,4.262282072821612,0.6215068358710617,0.6182289689201227,0.0,True,0
9,ElasticNet,1e-06,0.5,4.2990645242057655,0.8828453266442156,0.6133712888826723,9.989808422530933e-06,True,0
7,ElasticNet,0.0001,0.1,4.346310945847079,0.9182195083392343,0.6093081997131228,2.670242943209207e-05,True,0
9,ElasticNet,1.0,0.5,4.362049737981602,0.3137779743387826,0.6115711103502103,5.375228414705724e-06,True,0
10,ElasticNet,1.0,0.5,4.362811235400025,0.31748703235945536,0.6115064642483611,8.133350127059735e-06,True,0
8,ElasticNet,1.0,0.5,4.3776723911637445,0.3152924510065661,0.6102022818650384,4.16177031958842e-06,True,0
10,ElasticNet,1e-06,0.3,4.387187562699295,0.4198701911854592,0.6074303655584176,9.730596493749505e-06,True,0
7,ElasticNet,1.0,0.5,4.387328264944477,0.31255271404264734,0.6093580746805448,5.09785118796291e-06,True,0
10,ElasticNet,1e-06,0.9,4.392802942766763,0.5946215001820063,0.6075153536691303,9.953195645316396e-06,True,0
9,LASSO,1e-06,1.0,4.401247019882824,0.8465496144590706,0.6045278544580394,9.499387275534992e-06,True,0
10,ElasticNet,1e-06,0.5,4.404319440749997,0.295463128478711,0.6066636475686037,9.97926947807143e-06,True,0
9,ElasticNet,1e-05,0.9,4.429998718818818,1.3449895785148753,0.6002901299007349,1.4265270637073734e-05,True,0
9,ElasticNet,1e-06,0.3,4.430861844108677,0.8802827067764923,0.6015644195396578,9.918368643072484e-06,True,0
8,ElasticNet,0.0001,0.1,4.436128883921,0.6196536337159567,0.6023076135875703,1.6279338290967668e-05,True,0
6,ElasticNet,1.0,0.5,4.43981722342935,0.31949726644573634,0.6047711039260025,4.330669404029042e-06,True,0
10,ElasticNet,1e-06,0.95,4.446204874671796,0.5220279949939312,0.6026101823662182,9.871105302042696e-06,True,0
10,LASSO,1e-06,1.0,4.449863041918889,0.6917072076250942,0.6026889407168309,9.979861435233876e-06,True,0
9,ElasticNet,1e-06,0.95,4.466038341637268,0.9377383721956638,0.5982751283403104,9.93625290961385e-06,True,0
3,ElasticNet,1.0,0.3,4.47404375480771,0.2835868566599272,0.6017825748473357,4.519326579632832e-09,True,0
9,ElasticNet,1e-06,0.7,4.4879424977900335,1.1318489709197352,0.595661208287074,9.855428100948837e-06,True,0
5,ElasticNet,1.0,0.5,4.496769388351038,0.31978276591017984,0.5996814742807005,1.8906753772029994e-06,True,0
9,ElasticNet,1e-05,0.1,4.509762795493747,0.7465918324285942,0.5950060989873355,9.979677504932456e-06,True,0
5,LASSO,1e-05,1.0,4.520273472307082,2.3999893031476294,0.5881115523106822,9.953036656881575e-06,True,0
9,Ridge,0.1,0.0,4.534177820449529,0.35359680834728696,0.5950386875107544,0.0,True,0
5,ElasticNet,1e-05,0.95,4.546071393202992,2.4376409796381395,0.5856714740739507,9.996131412880497e-06,True,0
5,ElasticNet,1e-05,0.9,4.567583732754415,2.44409167178044,0.5837339615737944,9.992047763866969e-06,True,0
5,Ridge,0.01,0.0,4.5676667818882,2.3970162709460943,0.5839046225513843,0.0,True,0
5,ElasticNet,1e-05,0.7,4.5821235694042,2.4567169706539747,0.582388100079482,9.959562172362716e-06,True,0
5,ElasticNet,1e-05,0.5,4.610488400629016,2.4723519076463676,0.5798019190966673,9.91805212506553e-06,True,0
10,ElasticNet,1e-05,0.1,4.61181309508003,0.4502320515537783,0.5869561794975758,9.940181557791814e-06,True,0
9,ElasticNet,1e-06,0.1,4.614785252321416,0.7584345390633285,0.585616951757975,9.909756628853817e-06,True,0
5,ElasticNet,1e-05,0.3,4.6564021269245,2.5050834828336215,0.5755900021204653,9.894497649019777e-06,True,0
10,ElasticNet,1e-06,0.1,4.679963551552085,0.4555066410560897,0.5808600465217819,9.946997112335261e-06,True,0
5,ElasticNet,1e-05,0.1,4.68754741820373,2.534484251639007,0.5727022794011183,9.967999494124575e-06,True,0
8,Ridge,0.1,0.0,4.710596825024636,0.9387371830099306,0.5774605930246083,0.0,True,0
9,ElasticNet,1e-06,0.9,4.736861827386787,1.3998620189512458,0.5726231142278418,9.886208153895692e-06,True,0
4,ElasticNet,1.0,0.5,4.762151076127181,0.3642672047183998,0.5762773405282227,4.199766745482947e-07,True,0
8,ElasticNet,1e-05,0.95,4.864250944683916,0.435926562576969,0.5650698733150619,1.402431483355443e-05,True,0
8,LASSO,1e-05,1.0,4.890560110000771,0.6570632901690463,0.5616863570640477,1.5610458736876866e-05,True,0
8,ElasticNet,1e-05,0.9,4.9589323714808815,0.39993959072296026,0.5562677240577942,1.9779537482079665e-05,True,0
5,Ridge,0.001,0.0,4.968013024273913,2.794868600254868,0.5467251670676517,0.0,True,0
8,ElasticNet,1e-05,0.7,4.968352570569738,0.6876807287108446,0.555436813676169,1.3261691006895125e-05,True,0
5,LASSO,1e-06,1.0,4.974699624799267,2.8087225677010266,0.5460789475516671,9.99953170195594e-06,True,0
5,ElasticNet,1e-06,0.95,4.975024022043745,2.8083956092080236,0.5460513309894665,9.960524528700296e-06,True,0
5,ElasticNet,1e-06,0.9,4.975317427527782,2.808863192073838,0.5460233151471899,9.903304487432231e-06,True,0
5,ElasticNet,1e-06,0.7,4.97887726650866,2.810742127885563,0.5456991679734616,9.978254501481292e-06,True,0
5,ElasticNet,1e-06,0.5,4.982780440827169,2.8137269028392655,0.5453405447040397,9.890464437341948e-06,True,0
5,ElasticNet,1e-06,0.3,4.984876729359355,2.814727598920667,0.5451499591734535,9.890467902021785e-06,True,0
5,ElasticNet,1e-06,0.1,4.986661250651374,2.8165010588533623,0.5449847454096788,9.862668782364239e-06,True,0
5,Ridge,0.0001,0.0,5.014084647991136,2.841843626973988,0.542442778032041,0.0,True,0
5,Ridge,1e-05,0.0,5.018761936533136,2.8466253875799405,0.5420079797252475,0.0,True,0
5,Ridge,1e-06,0.0,5.019230378002444,2.8471044206554783,0.5419644332355676,0.0,True,0
9,Ridge,0.01,0.0,5.057501970608937,0.4115692525344844,0.5484450765159546,0.0,True,0
8,ElasticNet,1e-05,0.3,5.09159826828986,0.6038080922578816,0.5435980060269195,9.98849861975279e-06,True,0
9,Ridge,0.001,0.0,5.130906131835477,0.4297649525367838,0.5419236194079122,0.0,True,0
9,Ridge,0.0001,0.0,5.138583154126488,0.4318477805850371,0.5412418054007254,0.0,True,0
9,Ridge,1e-05,0.0,5.1393544375185245,0.4320589678177039,0.5411733084781539,0.0,True,0
9,Ridge,1e-06,0.0,5.139431601900294,0.43208011588182177,0.5411664556104582,0.0,True,0
8,ElasticNet,1e-05,0.5,5.147354013002001,0.6837568633855858,0.5387497776203197,1.0793749459560045e-05,True,0
10,Ridge,0.1,0.0,5.190160566240944,0.5295042758326058,0.5365154269372397,0.0,True,0
8,ElasticNet,1e-05,0.1,5.240032462091048,0.9728064640399712,0.5292345970906925,9.960920189351616e-06,True,0
7,ElasticNet,1e-05,0.95,5.263216522313523,0.809435176664812,0.5281684213599909,2.001350556935557e-05,True,0
8,ElasticNet,1e-06,0.95,5.312359587995416,0.5754460018936485,0.5244673892320272,9.861336340628179e-06,True,0
7,ElasticNet,1e-05,0.9,5.31637286778786,0.8160392027351044,0.5233955369368166,1.7262894046631167e-05,True,0
3,ElasticNet,1.0,0.5,5.320104958956865,0.3242762400572993,0.5264966453000667,1.341907290841604e-07,True,0
8,ElasticNet,1e-06,0.3,5.3249784843724255,0.6158914493562397,0.5227380134827998,9.89434466707289e-06,True,0
8,ElasticNet,1e-06,0.7,5.338434683222304,0.7445084620654397,0.522104441769052,9.958015384600347e-06,True,0
8,LASSO,1e-06,1.0,5.345796484522399,0.7657327846716773,0.5205803607481544,9.890537625180259e-06,True,0
8,ElasticNet,1e-06,0.1,5.378007720817791,1.0792597893140978,0.5165283016196173,9.95649957976204e-06,True,0
5,Ridge,10000.0,0.0,5.402959356331245,0.3141592521571941,0.5187607543895707,0.0,True,0
8,ElasticNet,1e-06,0.9,5.405738923531563,0.5309524948304943,0.515938364729304,9.859890866076096e-06,True,0
6,LASSO,0.0001,1.0,5.433513607045942,0.6707156819142359,0.5128576480714225,1.629884864910536e-05,True,0
8,ElasticNet,1e-06,0.5,5.441391286758331,0.740638440967213,0.5123056836031857,9.920830634421718e-06,True,0
6,ElasticNet,0.0001,0.95,5.45187658767989,0.7982571687091133,0.5107801010431859,1.8389382088413836e-05,True,0
6,ElasticNet,0.0001,0.9,5.52902182032246,0.8229086327231457,0.5038229858381625,1.9583406483749985e-05,True,0
7,LASSO,1e-05,1.0,5.54572298508061,1.1074038766358834,0.5021339669034076,2.059480987627652e-05,True,0
2,ElasticNet,1.0,0.1,5.547983693564613,0.5041283193656636,0.506797450955605,4.682520260423928e-09,True,0
7,ElasticNet,1e-05,0.7,5.587326409390944,1.1334904026555186,0.4980953299752218,1.4800832077205162e-05,True,0
8,Ridge,0.01,0.0,5.592203035633163,1.194393810691207,0.49799822937394916,0.0,True,0
9,ElasticNet,1.0,0.7,5.648949137151543,0.314240616173124,0.4969185173117549,1.94257641750184e-06,True,0
10,ElasticNet,1.0,0.7,5.650359399340149,0.31510292426372366,0.4967971329029624,7.529272912587537e-06,True,0
10,Ridge,0.01,0.0,5.652887152716712,0.6853238991959829,0.4954484048491039,0.0,True,0
8,ElasticNet,1.0,0.7,5.665998731898377,0.31519021263871433,0.4954431698953133,9.035112745414686e-06,True,0
7,ElasticNet,1.0,0.7,5.6676762222127826,0.3173003560516334,0.4952993935547312,5.3780902748989945e-06,True,0
10,Ridge,0.001,0.0,5.715813126151692,0.7175098799907663,0.4898775807899572,0.0,True,0
10,Ridge,0.0001,0.0,5.722363517451268,0.7210237544445322,0.48929787816704745,0.0,True,0
10,Ridge,1e-05,0.0,5.723021282618572,0.7213783141358417,0.4892396687669962,0.0,True,0
10,Ridge,1e-06,0.0,5.723087086553165,0.7214138020620131,0.4892338454218594,0.0,True,0
6,ElasticNet,1.0,0.7,5.725871272234019,0.3426236063685994,0.49027566322690014,1.339745786532731e-07,True,0
8,Ridge,0.001,0.0,5.740532726388573,1.243531918327323,0.4845984977217949,0.0,True,0
8,Ridge,0.0001,0.0,5.756546846245771,1.2489358811885143,0.48315118184145806,0.0,True,0
8,Ridge,1e-05,0.0,5.7581612544990355,1.249481734780958,0.4830052686218583,0.0,True,0
8,Ridge,1e-06,0.0,5.758322826596603,1.2495363753361675,0.48299066536393936,0.0,True,0
5,ElasticNet,1.0,0.7,5.766295551419691,0.3548394734409011,0.48671959715264856,1.8513473702963523e-06,True,0
10,Ridge,100000.0,0.0,5.812664878673229,0.4093154599467972,0.48236747625510046,0.0,True,0
7,ElasticNet,1e-05,0.3,5.852725508228491,1.683856070061159,0.47253813156113417,9.968195978556334e-06,True,0
7,ElasticNet,1e-05,0.5,5.892476420898297,1.4581617538698939,0.47005092428928097,1.2456533881148794e-05,True,0
7,ElasticNet,1e-05,0.1,5.941201569535725,1.6565631172649495,0.4646318797555072,9.914833278013138e-06,True,0
4,ElasticNet,1.0,0.7,5.9783182269075335,0.4399741057555727,0.4681860086765739,2.0154528512783543e-07,True,0
2,Ridge,1000.0,0.0,6.011225434276295,0.5452477653448269,0.46561511086542895,0.0,True,0
7,Ridge,0.01,0.0,6.0343834374843555,1.0656003747732394,0.4586390771680812,0.0,True,0
7,ElasticNet,1e-06,0.95,6.092066011110248,1.282242662606137,0.45283533840838075,9.985183969662282e-06,True,0
7,ElasticNet,1e-06,0.9,6.102871227138787,1.2551435633422205,0.45201989118867153,9.973138426572201e-06,True,0
6,ElasticNet,0.0001,0.7,6.15592759235507,1.0167684377843278,0.44739293986157164,1.5005805571609442e-05,True,0
2,ElasticNet,1.0,0.3,6.266883322323817,0.5443394446233683,0.44282118659525294,7.787269954928622e-06,True,0
7,ElasticNet,1e-06,0.1,6.305410334427514,1.9068333971579214,0.43123509773211727,9.96941667516909e-06,True,0
7,ElasticNet,1e-06,0.7,6.341660372666887,1.5884391302279712,0.42940635257592397,9.79814956932223e-06,True,0
3,ElasticNet,1.0,0.7,6.355431598837238,0.41554032341727654,0.4345218618127052,9.450222866913549e-06,True,0
7,ElasticNet,1e-06,0.3,6.423999201249463,2.023661712696053,0.4203949731725727,9.98883829724308e-06,True,0
7,LASSO,1e-06,1.0,6.440893906242191,1.5347731035193817,0.42127735373291664,9.971093525032916e-06,True,0
9,Ridge,100000.0,0.0,6.447502388251947,0.4343006379825748,0.42585121144450905,0.0,True,0
4,Ridge,10000.0,0.0,6.5701361051828195,0.510609870315292,0.4154443290356951,0.0,True,0
7,ElasticNet,1e-06,0.5,6.594303308893674,1.9778119802768086,0.405494525615193,9.962768010717951e-06,True,0
7,Ridge,0.001,0.0,6.595558791379538,1.2350765952160792,0.4078661855473012,0.0,True,0
7,Ridge,0.0001,0.0,6.671163638010992,1.2611791295188328,0.40100693162123674,0.0,True,0
7,Ridge,1e-05,0.0,6.679007333701409,1.2639454504827052,0.4002950260530815,0.0,True,0
7,Ridge,1e-06,0.0,6.679794665211421,1.2642237502058284,0.4002235636695239,0.0,True,0
6,ElasticNet,0.0001,0.5,6.873325615320443,1.392689550514848,0.38215153605052815,1.1326489779682184e-05,True,0
8,Ridge,100000.0,0.0,6.903918898167322,0.5174811977998235,0.3854105931164467,0.0,True,0
2,ElasticNet,1.0,0.5,6.930924625714127,0.5960410461799439,0.3837396487394363,2.3306024324876162e-06,True,0
9,ElasticNet,1.0,0.9,7.019846558492653,0.38923831081748844,0.37496990953345594,3.701097498476358e-07,True,0
10,ElasticNet,1.0,0.9,7.0198468500404685,0.3892388809954352,0.37496988472883136,1.0507481130739293e-06,True,0
7,ElasticNet,1.0,0.9,7.023380283135441,0.38243560280977484,0.3746255945009318,2.252490343690461e-06,True,0
8,ElasticNet,1.0,0.9,7.023522998975861,0.38266759947291923,0.37461340740046484,4.226170923216088e-07,True,0
6,ElasticNet,1.0,0.9,7.033512834125155,0.38626048482075115,0.37373265282128054,8.652627090155462e-06,True,0
5,ElasticNet,1.0,0.9,7.059669618112641,0.39528236902477254,0.371436887476256,6.48811060877108e-07,True,0
4,ElasticNet,1.0,0.9,7.239485621502688,0.5261089109063456,0.35590629351016706,4.180516048890581e-07,True,0
10,ElasticNet,1.0,0.95,7.359812702680472,0.4402499038527617,0.34473785412568764,2.473245065637286e-06,True,0
9,ElasticNet,1.0,0.95,7.359813054399839,0.44025016342599244,0.34473782341507647,4.235649659789509e-06,True,0
6,ElasticNet,1.0,0.95,7.360419430224385,0.4445680686048813,0.3447022072114039,3.6762048960525817e-10,True,0
7,ElasticNet,1.0,0.95,7.3627250187006945,0.4312946317974828,0.34444165756618794,6.2544215317927865e-06,True,0
8,ElasticNet,1.0,0.95,7.362735006239837,0.4313018625088415,0.34444077903055303,8.762486842561756e-06,True,0
5,ElasticNet,1.0,0.95,7.370435474951769,0.44787743093402943,0.34382985491187307,6.232971317965408e-07,True,0
6,Ridge,0.1,0.0,7.408991641662773,1.070240350112019,0.3352354944238573,0.0,True,0
3,ElasticNet,1.0,0.9,7.423265351297914,0.520116431257582,0.339543760623763,1.1649040909667008e-07,True,0
4,ElasticNet,1.0,0.95,7.550068405502596,0.5687041124633968,0.32828046865808763,1.4943488668706095e-09,True,0
6,ElasticNet,0.0001,0.3,7.672045038574976,1.3906943904654478,0.31092239134719785,2.4740566294195564e-05,True,0
6,LASSO,1.0,1.0,7.700427452941505,0.5256588427649591,0.314579456845636,3.7902341593065714e-06,True,0
5,LASSO,1.0,1.0,7.700751247809653,0.5255207179344198,0.31455135341439583,2.47747582360347e-06,True,0
8,LASSO,1.0,1.0,7.70190376659895,0.5237726356638968,0.31445047405197596,9.843197368297751e-10,True,0
7,LASSO,1.0,1.0,7.701903767944926,0.5237726340743889,0.3144504739241808,4.599987057929411e-12,True,0
9,LASSO,1.0,1.0,7.702379259676927,0.5245643780939506,0.3144098700465442,2.6473380954072923e-06,True,0
10,LASSO,1.0,1.0,7.70238050601158,0.5245665088758618,0.3144097639620407,3.0889536140055185e-07,True,0
3,ElasticNet,1.0,0.95,7.720151185634563,0.5739767744726052,0.3131840782210466,1.1409935218864575e-09,True,0
7,Ridge,100000.0,0.0,7.771391687377592,0.526240961094785,0.30820403902459087,0.0,True,0
2,ElasticNet,1.0,0.7,7.773775854986,0.6512722842858512,0.3087541715880662,1.1939338406818933e-12,True,0
4,LASSO,1.0,1.0,7.863792939349717,0.6105002934058669,0.30038410530811693,8.315381121448695e-07,True,0
3,LASSO,1.0,1.0,8.037633439359103,0.614240675836044,0.284948076037315,2.0621282459387658e-12,True,0
2,ElasticNet,1.0,0.9,8.522479186340979,0.6921156159423926,0.2419564929998349,2.2668704334760648e-06,True,0
6,ElasticNet,0.0001,0.1,8.633251983201255,1.3498075311664073,0.22495089350204922,1.7458491543458695e-05,True,0
6,Ridge,100000.0,0.0,8.6470654426794,0.5976823641883391,0.23054081325346876,0.0,True,0
3,Ridge,10000.0,0.0,8.676019431730046,0.4509397281383818,0.22759047439803204,0.0,True,0
2,ElasticNet,1.0,0.95,8.724059212556854,0.707272232748383,0.22396114689845523,3.2554657241057328e-06,True,0
2,LASSO,1.0,1.0,8.932771781089492,0.6915435013264966,0.2052410906604193,5.500339361641515e-06,True,0
10,ElasticNet,10.0,0.1,9.336404083457134,0.4574054220357139,0.16863784147583052,3.7709029733212773e-06,True,0
9,ElasticNet,10.0,0.1,9.385331842288835,0.4728741542985793,0.16436372365834115,2.3339745824912939e-07,True,0
10,Ridge,1000000.0,0.0,9.387237667057043,0.6487501428257337,0.16464341273378383,0.0,True,0
8,ElasticNet,10.0,0.1,9.44709198519981,0.5138925124194046,0.1589962433552168,1.8996896034018107e-07,True,0
7,ElasticNet,10.0,0.1,9.549332920272358,0.5301070998201638,0.14998023898991694,7.313962768762394e-09,True,0
5,Ridge,100000.0,0.0,9.579906818337298,0.5508367864706121,0.14731732327320857,0.0,True,0
6,ElasticNet,10.0,0.1,9.700538841644999,0.5860505861423089,0.136696859868961,8.408290107952965e-06,True,0
9,Ridge,1000000.0,0.0,9.783764407835308,0.6223034640075276,0.12929828623506245,0.0,True,0
5,ElasticNet,10.0,0.1,9.978710634541976,0.6004816143776863,0.11197355375284272,2.3324205414843036e-06,True,0
2,Ridge,10000.0,0.0,10.072050705308193,0.5793541479506947,0.1035844384765523,0.0,True,0
1,Ridge,100.0,0.0,10.106304346773511,0.22977128647341058,0.09889257451026297,0.0,True,0
1,ElasticNet,0.1,0.1,10.107219764700387,0.2262955694894632,0.09872156309248907,5.400132062610002e-07,True,0
1,Ridge,10.0,0.0,10.107462109499055,0.23798024482399802,0.09847412899545072,0.0,True,0
1,ElasticNet,0.01,0.1,10.108879930207692,0.2389038003128845,0.09833419021164214,1.7668414302868252e-06,True,0
1,ElasticNet,0.01,0.3,10.109610685842501,0.23817856723096065,0.09827135981213046,3.7907985584329645e-07,True,0
1,ElasticNet,0.01,0.5,10.110296904629369,0.23745760373739208,0.09821302807175114,5.471469385750702e-07,True,0
1,Ridge,1.0,0.0,10.110371006042248,0.24166909051335253,0.09817582919693724,0.0,True,0
1,ElasticNet,0.001,0.1,10.110533243016567,0.24178163568995506,0.0981599533266393,1.3119905337870882e-08,True,0
1,ElasticNet,0.001,0.3,10.110615997330799,0.24170610289150068,0.09815270166892243,1.1767855494313612e-08,True,0
1,ElasticNet,0.001,0.5,10.110699151611085,0.2416305521350747,0.09814541429455344,5.618247667527748e-08,True,0
1,Ridge,0.1,0.0,10.110701119137344,0.24207648358822959,0.09814240818276565,0.0,True,0
1,ElasticNet,0.0001,0.1,10.110717557877713,0.24208794836943975,0.09814080082158731,1.3368075008553417e-09,True,0
1,ElasticNet,0.0001,0.3,10.110725779634572,0.2420803731199983,0.09814008032475778,1.1600503122830626e-09,True,0
1,ElasticNet,0.0001,0.5,10.11073400544045,0.24207279758195485,0.09813935946517542,8.938330892495697e-10,True,0
1,Ridge,0.01,0.0,10.110734537816038,0.24211761887060815,0.09813902879624392,0.0,True,0
1,ElasticNet,1e-06,0.1,10.110736183851607,0.2421187674598297,0.09813886786137434,8.396407467654445e-06,True,0
1,ElasticNet,1e-05,0.1,10.110736183851607,0.2421187674598297,0.09813886786137434,1.3393196996554633e-10,True,0
1,ElasticNet,1e-06,0.3,10.110737005489332,0.24211800971687003,0.09813879585849268,8.530546458176679e-06,True,0
1,ElasticNet,1e-05,0.3,10.110737005489332,0.24211800971687003,0.09813879585849268,1.1617614433656061e-10,True,0
1,ElasticNet,1e-06,0.5,10.110737827166263,0.24211725196028688,0.09813872385202009,8.664680268514464e-06,True,0
1,ElasticNet,1e-05,0.5,10.110737827166263,0.24211725196028688,0.09813872385202009,8.94730521311095e-11,True,0
1,Ridge,0.001,0.0,10.110737883773242,0.2421217363695819,0.09813869048331995,0.0,True,0
1,Ridge,0.0001,0.0,10.110738218409871,0.24212214815919675,0.0981386566482834,0.0,True,0
1,Ridge,1e-05,0.0,10.110738251873945,0.24212218933855573,0.0981386532647422,0.0,True,0
1,Ridge,1e-06,0.0,10.110738255220356,0.24212219345649616,0.09813865292638779,0.0,True,0
1,ElasticNet,1e-06,0.7,10.110738648892129,0.2421164942005204,0.09813865184110582,8.798809722576839e-06,True,0
1,ElasticNet,1e-05,0.7,10.110738648892129,0.2421164942005204,0.09813865184110582,9.095330535951887e-11,True,0
1,ElasticNet,1e-06,0.9,10.110739470661331,0.24211573643992615,0.09813857982630762,8.932935851127358e-06,True,0
1,ElasticNet,1e-05,0.9,10.110739470661331,0.24211573643992615,0.09813857982630762,1.5293117306582732e-10,True,0
1,ElasticNet,1e-06,0.95,10.110739676110137,0.24211554699961352,0.09813856182202733,8.966466891181106e-06,True,0
1,ElasticNet,1e-05,0.95,10.110739676110137,0.24211554699961352,0.09813856182202733,1.6760967278571309e-10,True,0
1,LASSO,1e-06,1.0,10.110739881561516,0.24211535755922026,0.09813854381751712,9.000019908895718e-06,True,0
1,LASSO,1e-05,1.0,10.110739881561516,0.24211535755922026,0.09813854381751712,1.8200330505092758e-10,True,0
1,ElasticNet,0.0001,0.7,10.11074223539246,0.24206522185926158,0.09813863823434625,9.091826613674778e-10,True,0
1,ElasticNet,0.0001,0.9,10.110750469435779,0.24205764597538512,0.09813791663774522,1.5290481910002407e-09,True,0
1,ElasticNet,0.0001,0.95,10.110752528583278,0.2420557519789091,0.09813773618169574,1.6759481860032649e-09,True,0
1,LASSO,0.0001,1.0,10.110754587985229,0.24205385797205095,0.09813755570290768,1.8200333341399522e-09,True,0
1,ElasticNet,0.001,0.7,10.110782714200413,0.24155498452968058,0.09813809041931583,9.634396636200564e-08,True,0
1,ElasticNet,0.001,0.9,10.110866685385496,0.24147940030036077,0.0981307300228013,1.3335369567564655e-07,True,0
1,ElasticNet,0.001,0.95,10.11088774235708,0.2414605012294722,0.0981288841884737,1.4232042061718998e-07,True,0
1,LASSO,0.001,1.0,10.110908824714791,0.2414416014022083,0.09812703608473468,1.5123597300208992e-07,True,0
1,ElasticNet,0.01,0.7,10.111015532967299,0.236738354718823,0.09815185626962412,5.324137335102619e-07,True,0
1,ElasticNet,0.01,0.9,10.111767114014258,0.23602093389811502,0.09808779675276869,6.713845793065998e-07,True,0
1,ElasticNet,0.01,0.95,10.111953421385358,0.2358518803581181,0.09807191535048454,5.227613603855236e-07,True,0
1,LASSO,0.01,1.0,10.112097056741376,0.23574855076330006,0.09805973597412028,3.6523620623035713e-07,True,0
1,ElasticNet,0.1,0.3,10.117050526897069,0.2258735397445591,0.09787886181697296,3.2773527364540755e-07,True,0
1,ElasticNet,0.1,0.5,10.126314832457057,0.22210366080606092,0.09707832567578649,3.141512763954468e-07,True,0
1,ElasticNet,0.1,0.7,10.138576444676803,0.22053653828577038,0.09601457100551376,4.2082354891059826e-07,True,0
1,ElasticNet,0.1,0.9,10.15231667337534,0.22065263823947323,0.09481752580191345,4.896055632724883e-07,True,0
1,ElasticNet,0.1,0.95,10.156106879346298,0.22071429253281488,0.09448648994469888,1.175987944523893e-08,True,0
1,LASSO,0.1,1.0,10.160049178072887,0.2207875291769222,0.09414184296402343,1.305573209264832e-08,True,0
8,Ridge,1000000.0,0.0,10.287056898575079,0.6186655346727478,0.08449385159631266,0.0,True,0
4,ElasticNet,10.0,0.1,10.318143066677633,0.6152492036460571,0.08175047955553294,3.3062053947929826e-06,True,0
4,Ridge,100000.0,0.0,10.406864320663411,0.5824790437479048,0.07372329343980906,0.0,True,0
1,ElasticNet,1.0,0.1,10.433843378994231,0.3916911847684991,0.07062290808739906,3.2519820170051617e-12,True,0
1,Ridge,1000.0,0.0,10.47198000849828,0.4087091145259967,0.06728133270322496,0.0,True,0
7,Ridge,1000000.0,0.0,10.616225019523823,0.586221339776895,0.05505517520234874,0.0,True,0
1,ElasticNet,1.0,0.3,10.677546913899812,0.4454833552533611,0.049087857252974786,6.57529586334249e-13,True,0
3,ElasticNet,10.0,0.1,10.837359893690833,0.6160544873842473,0.03544968310411726,6.3461120991537e-06,True,0
1,ElasticNet,1.0,0.5,10.940032607559425,0.4909558232191035,0.02581892616664716,9.460765504343271e-13,True,0
3,Ridge,100000.0,0.0,10.946524569907941,0.557442253281564,0.025498822706708706,0.0,True,0
6,Ridge,1000000.0,0.0,10.948579603568447,0.5834689365308147,0.025410006448231808,0.0,True,0
2,ElasticNet,10.0,0.1,11.070010104041883,0.5707989621240378,0.01453196171291978,9.267036128468575e-06,True,0
5,Ridge,1000000.0,0.0,11.1272433838258,0.5695050205612318,0.00942028054921662,0.0,True,0
1,ElasticNet,1.0,0.7,11.164885390482375,0.6220138616679215,0.006178543343658934,2.040034807748725e-12,True,0
1,Ridge,10000.0,0.0,11.17392757725941,0.548701186112199,0.005177711074759579,0.0,True,0
2,Ridge,100000.0,0.0,11.213326971693311,0.570619283926375,0.0017414924619937693,0.0,True,0
4,Ridge,1000000.0,0.0,11.258072499088797,0.5713148328153526,-0.0022473238204272863,0.0,True,0
1,ElasticNet,1.0,0.9,11.296816185470725,0.6611016378358121,-0.005390353456860268,5.551115123125783e-16,True,0
1,ElasticNet,1.0,0.95,11.318393384535,0.6528998023267955,-0.007338379128726998,4.440892098500626e-16,True,0
3,Ridge,1000000.0,0.0,11.321721351246017,0.5684379370565806,-0.007938019336170702,0.0,True,0
1,LASSO,1.0,1.0,11.331131585235662,0.630852067826903,-0.008554050144358024,1.1102230246251565e-15,True,0
1,Ridge,100000.0,0.0,11.344898148917059,0.5675084423565312,-0.010009626221395488,0.0,True,0
2,Ridge,1000000.0,0.0,11.350895071388672,0.5697293486988236,-0.010536679324039308,0.0,True,0
1,ElasticNet,10.0,0.1,11.362650803031372,0.5763025674545197,-0.011562088752794963,0.0,True,0
1,Ridge,1000000.0,0.0,11.364318328046984,0.5694192762949377,-0.011735570267690676,0.0,True,0
1,LASSO,10.0,1.0,11.366505531566018,0.5696318583145534,-0.011929965022200081,0.0,True,0
1,LASSO,100.0,1.0,11.366505531566018,0.5696318583145534,-0.011929965022200081,0.0,True,0
1,LASSO,1000.0,1.0,11.366505531566018,0.5696318583145534,-0.011929965022200081,0.0,True,0
1,LASSO,10000.0,1.0,11.366505531566018,0.5696318583145534,-0.011929965022200081,0.0,True,0
1,LASSO,100000.0,1.0,11.366505531566018,0.5696318583145534,-0.011929965022200081,0.0,True,0
1,LASSO,1000000.0,1.0,11.366505531566018,0.5696318583145534,-0.011929965022200081,0.0,True,0
1,ElasticNet,100.0,0.1,11.366505531566018,0.5696318583145534,-0.011929965022200081,0.0,True,0
1,ElasticNet,1000.0,0.1,11.366505531566018,0.5696318583145534,-0.011929965022200081,0.0,True,0
1,ElasticNet,10000.0,0.1,11.366505531566018,0.5696318583145534,-0.011929965022200081,0.0,True,0
1,ElasticNet,100000.0,0.1,11.366505531566018,0.5696318583145534,-0.011929965022200081,0.0,True,0
1,ElasticNet,1000000.0,0.1,11.366505531566018,0.5696318583145534,-0.011929965022200081,0.0,True,0
1,ElasticNet,10.0,0.3,11.366505531566018,0.5696318583145534,-0.011929965022200081,0.0,True,0
1,ElasticNet,100.0,0.3,11.366505531566018,0.5696318583145534,-0.011929965022200081,0.0,True,0
1,ElasticNet,1000.0,0.3,11.366505531566018,0.5696318583145534,-0.011929965022200081,0.0,True,0
1,ElasticNet,10000.0,0.3,11.366505531566018,0.5696318583145534,-0.011929965022200081,0.0,True,0
1,ElasticNet,100000.0,0.3,11.366505531566018,0.5696318583145534,-0.011929965022200081,0.0,True,0
1,ElasticNet,1000000.0,0.3,11.366505531566018,0.5696318583145534,-0.011929965022200081,0.0,True,0
1,ElasticNet,10.0,0.5,11.366505531566018,0.5696318583145534,-0.011929965022200081,0.0,True,0
1,ElasticNet,100.0,0.5,11.366505531566018,0.5696318583145534,-0.011929965022200081,0.0,True,0
1,ElasticNet,1000.0,0.5,11.366505531566018,0.5696318583145534,-0.011929965022200081,0.0,True,0
1,ElasticNet,10000.0,0.5,11.366505531566018,0.5696318583145534,-0.011929965022200081,0.0,True,0
1,ElasticNet,100000.0,0.5,11.366505531566018,0.5696318583145534,-0.011929965022200081,0.0,True,0
1,ElasticNet,1000000.0,0.5,11.366505531566018,0.5696318583145534,-0.011929965022200081,0.0,True,0
1,ElasticNet,10.0,0.7,11.366505531566018,0.5696318583145534,-0.011929965022200081,0.0,True,0
1,ElasticNet,100.0,0.7,11.366505531566018,0.5696318583145534,-0.011929965022200081,0.0,True,0
1,ElasticNet,1000.0,0.7,11.366505531566018,0.5696318583145534,-0.011929965022200081,0.0,True,0
1,ElasticNet,10000.0,0.7,11.366505531566018,0.5696318583145534,-0.011929965022200081,0.0,True,0
1,ElasticNet,100000.0,0.7,11.366505531566018,0.5696318583145534,-0.011929965022200081,0.0,True,0
1,ElasticNet,1000000.0,0.7,11.366505531566018,0.5696318583145534,-0.011929965022200081,0.0,True,0
1,ElasticNet,10.0,0.9,11.366505531566018,0.5696318583145534,-0.011929965022200081,0.0,True,0
1,ElasticNet,100.0,0.9,11.366505531566018,0.5696318583145534,-0.011929965022200081,0.0,True,0
1,ElasticNet,1000.0,0.9,11.366505531566018,0.5696318583145534,-0.011929965022200081,0.0,True,0
1,ElasticNet,10000.0,0.9,11.366505531566018,0.5696318583145534,-0.011929965022200081,0.0,True,0
1,ElasticNet,100000.0,0.9,11.366505531566018,0.5696318583145534,-0.011929965022200081,0.0,True,0
1,ElasticNet,1000000.0,0.9,11.366505531566018,0.5696318583145534,-0.011929965022200081,0.0,True,0
1,ElasticNet,10.0,0.95,11.366505531566018,0.5696318583145534,-0.011929965022200081,0.0,True,0
1,ElasticNet,100.0,0.95,11.366505531566018,0.5696318583145534,-0.011929965022200081,0.0,True,0
1,ElasticNet,1000.0,0.95,11.366505531566018,0.5696318583145534,-0.011929965022200081,0.0,True,0
1,ElasticNet,10000.0,0.95,11.366505531566018,0.5696318583145534,-0.011929965022200081,0.0,True,0
1,ElasticNet,100000.0,0.95,11.366505531566018,0.5696318583145534,-0.011929965022200081,0.0,True,0
1,ElasticNet,1000000.0,0.95,11.366505531566018,0.5696318583145534,-0.011929965022200081,0.0,True,0
2,LASSO,10.0,1.0,11.366505531566018,0.5696318583145534,-0.011929965022200081,0.0,True,0
2,LASSO,100.0,1.0,11.366505531566018,0.5696318583145534,-0.011929965022200081,0.0,True,0
2,LASSO,1000.0,1.0,11.366505531566018,0.5696318583145534,-0.011929965022200081,0.0,True,0
2,LASSO,10000.0,1.0,11.366505531566018,0.5696318583145534,-0.011929965022200081,0.0,True,0
2,LASSO,100000.0,1.0,11.366505531566018,0.5696318583145534,-0.011929965022200081,0.0,True,0
2,LASSO,1000000.0,1.0,11.366505531566018,0.5696318583145534,-0.011929965022200081,0.0,True,0
2,ElasticNet,100.0,0.1,11.366505531566018,0.5696318583145534,-0.011929965022200081,0.0,True,0
2,ElasticNet,1000.0,0.1,11.366505531566018,0.5696318583145534,-0.011929965022200081,0.0,True,0
2,ElasticNet,10000.0,0.1,11.366505531566018,0.5696318583145534,-0.011929965022200081,0.0,True,0
2,ElasticNet,100000.0,0.1,11.366505531566018,0.5696318583145534,-0.011929965022200081,0.0,True,0
2,ElasticNet,1000000.0,0.1,11.366505531566018,0.5696318583145534,-0.011929965022200081,0.0,True,0
2,ElasticNet,10.0,0.3,11.366505531566018,0.5696318583145534,-0.011929965022200081,0.0,True,0
2,ElasticNet,100.0,0.3,11.366505531566018,0.5696318583145534,-0.011929965022200081,0.0,True,0
2,ElasticNet,1000.0,0.3,11.366505531566018,0.5696318583145534,-0.011929965022200081,0.0,True,0
2,ElasticNet,10000.0,0.3,11.366505531566018,0.5696318583145534,-0.011929965022200081,0.0,True,0
2,ElasticNet,100000.0,0.3,11.366505531566018,0.5696318583145534,-0.011929965022200081,0.0,True,0
2,ElasticNet,1000000.0,0.3,11.366505531566018,0.5696318583145534,-0.011929965022200081,0.0,True,0
2,ElasticNet,10.0,0.5,11.366505531566018,0.5696318583145534,-0.011929965022200081,0.0,True,0
2,ElasticNet,100.0,0.5,11.366505531566018,0.5696318583145534,-0.011929965022200081,0.0,True,0
2,ElasticNet,1000.0,0.5,11.366505531566018,0.5696318583145534,-0.011929965022200081,0.0,True,0
2,ElasticNet,10000.0,0.5,11.366505531566018,0.5696318583145534,-0.011929965022200081,0.0,True,0
2,ElasticNet,100000.0,0.5,11.366505531566018,0.5696318583145534,-0.011929965022200081,0.0,True,0
2,ElasticNet,1000000.0,0.5,11.366505531566018,0.5696318583145534,-0.011929965022200081,0.0,True,0
2,ElasticNet,10.0,0.7,11.366505531566018,0.5696318583145534,-0.011929965022200081,0.0,True,0
2,ElasticNet,100.0,0.7,11.366505531566018,0.5696318583145534,-0.011929965022200081,0.0,True,0
2,ElasticNet,1000.0,0.7,11.366505531566018,0.5696318583145534,-0.011929965022200081,0.0,True,0
2,ElasticNet,10000.0,0.7,11.366505531566018,0.5696318583145534,-0.011929965022200081,0.0,True,0
2,ElasticNet,100000.0,0.7,11.366505531566018,0.5696318583145534,-0.011929965022200081,0.0,True,0
2,ElasticNet,1000000.0,0.7,11.366505531566018,0.5696318583145534,-0.011929965022200081,0.0,True,0
2,ElasticNet,10.0,0.9,11.366505531566018,0.5696318583145534,-0.011929965022200081,0.0,True,0
2,ElasticNet,100.0,0.9,11.366505531566018,0.5696318583145534,-0.011929965022200081,0.0,True,0
2,ElasticNet,1000.0,0.9,11.366505531566018,0.5696318583145534,-0.011929965022200081,0.0,True,0
2,ElasticNet,10000.0,0.9,11.366505531566018,0.5696318583145534,-0.011929965022200081,0.0,True,0
2,ElasticNet,100000.0,0.9,11.366505531566018,0.5696318583145534,-0.011929965022200081,0.0,True,0
2,ElasticNet,1000000.0,0.9,11.366505531566018,0.5696318583145534,-0.011929965022200081,0.0,True,0
2,ElasticNet,10.0,0.95,11.366505531566018,0.5696318583145534,-0.011929965022200081,0.0,True,0
2,ElasticNet,100.0,0.95,11.366505531566018,0.5696318583145534,-0.011929965022200081,0.0,True,0
2,ElasticNet,1000.0,0.95,11.366505531566018,0.5696318583145534,-0.011929965022200081,0.0,True,0
2,ElasticNet,10000.0,0.95,11.366505531566018,0.5696318583145534,-0.011929965022200081,0.0,True,0
2,ElasticNet,100000.0,0.95,11.366505531566018,0.5696318583145534,-0.011929965022200081,0.0,True,0
2,ElasticNet,1000000.0,0.95,11.366505531566018,0.5696318583145534,-0.011929965022200081,0.0,True,0
3,LASSO,10.0,1.0,11.366505531566018,0.5696318583145534,-0.011929965022200081,0.0,True,0
3,LASSO,100.0,1.0,11.366505531566018,0.5696318583145534,-0.011929965022200081,0.0,True,0
3,LASSO,1000.0,1.0,11.366505531566018,0.5696318583145534,-0.011929965022200081,0.0,True,0
3,LASSO,10000.0,1.0,11.366505531566018,0.5696318583145534,-0.011929965022200081,0.0,True,0
3,LASSO,100000.0,1.0,11.366505531566018,0.5696318583145534,-0.011929965022200081,0.0,True,0
3,LASSO,1000000.0,1.0,11.366505531566018,0.5696318583145534,-0.011929965022200081,0.0,True,0
3,ElasticNet,100.0,0.1,11.366505531566018,0.5696318583145534,-0.011929965022200081,0.0,True,0
3,ElasticNet,1000.0,0.1,11.366505531566018,0.5696318583145534,-0.011929965022200081,0.0,True,0
3,ElasticNet,10000.0,0.1,11.366505531566018,0.5696318583145534,-0.011929965022200081,0.0,True,0
3,ElasticNet,100000.0,0.1,11.366505531566018,0.5696318583145534,-0.011929965022200081,0.0,True,0
3,ElasticNet,1000000.0,0.1,11.366505531566018,0.5696318583145534,-0.011929965022200081,0.0,True,0
3,ElasticNet,10.0,0.3,11.366505531566018,0.5696318583145534,-0.011929965022200081,0.0,True,0
3,ElasticNet,100.0,0.3,11.366505531566018,0.5696318583145534,-0.011929965022200081,0.0,True,0
3,ElasticNet,1000.0,0.3,11.366505531566018,0.5696318583145534,-0.011929965022200081,0.0,True,0
3,ElasticNet,10000.0,0.3,11.366505531566018,0.5696318583145534,-0.011929965022200081,0.0,True,0
3,ElasticNet,100000.0,0.3,11.366505531566018,0.5696318583145534,-0.011929965022200081,0.0,True,0
3,ElasticNet,1000000.0,0.3,11.366505531566018,0.5696318583145534,-0.011929965022200081,0.0,True,0
3,ElasticNet,10.0,0.5,11.366505531566018,0.5696318583145534,-0.011929965022200081,0.0,True,0
3,ElasticNet,100.0,0.5,11.366505531566018,0.5696318583145534,-0.011929965022200081,0.0,True,0
3,ElasticNet,1000.0,0.5,11.366505531566018,0.5696318583145534,-0.011929965022200081,0.0,True,0
3,ElasticNet,10000.0,0.5,11.366505531566018,0.5696318583145534,-0.011929965022200081,0.0,True,0
3,ElasticNet,100000.0,0.5,11.366505531566018,0.5696318583145534,-0.011929965022200081,0.0,True,0
3,ElasticNet,1000000.0,0.5,11.366505531566018,0.5696318583145534,-0.011929965022200081,0.0,True,0
3,ElasticNet,10.0,0.7,11.366505531566018,0.5696318583145534,-0.011929965022200081,0.0,True,0
3,ElasticNet,100.0,0.7,11.366505531566018,0.5696318583145534,-0.011929965022200081,0.0,True,0
3,ElasticNet,1000.0,0.7,11.366505531566018,0.5696318583145534,-0.011929965022200081,0.0,True,0
3,ElasticNet,10000.0,0.7,11.366505531566018,0.5696318583145534,-0.011929965022200081,0.0,True,0
3,ElasticNet,100000.0,0.7,11.366505531566018,0.5696318583145534,-0.011929965022200081,0.0,True,0
3,ElasticNet,1000000.0,0.7,11.366505531566018,0.5696318583145534,-0.011929965022200081,0.0,True,0
3,ElasticNet,10.0,0.9,11.366505531566018,0.5696318583145534,-0.011929965022200081,0.0,True,0
3,ElasticNet,100.0,0.9,11.366505531566018,0.5696318583145534,-0.011929965022200081,0.0,True,0
3,ElasticNet,1000.0,0.9,11.366505531566018,0.5696318583145534,-0.011929965022200081,0.0,True,0
3,ElasticNet,10000.0,0.9,11.366505531566018,0.5696318583145534,-0.011929965022200081,0.0,True,0
3,ElasticNet,100000.0,0.9,11.366505531566018,0.5696318583145534,-0.011929965022200081,0.0,True,0
3,ElasticNet,1000000.0,0.9,11.366505531566018,0.5696318583145534,-0.011929965022200081,0.0,True,0
3,ElasticNet,10.0,0.95,11.366505531566018,0.5696318583145534,-0.011929965022200081,0.0,True,0
3,ElasticNet,100.0,0.95,11.366505531566018,0.5696318583145534,-0.011929965022200081,0.0,True,0
3,ElasticNet,1000.0,0.95,11.366505531566018,0.5696318583145534,-0.011929965022200081,0.0,True,0
3,ElasticNet,10000.0,0.95,11.366505531566018,0.5696318583145534,-0.011929965022200081,0.0,True,0
3,ElasticNet,100000.0,0.95,11.366505531566018,0.5696318583145534,-0.011929965022200081,0.0,True,0
3,ElasticNet,1000000.0,0.95,11.366505531566018,0.5696318583145534,-0.011929965022200081,0.0,True,0
4,LASSO,10.0,1.0,11.366505531566018,0.5696318583145534,-0.011929965022200081,0.0,True,0
4,LASSO,100.0,1.0,11.366505531566018,0.5696318583145534,-0.011929965022200081,0.0,True,0
4,LASSO,1000.0,1.0,11.366505531566018,0.5696318583145534,-0.011929965022200081,0.0,True,0
4,LASSO,10000.0,1.0,11.366505531566018,0.5696318583145534,-0.011929965022200081,0.0,True,0
4,LASSO,100000.0,1.0,11.366505531566018,0.5696318583145534,-0.011929965022200081,0.0,True,0
4,LASSO,1000000.0,1.0,11.366505531566018,0.5696318583145534,-0.011929965022200081,0.0,True,0
4,ElasticNet,100.0,0.1,11.366505531566018,0.5696318583145534,-0.011929965022200081,0.0,True,0
4,ElasticNet,1000.0,0.1,11.366505531566018,0.5696318583145534,-0.011929965022200081,0.0,True,0
4,ElasticNet,10000.0,0.1,11.366505531566018,0.5696318583145534,-0.011929965022200081,0.0,True,0
4,ElasticNet,100000.0,0.1,11.366505531566018,0.5696318583145534,-0.011929965022200081,0.0,True,0
4,ElasticNet,1000000.0,0.1,11.366505531566018,0.5696318583145534,-0.011929965022200081,0.0,True,0
4,ElasticNet,10.0,0.3,11.366505531566018,0.5696318583145534,-0.011929965022200081,0.0,True,0
4,ElasticNet,100.0,0.3,11.366505531566018,0.5696318583145534,-0.011929965022200081,0.0,True,0
4,ElasticNet,1000.0,0.3,11.366505531566018,0.5696318583145534,-0.011929965022200081,0.0,True,0
4,ElasticNet,10000.0,0.3,11.366505531566018,0.5696318583145534,-0.011929965022200081,0.0,True,0
4,ElasticNet,100000.0,0.3,11.366505531566018,0.5696318583145534,-0.011929965022200081,0.0,True,0
4,ElasticNet,1000000.0,0.3,11.366505531566018,0.5696318583145534,-0.011929965022200081,0.0,True,0
4,ElasticNet,10.0,0.5,11.366505531566018,0.5696318583145534,-0.011929965022200081,0.0,True,0
4,ElasticNet,100.0,0.5,11.366505531566018,0.5696318583145534,-0.011929965022200081,0.0,True,0
4,ElasticNet,1000.0,0.5,11.366505531566018,0.5696318583145534,-0.011929965022200081,0.0,True,0
4,ElasticNet,10000.0,0.5,11.366505531566018,0.5696318583145534,-0.011929965022200081,0.0,True,0
4,ElasticNet,100000.0,0.5,11.366505531566018,0.5696318583145534,-0.011929965022200081,0.0,True,0
4,ElasticNet,1000000.0,0.5,11.366505531566018,0.5696318583145534,-0.011929965022200081,0.0,True,0
4,ElasticNet,10.0,0.7,11.366505531566018,0.5696318583145534,-0.011929965022200081,0.0,True,0
4,ElasticNet,100.0,0.7,11.366505531566018,0.5696318583145534,-0.011929965022200081,0.0,True,0
4,ElasticNet,1000.0,0.7,11.366505531566018,0.5696318583145534,-0.011929965022200081,0.0,True,0
4,ElasticNet,10000.0,0.7,11.366505531566018,0.5696318583145534,-0.011929965022200081,0.0,True,0
4,ElasticNet,100000.0,0.7,11.366505531566018,0.5696318583145534,-0.011929965022200081,0.0,True,0
4,ElasticNet,1000000.0,0.7,11.366505531566018,0.5696318583145534,-0.011929965022200081,0.0,True,0
4,ElasticNet,10.0,0.9,11.366505531566018,0.5696318583145534,-0.011929965022200081,0.0,True,0
4,ElasticNet,100.0,0.9,11.366505531566018,0.5696318583145534,-0.011929965022200081,0.0,True,0
4,ElasticNet,1000.0,0.9,11.366505531566018,0.5696318583145534,-0.011929965022200081,0.0,True,0
4,ElasticNet,10000.0,0.9,11.366505531566018,0.5696318583145534,-0.011929965022200081,0.0,True,0
4,ElasticNet,100000.0,0.9,11.366505531566018,0.5696318583145534,-0.011929965022200081,0.0,True,0
4,ElasticNet,1000000.0,0.9,11.366505531566018,0.5696318583145534,-0.011929965022200081,0.0,True,0
4,ElasticNet,10.0,0.95,11.366505531566018,0.5696318583145534,-0.011929965022200081,0.0,True,0
4,ElasticNet,100.0,0.95,11.366505531566018,0.5696318583145534,-0.011929965022200081,0.0,True,0
4,ElasticNet,1000.0,0.95,11.366505531566018,0.5696318583145534,-0.011929965022200081,0.0,True,0
4,ElasticNet,10000.0,0.95,11.366505531566018,0.5696318583145534,-0.011929965022200081,0.0,True,0
4,ElasticNet,100000.0,0.95,11.366505531566018,0.5696318583145534,-0.011929965022200081,0.0,True,0
4,ElasticNet,1000000.0,0.95,11.366505531566018,0.5696318583145534,-0.011929965022200081,0.0,True,0
5,LASSO,10.0,1.0,11.366505531566018,0.5696318583145534,-0.011929965022200081,0.0,True,0
5,LASSO,100.0,1.0,11.366505531566018,0.5696318583145534,-0.011929965022200081,0.0,True,0
5,LASSO,1000.0,1.0,11.366505531566018,0.5696318583145534,-0.011929965022200081,0.0,True,0
5,LASSO,10000.0,1.0,11.366505531566018,0.5696318583145534,-0.011929965022200081,0.0,True,0
5,LASSO,100000.0,1.0,11.366505531566018,0.5696318583145534,-0.011929965022200081,0.0,True,0
5,LASSO,1000000.0,1.0,11.366505531566018,0.5696318583145534,-0.011929965022200081,0.0,True,0
5,ElasticNet,100.0,0.1,11.366505531566018,0.5696318583145534,-0.011929965022200081,0.0,True,0
5,ElasticNet,1000.0,0.1,11.366505531566018,0.5696318583145534,-0.011929965022200081,0.0,True,0
5,ElasticNet,10000.0,0.1,11.366505531566018,0.5696318583145534,-0.011929965022200081,0.0,True,0
5,ElasticNet,100000.0,0.1,11.366505531566018,0.5696318583145534,-0.011929965022200081,0.0,True,0
5,ElasticNet,1000000.0,0.1,11.366505531566018,0.5696318583145534,-0.011929965022200081,0.0,True,0
5,ElasticNet,10.0,0.3,11.366505531566018,0.5696318583145534,-0.011929965022200081,0.0,True,0
5,ElasticNet,100.0,0.3,11.366505531566018,0.5696318583145534,-0.011929965022200081,0.0,True,0
5,ElasticNet,1000.0,0.3,11.366505531566018,0.5696318583145534,-0.011929965022200081,0.0,True,0
5,ElasticNet,10000.0,0.3,11.366505531566018,0.5696318583145534,-0.011929965022200081,0.0,True,0
5,ElasticNet,100000.0,0.3,11.366505531566018,0.5696318583145534,-0.011929965022200081,0.0,True,0
5,ElasticNet,1000000.0,0.3,11.366505531566018,0.5696318583145534,-0.011929965022200081,0.0,True,0
5,ElasticNet,10.0,0.5,11.366505531566018,0.5696318583145534,-0.011929965022200081,0.0,True,0
5,ElasticNet,100.0,0.5,11.366505531566018,0.5696318583145534,-0.011929965022200081,0.0,True,0
5,ElasticNet,1000.0,0.5,11.366505531566018,0.5696318583145534,-0.011929965022200081,0.0,True,0
5,ElasticNet,10000.0,0.5,11.366505531566018,0.5696318583145534,-0.011929965022200081,0.0,True,0
5,ElasticNet,100000.0,0.5,11.366505531566018,0.5696318583145534,-0.011929965022200081,0.0,True,0
5,ElasticNet,1000000.0,0.5,11.366505531566018,0.5696318583145534,-0.011929965022200081,0.0,True,0
5,ElasticNet,10.0,0.7,11.366505531566018,0.5696318583145534,-0.011929965022200081,0.0,True,0
5,ElasticNet,100.0,0.7,11.366505531566018,0.5696318583145534,-0.011929965022200081,0.0,True,0
5,ElasticNet,1000.0,0.7,11.366505531566018,0.5696318583145534,-0.011929965022200081,0.0,True,0
5,ElasticNet,10000.0,0.7,11.366505531566018,0.5696318583145534,-0.011929965022200081,0.0,True,0
5,ElasticNet,100000.0,0.7,11.366505531566018,0.5696318583145534,-0.011929965022200081,0.0,True,0
5,ElasticNet,1000000.0,0.7,11.366505531566018,0.5696318583145534,-0.011929965022200081,0.0,True,0
5,ElasticNet,10.0,0.9,11.366505531566018,0.5696318583145534,-0.011929965022200081,0.0,True,0
5,ElasticNet,100.0,0.9,11.366505531566018,0.5696318583145534,-0.011929965022200081,0.0,True,0
5,ElasticNet,1000.0,0.9,11.366505531566018,0.5696318583145534,-0.011929965022200081,0.0,True,0
5,ElasticNet,10000.0,0.9,11.366505531566018,0.5696318583145534,-0.011929965022200081,0.0,True,0
5,ElasticNet,100000.0,0.9,11.366505531566018,0.5696318583145534,-0.011929965022200081,0.0,True,0
5,ElasticNet,1000000.0,0.9,11.366505531566018,0.5696318583145534,-0.011929965022200081,0.0,True,0
5,ElasticNet,10.0,0.95,11.366505531566018,0.5696318583145534,-0.011929965022200081,0.0,True,0
5,ElasticNet,100.0,0.95,11.366505531566018,0.5696318583145534,-0.011929965022200081,0.0,True,0
5,ElasticNet,1000.0,0.95,11.366505531566018,0.5696318583145534,-0.011929965022200081,0.0,True,0
5,ElasticNet,10000.0,0.95,11.366505531566018,0.5696318583145534,-0.011929965022200081,0.0,True,0
5,ElasticNet,100000.0,0.95,11.366505531566018,0.5696318583145534,-0.011929965022200081,0.0,True,0
5,ElasticNet,1000000.0,0.95,11.366505531566018,0.5696318583145534,-0.011929965022200081,0.0,True,0
6,LASSO,10.0,1.0,11.366505531566018,0.5696318583145534,-0.011929965022200081,0.0,True,0
6,LASSO,100.0,1.0,11.366505531566018,0.5696318583145534,-0.011929965022200081,0.0,True,0
6,LASSO,1000.0,1.0,11.366505531566018,0.5696318583145534,-0.011929965022200081,0.0,True,0
6,LASSO,10000.0,1.0,11.366505531566018,0.5696318583145534,-0.011929965022200081,0.0,True,0
6,LASSO,100000.0,1.0,11.366505531566018,0.5696318583145534,-0.011929965022200081,0.0,True,0
6,LASSO,1000000.0,1.0,11.366505531566018,0.5696318583145534,-0.011929965022200081,0.0,True,0
6,ElasticNet,100.0,0.1,11.366505531566018,0.5696318583145534,-0.011929965022200081,0.0,True,0
6,ElasticNet,1000.0,0.1,11.366505531566018,0.5696318583145534,-0.011929965022200081,0.0,True,0
6,ElasticNet,10000.0,0.1,11.366505531566018,0.5696318583145534,-0.011929965022200081,0.0,True,0
6,ElasticNet,100000.0,0.1,11.366505531566018,0.5696318583145534,-0.011929965022200081,0.0,True,0
6,ElasticNet,1000000.0,0.1,11.366505531566018,0.5696318583145534,-0.011929965022200081,0.0,True,0
6,ElasticNet,10.0,0.3,11.366505531566018,0.5696318583145534,-0.011929965022200081,0.0,True,0
6,ElasticNet,100.0,0.3,11.366505531566018,0.5696318583145534,-0.011929965022200081,0.0,True,0
6,ElasticNet,1000.0,0.3,11.366505531566018,0.5696318583145534,-0.011929965022200081,0.0,True,0
6,ElasticNet,10000.0,0.3,11.366505531566018,0.5696318583145534,-0.011929965022200081,0.0,True,0
6,ElasticNet,100000.0,0.3,11.366505531566018,0.5696318583145534,-0.011929965022200081,0.0,True,0
6,ElasticNet,1000000.0,0.3,11.366505531566018,0.5696318583145534,-0.011929965022200081,0.0,True,0
6,ElasticNet,10.0,0.5,11.366505531566018,0.5696318583145534,-0.011929965022200081,0.0,True,0
6,ElasticNet,100.0,0.5,11.366505531566018,0.5696318583145534,-0.011929965022200081,0.0,True,0
6,ElasticNet,1000.0,0.5,11.366505531566018,0.5696318583145534,-0.011929965022200081,0.0,True,0
6,ElasticNet,10000.0,0.5,11.366505531566018,0.5696318583145534,-0.011929965022200081,0.0,True,0
6,ElasticNet,100000.0,0.5,11.366505531566018,0.5696318583145534,-0.011929965022200081,0.0,True,0
6,ElasticNet,1000000.0,0.5,11.366505531566018,0.5696318583145534,-0.011929965022200081,0.0,True,0
6,ElasticNet,10.0,0.7,11.366505531566018,0.5696318583145534,-0.011929965022200081,0.0,True,0
6,ElasticNet,100.0,0.7,11.366505531566018,0.5696318583145534,-0.011929965022200081,0.0,True,0
6,ElasticNet,1000.0,0.7,11.366505531566018,0.5696318583145534,-0.011929965022200081,0.0,True,0
6,ElasticNet,10000.0,0.7,11.366505531566018,0.5696318583145534,-0.011929965022200081,0.0,True,0
6,ElasticNet,100000.0,0.7,11.366505531566018,0.5696318583145534,-0.011929965022200081,0.0,True,0
6,ElasticNet,1000000.0,0.7,11.366505531566018,0.5696318583145534,-0.011929965022200081,0.0,True,0
6,ElasticNet,10.0,0.9,11.366505531566018,0.5696318583145534,-0.011929965022200081,0.0,True,0
6,ElasticNet,100.0,0.9,11.366505531566018,0.5696318583145534,-0.011929965022200081,0.0,True,0
6,ElasticNet,1000.0,0.9,11.366505531566018,0.5696318583145534,-0.011929965022200081,0.0,True,0
6,ElasticNet,10000.0,0.9,11.366505531566018,0.5696318583145534,-0.011929965022200081,0.0,True,0
6,ElasticNet,100000.0,0.9,11.366505531566018,0.5696318583145534,-0.011929965022200081,0.0,True,0
6,ElasticNet,1000000.0,0.9,11.366505531566018,0.5696318583145534,-0.011929965022200081,0.0,True,0
6,ElasticNet,10.0,0.95,11.366505531566018,0.5696318583145534,-0.011929965022200081,0.0,True,0
6,ElasticNet,100.0,0.95,11.366505531566018,0.5696318583145534,-0.011929965022200081,0.0,True,0
6,ElasticNet,1000.0,0.95,11.366505531566018,0.5696318583145534,-0.011929965022200081,0.0,True,0
6,ElasticNet,10000.0,0.95,11.366505531566018,0.5696318583145534,-0.011929965022200081,0.0,True,0
6,ElasticNet,100000.0,0.95,11.366505531566018,0.5696318583145534,-0.011929965022200081,0.0,True,0
6,ElasticNet,1000000.0,0.95,11.366505531566018,0.5696318583145534,-0.011929965022200081,0.0,True,0
7,LASSO,10.0,1.0,11.366505531566018,0.5696318583145534,-0.011929965022200081,0.0,True,0
7,LASSO,100.0,1.0,11.366505531566018,0.5696318583145534,-0.011929965022200081,0.0,True,0
7,LASSO,1000.0,1.0,11.366505531566018,0.5696318583145534,-0.011929965022200081,0.0,True,0
7,LASSO,10000.0,1.0,11.366505531566018,0.5696318583145534,-0.011929965022200081,0.0,True,0
7,LASSO,100000.0,1.0,11.366505531566018,0.5696318583145534,-0.011929965022200081,0.0,True,0
7,LASSO,1000000.0,1.0,11.366505531566018,0.5696318583145534,-0.011929965022200081,0.0,True,0
7,ElasticNet,100.0,0.1,11.366505531566018,0.5696318583145534,-0.011929965022200081,0.0,True,0
7,ElasticNet,1000.0,0.1,11.366505531566018,0.5696318583145534,-0.011929965022200081,0.0,True,0
7,ElasticNet,10000.0,0.1,11.366505531566018,0.5696318583145534,-0.011929965022200081,0.0,True,0
7,ElasticNet,100000.0,0.1,11.366505531566018,0.5696318583145534,-0.011929965022200081,0.0,True,0
7,ElasticNet,1000000.0,0.1,11.366505531566018,0.5696318583145534,-0.011929965022200081,0.0,True,0
7,ElasticNet,10.0,0.3,11.366505531566018,0.5696318583145534,-0.011929965022200081,0.0,True,0
7,ElasticNet,100.0,0.3,11.366505531566018,0.5696318583145534,-0.011929965022200081,0.0,True,0
7,ElasticNet,1000.0,0.3,11.366505531566018,0.5696318583145534,-0.011929965022200081,0.0,True,0
7,ElasticNet,10000.0,0.3,11.366505531566018,0.5696318583145534,-0.011929965022200081,0.0,True,0
7,ElasticNet,100000.0,0.3,11.366505531566018,0.5696318583145534,-0.011929965022200081,0.0,True,0
7,ElasticNet,1000000.0,0.3,11.366505531566018,0.5696318583145534,-0.011929965022200081,0.0,True,0
7,ElasticNet,10.0,0.5,11.366505531566018,0.5696318583145534,-0.011929965022200081,0.0,True,0
7,ElasticNet,100.0,0.5,11.366505531566018,0.5696318583145534,-0.011929965022200081,0.0,True,0
7,ElasticNet,1000.0,0.5,11.366505531566018,0.5696318583145534,-0.011929965022200081,0.0,True,0
7,ElasticNet,10000.0,0.5,11.366505531566018,0.5696318583145534,-0.011929965022200081,0.0,True,0
7,ElasticNet,100000.0,0.5,11.366505531566018,0.5696318583145534,-0.011929965022200081,0.0,True,0
7,ElasticNet,1000000.0,0.5,11.366505531566018,0.5696318583145534,-0.011929965022200081,0.0,True,0
7,ElasticNet,10.0,0.7,11.366505531566018,0.5696318583145534,-0.011929965022200081,0.0,True,0
7,ElasticNet,100.0,0.7,11.366505531566018,0.5696318583145534,-0.011929965022200081,0.0,True,0
7,ElasticNet,1000.0,0.7,11.366505531566018,0.5696318583145534,-0.011929965022200081,0.0,True,0
7,ElasticNet,10000.0,0.7,11.366505531566018,0.5696318583145534,-0.011929965022200081,0.0,True,0
7,ElasticNet,100000.0,0.7,11.366505531566018,0.5696318583145534,-0.011929965022200081,0.0,True,0
7,ElasticNet,1000000.0,0.7,11.366505531566018,0.5696318583145534,-0.011929965022200081,0.0,True,0
7,ElasticNet,10.0,0.9,11.366505531566018,0.5696318583145534,-0.011929965022200081,0.0,True,0
7,ElasticNet,100.0,0.9,11.366505531566018,0.5696318583145534,-0.011929965022200081,0.0,True,0
7,ElasticNet,1000.0,0.9,11.366505531566018,0.5696318583145534,-0.011929965022200081,0.0,True,0
7,ElasticNet,10000.0,0.9,11.366505531566018,0.5696318583145534,-0.011929965022200081,0.0,True,0
7,ElasticNet,100000.0,0.9,11.366505531566018,0.5696318583145534,-0.011929965022200081,0.0,True,0
7,ElasticNet,1000000.0,0.9,11.366505531566018,0.5696318583145534,-0.011929965022200081,0.0,True,0
7,ElasticNet,10.0,0.95,11.366505531566018,0.5696318583145534,-0.011929965022200081,0.0,True,0
7,ElasticNet,100.0,0.95,11.366505531566018,0.5696318583145534,-0.011929965022200081,0.0,True,0
7,ElasticNet,1000.0,0.95,11.366505531566018,0.5696318583145534,-0.011929965022200081,0.0,True,0
7,ElasticNet,10000.0,0.95,11.366505531566018,0.5696318583145534,-0.011929965022200081,0.0,True,0
7,ElasticNet,100000.0,0.95,11.366505531566018,0.5696318583145534,-0.011929965022200081,0.0,True,0
7,ElasticNet,1000000.0,0.95,11.366505531566018,0.5696318583145534,-0.011929965022200081,0.0,True,0
8,LASSO,10.0,1.0,11.366505531566018,0.5696318583145534,-0.011929965022200081,0.0,True,0
8,LASSO,100.0,1.0,11.366505531566018,0.5696318583145534,-0.011929965022200081,0.0,True,0
8,LASSO,1000.0,1.0,11.366505531566018,0.5696318583145534,-0.011929965022200081,0.0,True,0
8,LASSO,10000.0,1.0,11.366505531566018,0.5696318583145534,-0.011929965022200081,0.0,True,0
8,LASSO,100000.0,1.0,11.366505531566018,0.5696318583145534,-0.011929965022200081,0.0,True,0
8,LASSO,1000000.0,1.0,11.366505531566018,0.5696318583145534,-0.011929965022200081,0.0,True,0
8,ElasticNet,100.0,0.1,11.366505531566018,0.5696318583145534,-0.011929965022200081,0.0,True,0
8,ElasticNet,1000.0,0.1,11.366505531566018,0.5696318583145534,-0.011929965022200081,0.0,True,0
8,ElasticNet,10000.0,0.1,11.366505531566018,0.5696318583145534,-0.011929965022200081,0.0,True,0
8,ElasticNet,100000.0,0.1,11.366505531566018,0.5696318583145534,-0.011929965022200081,0.0,True,0
8,ElasticNet,1000000.0,0.1,11.366505531566018,0.5696318583145534,-0.011929965022200081,0.0,True,0
8,ElasticNet,10.0,0.3,11.366505531566018,0.5696318583145534,-0.011929965022200081,0.0,True,0
8,ElasticNet,100.0,0.3,11.366505531566018,0.5696318583145534,-0.011929965022200081,0.0,True,0
8,ElasticNet,1000.0,0.3,11.366505531566018,0.5696318583145534,-0.011929965022200081,0.0,True,0
8,ElasticNet,10000.0,0.3,11.366505531566018,0.5696318583145534,-0.011929965022200081,0.0,True,0
8,ElasticNet,100000.0,0.3,11.366505531566018,0.5696318583145534,-0.011929965022200081,0.0,True,0
8,ElasticNet,1000000.0,0.3,11.366505531566018,0.5696318583145534,-0.011929965022200081,0.0,True,0
8,ElasticNet,10.0,0.5,11.366505531566018,0.5696318583145534,-0.011929965022200081,0.0,True,0
8,ElasticNet,100.0,0.5,11.366505531566018,0.5696318583145534,-0.011929965022200081,0.0,True,0
8,ElasticNet,1000.0,0.5,11.366505531566018,0.5696318583145534,-0.011929965022200081,0.0,True,0
8,ElasticNet,10000.0,0.5,11.366505531566018,0.5696318583145534,-0.011929965022200081,0.0,True,0
8,ElasticNet,100000.0,0.5,11.366505531566018,0.5696318583145534,-0.011929965022200081,0.0,True,0
8,ElasticNet,1000000.0,0.5,11.366505531566018,0.5696318583145534,-0.011929965022200081,0.0,True,0
8,ElasticNet,10.0,0.7,11.366505531566018,0.5696318583145534,-0.011929965022200081,0.0,True,0
8,ElasticNet,100.0,0.7,11.366505531566018,0.5696318583145534,-0.011929965022200081,0.0,True,0
8,ElasticNet,1000.0,0.7,11.366505531566018,0.5696318583145534,-0.011929965022200081,0.0,True,0
8,ElasticNet,10000.0,0.7,11.366505531566018,0.5696318583145534,-0.011929965022200081,0.0,True,0
8,ElasticNet,100000.0,0.7,11.366505531566018,0.5696318583145534,-0.011929965022200081,0.0,True,0
8,ElasticNet,1000000.0,0.7,11.366505531566018,0.5696318583145534,-0.011929965022200081,0.0,True,0
8,ElasticNet,10.0,0.9,11.366505531566018,0.5696318583145534,-0.011929965022200081,0.0,True,0
8,ElasticNet,100.0,0.9,11.366505531566018,0.5696318583145534,-0.011929965022200081,0.0,True,0
8,ElasticNet,1000.0,0.9,11.366505531566018,0.5696318583145534,-0.011929965022200081,0.0,True,0
8,ElasticNet,10000.0,0.9,11.366505531566018,0.5696318583145534,-0.011929965022200081,0.0,True,0
8,ElasticNet,100000.0,0.9,11.366505531566018,0.5696318583145534,-0.011929965022200081,0.0,True,0
8,ElasticNet,1000000.0,0.9,11.366505531566018,0.5696318583145534,-0.011929965022200081,0.0,True,0
8,ElasticNet,10.0,0.95,11.366505531566018,0.5696318583145534,-0.011929965022200081,0.0,True,0
8,ElasticNet,100.0,0.95,11.366505531566018,0.5696318583145534,-0.011929965022200081,0.0,True,0
8,ElasticNet,1000.0,0.95,11.366505531566018,0.5696318583145534,-0.011929965022200081,0.0,True,0
8,ElasticNet,10000.0,0.95,11.366505531566018,0.5696318583145534,-0.011929965022200081,0.0,True,0
8,ElasticNet,100000.0,0.95,11.366505531566018,0.5696318583145534,-0.011929965022200081,0.0,True,0
8,ElasticNet,1000000.0,0.95,11.366505531566018,0.5696318583145534,-0.011929965022200081,0.0,True,0
9,LASSO,10.0,1.0,11.366505531566018,0.5696318583145534,-0.011929965022200081,0.0,True,0
9,LASSO,100.0,1.0,11.366505531566018,0.5696318583145534,-0.011929965022200081,0.0,True,0
9,LASSO,1000.0,1.0,11.366505531566018,0.5696318583145534,-0.011929965022200081,0.0,True,0
9,LASSO,10000.0,1.0,11.366505531566018,0.5696318583145534,-0.011929965022200081,0.0,True,0
9,LASSO,100000.0,1.0,11.366505531566018,0.5696318583145534,-0.011929965022200081,0.0,True,0
9,LASSO,1000000.0,1.0,11.366505531566018,0.5696318583145534,-0.011929965022200081,0.0,True,0
9,ElasticNet,100.0,0.1,11.366505531566018,0.5696318583145534,-0.011929965022200081,0.0,True,0
9,ElasticNet,1000.0,0.1,11.366505531566018,0.5696318583145534,-0.011929965022200081,0.0,True,0
9,ElasticNet,10000.0,0.1,11.366505531566018,0.5696318583145534,-0.011929965022200081,0.0,True,0
9,ElasticNet,100000.0,0.1,11.366505531566018,0.5696318583145534,-0.011929965022200081,0.0,True,0
9,ElasticNet,1000000.0,0.1,11.366505531566018,0.5696318583145534,-0.011929965022200081,0.0,True,0
9,ElasticNet,10.0,0.3,11.366505531566018,0.5696318583145534,-0.011929965022200081,0.0,True,0
9,ElasticNet,100.0,0.3,11.366505531566018,0.5696318583145534,-0.011929965022200081,0.0,True,0
9,ElasticNet,1000.0,0.3,11.366505531566018,0.5696318583145534,-0.011929965022200081,0.0,True,0
9,ElasticNet,10000.0,0.3,11.366505531566018,0.5696318583145534,-0.011929965022200081,0.0,True,0
9,ElasticNet,100000.0,0.3,11.366505531566018,0.5696318583145534,-0.011929965022200081,0.0,True,0
9,ElasticNet,1000000.0,0.3,11.366505531566018,0.5696318583145534,-0.011929965022200081,0.0,True,0
9,ElasticNet,10.0,0.5,11.366505531566018,0.5696318583145534,-0.011929965022200081,0.0,True,0
9,ElasticNet,100.0,0.5,11.366505531566018,0.5696318583145534,-0.011929965022200081,0.0,True,0
9,ElasticNet,1000.0,0.5,11.366505531566018,0.5696318583145534,-0.011929965022200081,0.0,True,0
9,ElasticNet,10000.0,0.5,11.366505531566018,0.5696318583145534,-0.011929965022200081,0.0,True,0
9,ElasticNet,100000.0,0.5,11.366505531566018,0.5696318583145534,-0.011929965022200081,0.0,True,0
9,ElasticNet,1000000.0,0.5,11.366505531566018,0.5696318583145534,-0.011929965022200081,0.0,True,0
9,ElasticNet,10.0,0.7,11.366505531566018,0.5696318583145534,-0.011929965022200081,0.0,True,0
9,ElasticNet,100.0,0.7,11.366505531566018,0.5696318583145534,-0.011929965022200081,0.0,True,0
9,ElasticNet,1000.0,0.7,11.366505531566018,0.5696318583145534,-0.011929965022200081,0.0,True,0
9,ElasticNet,10000.0,0.7,11.366505531566018,0.5696318583145534,-0.011929965022200081,0.0,True,0
9,ElasticNet,100000.0,0.7,11.366505531566018,0.5696318583145534,-0.011929965022200081,0.0,True,0
9,ElasticNet,1000000.0,0.7,11.366505531566018,0.5696318583145534,-0.011929965022200081,0.0,True,0
9,ElasticNet,10.0,0.9,11.366505531566018,0.5696318583145534,-0.011929965022200081,0.0,True,0
9,ElasticNet,100.0,0.9,11.366505531566018,0.5696318583145534,-0.011929965022200081,0.0,True,0
9,ElasticNet,1000.0,0.9,11.366505531566018,0.5696318583145534,-0.011929965022200081,0.0,True,0
9,ElasticNet,10000.0,0.9,11.366505531566018,0.5696318583145534,-0.011929965022200081,0.0,True,0
9,ElasticNet,100000.0,0.9,11.366505531566018,0.5696318583145534,-0.011929965022200081,0.0,True,0
9,ElasticNet,1000000.0,0.9,11.366505531566018,0.5696318583145534,-0.011929965022200081,0.0,True,0
9,ElasticNet,10.0,0.95,11.366505531566018,0.5696318583145534,-0.011929965022200081,0.0,True,0
9,ElasticNet,100.0,0.95,11.366505531566018,0.5696318583145534,-0.011929965022200081,0.0,True,0
9,ElasticNet,1000.0,0.95,11.366505531566018,0.5696318583145534,-0.011929965022200081,0.0,True,0
9,ElasticNet,10000.0,0.95,11.366505531566018,0.5696318583145534,-0.011929965022200081,0.0,True,0
9,ElasticNet,100000.0,0.95,11.366505531566018,0.5696318583145534,-0.011929965022200081,0.0,True,0
9,ElasticNet,1000000.0,0.95,11.366505531566018,0.5696318583145534,-0.011929965022200081,0.0,True,0
10,LASSO,10.0,1.0,11.366505531566018,0.5696318583145534,-0.011929965022200081,0.0,True,0
10,LASSO,100.0,1.0,11.366505531566018,0.5696318583145534,-0.011929965022200081,0.0,True,0
10,LASSO,1000.0,1.0,11.366505531566018,0.5696318583145534,-0.011929965022200081,0.0,True,0
10,LASSO,10000.0,1.0,11.366505531566018,0.5696318583145534,-0.011929965022200081,0.0,True,0
10,LASSO,100000.0,1.0,11.366505531566018,0.5696318583145534,-0.011929965022200081,0.0,True,0
10,LASSO,1000000.0,1.0,11.366505531566018,0.5696318583145534,-0.011929965022200081,0.0,True,0
10,ElasticNet,100.0,0.1,11.366505531566018,0.5696318583145534,-0.011929965022200081,0.0,True,0
10,ElasticNet,1000.0,0.1,11.366505531566018,0.5696318583145534,-0.011929965022200081,0.0,True,0
10,ElasticNet,10000.0,0.1,11.366505531566018,0.5696318583145534,-0.011929965022200081,0.0,True,0
10,ElasticNet,100000.0,0.1,11.366505531566018,0.5696318583145534,-0.011929965022200081,0.0,True,0
10,ElasticNet,1000000.0,0.1,11.366505531566018,0.5696318583145534,-0.011929965022200081,0.0,True,0
10,ElasticNet,10.0,0.3,11.366505531566018,0.5696318583145534,-0.011929965022200081,0.0,True,0
10,ElasticNet,100.0,0.3,11.366505531566018,0.5696318583145534,-0.011929965022200081,0.0,True,0
10,ElasticNet,1000.0,0.3,11.366505531566018,0.5696318583145534,-0.011929965022200081,0.0,True,0
10,ElasticNet,10000.0,0.3,11.366505531566018,0.5696318583145534,-0.011929965022200081,0.0,True,0
10,ElasticNet,100000.0,0.3,11.366505531566018,0.5696318583145534,-0.011929965022200081,0.0,True,0
10,ElasticNet,1000000.0,0.3,11.366505531566018,0.5696318583145534,-0.011929965022200081,0.0,True,0
10,ElasticNet,10.0,0.5,11.366505531566018,0.5696318583145534,-0.011929965022200081,0.0,True,0
10,ElasticNet,100.0,0.5,11.366505531566018,0.5696318583145534,-0.011929965022200081,0.0,True,0
10,ElasticNet,1000.0,0.5,11.366505531566018,0.5696318583145534,-0.011929965022200081,0.0,True,0
10,ElasticNet,10000.0,0.5,11.366505531566018,0.5696318583145534,-0.011929965022200081,0.0,True,0
10,ElasticNet,100000.0,0.5,11.366505531566018,0.5696318583145534,-0.011929965022200081,0.0,True,0
10,ElasticNet,1000000.0,0.5,11.366505531566018,0.5696318583145534,-0.011929965022200081,0.0,True,0
10,ElasticNet,10.0,0.7,11.366505531566018,0.5696318583145534,-0.011929965022200081,0.0,True,0
10,ElasticNet,100.0,0.7,11.366505531566018,0.5696318583145534,-0.011929965022200081,0.0,True,0
10,ElasticNet,1000.0,0.7,11.366505531566018,0.5696318583145534,-0.011929965022200081,0.0,True,0
10,ElasticNet,10000.0,0.7,11.366505531566018,0.5696318583145534,-0.011929965022200081,0.0,True,0
10,ElasticNet,100000.0,0.7,11.366505531566018,0.5696318583145534,-0.011929965022200081,0.0,True,0
10,ElasticNet,1000000.0,0.7,11.366505531566018,0.5696318583145534,-0.011929965022200081,0.0,True,0
10,ElasticNet,10.0,0.9,11.366505531566018,0.5696318583145534,-0.011929965022200081,0.0,True,0
10,ElasticNet,100.0,0.9,11.366505531566018,0.5696318583145534,-0.011929965022200081,0.0,True,0
10,ElasticNet,1000.0,0.9,11.366505531566018,0.5696318583145534,-0.011929965022200081,0.0,True,0
10,ElasticNet,10000.0,0.9,11.366505531566018,0.5696318583145534,-0.011929965022200081,0.0,True,0
10,ElasticNet,100000.0,0.9,11.366505531566018,0.5696318583145534,-0.011929965022200081,0.0,True,0
10,ElasticNet,1000000.0,0.9,11.366505531566018,0.5696318583145534,-0.011929965022200081,0.0,True,0
10,ElasticNet,10.0,0.95,11.366505531566018,0.5696318583145534,-0.011929965022200081,0.0,True,0
10,ElasticNet,100.0,0.95,11.366505531566018,0.5696318583145534,-0.011929965022200081,0.0,True,0
10,ElasticNet,1000.0,0.95,11.366505531566018,0.5696318583145534,-0.011929965022200081,0.0,True,0
10,ElasticNet,10000.0,0.95,11.366505531566018,0.5696318583145534,-0.011929965022200081,0.0,True,0
10,ElasticNet,100000.0,0.95,11.366505531566018,0.5696318583145534,-0.011929965022200081,0.0,True,0
10,ElasticNet,1000000.0,0.95,11.366505531566018,0.5696318583145534,-0.011929965022200081,0.0,True,0
6,LASSO,1e-05,1.0,18.55681067385014,5.351312944917983,-0.6744438595799732,3.489764991129731e-05,True,0
6,ElasticNet,1e-05,0.95,18.9989595182788,5.696834802847823,-0.7150042952032235,2.9541095985180355e-05,True,0
6,ElasticNet,1e-05,0.9,19.398078331793307,5.388041112150757,-0.7497658690011528,3.378929959953572e-05,True,0
6,Ridge,0.01,0.0,19.880355982863197,5.7588857336372365,-0.7940166082513516,0.0,True,0
6,ElasticNet,1e-05,0.7,20.31024480048727,5.967088774578871,-0.83328851163903,2.8961771822334637e-05,True,0
6,ElasticNet,1e-05,0.5,21.125938930936893,6.61725508930435,-0.9079935742587754,1.780615127287478e-05,True,0
6,ElasticNet,1e-05,0.3,22.04752054274734,7.328859134544376,-0.9929631598315641,1.55258723122637e-05,True,0
6,ElasticNet,1e-05,0.1,22.220163571452833,7.72769004260914,-1.0100616482433329,1.131107825564766e-05,True,0
6,ElasticNet,1e-06,0.1,29.35977099855654,13.509992477637129,-1.668060767476688,9.87881757871689e-06,True,0
6,LASSO,1e-06,1.0,29.81354843454353,13.932680016775087,-1.710098297974863,9.986154734601963e-06,True,0
6,ElasticNet,1e-06,0.3,30.099569711608467,13.467115170478985,-1.7338634167229878,9.951080353934874e-06,True,0
6,ElasticNet,1e-06,0.5,30.35202616891736,13.66413080755695,-1.7571100946178324,9.950677513752216e-06,True,0
6,ElasticNet,1e-06,0.95,30.59179735932641,14.64058776319785,-1.7820543364037782,9.983779580990041e-06,True,0
6,ElasticNet,1e-06,0.9,30.943229740209944,14.322958510949773,-1.8123085792981353,9.990401960084952e-06,True,0
6,ElasticNet,1e-06,0.7,31.71374629886623,15.494892702670835,-1.8852426000251479,9.995113018220628e-06,True,0
6,Ridge,0.001,0.0,32.241645797689976,13.49870062501045,-1.9251199435518405,0.0,True,0
6,Ridge,0.0001,0.0,36.68025698036016,16.81775826814831,-2.3331320115599383,0.0,True,0
6,Ridge,1e-05,0.0,37.300874136216954,17.31125341036517,-2.390285977946147,0.0,True,0
6,Ridge,1e-06,0.0,37.36561177475308,17.36322230986464,-2.3962495676239324,0.0,True,0
8,LASSO,0.01,1.0,0.42564050228682165,0.08139828804480967,0.9621733786904182,7.050805110649441e-05,False,0
8,ElasticNet,0.01,0.95,0.42935162721069386,0.0819825337587979,0.9618415207379091,6.575970956239005e-05,False,0
9,LASSO,0.01,1.0,0.4360864169925813,0.05527687092529077,0.9612203525011495,8.937455754980984e-05,False,0
9,ElasticNet,0.01,0.95,0.44096982063428874,0.05617049172420111,0.9607861625209879,6.087653199664776e-05,False,0
10,LASSO,0.01,1.0,0.4424594768174985,0.05791904526896638,0.9606733292834266,0.00021244340203662067,False,0
10,ElasticNet,0.01,0.95,0.4476645590750848,0.060102537175728346,0.960212584991582,0.00020567104441547752,False,0
10,ElasticNet,0.01,0.9,0.45401513984055614,0.06323341821109296,0.9596531986411995,0.00011986064690874473,False,0
10,ElasticNet,0.01,0.7,0.4884744865265891,0.06943588633401565,0.9566231348995876,5.813150859454875e-05,False,0
10,ElasticNet,0.01,0.5,0.5468708521521045,0.0734611059812981,0.9514386490543488,6.766794316404121e-05,False,0
10,ElasticNet,0.01,0.3,0.6613643095143716,0.08332381513246175,0.9412856330783592,9.697035750280258e-05,False,0
10,ElasticNet,0.1,0.5,0.666373401513472,0.0810849855949207,0.9407438347909897,7.381571500648249e-05,False,0
9,ElasticNet,0.1,0.7,0.7482272298955496,0.06844568184406094,0.9333940901757295,0.00012154711225426107,False,0
10,ElasticNet,0.1,0.7,0.7509987906383007,0.06982571753798536,0.933158792368859,8.096723997332023e-05,False,0
9,ElasticNet,0.1,0.9,0.8332792370828371,0.07168238805590302,0.9258106898713688,9.364048353636967e-05,False,0
10,ElasticNet,0.1,0.9,0.8335400203067493,0.0709714837951308,0.925792436863019,0.0008305729491386443,False,0
8,ElasticNet,0.01,0.1,0.8391015393957959,0.09538479107822331,0.9252345381128952,5.094028537346203e-05,False,0
8,ElasticNet,0.1,0.9,0.8393602763354342,0.07383825817824674,0.9252559877020378,7.342467500034977e-05,False,0
9,ElasticNet,0.1,0.95,0.8533898798451687,0.06980756700372821,0.9240126034592335,0.00039637590786351096,False,0
10,ElasticNet,0.1,0.95,0.853470805776071,0.06937609151271268,0.924009499479513,0.0012026898576703027,False,0
8,ElasticNet,0.1,0.95,0.8603642460087064,0.07389951162127385,0.9233809026815968,0.00026977077217378576,False,0
9,ElasticNet,0.01,0.1,0.8733734173354933,0.09390578759766652,0.9223568395129574,5.946955734668891e-05,False,0
9,LASSO,0.1,1.0,0.875992572031809,0.06917176292979266,0.9219867046630738,0.0023347204724087495,False,0
10,LASSO,0.1,1.0,0.8763204293972642,0.07101111405928884,0.921966725181704,0.002070652765958164,False,0
7,LASSO,0.1,1.0,0.8775096221234499,0.0768887622197654,0.9218492511389677,0.00013273733313781677,False,0
8,LASSO,0.1,1.0,0.88093014362583,0.07241033279438759,0.9215329533498876,0.0005676866017204352,False,0
10,ElasticNet,0.01,0.1,0.9330877452705066,0.09508997417449533,0.916974734891845,5.372081417204613e-05,False,0
9,LASSO,0.001,1.0,1.0382662212852483,0.17379228955932363,0.9075281430756904,6.396495460842043e-05,False,0
10,LASSO,0.001,1.0,1.1097304913528687,0.12424156267447936,0.9010672530771623,9.329328780848618e-05,False,0
10,ElasticNet,0.001,0.95,1.1256436429322803,0.12766464271173775,0.8996134030855938,7.218802750118649e-05,False,0
9,ElasticNet,0.0001,0.9,2.955286366450236,0.9160100649538189,0.7330867242627036,0.00012277679450505236,False,0
7,LASSO,0.0001,1.0,3.0120396166482486,0.3611847335152925,0.7312524818016537,9.553709868388057e-05,False,0
7,ElasticNet,0.0001,0.9,3.0327245432618546,0.26813822529811016,0.7291185679366007,0.00015702113920622855,False,0
9,ElasticNet,0.0001,0.7,3.0616324502086756,0.820178115624387,0.7239065084650177,0.00012113610627624118,False,0
9,ElasticNet,0.0001,0.3,3.4195675628789366,0.8514507016659201,0.6919197176814355,5.074296246369587e-05,False,0
10,ElasticNet,0.0001,0.3,3.468573217845851,0.4703356529861816,0.6891616425665194,5.0029673390236027e-05,False,0
8,ElasticNet,0.0001,0.3,3.9746583718508046,0.4865534709250439,0.6436886928485391,6.104164704031725e-05,False,0
