degree,model,alpha,l1_ratio,mean_mse,std_mse,mean_r2,evaluated_folds,pruned,mse_lower_bound,max_kkt,converged,warning_count
11,Ridge,1.0,0.0,0.302585732294879,0.0077159275175347,0.9934080645032592,3,False,0.302585732294879,0.0,True,0
11,Ridge,1.0,0.0,0.302585732294879,0.0077159275175347,0.9934080645032592,3,False,0.302585732294879,0.0,True,0
11,Ridge,1.7782794100389228,0.0,0.3050291231160804,0.009339345788512993,0.9933699023135305,3,False,0.3050291231160804,0.0,True,0
11,ElasticNet,0.001,0.1,0.30854602814435766,0.012027687842252102,0.9932759890802715,3,False,0.30854602814435766,9.977056131162113e-06,True,0
11,Ridge,0.5623413251903491,0.0,0.30858759058433344,0.011374792445159123,0.9932701613913317,3,False,0.3085875905843335,0.0,True,0
11,ElasticNet,0.001,0.1,0.3087056836246533,0.011769074468913118,0.9932726616777509,3,False,0.3087056836246533,9.977056131162113e-06,True,0
11,ElasticNet,0.0017782794100389228,0.1,0.3105672535972076,0.018942756721867956,0.9932637653746555,3,False,0.3105672535972076,9.972292376087037e-06,True,0
13,Ridge,1.0,0.0,0.3138145648411919,0.017002503505616866,0.99313115978596,3,False,0.3138145648411919,0.0,True,0
11,Ridge,3.1622776601683795,0.0,0.3159175705327019,0.01667760096125659,0.9931525028633992,3,False,0.3159175705327019,0.0,True,0
17,ElasticNet,0.01,0.1,0.3201407234370641,0.022476945339554848,0.9929695241255563,3,False,0.32014072343706407,1.0056119167253796e-05,True,0
11,ElasticNet,0.0005623413251903491,0.1,0.3201571721961982,0.012815177735827542,0.9930169346331142,3,False,0.3201571721961982,9.980440466928951e-06,True,0
11,ElasticNet,0.0031622776601683794,0.1,0.3238894347470436,0.037344662892186825,0.9930193288377002,3,False,0.3238894347470436,9.850633970536165e-06,True,0
11,Ridge,0.31622776601683794,0.0,0.32453286095437456,0.01786151161506839,0.9929307604749099,3,False,0.32453286095437456,0.0,True,0
11,ElasticNet,0.0005623413251903491,0.3,0.32477294869802087,0.025919402980697222,0.9929509809544702,3,False,0.32477294869802087,9.997211589042083e-06,True,0
15,Ridge,10.0,0.0,0.32537457427495253,0.01810256505843301,0.9928607261754113,3,False,0.32537457427495253,0.0,True,0
15,ElasticNet,0.01,0.1,0.32886866002706144,0.03264910041544066,0.9928569353563987,3,False,0.32886866002706144,9.867555299597963e-06,True,0
11,ElasticNet,0.001,0.3,0.3300326453103401,0.045435053233985875,0.9928895996150895,3,False,0.3300326453103401,9.863598012117565e-06,True,0
11,ElasticNet,0.001,0.3,0.33042765907307703,0.046259320602306295,0.9928822955119587,3,False,0.33042765907307703,9.849629068298517e-06,True,0
13,Ridge,10.0,0.0,0.3318699757682754,0.019117204855036988,0.9927814435521487,3,False,0.3318699757682754,0.0,True,0
9,Ridge,0.1,0.0,0.3345351160261154,0.01054595096605401,0.992731533142129,3,False,0.3345351160261154,0.0,True,0
9,LASSO,0.00031622776601683794,1.0,0.3351784451158087,0.027401733923709665,0.9927242772339725,3,False,0.3351784451158088,9.999273513750287e-06,True,0
13,ElasticNet,0.001,0.1,0.33570747759202285,0.023746883122797137,0.9926919898803752,3,False,0.33570747759202285,3.2439924626588e-05,True,0
11,Ridge,5.623413251903491,0.0,0.3371402353299478,0.027328705977089685,0.9927160429483294,3,False,0.33714023532994775,0.0,True,0
11,ElasticNet,0.005623413251903491,0.1,0.3387976053596802,0.04732413095172604,0.992720935926719,3,False,0.3387976053596802,9.557564913500191e-06,True,0
9,ElasticNet,0.001,0.1,0.34111415638853043,0.03479750203656692,0.9926199710319236,3,False,0.34111415638853043,9.933875548564058e-06,True,0
9,LASSO,0.0005623413251903491,1.0,0.341386781182665,0.041896195372463134,0.9925934305656853,3,False,0.341386781182665,9.95494875495541e-06,True,0
9,ElasticNet,0.001,0.3,0.3427600209662299,0.04039204144995643,0.9925778565593156,3,False,0.3427600209662299,9.971781580810166e-06,True,0
11,ElasticNet,0.0005623413251903491,0.5,0.3428129556908168,0.05811756917918984,0.9926335826941317,3,False,0.3428129556908168,9.940409166308802e-06,True,0
16,Ridge,10.0,0.0,0.34304006781707735,0.028554991146252505,0.9924508311007597,3,False,0.34304006781707735,0.0,True,0
13,ElasticNet,0.001,0.5,0.3432041084404261,0.06611219473906378,0.9926284219975193,3,False,0.3432041084404261,1.8438362586165914e-05,True,0
9,ElasticNet,0.001,0.5,0.3438348287743227,0.045493708214610996,0.9925515330166664,3,False,0.3438348287743227,9.974286626828442e-06,True,0
11,ElasticNet,0.00031622776601683794,0.3,0.3439319775623204,0.028644124325977013,0.9925340674962593,3,False,0.3439319775623204,9.981447194866747e-06,True,0
11,ElasticNet,0.0017782794100389228,0.3,0.34459621927877704,0.06888251480309335,0.992630430518075,3,False,0.34459621927877704,9.84861450801849e-06,True,0
9,ElasticNet,0.0001,0.1,0.34514259631674205,0.015664626049866688,0.9925075230484987,3,False,0.34514259631674205,2.8886054127472057e-05,True,0
13,ElasticNet,0.01,0.1,0.3454946443137133,0.06380334418075417,0.9925750342596399,3,False,0.3454946443137133,9.971149722292835e-06,True,0
9,ElasticNet,0.001,0.7,0.34633386478723643,0.05102222416635383,0.9924990929584423,3,False,0.34633386478723643,9.984432473541887e-06,True,0
11,ElasticNet,0.001,0.5,0.3465337668899861,0.06820258238543224,0.9925861621895251,3,False,0.346533766889986,2.2789735704031497e-05,True,0
11,ElasticNet,0.001,0.5,0.34710155184150043,0.06899832898858296,0.9925752495478223,3,False,0.3471015518415004,9.984557741695918e-06,True,0
11,ElasticNet,0.0031622776601683794,0.3,0.34733047130035405,0.06822401712675594,0.9925777790080429,3,False,0.34733047130035405,9.981755278490952e-06,True,0
9,LASSO,0.00017782794100389227,1.0,0.34861890890770403,0.019996447048137238,0.992446545877642,3,False,0.34861890890770403,9.94367020069607e-06,True,0
11,ElasticNet,0.001,0.95,0.3489237139194294,0.06317314216718378,0.9925367253089883,3,False,0.3489237139194294,1.2232657436504258e-05,True,0
11,ElasticNet,0.001,0.95,0.349175317641263,0.06348147882355845,0.9925318389700512,3,False,0.349175317641263,9.389672239032616e-06,True,0
9,ElasticNet,0.001,0.9,0.3498665417664075,0.05284951387012907,0.9924280191819759,3,False,0.3498665417664075,9.674620795962043e-06,True,0
12,Ridge,1.0,0.0,0.35002612467866595,0.07243134028961803,0.9924620478211102,3,False,0.35002612467866595,0.0,True,0
11,ElasticNet,0.001,0.7,0.3502663736513328,0.07379196552217053,0.9925220441655606,3,False,0.3502663736513328,9.820915298013283e-06,True,0
11,ElasticNet,0.001,0.9,0.35043049088565753,0.06759760425954553,0.992512576509608,3,False,0.35043049088565753,8.778731540402124e-06,True,0
11,ElasticNet,0.00031622776601683794,0.1,0.3505208806858337,0.03274221667323145,0.9923938910961381,3,False,0.3505208806858337,9.802311791609518e-06,True,0
11,ElasticNet,0.001,0.7,0.3506124399854835,0.0745086883569064,0.9925157673300308,3,False,0.3506124399854835,1.531531125944423e-05,True,0
11,ElasticNet,0.001,0.9,0.3507236566453796,0.06794159908568813,0.9925068456262617,3,False,0.3507236566453796,9.793074437910066e-06,True,0
9,ElasticNet,0.001,0.95,0.35112400548059935,0.053690615056788654,0.9924033490361377,3,False,0.35112400548059935,9.746767118413643e-06,True,0
11,ElasticNet,0.00031622776601683794,0.5,0.3513691830001157,0.050851943326834535,0.9924150053408729,3,False,0.3513691830001157,9.963669501627734e-06,True,0
9,LASSO,0.001,1.0,0.35180234445551334,0.05403106420431899,0.9923897718537341,3,False,0.3518023444555132,9.715005680149477e-06,True,0
9,LASSO,0.001,1.0,0.3522156409668695,0.05462159458366433,0.9923812430079076,3,False,0.3522156409668695,9.685194938644382e-06,True,0
9,ElasticNet,0.0001,0.7,0.35235222568138563,0.02533980177112827,0.9923702279956635,3,False,0.35235222568138563,2.0511065518374492e-05,True,0
11,ElasticNet,0.0005623413251903491,0.7,0.3524356620951387,0.07175420140543766,0.992458696015918,3,False,0.3524356620951387,9.963975303548466e-06,True,0
14,Ridge,10.0,0.0,0.352645440241173,0.036710940289329835,0.9923472017749521,3,False,0.352645440241173,0.0,True,0
11,LASSO,0.001,1.0,0.35299476729182794,0.06898167914218462,0.9924583928056108,3,False,0.35299476729182794,9.543887248427817e-06,True,0
11,ElasticNet,0.0017782794100389228,0.5,0.3530722218779753,0.08021811046019597,0.9924733901233133,3,False,0.3530722218779753,9.966987830842548e-06,True,0
11,Ridge,0.1778279410038923,0.0,0.35403784612350747,0.035202473607342334,0.9923221992029578,3,False,0.35403784612350747,0.0,True,0
9,ElasticNet,0.0001,0.5,0.35464694598677315,0.0318930227208133,0.9923303829716416,3,False,0.3546469459867731,2.940431134408884e-05,True,0
9,Ridge,1.0,0.0,0.35482670304746344,0.0454114259301079,0.9923442342762625,3,False,0.35482670304746344,0.0,True,0
9,ElasticNet,0.0001,0.95,0.3549072150977702,0.022731908458514798,0.9923119983756526,3,False,0.3549072150977703,4.6125351925713794e-05,True,0
9,ElasticNet,0.0001,0.9,0.355011196949827,0.023970000358080844,0.9923119576012084,3,False,0.355011196949827,2.8298172172069725e-05,True,0
9,LASSO,0.0001,1.0,0.3554398235046386,0.02176627888735104,0.9922990127700891,3,False,0.3554398235046386,1.0005803495630297e-05,True,0
11,ElasticNet,0.0031622776601683794,0.5,0.35711809916423104,0.08106351212160498,0.992391383506949,3,False,0.3571180991642311,9.921945252172734e-06,True,0
11,ElasticNet,0.0005623413251903491,0.9,0.35804182746332774,0.07742414172615548,0.9923528019036537,3,False,0.35804182746332774,7.214685232718619e-06,True,0
11,ElasticNet,0.005623413251903491,0.3,0.35874031744446394,0.07239177846025949,0.9923438924474673,3,False,0.35874031744446394,9.924627328744204e-06,True,0
12,ElasticNet,0.001,0.1,0.35908479053862946,0.07328099485579762,0.9922673495853974,3,False,0.35908479053862946,2.8500884972234683e-05,True,0
15,ElasticNet,0.001,0.7,0.35909835722300737,0.06409832512603303,0.9922848398882417,3,False,0.35909835722300737,2.063282311576557e-05,True,0
11,ElasticNet,0.0017782794100389228,0.7,0.3603350112921584,0.08853763298013644,0.992333478777582,3,False,0.3603350112921584,9.700976351544825e-06,True,0
11,ElasticNet,0.0005623413251903491,0.95,0.36056946604034285,0.07930308293456585,0.9923038806289597,3,False,0.36056946604034285,5.859260784329447e-06,True,0
11,ElasticNet,0.01,0.1,0.36087518364149584,0.05480464543032538,0.9922612030213381,3,False,0.36087518364149584,9.801665626728902e-06,True,0
11,ElasticNet,0.01,0.1,0.3609513602766075,0.054924532905633545,0.9922597861973378,3,False,0.3609513602766075,9.801545369960817e-06,True,0
17,ElasticNet,0.001,0.5,0.3610123243107739,0.0210751538556539,0.9921419671790295,3,False,0.3610123243107739,3.38705541906185e-05,True,0
13,ElasticNet,0.001,0.7,0.3618627685831149,0.0943787036237676,0.9922888585055089,3,False,0.3618627685831149,2.6026669063139592e-05,True,0
19,LASSO,0.001,1.0,0.3622922431130742,0.014522483347545568,0.9921330181634341,3,False,0.3622922431130742,9.017255877977496e-06,True,0
14,Ridge,1.0,0.0,0.36403008000511866,0.04609888826771928,0.9920963318571601,3,False,0.36403008000511866,0.0,True,0
17,Ridge,10.0,0.0,0.3646777113687274,0.00894409096162542,0.9920478828292837,3,False,0.3646777113687274,0.0,True,0
11,ElasticNet,0.00031622776601683794,0.7,0.3670143987457921,0.08349039184047567,0.9921390290878894,3,False,0.3670143987457921,9.996723499732744e-06,True,0
11,ElasticNet,0.0017782794100389228,0.9,0.3676468886915667,0.09324182009675791,0.9921837526009112,3,False,0.3676468886915667,8.020697998745033e-06,True,0
15,Ridge,1.0,0.0,0.3708914106560006,0.023191561335826904,0.9919319036632178,3,False,0.3708914106560006,0.0,True,0
11,ElasticNet,0.0017782794100389228,0.95,0.37249493225398284,0.09912662527711709,0.9920902369376821,3,False,0.37249493225398284,7.380609802663633e-06,True,0
14,ElasticNet,0.001,0.7,0.3726242318932322,0.1040940437381893,0.9920669892078431,3,False,0.37262423189323224,1.4365845752712996e-05,True,0
15,ElasticNet,0.001,0.3,0.3736990870942501,0.05989121241272305,0.9919489106296243,3,False,0.3736990870942501,3.3515583100983534e-05,True,0
11,Ridge,10.0,0.0,0.3738734511419492,0.04408184206890764,0.9919552316209468,3,False,0.37387345114194925,0.0,True,0
11,Ridge,10.0,0.0,0.3738734511419492,0.04408184206890764,0.9919552316209468,3,False,0.37387345114194925,0.0,True,0
11,ElasticNet,0.00017782794100389227,0.7,0.3742623819111466,0.05357844197566238,0.9919181828418192,3,False,0.3742623819111466,9.982927990449147e-06,True,0
11,ElasticNet,0.0031622776601683794,0.7,0.37529115190381185,0.10319702309098264,0.9920413234815563,3,False,0.37529115190381185,9.940187240706395e-06,True,0
10,ElasticNet,0.001,0.7,0.37539059030608685,0.10299358988224327,0.9920415474559953,3,False,0.37539059030608685,9.92155442895552e-06,True,0
10,LASSO,0.001,1.0,0.37584874492649006,0.09892711447597025,0.9920323912088017,3,False,0.37584874492649006,1.3504084186882412e-05,True,0
10,ElasticNet,0.001,0.9,0.37706445295647834,0.10252763697802063,0.9920098954805877,3,False,0.37706445295647834,7.302127217744632e-06,True,0
10,ElasticNet,0.001,0.95,0.3772585497789816,0.10218525762797427,0.9920065376286228,3,False,0.3772585497789816,1.029343860550942e-05,True,0
11,ElasticNet,0.005623413251903491,0.5,0.3777148959722902,0.09000298153299377,0.991970505972581,3,False,0.3777148959722902,9.936005227439895e-06,True,0
10,ElasticNet,0.001,0.5,0.378386775822884,0.11008680845788171,0.9919817736858195,3,False,0.378386775822884,9.956475593765092e-06,True,0
14,ElasticNet,0.001,0.5,0.37950640761315735,0.11736382755525003,0.9919207765001966,3,False,0.37950640761315735,3.800118916015799e-05,True,0
10,ElasticNet,0.001,0.3,0.3800698421761628,0.1152339380158532,0.9919453158203472,3,False,0.3800698421761628,9.923459527802644e-06,True,0
15,ElasticNet,0.01,0.3,0.3801227893420924,0.10075960028551477,0.991888510600945,3,False,0.3801227893420924,4.108260749490422e-05,True,0
17,LASSO,0.001,1.0,0.38018741851200777,0.06458386867485397,0.9918453048556088,3,False,0.38018741851200777,7.4147536462392406e-06,True,0
15,ElasticNet,0.001,0.9,0.38153301702865017,0.09356710208717026,0.9918613150928405,3,False,0.38153301702865017,4.353030168536621e-05,True,0
11,ElasticNet,0.00031622776601683794,0.9,0.3824019577230789,0.11070344944699413,0.991859935385842,3,False,0.3824019577230789,9.542410184874047e-06,True,0
12,ElasticNet,0.01,0.1,0.3835387170575964,0.11419123614837139,0.9918526567375795,3,False,0.3835387170575964,1.0253063218176352e-05,True,0
12,ElasticNet,0.001,0.5,0.3845334337779253,0.14055982239437967,0.9918665266884621,3,False,0.3845334337779253,1.7607356774291313e-05,True,0
20,ElasticNet,0.001,0.9,0.38486093167465346,0.023949560692835953,0.9916526399874394,3,False,0.38486093167465346,4.618031485922999e-05,True,0
11,ElasticNet,0.00031622776601683794,0.95,0.3856546712444233,0.11507601680171907,0.9917986416106461,3,False,0.3856546712444233,9.745378397324131e-06,True,0
18,Ridge,10.0,0.0,0.38597949871120774,0.01030144841339839,0.9915581078619727,3,False,0.3859794987112078,0.0,True,0
10,Ridge,1.0,0.0,0.3862936920108098,0.12530815939761375,0.9918232261790951,3,False,0.3862936920108098,0.0,True,0
9,LASSO,0.0017782794100389228,1.0,0.38718104543195114,0.07291283477466218,0.9916908443573419,3,False,0.38718104543195114,9.389132646902849e-06,True,0
11,ElasticNet,0.00017782794100389227,0.5,0.387829518735048,0.06948247842103313,0.9916522524874695,3,False,0.38782951873504795,1.0040414075779353e-05,True,0
11,ElasticNet,0.00017782794100389227,0.3,0.3885297469812577,0.06286455351689735,0.9916218749896717,3,False,0.3885297469812578,9.928967518689105e-06,True,0
12,Ridge,10.0,0.0,0.38853049229115305,0.09687779841894865,0.9917044570106542,3,False,0.38853049229115305,0.0,True,0
13,ElasticNet,0.001,0.95,0.3886246796220359,0.1358341498466432,0.9917919794341709,3,False,0.388624679622036,3.6706227797039e-05,True,0
13,ElasticNet,0.001,0.9,0.38868318387340844,0.13806990394523047,0.9917928802741177,3,False,0.38868318387340844,3.1940081509883637e-05,True,0
11,ElasticNet,0.00017782794100389227,0.9,0.39182741915552793,0.08472973060156967,0.9915929620347402,3,False,0.39182741915552793,9.973117745995064e-06,True,0
11,ElasticNet,0.00017782794100389227,0.95,0.39370303144161384,0.08694802456405318,0.9915578359210097,3,False,0.39370303144161384,9.425380585525279e-06,True,0
14,ElasticNet,0.001,0.3,0.3938873151743812,0.11631316924094279,0.9915979135031671,3,False,0.3938873151743812,2.805721351644417e-05,True,0
18,ElasticNet,0.001,0.9,0.39483757733388875,0.07315450403978654,0.9915310914346503,3,False,0.39483757733388875,4.241978653913225e-05,True,0
11,ElasticNet,0.01,0.3,0.394972752972937,0.09037788189107994,0.991599886081052,3,False,0.394972752972937,9.822283893019378e-06,True,0
11,ElasticNet,0.01,0.3,0.3952289954927597,0.0908020616272247,0.9915951436481727,3,False,0.3952289954927597,9.899341086102784e-06,True,0
14,ElasticNet,0.01,0.3,0.39586929937987914,0.1257401300513027,0.9916000699120947,3,False,0.3958692993798791,1.3875517531429602e-05,True,0
13,ElasticNet,0.01,0.3,0.39618699124134116,0.12996043897142323,0.9916104342395465,3,False,0.39618699124134116,9.621440145922335e-06,True,0
18,ElasticNet,0.001,0.5,0.39866670114929187,0.05836528846912769,0.9913949283813048,3,False,0.39866670114929187,4.880025689514328e-05,True,0
16,ElasticNet,0.001,0.5,0.3998934788169308,0.10664483214000582,0.9914542684524305,3,False,0.3998934788169309,2.898535128113269e-05,True,0
11,ElasticNet,0.0031622776601683794,0.9,0.4007625727905763,0.12740375161953457,0.9915430311740265,3,False,0.4007625727905763,9.8171352808543e-06,True,0
14,ElasticNet,0.001,0.1,0.40157948288462797,0.08819198129290753,0.9913709412772688,3,False,0.40157948288462797,3.361083599679315e-05,True,0
11,Ridge,0.1,0.0,0.4016982281226536,0.07325553514625566,0.9913546889539552,3,False,0.4016982281226536,0.0,True,0
11,Ridge,0.1,0.0,0.4016982281226536,0.07325553514625566,0.9913546889539552,3,False,0.4016982281226536,0.0,True,0
11,ElasticNet,0.005623413251903491,0.7,0.40204315502723703,0.10804943250818813,0.9914835080172392,3,False,0.40204315502723703,9.79334517315928e-06,True,0
11,ElasticNet,0.00017782794100389227,0.1,0.40418960462179937,0.0792411829623004,0.9913116060841606,3,False,0.4041896046217994,9.983420268387088e-06,True,0
19,ElasticNet,0.001,0.3,0.4046780159597077,0.03141540241645064,0.991130124089627,3,False,0.4046780159597077,3.970595620546378e-05,True,0
12,ElasticNet,0.001,0.7,0.40484562405713315,0.17588613340182252,0.9915008041042809,3,False,0.40484562405713315,1.0378321181147665e-05,True,0
15,ElasticNet,0.001,0.1,0.4049394047648382,0.050230923202906064,0.9912544545748494,3,False,0.4049394047648382,3.6710730667815415e-05,True,0
10,ElasticNet,0.01,0.1,0.4051802488044823,0.08464691276971552,0.991371971550056,3,False,0.4051802488044823,9.85153340687852e-06,True,0
16,ElasticNet,0.01,0.5,0.41216477909974253,0.12225264611374047,0.9912387132647315,3,False,0.41216477909974253,4.2536624972952e-05,True,0
15,ElasticNet,0.01,0.5,0.41361645088260346,0.13119074496672659,0.991225128074188,3,False,0.41361645088260346,2.63617920723035e-05,True,0
16,ElasticNet,0.001,0.3,0.415302561563654,0.08877397109928023,0.9911021702015274,3,False,0.415302561563654,2.4936787653516228e-05,True,0
12,ElasticNet,0.01,0.3,0.4188111644264004,0.14853826827693292,0.9911696926931702,3,False,0.4188111644264004,9.399217945815254e-06,True,0
14,ElasticNet,0.001,0.9,0.41909222846528477,0.17448164311085856,0.9911939130065367,3,False,0.41909222846528477,2.739763101349956e-05,True,0
16,Ridge,1.0,0.0,0.42034802888343425,0.0547275395210696,0.9909018489533636,3,False,0.42034802888343425,0.0,True,0
10,Ridge,0.1,0.0,0.4241376160677093,0.13246770716286135,0.990979909373137,3,False,0.4241376160677093,0.0,True,0
12,ElasticNet,0.001,0.9,0.42470555527948056,0.2059386218138324,0.9911349928680567,3,False,0.42470555527948056,2.38700838446252e-05,True,0
14,ElasticNet,0.01,0.5,0.42597938028489435,0.1467689062604629,0.9909925542920087,3,False,0.42597938028489435,2.9555247125023255e-05,True,0
9,LASSO,0.0031622776601683794,1.0,0.426059959829896,0.09787035661311634,0.9908886342324963,3,False,0.426059959829896,9.586693367839069e-06,True,0
11,ElasticNet,0.01,0.5,0.43068253952952423,0.11456585343763671,0.9908801678560026,3,False,0.43068253952952423,9.60134431577872e-06,True,0
13,ElasticNet,0.01,0.5,0.4315274234780114,0.15442990649785945,0.9908967087421111,3,False,0.4315274234780114,9.910337155625594e-06,True,0
18,ElasticNet,0.001,0.3,0.4320525507494772,0.041403518898836554,0.9906631443955091,3,False,0.4320525507494772,3.6235031595471866e-05,True,0
7,ElasticNet,1e-06,0.9,0.43281576344699935,0.03519192366398677,0.9905888342762764,3,False,0.4328157634469993,9.945311203575058e-06,True,0
7,ElasticNet,1e-06,0.7,0.43311956272730745,0.0349358364636546,0.990582026241182,3,False,0.43311956272730745,9.96033458407773e-06,True,0
7,ElasticNet,1e-06,0.3,0.4331546020983563,0.03494947401197904,0.9905813681221906,3,False,0.4331546020983563,9.988440997199131e-06,True,0
7,ElasticNet,1e-06,0.5,0.43316729378727725,0.03492346427808649,0.9905812154856554,3,False,0.43316729378727725,9.91355210517131e-06,True,0
7,ElasticNet,1e-06,0.1,0.43319868923473187,0.034906182877638546,0.9905800267281474,3,False,0.43319868923473187,9.98752715108438e-06,True,0
7,Ridge,1e-06,0.0,0.43327808610145024,0.03419650709203913,0.9905784842196436,3,False,0.43327808610145024,0.0,True,0
7,Ridge,1e-05,0.0,0.4332786039049887,0.03421131875570231,0.9905784740258389,3,False,0.4332786039049887,0.0,True,0
7,Ridge,0.0001,0.0,0.4332838645013432,0.03435908229913384,0.9905783705278995,3,False,0.4332838645013432,0.0,True,0
7,Ridge,0.001,0.0,0.4333440893232729,0.03580212966346335,0.9905771918783346,3,False,0.4333440893232729,0.0,True,0
7,ElasticNet,1e-05,0.1,0.43337237677918933,0.041124516492751416,0.9905762701825843,3,False,0.43337237677918933,9.972256193638109e-06,True,0
7,LASSO,1e-05,1.0,0.4333741690014494,0.037912739042477134,0.9905767946102602,3,False,0.4333741690014494,9.960814596489175e-06,True,0
7,ElasticNet,1e-05,0.3,0.43339171717874453,0.040552998561503587,0.9905758954594338,3,False,0.43339171717874453,9.844186228056704e-06,True,0
7,LASSO,1e-06,1.0,0.43342461078862243,0.03451998205388266,0.9905754337662426,3,False,0.43342461078862243,1.1512951598130965e-05,True,0
7,ElasticNet,1e-05,0.9,0.43343341598044377,0.03838356885657772,0.9905753472491914,3,False,0.43343341598044377,9.87984401329255e-06,True,0
7,ElasticNet,1e-05,0.5,0.43348061429201995,0.03964161156780119,0.9905738248924068,3,False,0.43348061429202,9.969896898923129e-06,True,0
7,ElasticNet,1e-05,0.95,0.43351871828232263,0.03805165323231731,0.99057352196933,3,False,0.43351871828232263,9.961140929119914e-06,True,0
7,ElasticNet,1e-05,0.7,0.4336433597075726,0.039109823242968154,0.9905706496755887,3,False,0.4336433597075726,9.966465453742945e-06,True,0
7,ElasticNet,1e-06,0.95,0.43379615409710354,0.03408620828403329,0.9905657035335077,3,False,0.43379615409710354,1.5523602606483343e-05,True,0
7,Ridge,0.01,0.0,0.4343540205334632,0.04746237279450624,0.9905577991418482,3,False,0.4343540205334633,0.0,True,0
7,LASSO,0.0001,1.0,0.43528894329163026,0.06939924480734626,0.9905506793523902,3,False,0.43528894329163026,9.993061467022089e-06,True,0
7,ElasticNet,0.0001,0.95,0.43543746545678613,0.07019745717712911,0.9905479628088422,3,False,0.43543746545678613,9.830787345265691e-06,True,0
7,ElasticNet,0.0001,0.9,0.4356817592027988,0.07061530465502307,0.9905422922620177,3,False,0.43568175920279867,9.885035279669151e-06,True,0
12,ElasticNet,0.001,0.95,0.4360590283169536,0.22511000261181974,0.990923727766627,3,False,0.4360590283169536,2.0338231854212757e-05,True,0
20,ElasticNet,0.001,0.3,0.4363063046311973,0.013449087393395138,0.9904674659479239,3,False,0.4363063046311973,4.8351739750289045e-05,True,0
7,ElasticNet,0.0001,0.7,0.43688227993710954,0.07250465653187868,0.9905168132735914,3,False,0.43688227993710954,9.997985724624327e-06,True,0
7,ElasticNet,0.0001,0.5,0.438445955411584,0.07391224255804914,0.9904835680287868,3,False,0.4384459554115839,9.945857823229605e-06,True,0
8,ElasticNet,0.001,0.7,0.43897498018394315,0.09786611478260891,0.9906559734673669,3,False,0.43897498018394315,9.613663785129514e-06,True,0
9,ElasticNet,0.01,0.1,0.4392354495469364,0.08686658742902101,0.9905742890677054,3,False,0.4392354495469364,9.841027505820337e-06,True,0
8,ElasticNet,0.001,0.9,0.439368086601128,0.09828495588698752,0.990634321835881,3,False,0.439368086601128,9.800755916207038e-06,True,0
8,ElasticNet,0.001,0.5,0.43971633526489295,0.10098265262971381,0.9906594646240752,3,False,0.439716335264893,9.828932929233786e-06,True,0
19,Ridge,10.0,0.0,0.4401318826633454,0.07479113941630045,0.9905477159613665,3,False,0.4401318826633454,0.0,True,0
7,ElasticNet,0.0001,0.3,0.4402754606247137,0.0749924792523169,0.9904446859398449,3,False,0.4402754606247137,9.909119869203267e-06,True,0
8,ElasticNet,0.001,0.95,0.4408977673580476,0.09951805585366222,0.99059949809361,3,False,0.4408977673580475,9.908704495093868e-06,True,0
7,ElasticNet,0.0001,0.1,0.44103332582891314,0.07493388856775662,0.9904292131604673,3,False,0.44103332582891314,9.980575579327314e-06,True,0
8,ElasticNet,0.001,0.3,0.44122232331079864,0.10928059021945068,0.990649760677964,3,False,0.44122232331079864,9.722756930071992e-06,True,0
8,ElasticNet,0.001,0.1,0.4412712757385626,0.11466171118320174,0.9906598794608654,3,False,0.4412712757385626,9.969389561391323e-06,True,0
10,Ridge,10.0,0.0,0.4417818065949522,0.09518348562219471,0.9905988467849668,3,False,0.4417818065949523,0.0,True,0
8,LASSO,0.001,1.0,0.44199975311275613,0.10068950667009197,0.9905734626494299,3,False,0.44199975311275613,9.992073620059168e-06,True,0
8,ElasticNet,0.0001,0.3,0.4424237210528584,0.15583897754507345,0.9906863789827783,3,False,0.4424237210528584,1.2342248836126666e-05,True,0
8,Ridge,0.1,0.0,0.44313394560183944,0.1531258958997903,0.9906761627361046,3,False,0.4431339456018395,0.0,True,0
8,ElasticNet,0.0001,0.5,0.44343131976605515,0.1568319425152194,0.9906655828693088,3,False,0.44343131976605515,2.6079906362883006e-05,True,0
8,Ridge,1.0,0.0,0.4434782138776265,0.09823483385112235,0.9905704301140347,3,False,0.4434782138776265,0.0,True,0
8,ElasticNet,0.0001,0.1,0.44386168250557195,0.1576234269734565,0.9906593600601449,3,False,0.44386168250557195,2.155248806861158e-05,True,0
10,ElasticNet,0.01,0.3,0.4446460680327762,0.11400324280943654,0.9905836652174583,3,False,0.4446460680327762,9.114310162127055e-06,True,0
8,ElasticNet,0.0001,0.7,0.4475879355527083,0.1630585607232074,0.9905864196908011,3,False,0.4475879355527083,1.9925973289585858e-05,True,0
9,Ridge,0.01,0.0,0.4495248628505497,0.11777539200237837,0.9904147340019062,3,False,0.44952486285054966,0.0,True,0
8,ElasticNet,0.0001,0.9,0.44959633516649067,0.1629457713040815,0.990543053064731,3,False,0.44959633516649067,1.5065461892279435e-05,True,0
10,ElasticNet,0.0001,0.3,0.45042105024468765,0.14339905106969547,0.9904196256842438,3,False,0.45042105024468765,4.9850271574941184e-05,True,0
7,Ridge,0.1,0.0,0.45069304113806535,0.0896034133065641,0.9902354491473444,3,False,0.45069304113806535,0.0,True,0
8,ElasticNet,0.0001,0.95,0.4513248118030062,0.16452354712902648,0.9905086115963412,3,False,0.4513248118030062,9.93673548437644e-06,True,0
10,ElasticNet,0.0001,0.1,0.45149212193508687,0.1411729684842064,0.9903988879931175,3,False,0.45149212193508687,4.716679213388625e-05,True,0
17,Ridge,1.0,0.0,0.4532364015638137,0.06685357863556964,0.9902214449883688,3,False,0.4532364015638137,0.0,True,0
12,ElasticNet,0.01,0.5,0.4534713676913111,0.16953744895340894,0.9904671531628688,3,False,0.45347136769131097,1.0004038212442848e-05,True,0
8,LASSO,0.0001,1.0,0.45388970284470864,0.1678327213909362,0.990458704697705,3,False,0.4538897028447087,1.7919633721212065e-05,True,0
16,ElasticNet,0.001,0.1,0.45688048581697654,0.08662441295966884,0.9901875756212627,3,False,0.45688048581697654,2.94806906685812e-05,True,0
11,ElasticNet,0.0001,0.5,0.45849584640810664,0.12953659847930096,0.9902172223680273,3,False,0.45849584640810664,4.0329799754364736e-05,True,0
11,ElasticNet,0.0001,0.3,0.4594789275271025,0.12143862135588179,0.9901797816262127,3,False,0.4594789275271025,4.931678906373204e-05,True,0
10,ElasticNet,0.0001,0.7,0.4604027806489152,0.1607361330522216,0.9902301822315255,3,False,0.4604027806489152,3.494760231506133e-05,True,0
9,ElasticNet,0.01,0.3,0.4641343444092296,0.09946141283020828,0.9900696578269931,3,False,0.4641343444092296,9.940440111560426e-06,True,0
13,ElasticNet,0.01,0.7,0.4652641995129991,0.16721560012587786,0.9902022621396377,3,False,0.46526419951299897,9.32407078361834e-06,True,0
10,ElasticNet,0.0001,0.9,0.46609728257332356,0.17028849480805602,0.9901197542017118,3,False,0.46609728257332345,4.5439153908110076e-05,True,0
14,ElasticNet,0.01,0.7,0.4663152513739357,0.17484314664293021,0.9901817744513481,3,False,0.4663152513739357,2.3930100839246807e-05,True,0
8,Ridge,0.01,0.0,0.46880904802494644,0.1921161478984552,0.9901589951091355,3,False,0.46880904802494644,0.0,True,0
20,Ridge,10.0,0.0,0.4716389907423501,0.08079769073572338,0.9898675101698514,3,False,0.4716389907423501,0.0,True,0
10,ElasticNet,0.01,0.5,0.4757692647970327,0.13505573245794109,0.9899556452525515,3,False,0.4757692647970327,9.594364680252931e-06,True,0
11,ElasticNet,0.01,0.7,0.4758646965819732,0.14647585480114955,0.9899711822368856,3,False,0.4758646965819732,9.09800874661186e-06,True,0
12,ElasticNet,0.01,0.7,0.48046937689206776,0.16628062720338777,0.9898884186777118,3,False,0.48046937689206776,7.129295816866478e-06,True,0
18,Ridge,1.0,0.0,0.48127821148296057,0.06392969771893273,0.9895783924809031,3,False,0.4812782114829605,0.0,True,0
12,Ridge,0.1,0.0,0.4887779698723655,0.1476002645507439,0.9895832376699886,3,False,0.4887779698723655,0.0,True,0
16,ElasticNet,0.01,0.9,0.49115175942886163,0.1708447497780839,0.989635353164544,3,False,0.49115175942886163,4.1706557038299896e-05,True,0
8,ElasticNet,1e-05,0.5,0.4929889950395645,0.21746523327550082,0.9896733569370971,3,False,0.4929889950395645,3.8093162679135404e-05,True,0
9,ElasticNet,0.01,0.5,0.4989483369821535,0.11795267621165613,0.9893803488624885,3,False,0.4989483369821535,9.863738663919673e-06,True,0
8,Ridge,0.001,0.0,0.5060959641066561,0.24275789654884217,0.9894282998377243,3,False,0.5060959641066561,0.0,True,0
7,ElasticNet,0.001,0.7,0.5090576565536337,0.12271426695621933,0.9890524413326248,3,False,0.5090576565536337,9.893971945407589e-06,True,0
7,ElasticNet,0.001,0.5,0.5102108893804992,0.12662281560233365,0.9890221487306787,3,False,0.5102108893804992,9.770296902118433e-06,True,0
7,ElasticNet,0.001,0.9,0.5106686935308092,0.12176910893765479,0.9890219913855857,3,False,0.5106686935308092,9.843913367348165e-06,True,0
17,ElasticNet,0.001,0.1,0.5108745005885454,0.13179593670270173,0.9891117364587942,3,False,0.5108745005885454,3.073347544063977e-05,True,0
7,ElasticNet,0.001,0.95,0.5111718740395236,0.121436814846666,0.9890123781892811,3,False,0.5111718740395236,8.788567974720883e-06,True,0
7,ElasticNet,0.001,0.3,0.5113265527537885,0.12983372410066896,0.9889927268737585,3,False,0.5113265527537885,9.99834285157357e-06,True,0
7,LASSO,0.001,1.0,0.5115045127898955,0.12137969353394978,0.9890056084735703,3,False,0.5115045127898955,9.467124240112972e-06,True,0
7,ElasticNet,0.001,0.1,0.5129966710049592,0.13268293564084593,0.9889533501091862,3,False,0.512996671004959,9.83471521005855e-06,True,0
8,Ridge,0.0001,0.0,0.51329121822654,0.2520631122144294,0.989287418349741,3,False,0.51329121822654,0.0,True,0
8,ElasticNet,1e-06,0.5,0.513413148057914,0.25061046581301566,0.9892820508840942,3,False,0.513413148057914,9.91807715966852e-06,True,0
8,Ridge,1e-05,0.0,0.5140798975283224,0.2530681589503543,0.9892719708391761,3,False,0.5140798975283224,0.0,True,0
8,Ridge,1e-06,0.0,0.5141595356179522,0.25316946405158075,0.9892704109286896,3,False,0.5141595356179524,0.0,True,0
8,ElasticNet,1e-05,0.9,0.5141896645550822,0.25157953729764604,0.9892734059720167,3,False,0.5141896645550822,4.003240724455315e-05,True,0
8,ElasticNet,1e-05,0.3,0.5150386797549208,0.25874839789675463,0.9892689434011563,3,False,0.5150386797549208,3.59404319764459e-05,True,0
8,ElasticNet,1e-06,0.9,0.5160010904088582,0.25381355233470687,0.9892318760766835,3,False,0.5160010904088582,1.3236336802390868e-05,True,0
10,Ridge,0.01,0.0,0.5168192934917758,0.11061491225058104,0.9889122128494447,3,False,0.5168192934917758,0.0,True,0
8,ElasticNet,1e-05,0.7,0.5170349174594375,0.26040411444847755,0.9892246101608757,3,False,0.5170349174594376,3.534384759736938e-05,True,0
10,ElasticNet,0.01,0.7,0.518594541086116,0.16139829383168464,0.989088058516015,3,False,0.518594541086116,8.759441558961814e-06,True,0
8,ElasticNet,1e-06,0.95,0.5189610473938274,0.26038179671931244,0.989178281972419,3,False,0.5189610473938275,9.920374622428691e-06,True,0
13,ElasticNet,0.01,0.9,0.5195564053183498,0.20943380296241185,0.9891184029483364,3,False,0.5195564053183498,1.726469735609422e-05,True,0
8,ElasticNet,1e-06,0.3,0.520301158681762,0.2633892773972496,0.9891561877382195,3,False,0.520301158681762,9.970954813413267e-06,True,0
12,ElasticNet,0.0001,0.1,0.5203481554582621,0.1262026668035039,0.9888504246458245,3,False,0.520348155458262,4.014432329436788e-05,True,0
19,Ridge,1.0,0.0,0.5208433472547823,0.08219368932784873,0.9887338364386862,3,False,0.5208433472547823,0.0,True,0
8,ElasticNet,1e-06,0.7,0.5217347327153998,0.26497950789004254,0.9891276060502955,3,False,0.5217347327153998,9.926230198922464e-06,True,0
8,ElasticNet,1e-05,0.95,0.5226011106873435,0.2671298405972353,0.989120428505522,3,False,0.5226011106873435,4.942886028376566e-05,True,0
11,ElasticNet,0.01,0.9,0.5258252239607405,0.1758797653723432,0.9889595314686588,3,False,0.5258252239607405,8.188686456259142e-06,True,0
9,ElasticNet,0.01,0.7,0.5259680344726102,0.12957328022349013,0.988819143532138,3,False,0.5259680344726102,9.662744042595456e-06,True,0
14,ElasticNet,0.01,0.9,0.5293810070219723,0.22671187851384728,0.9889262003285287,3,False,0.5293810070219723,2.6665341007460486e-05,True,0
19,ElasticNet,0.001,0.1,0.535300500650406,0.07988295610185435,0.9884735896017557,3,False,0.535300500650406,4.4914886518449156e-05,True,0
13,ElasticNet,0.01,0.95,0.5356918029576921,0.21847011688761028,0.9887910944678175,3,False,0.5356918029576921,3.175689152597021e-05,True,0
11,ElasticNet,0.01,0.95,0.5365880731878125,0.17870988197614956,0.9887342252462155,3,False,0.5365880731878125,8.776592936705213e-06,True,0
10,ElasticNet,1e-05,0.1,0.5422596161834168,0.08184777503898594,0.9882828992272116,3,False,0.5422596161834167,3.8200449535596986e-05,True,0
12,ElasticNet,0.01,0.9,0.5434846266489463,0.21993578107149114,0.988642293082056,3,False,0.5434846266489461,8.328901360113439e-06,True,0
9,ElasticNet,1e-05,0.1,0.5448695793936641,0.2244742241226409,0.9885220189305218,3,False,0.5448695793936641,3.50737144376555e-05,True,0
14,ElasticNet,0.01,0.95,0.5478017916909457,0.2404996738620972,0.9885556967451565,3,False,0.5478017916909458,1.9344590467004416e-05,True,0
20,Ridge,1.0,0.0,0.5563753767504511,0.08891589833114588,0.9879203790637482,3,False,0.5563753767504511,0.0,True,0
7,Ridge,1.0,0.0,0.55837637741295,0.1482479685200205,0.9879913094067314,3,False,0.5583763774129499,0.0,True,0
8,ElasticNet,1e-06,0.1,0.5594179642679874,0.33106424615466895,0.988426864438294,3,False,0.5594179642679874,3.676268805764798e-05,True,0
12,ElasticNet,0.01,0.95,0.5598912572586131,0.22857358601808678,0.988309975576014,3,False,0.5598912572586131,1.1411198379877863e-05,True,0
10,ElasticNet,0.01,0.9,0.5663137240966313,0.18349679153254242,0.9881062947433844,3,False,0.5663137240966313,9.09798489972212e-06,True,0
8,ElasticNet,0.01,0.1,0.5667912890705774,0.15428223340361774,0.9879254734356504,3,False,0.5667912890705774,9.523174130353796e-06,True,0
9,ElasticNet,0.01,0.9,0.5725286038541736,0.15379960546752308,0.9878778595130419,3,False,0.5725286038541736,6.455149419144421e-06,True,0
10,ElasticNet,0.01,0.95,0.5776216055201323,0.18442982331830363,0.9878621458128981,3,False,0.5776216055201323,7.3306118934246545e-06,True,0
10,LASSO,0.01,1.0,0.586173757288914,0.18995040464903934,0.9876890321897672,3,False,0.586173757288914,3.144477643033175e-05,True,0
9,ElasticNet,0.01,0.95,0.5902276304503631,0.16530585966747824,0.9875160964629924,3,False,0.5902276304503631,4.069871026721877e-06,True,0
8,ElasticNet,0.01,0.3,0.5987516481231213,0.17063136307474114,0.9872819141409027,3,False,0.5987516481231213,9.611527762194705e-06,True,0
9,LASSO,0.01,1.0,0.6130577043699817,0.18028120897864872,0.9870652406863837,3,False,0.6130577043699817,1.5095987060759208e-05,True,0
8,ElasticNet,0.01,0.5,0.6169328136521328,0.17920552958010388,0.9869064667619224,3,False,0.6169328136521328,9.825917323844253e-06,True,0
8,ElasticNet,0.01,0.7,0.6418950186189752,0.18910451770169698,0.986405708916629,3,False,0.6418950186189754,9.715154206754555e-06,True,0
10,ElasticNet,1e-06,0.1,0.6555785713476675,0.07380176439028599,0.985682034862668,3,False,0.6555785713476675,4.782740416303248e-05,True,0
8,ElasticNet,0.01,0.9,0.6750571741027991,0.21369282333292908,0.9857583550019221,3,False,0.6750571741027991,7.636130473271177e-06,True,0
8,ElasticNet,0.01,0.95,0.6892996509213084,0.22171813357578143,0.9854771261287429,3,False,0.6892996509213084,9.818348190257856e-06,True,0
9,ElasticNet,1e-06,0.1,0.6907986055068336,0.3416074652003136,0.9855475145354103,3,False,0.6907986055068335,4.158176448244119e-05,True,0
9,ElasticNet,1e-06,0.5,0.6969122413116731,0.3532202225068615,0.985426355550148,3,False,0.6969122413116731,4.5305207941688534e-05,True,0
8,LASSO,0.01,1.0,0.7060134381227979,0.2335820370859553,0.9851576885715739,3,False,0.7060134381227979,6.4947624386114955e-06,True,0
9,ElasticNet,1e-06,0.3,0.7197506628083244,0.39614525143481144,0.985008940321396,3,False,0.7197506628083242,4.552827191560045e-05,True,0
18,ElasticNet,0.1,0.1,0.7464576034713192,0.2357951814925878,0.984160990564937,3,False,0.7464576034713192,3.250444702457972e-05,True,0
19,ElasticNet,0.1,0.1,0.7502966395602456,0.2389101345259933,0.98407083433925,3,False,0.7502966395602456,3.2178136569407587e-05,True,0
17,ElasticNet,0.1,0.1,0.7599623772988408,0.27296382201158487,0.9839463267567936,3,False,0.7599623772988408,1.051144598172328e-05,True,0
15,ElasticNet,0.1,0.1,0.761064477075642,0.2763421140847028,0.9839709496158332,3,False,0.761064477075642,9.260227854112832e-06,True,0
16,ElasticNet,0.1,0.1,0.7636293432092046,0.27036599485072044,0.9838814342563112,3,False,0.7636293432092046,9.95509067666829e-06,True,0
9,ElasticNet,1e-06,0.7,0.7681266680441526,0.4705822207962974,0.9840926693985016,3,False,0.7681266680441526,4.0067228192241044e-05,True,0
13,ElasticNet,0.1,0.1,0.7716624034585392,0.2507128784518778,0.9837582421946172,3,False,0.7716624034585391,9.889364798570596e-06,True,0
9,ElasticNet,1e-06,0.95,0.7800854050377272,0.48021559555031695,0.9838491825051814,3,False,0.7800854050377272,4.423400393378425e-05,True,0
9,LASSO,1e-06,1.0,0.7806982438606012,0.4830731301182594,0.9838387555282225,3,False,0.7806982438606012,4.441800689562707e-05,True,0
6,Ridge,0.1,0.0,0.7936533746054398,0.18544213821014385,0.9830212989785378,3,False,0.7936533746054396,0.0,True,0
14,ElasticNet,0.1,0.1,0.7937595885537158,0.2864300808057071,0.9833066159944379,3,False,0.7937595885537158,9.703500601393467e-06,True,0
6,ElasticNet,0.0001,0.1,0.7940450510278253,0.1759073671002425,0.983006265370083,3,False,0.7940450510278252,8.932549414083002e-06,True,0
6,ElasticNet,0.0001,0.3,0.7945771543241745,0.1742140630299053,0.9829945524430735,3,False,0.7945771543241745,9.587523410456007e-06,True,0
6,ElasticNet,0.0001,0.5,0.7954261370311221,0.1729479811524197,0.9829764916791724,3,False,0.7954261370311221,9.14301902479351e-06,True,0
6,Ridge,0.01,0.0,0.7964813985176576,0.1676658786755189,0.9829462230295101,3,False,0.7964813985176576,0.0,True,0
6,ElasticNet,0.0001,0.7,0.7965261981476678,0.17175205337735025,0.9829528773773442,3,False,0.7965261981476678,9.947736634659485e-06,True,0
6,ElasticNet,1e-05,0.1,0.7968344530072692,0.16652192064453042,0.982937481595906,3,False,0.7968344530072692,9.813631468713391e-06,True,0
6,ElasticNet,1e-05,0.3,0.7969435091830291,0.16630322106790993,0.9829350695856868,3,False,0.7969435091830291,9.803349023901176e-06,True,0
6,ElasticNet,1e-05,0.5,0.7970427225021529,0.16612793788105576,0.9829329050439529,3,False,0.7970427225021529,9.463207275212189e-06,True,0
6,ElasticNet,1e-05,0.7,0.797169710293519,0.1659499439893073,0.982930148953646,3,False,0.797169710293519,8.562927256326687e-06,True,0
6,ElasticNet,1e-05,0.9,0.7972512512660486,0.16576621557416865,0.9829284136265005,3,False,0.7972512512660486,9.973291306952013e-06,True,0
6,ElasticNet,1e-05,0.95,0.7974790574863793,0.1655692058477303,0.9829235771830667,3,False,0.7974790574863793,9.958160920756424e-06,True,0
6,ElasticNet,1e-06,0.95,0.7974895534464976,0.1655191331740828,0.9829224680869415,3,False,0.7974895534464977,9.239885460058017e-06,True,0
6,LASSO,1e-06,1.0,0.7974930273767878,0.1655056335708274,0.9829224109393436,3,False,0.7974930273767878,9.222269170616601e-06,True,0
6,Ridge,0.001,0.0,0.797498491152732,0.165629604052176,0.9829223860881705,3,False,0.797498491152732,0.0,True,0
6,ElasticNet,0.0001,0.9,0.7975134559404217,0.1704359477251169,0.9829320576279921,3,False,0.7975134559404217,9.908566228731207e-06,True,0
6,LASSO,1e-05,1.0,0.7975342580114125,0.16554122741192512,0.9829224068155201,3,False,0.7975342580114125,9.385703766298619e-06,True,0
6,ElasticNet,1e-06,0.9,0.7975826426092926,0.16556272447007123,0.9829208785562894,3,False,0.7975826426092926,9.276146810270432e-06,True,0
6,Ridge,0.0001,0.0,0.7976106783161269,0.16542228529803502,0.9829197680976541,3,False,0.7976106783161269,0.0,True,0
6,Ridge,1e-05,0.0,0.7976220062653354,0.16540151471383874,0.9829195038540256,3,False,0.7976220062653354,0.0,True,0
6,Ridge,1e-06,0.0,0.7976231401572287,0.1653994372664258,0.982919477405111,3,False,0.7976231401572287,0.0,True,0
6,ElasticNet,1e-06,0.7,0.7976569898169111,0.16555623409153117,0.9829192551534386,3,False,0.797656989816911,9.608339836661064e-06,True,0
6,ElasticNet,1e-06,0.5,0.797693712630284,0.16557127952248135,0.9829184872213105,3,False,0.797693712630284,9.555342377281681e-06,True,0
6,ElasticNet,1e-06,0.1,0.79771495577773,0.16558768725470413,0.9829180135538805,3,False,0.79771495577773,9.81544356674705e-06,True,0
6,ElasticNet,0.0001,0.95,0.7977181396515624,0.170034277726589,0.982927736162324,3,False,0.7977181396515621,9.800619974254586e-06,True,0
6,ElasticNet,1e-06,0.3,0.7977341825722024,0.16563219047522887,0.982917688999209,3,False,0.7977341825722024,9.471686153031011e-06,True,0
6,LASSO,0.0001,1.0,0.7978967720313541,0.1697626811658763,0.982923873659325,3,False,0.7978967720313541,9.809375710326864e-06,True,0
6,ElasticNet,0.001,0.5,0.8329957715933936,0.23149034511479052,0.9822075076506577,3,False,0.8329957715933936,8.633177842238193e-06,True,0
6,ElasticNet,0.001,0.3,0.8333506443020339,0.23726591116143583,0.9821994478034085,3,False,0.8333506443020339,9.742423024889507e-06,True,0
6,ElasticNet,0.001,0.1,0.8334944610695385,0.2412690271252456,0.982196543591825,3,False,0.8334944610695385,9.047213910771092e-06,True,0
6,ElasticNet,0.001,0.7,0.8343767895279138,0.22533110096682776,0.9821813065325907,3,False,0.8343767895279138,8.97877973993265e-06,True,0
6,ElasticNet,0.001,0.9,0.8373419258988722,0.21955313588760836,0.9821270151541741,3,False,0.8373419258988722,8.4298280784654e-06,True,0
6,ElasticNet,0.001,0.95,0.8379876913075802,0.21790373265523375,0.9821152882323193,3,False,0.8379876913075802,9.69955942729491e-06,True,0
6,LASSO,0.001,1.0,0.839022756588439,0.21627466550139288,0.9820959241452069,3,False,0.839022756588439,9.278288967379906e-06,True,0
11,ElasticNet,0.1,0.1,0.8394933292934876,0.24965000475750784,0.9823058757546453,3,False,0.8394933292934876,9.640086246449214e-06,True,0
12,ElasticNet,0.1,0.1,0.8555191159355648,0.28435373933220265,0.9820311899954283,3,False,0.8555191159355648,9.481591575533771e-06,True,0
15,ElasticNet,0.0001,0.1,0.8772817616192067,0.34242974646812097,0.9813692594136988,3,False,0.8772817616192067,4.3425519873336707e-05,True,0
6,Ridge,1.0,0.0,0.8853885276892347,0.2798804754666936,0.9810912255468275,3,False,0.8853885276892347,0.0,True,0
11,ElasticNet,1e-05,0.1,0.9608802851459767,0.6361262219056159,0.980203712613222,3,False,0.9608802851459767,4.743378514044439e-05,True,0
10,ElasticNet,0.1,0.1,0.9964437072847411,0.31024375840334767,0.9789933877730705,3,False,0.9964437072847412,9.417550512137024e-06,True,0
15,ElasticNet,0.1,0.3,1.0081338494360692,0.3289451462163099,0.9787986232785396,3,False,1.0081338494360692,9.003285665637462e-06,True,0
14,ElasticNet,0.1,0.3,1.0209166173488486,0.3104047469654195,0.9784955707494573,3,False,1.0209166173488486,5.355248326635587e-06,True,0
16,ElasticNet,0.1,0.3,1.0214681545868187,0.3495730081724664,0.9785358573031306,3,False,1.0214681545868187,7.52805789333566e-06,True,0
13,ElasticNet,0.1,0.3,1.024016934453714,0.3126584391297334,0.9784449154373288,3,False,1.024016934453714,3.993334304123325e-06,True,0
11,ElasticNet,1e-05,0.3,1.026394088713922,0.747279745373221,0.9789672838106608,3,False,1.026394088713922,4.50376950986846e-05,True,0
17,ElasticNet,0.1,0.3,1.0279961542349862,0.3775855062338813,0.9784368598575969,3,False,1.0279961542349862,6.657365499249113e-06,True,0
18,ElasticNet,0.1,0.3,1.0336043101650076,0.3829006976096009,0.9783173585428558,3,False,1.0336043101650076,5.457029750445541e-06,True,0
20,ElasticNet,0.1,0.3,1.0396910119711646,0.3907943948255185,0.978188091014573,3,False,1.0396910119711646,8.276427174127438e-06,True,0
19,ElasticNet,0.1,0.3,1.039855527192048,0.39740577947424593,0.978200723900226,3,False,1.0398555271920482,8.610326646760896e-06,True,0
12,ElasticNet,0.1,0.3,1.0796609966801853,0.31569160158319487,0.9772367640372107,3,False,1.0796609966801853,8.919519904122819e-06,True,0
9,ElasticNet,0.1,0.1,1.0810451122037634,0.356702718976157,0.9770772405270948,3,False,1.0810451122037634,9.364440469906629e-06,True,0
11,ElasticNet,0.1,0.3,1.103155931793428,0.33755794378931453,0.9767581706364977,3,False,1.103155931793428,9.99201523082388e-06,True,0
11,ElasticNet,1e-05,0.5,1.1131630565408803,0.8769322663161037,0.9772932207576606,3,False,1.1131630565408803,4.383165918914584e-05,True,0
17,ElasticNet,0.0001,0.1,1.175626493723284,0.22549193999315673,0.9747445502597986,3,False,1.1756264937232843,3.7151042522727585e-05,True,0
10,ElasticNet,0.1,0.3,1.2096375410281588,0.3712376375606599,0.9744468877869203,3,False,1.2096375410281588,9.949296053034934e-06,True,0
13,ElasticNet,0.1,0.5,1.2524768404168352,0.39318590447129564,0.9736642442020056,3,False,1.2524768404168352,7.78334943830894e-06,True,0
14,ElasticNet,0.1,0.5,1.2702026372211292,0.42411427021579995,0.9733470869885621,3,False,1.2702026372211292,6.771622827868307e-06,True,0
15,ElasticNet,0.1,0.5,1.2721222138120933,0.4326145301056068,0.9733180825769577,3,False,1.2721222138120936,3.506261928826193e-06,True,0
12,ElasticNet,0.1,0.5,1.2814114664476695,0.40124129925646523,0.9730486805578819,3,False,1.2814114664476695,7.392387444370152e-06,True,0
16,ElasticNet,0.1,0.5,1.2948890976086618,0.47524898417836275,0.9729025448758096,3,False,1.2948890976086618,1.4972083270448078e-05,True,0
11,ElasticNet,0.1,0.5,1.2966388067379901,0.4089239672079404,0.9727114507465582,3,False,1.2966388067379901,7.928310220541024e-06,True,0
17,ElasticNet,0.1,0.5,1.3100104635750103,0.4880574173076878,0.9725941290422119,3,False,1.3100104635750103,6.8231865168605355e-06,True,0
9,ElasticNet,0.1,0.3,1.3140699792036836,0.4162163606720578,0.9721857128820678,3,False,1.3140699792036836,8.821662136171415e-06,True,0
18,ElasticNet,0.1,0.5,1.3268725291948453,0.5198786003458423,0.9722839721752857,3,False,1.3268725291948453,1.2597201310284023e-05,True,0
19,ElasticNet,0.1,0.5,1.3376263801305843,0.5221374028714173,0.9720509835805777,3,False,1.3376263801305843,7.51753327744159e-06,True,0
20,ElasticNet,0.1,0.5,1.3424044659756342,0.5313282526826143,0.9719617136351125,3,False,1.3424044659756342,9.28009535713925e-06,True,0
13,ElasticNet,1e-05,0.1,1.371479411362506,0.8665626806837283,0.9715907623321313,3,False,1.371479411362506,4.2805322095767654e-05,True,0
8,ElasticNet,0.1,0.1,1.3909905762245607,0.49113212315194643,0.9704164169246514,3,False,1.3909905762245607,9.973113574143072e-06,True,0
10,ElasticNet,0.1,0.5,1.3970418789694747,0.4394384107887085,0.9705598072266253,3,False,1.3970418789694747,9.742862130020236e-06,True,0
13,ElasticNet,1e-05,0.3,1.4189726182624456,0.9686268365296611,0.9707389993818293,3,False,1.4189726182624456,4.494586779577223e-05,True,0
9,ElasticNet,0.1,0.5,1.482318942006372,0.45543103534026447,0.9686689037311785,3,False,1.482318942006372,8.056797850403141e-06,True,0
13,ElasticNet,0.1,0.7,1.493840468975814,0.4584584792746712,0.9685575397424425,3,False,1.493840468975814,6.637244783905261e-06,True,0
11,ElasticNet,0.1,0.7,1.509038530132602,0.45957763502906807,0.9681966954736613,3,False,1.509038530132602,8.88112705083044e-06,True,0
14,ElasticNet,0.1,0.7,1.5155842513779536,0.4932005846820966,0.9681748526445993,3,False,1.5155842513779536,7.445010391765594e-06,True,0
12,ElasticNet,0.1,0.7,1.5250661257277107,0.47943293399765785,0.9679257244504177,3,False,1.5250661257277107,7.693630963964693e-06,True,0
15,ElasticNet,0.1,0.7,1.5254089370363522,0.49458636607035106,0.9679620619501921,3,False,1.5254089370363522,1.1494923476379482e-05,True,0
16,ElasticNet,0.1,0.7,1.541496093153655,0.525906879100497,0.9676769944732343,3,False,1.541496093153655,1.348488567534667e-05,True,0
8,ElasticNet,0.1,0.3,1.5479438373333363,0.5125405207882866,0.9671019426159639,3,False,1.5479438373333363,9.063704423040858e-06,True,0
17,ElasticNet,0.1,0.7,1.5570184556025541,0.5293122022018864,0.9673445155469865,3,False,1.5570184556025541,9.90416283767892e-06,True,0
18,ElasticNet,0.1,0.7,1.5660131539267288,0.5474669076116409,0.9671825568510126,3,False,1.5660131539267284,1.42972060880181e-05,True,0
11,ElasticNet,1e-06,0.1,1.5707983754753077,1.3231457543959875,0.9681637933239581,3,False,1.5707983754753077,4.764428783939958e-05,True,0
19,ElasticNet,0.1,0.7,1.5743181880960109,0.5403519800192942,0.9669848564064734,3,False,1.5743181880960109,1.8263939964527354e-05,True,0
10,ElasticNet,0.1,0.7,1.576202728326198,0.4786311577206226,0.9667495460423274,3,False,1.576202728326198,8.495832676105874e-06,True,0
20,ElasticNet,0.1,0.7,1.5792095005006084,0.5489492065753983,0.9668935520673284,3,False,1.5792095005006084,2.3180650751741805e-05,True,0
5,ElasticNet,1e-05,0.1,1.5822159924826353,0.21456950809690908,0.9657997732410916,3,False,1.5822159924826353,9.985681131559463e-06,True,0
5,ElasticNet,1e-06,0.5,1.5822367506666655,0.21435149490439587,0.9657997851719293,3,False,1.5822367506666655,9.55928066263965e-06,True,0
5,ElasticNet,1e-06,0.3,1.5822439715444088,0.2143731968735708,0.9657997574301117,3,False,1.5822439715444088,9.425436864667489e-06,True,0
5,ElasticNet,1e-06,0.95,1.5822445033757109,0.21439799736187998,0.9657996835858164,3,False,1.5822445033757109,9.857156154209652e-06,True,0
5,ElasticNet,1e-06,0.7,1.5822445658143949,0.21439567464144813,0.9657997405413471,3,False,1.5822445658143949,9.102696266461724e-06,True,0
5,LASSO,1e-06,1.0,1.5822539985572444,0.21438088742872402,0.9657994342488095,3,False,1.5822539985572446,8.928000111785608e-06,True,0
5,ElasticNet,1e-05,0.3,1.5822549770937042,0.214586561923386,0.96579899368247,3,False,1.5822549770937042,9.224199292316045e-06,True,0
5,ElasticNet,1e-06,0.1,1.58225671802559,0.2143711175386431,0.9657994898728336,3,False,1.58225671802559,7.51639037546549e-06,True,0
5,ElasticNet,1e-06,0.9,1.5822579676186541,0.21441752798328392,0.965799398236458,3,False,1.5822579676186541,9.951065168729703e-06,True,0
5,Ridge,0.01,0.0,1.582277569719924,0.21485221368333648,0.9657978789715238,3,False,1.582277569719924,0.0,True,0
5,ElasticNet,1e-05,0.7,1.5822877539200064,0.2145162110257983,0.9657983461163951,3,False,1.5822877539200064,9.236271886198112e-06,True,0
5,LASSO,1e-05,1.0,1.5823126710752977,0.21451441645824787,0.9657979303729786,3,False,1.5823126710752977,9.428063978793726e-06,True,0
5,Ridge,0.001,0.0,1.582314745797012,0.214483822083712,0.9657981218081408,3,False,1.582314745797012,0.0,True,0
5,ElasticNet,1e-05,0.9,1.5823168975620783,0.21449939076873215,0.9657977619704502,3,False,1.5823168975620783,8.910557617391173e-06,True,0
5,Ridge,0.0001,0.0,1.5823196764321261,0.21444740279364352,0.9657981205559801,3,False,1.5823196764321257,0.0,True,0
5,Ridge,1e-05,0.0,1.5823201818478132,0.21444376515528354,0.9657981201707037,3,False,1.5823201818478132,0.0,True,0
5,Ridge,1e-06,0.0,1.582320232513129,0.21444340143444754,0.9657981201295707,3,False,1.582320232513129,0.0,True,0
5,ElasticNet,1e-05,0.5,1.5823228916143384,0.2146504808802063,0.9657975983063847,3,False,1.5823228916143384,8.18851482013635e-06,True,0
5,ElasticNet,1e-05,0.95,1.5823348177240462,0.21454856530473831,0.9657974495695901,3,False,1.5823348177240462,8.878756165429068e-06,True,0
5,ElasticNet,0.0001,0.1,1.5825155782314695,0.21679026259465092,0.9657879044955918,3,False,1.5825155782314695,9.639530449066947e-06,True,0
5,ElasticNet,0.0001,0.3,1.5826399644749436,0.21664027323060267,0.9657855041818418,3,False,1.5826399644749436,8.260459796471244e-06,True,0
5,ElasticNet,0.0001,0.5,1.582787947725574,0.2165622060032818,0.9657826134641015,3,False,1.582787947725574,8.27706464203319e-06,True,0
5,Ridge,0.1,0.0,1.5829285996084685,0.2188780016109985,0.9657739457852399,3,False,1.5829285996084685,0.0,True,0
5,ElasticNet,0.0001,0.7,1.5829411232288624,0.21647078494979197,0.9657796347840953,3,False,1.5829411232288624,8.822825870723227e-06,True,0
5,ElasticNet,0.0001,0.9,1.5830820039500058,0.21632896708658653,0.9657768802296265,3,False,1.5830820039500058,8.421772644290351e-06,True,0
5,ElasticNet,0.0001,0.95,1.5831398018409963,0.21630946439238277,0.9657757269300684,3,False,1.5831398018409963,9.256635016150904e-06,True,0
5,LASSO,0.0001,1.0,1.5831884594141534,0.21626717433658318,0.9657747677461875,3,False,1.5831884594141534,9.048418993222684e-06,True,0
5,ElasticNet,0.001,0.7,1.5958280602418684,0.23623204001091655,0.9654615662945979,3,False,1.5958280602418684,8.910095660632513e-06,True,0
5,ElasticNet,0.001,0.9,1.596059916638845,0.2347597445920265,0.9654567638015786,3,False,1.596059916638845,9.584567323303009e-06,True,0
5,ElasticNet,0.001,0.5,1.5961688250429846,0.23777456781353462,0.9654535258998855,3,False,1.5961688250429846,7.60958929045606e-06,True,0
5,ElasticNet,0.001,0.95,1.5962553409467108,0.2344280556311337,0.9654524600722155,3,False,1.5962553409467108,9.22527633755285e-06,True,0
5,LASSO,0.001,1.0,1.5965011861122793,0.23412169625662788,0.9654470913779488,3,False,1.5965011861122793,9.739541047650404e-06,True,0
5,ElasticNet,0.001,0.3,1.5969609754756486,0.2393107737754536,0.965435110905401,3,False,1.5969609754756486,9.092323671381567e-06,True,0
5,ElasticNet,0.001,0.1,1.5979685970702064,0.24073010242727652,0.9654117373893031,3,False,1.5979685970702064,8.980588030383472e-06,True,0
5,Ridge,1.0,0.0,1.6229531062466342,0.2663137894025457,0.9648397283463624,3,False,1.6229531062466342,0.0,True,0
9,ElasticNet,0.1,0.7,1.6379501625270108,0.48447128656179145,0.9653528900036129,3,False,1.6379501625270108,8.648110206732618e-06,True,0
8,ElasticNet,0.1,0.5,1.6756924230082337,0.5160311133428439,0.9643968006014658,3,False,1.6756924230082337,6.398681517139071e-06,True,0
11,ElasticNet,1e-06,0.3,1.6984439588763818,1.5070567268123054,0.9657340185213714,3,False,1.6984439588763818,4.624651704478647e-05,True,0
13,ElasticNet,0.1,0.9,1.727998875288244,0.4734713160303451,0.963481637223334,3,False,1.727998875288244,6.248283364110319e-06,True,0
11,ElasticNet,0.1,0.9,1.7288657853185327,0.4800463493425353,0.9634386014555286,3,False,1.7288657853185327,9.46724972587798e-06,True,0
12,ElasticNet,0.1,0.9,1.732633355307515,0.4883666336073256,0.9634165721032754,3,False,1.7326333553075148,9.787610415340486e-06,True,0
14,ElasticNet,0.1,0.9,1.7331739192301068,0.48376357828903166,0.9634057012360026,3,False,1.7331739192301068,2.8576335225918847e-05,True,0
15,ElasticNet,0.1,0.9,1.747996446603646,0.48517028857137234,0.9630864059249901,3,False,1.747996446603646,2.591584322038376e-05,True,0
11,ElasticNet,0.1,0.95,1.7705773023729676,0.48200040500824853,0.9625310410761575,3,False,1.7705773023729672,1.3973154399313237e-05,True,0
5,LASSO,0.01,1.0,1.7735199937503001,0.3972716560501914,0.9615110943406245,3,False,1.7735199937503001,5.7758856162083705e-06,True,0
17,ElasticNet,0.1,0.9,1.7742932295200333,0.4959724786670969,0.9625412315559693,3,False,1.7742932295200333,3.515383669976113e-05,True,0
5,ElasticNet,0.01,0.95,1.7773413297314427,0.4000188838086872,0.9614279173334191,3,False,1.7773413297314427,6.57569610330519e-06,True,0
12,ElasticNet,0.1,0.95,1.7789314050857612,0.48640167679414725,0.9623949837978388,3,False,1.7789314050857614,1.5692504632597304e-05,True,0
18,ElasticNet,0.1,0.9,1.7811424271849898,0.5027431165554058,0.9624082190404636,3,False,1.7811424271849896,4.829382854849851e-05,True,0
5,ElasticNet,0.01,0.9,1.781268385971171,0.40238701992920395,0.9613426606603627,3,False,1.781268385971171,7.66909192651509e-06,True,0
13,ElasticNet,0.1,0.95,1.7813234754722347,0.4754548030073978,0.9623121588821387,3,False,1.7813234754722351,3.0624764288916806e-05,True,0
19,ElasticNet,0.1,0.9,1.7866841051535232,0.49236842357821325,0.9622620374252701,3,False,1.7866841051535232,3.376964371210045e-05,True,0
14,ElasticNet,0.1,0.95,1.7932245624430367,0.49281655402737506,0.9621153735756235,3,False,1.7932245624430372,2.259105507226855e-05,True,0
5,ElasticNet,0.01,0.7,1.7983204921145968,0.40516650808295307,0.9609641699857061,3,False,1.7983204921145968,8.689852437620584e-06,True,0
10,ElasticNet,0.1,0.9,1.803084257668912,0.523012329191875,0.9619237927686206,3,False,1.8030842576689114,9.379742305928862e-06,True,0
15,ElasticNet,0.1,0.95,1.8145942447851082,0.4922100119089677,0.9616487955963308,3,False,1.8145942447851082,2.164262818898921e-05,True,0
9,ElasticNet,0.1,0.9,1.8157588119522752,0.5016824479916551,0.9615353148898782,3,False,1.8157588119522752,7.510421798542777e-06,True,0
5,ElasticNet,0.01,0.5,1.8160813761781796,0.4028375360365717,0.9605617051732501,3,False,1.8160813761781796,5.144858478827417e-06,True,0
16,ElasticNet,0.1,0.95,1.8260205715137277,0.5046185190974716,0.961433981379515,3,False,1.8260205715137274,3.473100991278899e-05,True,0
8,ElasticNet,0.1,0.7,1.831088524757634,0.5276949434607141,0.9611208040819411,3,False,1.831088524757634,9.463443153806539e-06,True,0
18,ElasticNet,0.1,0.95,1.8370532348495459,0.4957394327308813,0.9611715217054794,3,False,1.8370532348495459,3.556828960220304e-05,True,0
5,ElasticNet,0.01,0.3,1.8373561340754179,0.4020708875287083,0.9600836472355493,3,False,1.8373561340754179,8.722048748508338e-06,True,0
9,ElasticNet,0.1,0.95,1.845071071872254,0.5005378897701153,0.9609198212429786,3,False,1.845071071872254,6.12805966464236e-06,True,0
9,LASSO,0.1,1.0,1.8512681823255193,0.4838426674706932,0.9607651119838173,3,False,1.8512681823255193,6.495588841332056e-06,True,0
14,ElasticNet,1e-05,0.1,1.858289839804174,1.2818053936454001,0.9615642988127385,3,False,1.858289839804174,4.5969676891576996e-05,True,0
10,ElasticNet,0.1,0.95,1.8584535676101357,0.5409580084363026,0.960774331017941,3,False,1.858453567610136,9.310695518890966e-06,True,0
5,ElasticNet,0.01,0.1,1.8590469004264822,0.4039484045006082,0.9596127032531432,3,False,1.8590469004264822,9.840635328782314e-06,True,0
10,LASSO,0.1,1.0,1.8907998390430318,0.524723288929382,0.9600249496591989,3,False,1.8907998390430318,2.5622926097215726e-05,True,0
8,ElasticNet,0.1,0.9,2.012342231071968,0.548832021177461,0.9573336012008994,3,False,2.0123422310719676,9.991559935751404e-06,True,0
13,ElasticNet,1e-06,0.3,2.0170452198337614,1.0573348272821514,0.957957177822616,3,False,2.017045219833762,4.963148069014765e-05,True,0
11,LASSO,1e-06,1.0,2.038530717579041,1.9997422751811773,0.9591571217933018,3,False,2.038530717579041,4.7396509018814164e-05,True,0
8,ElasticNet,0.1,0.95,2.0654645404317122,0.579445636315113,0.9562842387272189,3,False,2.0654645404317127,9.948840060503006e-06,True,0
8,LASSO,0.1,1.0,2.117725529154528,0.6088030089797938,0.9552507033040468,3,False,2.117725529154528,8.365496659681892e-06,True,0
5,Ridge,10.0,0.0,2.1243059526408183,0.4694432960434838,0.9538611981465369,3,False,2.1243059526408183,0.0,True,0
12,ElasticNet,1e-06,0.1,2.1251873526053835,1.9948828733046773,0.9571692513263018,3,False,2.1251873526053835,4.765131451178964e-05,True,0
12,ElasticNet,1e-06,0.5,2.4994995298860254,2.547520562496723,0.9500031839919473,3,False,2.4994995298860254,4.917997124929467e-05,True,0
15,ElasticNet,1e-05,0.1,2.503308176672262,1.0935278039372422,0.9480137465204592,3,False,2.503308176672262,3.5562487955082206e-05,True,0
12,ElasticNet,1e-06,0.3,2.649143597336876,2.8990501023215596,0.9474222205285664,3,False,2.649143597336876,4.920845507378208e-05,True,0
14,ElasticNet,1e-06,0.1,2.6579140136735004,1.4573183520775217,0.9448602610229525,3,False,2.6579140136735,4.09108451914642e-05,True,0
17,ElasticNet,1.0,0.1,3.32622774701827,1.0365401542001842,0.9299341083408595,3,False,3.32622774701827,8.850381477826241e-06,True,0
18,ElasticNet,1.0,0.1,3.3322045867990524,1.0786946018057049,0.9298539370312063,3,False,3.3322045867990524,8.573656468863211e-06,True,0
19,ElasticNet,1.0,0.1,3.3332387097554346,1.1053153977532726,0.9298910578396571,3,False,3.3332387097554346,7.988892685412141e-06,True,0
16,ElasticNet,1.0,0.1,3.353939453699296,1.0070978190125615,0.9292668460848462,3,False,3.353939453699296,7.674997953260876e-06,True,0
20,ElasticNet,1.0,0.1,3.3648835630152796,1.1649094822223802,0.9292973265395403,3,False,3.3648835630152796,8.352383346649228e-06,True,0
15,ElasticNet,1.0,0.1,3.3889653070426644,0.9750977475779201,0.9284726095090784,3,False,3.3889653070426644,9.141321131528324e-06,True,0
14,ElasticNet,1.0,0.1,3.4570855309192297,0.9157709470546651,0.926860385360566,3,False,3.457085530919229,9.052657390790086e-06,True,0
14,ElasticNet,1e-06,0.3,3.458479501009879,2.8543603636802133,0.9298481606246357,3,False,3.458479501009879,4.639419209939963e-05,True,0
13,ElasticNet,1.0,0.1,3.573632226156312,0.8972911388660688,0.9242972328986739,3,False,3.573632226156312,9.383713183944153e-06,True,0
4,Ridge,1e-06,0.0,3.675061176920303,0.5994911222706995,0.9202368855198654,3,False,3.675061176920303,0.0,True,0
4,Ridge,1e-05,0.0,3.6750613367053195,0.5994913022753257,0.9202368824448918,3,False,3.6750613367053195,0.0,True,0
4,Ridge,0.0001,0.0,3.6750629346256662,0.5994931022991066,0.9202368516936369,3,False,3.6750629346256662,0.0,True,0
4,ElasticNet,1e-06,0.7,3.675066225503952,0.59949514651456,0.9202367882553831,3,False,3.675066225503952,9.67799562228511e-07,True,0
4,ElasticNet,1e-06,0.5,3.6750672871209744,0.5994973580166267,0.9202367674599934,3,False,3.675067287120975,4.5392701047180545e-07,True,0
4,ElasticNet,1e-06,0.95,3.6750684866856975,0.59951506703658,0.9202367248268799,3,False,3.6750684866856975,8.899320878372988e-06,True,0
4,ElasticNet,1e-06,0.3,3.675068683729562,0.5994993083967624,0.920236740164469,3,False,3.675068683729562,5.456817584270158e-07,True,0
4,ElasticNet,1e-06,0.9,3.6750696489685475,0.599517466573494,0.9202367004781569,3,False,3.6750696489685475,9.500838864449994e-06,True,0
4,ElasticNet,1e-06,0.1,3.6750701406403565,0.59950121764089,0.9202367117872748,3,False,3.6750701406403565,5.438745118089676e-07,True,0
4,LASSO,1e-06,1.0,3.675077007160487,0.5995144943051203,0.9202365601544272,3,False,3.675077007160486,9.845539267616818e-06,True,0
4,Ridge,0.001,0.0,3.6750789208455807,0.5995111002895083,0.9202365440292156,3,False,3.6750789208455807,0.0,True,0
4,LASSO,1e-05,1.0,3.6750876024653447,0.5995058700294571,0.920236373283092,3,False,3.6750876024653447,3.2025633007051718e-06,True,0
4,ElasticNet,1e-05,0.95,3.6750908294175892,0.5995107532953533,0.920236311631017,3,False,3.6750908294175892,3.3811151062024587e-06,True,0
4,ElasticNet,1e-05,0.9,3.675094104129314,0.5995156126017884,0.9202362489274307,3,False,3.675094104129314,3.5922303704694925e-06,True,0
4,ElasticNet,1e-05,0.7,3.6751079389888766,0.5995347023033788,0.9202359827963235,3,False,3.6751079389888766,4.782721889231275e-06,True,0
4,ElasticNet,1e-05,0.5,3.6751227716711186,0.5995533211921952,0.9202356961132733,3,False,3.6751227716711186,3.996601909218906e-06,True,0
4,ElasticNet,1e-05,0.3,3.6751364999141836,0.5995730408105193,0.9202354281549182,3,False,3.6751364999141836,4.815849200203021e-06,True,0
4,ElasticNet,1e-05,0.1,3.6751510172123574,0.5995922148998205,0.9202351456623794,3,False,3.6751510172123574,5.411223403110904e-06,True,0
4,Ridge,0.01,0.0,3.6752394837095372,0.5996908557849469,0.9202334522188456,3,False,3.6752394837095372,0.0,True,0
4,LASSO,0.0001,1.0,3.6753364156329638,0.59960081395968,0.9202315290832113,3,False,3.6753364156329638,4.77976677528155e-06,True,0
4,ElasticNet,0.0001,0.95,3.675371402433561,0.5996478076722636,0.9202308568678776,3,False,3.675371402433561,4.816665096741031e-06,True,0
4,ElasticNet,0.0001,0.9,3.6754064246255047,0.5996948347032326,0.9202301840132044,3,False,3.6754064246255047,5.4499028223869e-06,True,0
4,ElasticNet,0.0001,0.7,3.675546204076023,0.599883604052183,0.9202274987638539,3,False,3.675546204076023,7.278526272616828e-06,True,0
4,ElasticNet,0.0001,0.5,3.675683523426016,0.6000747017045515,0.9202248602412363,3,False,3.675683523426016,5.834738224576255e-06,True,0
4,ElasticNet,0.0001,0.3,3.675822209294438,0.6002647834446172,0.9202221959254849,3,False,3.675822209294438,4.755622781864891e-06,True,0
4,ElasticNet,0.0001,0.1,3.6759626507862553,0.6004535132548798,0.9202194947278078,3,False,3.6759626507862553,5.497106524671618e-06,True,0
4,Ridge,0.1,0.0,3.676914210818552,0.6014662981451736,0.9202010384508061,3,False,3.676914210818552,0.0,True,0
4,LASSO,0.001,1.0,3.6783022261313385,0.6004428846948134,0.9201727999805244,3,False,3.6783022261313385,5.428225712928846e-06,True,0
4,ElasticNet,0.001,0.95,3.678687022884146,0.6009084121570164,0.9201653157669044,3,False,3.678687022884146,5.441896872136905e-06,True,0
4,ElasticNet,0.001,0.9,3.679075806259805,0.6013731853147168,0.9201577442383662,3,False,3.679075806259805,4.809486474282123e-06,True,0
4,ElasticNet,0.001,0.7,3.680665024545147,0.6032118288905102,0.9201267318121916,3,False,3.680665024545147,8.732402951169946e-06,True,0
4,ElasticNet,0.001,0.5,3.6822953673763656,0.6050274004350955,0.920094765236386,3,False,3.6822953673763656,5.82136642125774e-06,True,0
4,ElasticNet,0.001,0.3,3.683979064828545,0.606809375560789,0.9200616414203927,3,False,3.683979064828545,5.042444887509831e-06,True,0
4,ElasticNet,0.001,0.1,3.685706941700307,0.6085640480830009,0.9200275359626294,3,False,3.685706941700307,6.640113499035573e-06,True,0
4,Ridge,1.0,0.0,3.6997083707844625,0.6173028284456915,0.9197459990105473,3,False,3.6997083707844625,0.0,True,0
12,ElasticNet,1.0,0.1,3.7306487742144,0.8197678335489236,0.9206832150567542,3,False,3.7306487742143997,9.955792884375203e-06,True,0
4,LASSO,0.01,1.0,3.7510018999631156,0.6004285184187294,0.918633062192176,3,False,3.751001899963116,3.1110801073271077e-06,True,0
4,ElasticNet,0.01,0.95,3.7575095253585062,0.6046296901077928,0.9185033596671873,3,False,3.7575095253585062,9.99368824201874e-07,True,0
4,ElasticNet,0.01,0.9,3.764179342514197,0.6088794722062698,0.9183700060828915,3,False,3.764179342514197,7.37539434863925e-06,True,0
4,ElasticNet,0.01,0.7,3.7917902897711824,0.6244071688269897,0.9178108874944005,3,False,3.7917902897711824,6.260629246137087e-06,True,0
4,ElasticNet,0.01,0.5,3.819855755242127,0.6384117110855406,0.9172360302426118,3,False,3.8198557552421266,9.815096710229058e-06,True,0
4,ElasticNet,0.01,0.3,3.8482467307754042,0.6511803230286639,0.9166548989341495,3,False,3.8482467307754042,5.268938532137536e-06,True,0
4,ElasticNet,0.01,0.1,3.8779174386751527,0.6621898923943134,0.9160490235710115,3,False,3.8779174386751527,7.931915936141253e-06,True,0
11,ElasticNet,1.0,0.1,3.9690953067531622,0.7772039595056267,0.9153567844560963,3,False,3.9690953067531622,9.450480428205288e-06,True,0
4,Ridge,10.0,0.0,4.150702554172818,0.7094962453623717,0.9103338908647443,3,False,4.150702554172818,0.0,True,0
10,ElasticNet,1.0,0.1,4.313582115684624,0.7334843119620682,0.9076735205382196,3,False,4.313582115684624,3.952871563100979e-06,True,0
14,ElasticNet,1e-06,0.7,4.344289038219295,4.143228225775792,0.9129672215645636,3,False,4.344289038219295,4.653540455227007e-05,True,0
15,ElasticNet,1e-06,0.9,4.713762895324295,2.1044207005240865,0.9022322248623634,3,False,4.713762895324295,4.765714399543069e-05,True,0
17,ElasticNet,1e-05,0.1,4.79409730661547,3.7752837946365556,0.8987309498449654,3,False,4.794097306615471,4.013491931716463e-05,True,0
9,ElasticNet,1.0,0.1,4.840447615218781,0.6424545649827774,0.8958449151988906,3,False,4.840447615218781,7.92925101425479e-06,True,0
16,ElasticNet,1e-06,0.1,4.943601910700411,3.2264581308130005,0.8942436050097274,3,False,4.943601910700411,3.5670581344681164e-05,True,0
16,ElasticNet,1e-06,0.5,5.005513379766433,3.1809259485424355,0.893627822214945,3,False,5.005513379766433,4.5049288129645294e-05,True,0
15,ElasticNet,1e-06,0.1,5.021706419028384,3.165721438260966,0.8936425829501484,3,False,5.021706419028384,3.476068661827869e-05,True,0
16,ElasticNet,1e-06,0.3,5.109382237793081,3.280614599062303,0.8915133672378448,3,False,5.109382237793081,4.398254638496364e-05,True,0
15,ElasticNet,1e-06,0.3,5.128484835865759,2.805514090007303,0.8922724312656439,3,False,5.128484835865759,3.780813626066474e-05,True,0
15,ElasticNet,1e-06,0.7,5.1710743716093015,2.7760848420005164,0.8911531453720825,3,False,5.1710743716093015,3.865261704014031e-05,True,0
8,ElasticNet,1.0,0.1,5.590846757768378,0.6924241260510298,0.8795122847351994,3,False,5.590846757768378,8.415394570582269e-06,True,0
16,ElasticNet,1e-06,0.7,5.754168963023942,3.332242996924071,0.8794445435844093,3,False,5.754168963023942,4.8204099254726645e-05,True,0
17,ElasticNet,1.0,0.3,6.379531768786226,0.8306715431933219,0.862749756244261,3,False,6.379531768786226,3.0213420035618554e-05,True,0
15,ElasticNet,1.0,0.3,6.39514012839521,0.6998015844928986,0.8622154307710291,3,False,6.39514012839521,2.037807863236596e-05,True,0
19,ElasticNet,1.0,0.3,6.432184443259557,0.99895936709259,0.8618670257452777,3,False,6.432184443259557,4.8398953249262355e-05,True,0
14,ElasticNet,1.0,0.3,6.438716734559915,0.6762935823739763,0.8612190080887543,3,False,6.438716734559915,1.231448629968046e-05,True,0
13,ElasticNet,1.0,0.3,6.528543796590285,0.6081775418600872,0.8591489020020298,3,False,6.528543796590285,3.7198024242734995e-05,True,0
15,ElasticNet,1e-06,0.5,6.5857108253746075,5.503451782038213,0.862301234601135,3,False,6.5857108253746075,4.583494816359796e-05,True,0
12,ElasticNet,1.0,0.3,6.638899163974415,0.5786588157736328,0.8566714278102832,3,False,6.638899163974415,7.567868704150271e-06,True,0
16,ElasticNet,1e-06,0.95,6.679487519815557,3.0645213137139318,0.8613546419356893,3,False,6.679487519815557,4.4014679944307065e-05,True,0
11,ElasticNet,1.0,0.3,6.865853254495906,0.5454498472924048,0.8516080970934427,3,False,6.865853254495906,5.9408331223864685e-06,True,0
10,ElasticNet,1.0,0.3,7.117837489069352,0.5189951370444974,0.8460279968948523,3,False,7.117837489069352,9.067504698034856e-06,True,0
18,ElasticNet,1e-05,0.1,7.353407239764823,7.505698238950592,0.8453470987430461,3,False,7.353407239764821,3.399236624545858e-05,True,0
9,ElasticNet,1.0,0.3,7.608399984800034,0.5019239923933839,0.8351575384377572,3,False,7.608399984800034,4.223145715298582e-06,True,0
8,ElasticNet,1.0,0.3,8.15676128440503,0.5143945144997176,0.8231831850782468,3,False,8.15676128440503,7.899192088434148e-06,True,0
14,ElasticNet,1.0,0.5,8.944540973769238,0.28936605840308904,0.8056312124468422,3,False,8.944540973769238,4.689437356364401e-05,True,0
13,ElasticNet,1.0,0.5,9.015699894695274,0.21012394630118494,0.8039259418852568,3,False,9.015699894695274,7.004743754590592e-06,True,0
12,ElasticNet,1.0,0.5,9.086399338948121,0.29148119392852867,0.8025880552217174,3,False,9.086399338948121,9.132019884727782e-06,True,0
11,ElasticNet,1.0,0.5,9.282044620876738,0.25648212415152183,0.7981154861075205,3,False,9.282044620876738,2.0036733753947544e-05,True,0
10,ElasticNet,1.0,0.5,9.44533618011628,0.3279101591454078,0.7947752425895299,3,False,9.44533618011628,3.6365253309744716e-06,True,0
17,ElasticNet,1e-06,0.9,9.667603313927502,11.08660968377033,0.7957593388697678,3,False,9.667603313927502,4.683824539569088e-05,True,0
9,ElasticNet,1.0,0.5,9.928332735978126,0.31884128587588473,0.7839401528851551,3,False,9.928332735978126,5.724293281939019e-06,True,0
19,ElasticNet,1e-05,0.1,10.210462966291397,11.54278082629504,0.7856023384204368,3,False,10.210462966291397,4.1586755799451566e-05,True,0
8,ElasticNet,1.0,0.5,10.301202122796967,0.40581511811630017,0.7760853234165763,3,False,10.301202122796967,5.949317455788972e-06,True,0
17,ElasticNet,1e-06,0.5,10.861567717031745,12.83962220157374,0.7705864818911401,3,False,10.861567717031745,4.8248505900767346e-05,True,0
3,ElasticNet,0.001,0.1,11.220055332815102,0.38767149148863583,0.7545667795441461,3,False,11.220055332815102,8.634497776348365e-07,True,0
3,Ridge,0.1,0.0,11.220200481653938,0.39862508198762525,0.7545272739728167,3,False,11.220200481653938,0.0,True,0
3,ElasticNet,0.0001,0.1,11.220376685675747,0.4000946377774435,0.7545186045257726,3,False,11.220376685675747,1.2059432590272178e-07,True,0
3,Ridge,0.01,0.0,11.220465411570439,0.40122731111595933,0.7545129687775471,3,False,11.220465411570439,0.0,True,0
3,ElasticNet,1e-05,0.1,11.220471314737622,0.4013666371170964,0.7545123413764219,3,False,11.220471314737622,9.813564611332611e-06,True,0
3,ElasticNet,1e-05,0.3,11.220473582722178,0.4013831835435981,0.7545122491217783,3,False,11.220473582722178,9.399772905127587e-06,True,0
3,ElasticNet,0.0001,0.3,11.220475170210236,0.4003524088660063,0.7545156065751062,3,False,11.220475170210236,9.410060292349285e-08,True,0
3,ElasticNet,1e-05,0.5,11.220488670926338,0.40141307956458017,0.7545118258682172,3,False,11.220488670926338,7.745225748991941e-06,True,0
3,Ridge,0.001,0.0,11.220495101422848,0.4014891889623455,0.7545114655532243,3,False,11.22049510142285,0.0,True,0
3,Ridge,0.0001,0.0,11.220498102604543,0.4015153933205164,0.7545113144986871,3,False,11.220498102604543,0.0,True,0
3,ElasticNet,1e-06,0.3,11.220498267200322,0.4014997770417682,0.7545113520021763,3,False,11.220498267200322,1.977115838112406e-06,True,0
3,Ridge,1e-05,0.0,11.220498403044905,0.401518013922093,0.7545112993859072,3,False,11.220498403044905,0.0,True,0
3,Ridge,1e-06,0.0,11.22049843309216,0.40151827598390855,0.7545112978745561,3,False,11.22049843309216,0.0,True,0
3,ElasticNet,1e-06,0.5,11.220499389202514,0.4015036486829046,0.7545113163462039,3,False,11.22049938920251,1.7488089624111148e-06,True,0
3,ElasticNet,1e-06,0.7,11.220500492182126,0.4015074158244931,0.75451128138178,3,False,11.220500492182126,1.5305180217394285e-06,True,0
3,ElasticNet,1e-06,0.9,11.220501554790161,0.4015110132137138,0.7545112477286825,3,False,11.220501554790161,1.330324898632178e-06,True,0
3,ElasticNet,1e-06,0.1,11.220501649720235,0.4015060114474642,0.7545112573612153,3,False,11.220501649720235,2.5883219362360742e-06,True,0
3,ElasticNet,1e-06,0.95,11.220501812136142,0.40151187414387673,0.754511239584221,3,False,11.220501812136142,1.2830994710468205e-06,True,0
3,ElasticNet,1e-05,0.7,11.220502926696119,0.40144319149992264,0.7545114209979532,3,False,11.220502926696119,6.646952338241035e-06,True,0
3,LASSO,1e-06,1.0,11.220507069512117,0.40151823750004645,0.7545111016293893,3,False,11.220507069512117,2.587973039562024e-06,True,0
3,ElasticNet,1e-05,0.9,11.220516619190674,0.4014722412602955,0.7545110312335748,3,False,11.220516619190674,5.35590110356566e-06,True,0
3,ElasticNet,1e-05,0.95,11.22051988238338,0.40147935745906055,0.7545109376539777,3,False,11.22051988238338,5.202636090157071e-06,True,0
3,LASSO,1e-05,1.0,11.220523077858056,0.4014864188928096,0.7545108456350008,3,False,11.220523077858056,5.197741162122113e-06,True,0
3,Ridge,1.0,0.0,11.220532702568454,0.37423381819828655,0.7546024038554237,3,False,11.220532702568454,0.0,True,0
3,ElasticNet,0.0001,0.5,11.220574056995886,0.4006104550947247,0.7545125993548893,3,False,11.220574056995886,8.883527213323484e-08,True,0
3,ElasticNet,0.0001,0.7,11.220673417281226,0.40086895178386645,0.7545095807622012,3,False,11.220673417281226,1.0090408104126156e-07,True,0
3,ElasticNet,0.0001,0.9,11.22077311234984,0.4011278299989006,0.7545065541620835,3,False,11.22077311234984,1.2600931217382645e-07,True,0
3,ElasticNet,0.0001,0.95,11.220798092180862,0.40119261764405184,0.7545057961524088,3,False,11.220798092180859,1.1229287224766835e-07,True,0
3,LASSO,0.0001,1.0,11.220823093763583,0.40125743867217745,0.7545050375992358,3,False,11.220823093763583,8.980738981920536e-08,True,0
3,ElasticNet,0.001,0.3,11.220834191282526,0.390103812497412,0.7545415714683363,3,False,11.220834191282522,7.301395962999615e-07,True,0
3,ElasticNet,0.001,0.5,11.221651425650762,0.39257048461633437,0.7545154556257913,3,False,11.221651425650762,8.106726925999341e-07,True,0
3,ElasticNet,0.001,0.7,11.222507904489014,0.3950734094088809,0.7544884081779122,3,False,11.222507904489014,9.634731070344354e-07,True,0
3,ElasticNet,0.001,0.9,11.223403492740625,0.39761268250203335,0.7544604329705296,3,False,11.223403492740625,1.227144406884149e-06,True,0
3,ElasticNet,0.001,0.95,11.223633628841275,0.3982533020822381,0.7544532910582924,3,False,11.223633628841275,1.1097206357032433e-06,True,0
3,LASSO,0.001,1.0,11.223866278296049,0.39889629373246416,0.7544460894022339,3,False,11.223866278296049,8.962364264543821e-07,True,0
3,ElasticNet,0.01,0.7,11.26398320084626,0.34230292619177133,0.7537664387849969,3,False,11.26398320084626,5.938193410033252e-06,True,0
3,ElasticNet,0.01,0.9,11.264844088021144,0.36256781256775117,0.75367114276605,3,False,11.264844088021144,9.69367035089097e-06,True,0
3,ElasticNet,0.01,0.5,11.26532021228862,0.32527398301409205,0.7538073835588315,3,False,11.26532021228862,4.149399198548516e-06,True,0
3,ElasticNet,0.01,0.95,11.265478368348615,0.36818015188569503,0.7536371022887968,3,False,11.265478368348612,3.2821351787261366e-06,True,0
3,LASSO,0.01,1.0,11.266292565862285,0.37401967831906,0.7535986696052187,3,False,11.266292565862287,3.3642282777999327e-06,True,0
3,ElasticNet,0.01,0.3,11.268430671309526,0.3111271872542615,0.7538040081910363,3,False,11.26843067130953,4.259293239958738e-06,True,0
3,ElasticNet,0.01,0.1,11.272953047729176,0.2995492725239829,0.7537648357716892,3,False,11.272953047729176,1.998695779500438e-06,True,0
17,ElasticNet,1e-06,0.7,11.289715850255982,13.865805458235165,0.7616704066569578,3,False,11.289715850255982,4.7258458076497524e-05,True,0
3,Ridge,10.0,0.0,11.388074885578364,0.2678453854292621,0.7515527671453578,3,False,11.388074885578362,0.0,True,0
15,ElasticNet,1.0,0.7,11.431013850667421,0.3169625079651761,0.7503242449245139,3,False,11.431013850667421,4.557137482796847e-05,True,0
13,ElasticNet,1.0,0.7,11.503576192734249,0.21439663269167025,0.7489206033730328,3,False,11.503576192734245,2.90428596809722e-05,True,0
12,ElasticNet,1.0,0.7,11.534090259350643,0.19150585357331423,0.7485278688765319,3,False,11.534090259350643,1.4149768931548401e-05,True,0
11,ElasticNet,1.0,0.7,11.71662569832813,0.09082751450468582,0.7444372351076524,3,False,11.71662569832813,7.0136570051726466e-06,True,0
10,ElasticNet,1.0,0.7,11.810506521994379,0.14760645516755666,0.7427150705050608,3,False,11.810506521994377,6.9912559484963666e-06,True,0
17,ElasticNet,1e-06,0.1,12.244604554821805,12.806045303281959,0.7417756443335329,3,False,12.244604554821805,3.80937984113618e-05,True,0
9,ElasticNet,1.0,0.7,12.252822556826144,0.04679666101106092,0.7328113289423683,3,False,12.252822556826144,1.6923728103912516e-05,True,0
8,ElasticNet,1.0,0.7,12.473864000565962,0.1683796976776571,0.728421267585687,3,False,12.473864000565962,4.848100862986371e-06,True,0
3,ElasticNet,0.1,0.1,12.616893909049212,0.4666529876968954,0.7257438607213164,3,False,12.616893909049216,1.034485955161979e-06,True,0
3,ElasticNet,0.1,0.5,12.619945331326571,0.4636644413642057,0.7257022375312966,3,False,12.619945331326571,9.632172516677029e-06,True,0
3,ElasticNet,0.1,0.3,12.621183665964542,0.4519188865838402,0.7256253180682548,3,False,12.621183665964544,7.190816324824378e-06,True,0
3,ElasticNet,0.1,0.7,12.631948793475326,0.4808139764731041,0.7255159318614876,3,False,12.631948793475324,4.823599892803121e-06,True,0
3,ElasticNet,0.1,0.95,12.6515979777774,0.49259199105956414,0.7251750657648909,3,False,12.6515979777774,1.4118105370469758e-06,True,0
3,ElasticNet,0.1,0.9,12.651712012675098,0.49604314546702605,0.725166494305575,3,False,12.651712012675098,5.275014349007123e-06,True,0
3,LASSO,0.1,1.0,12.652913389902652,0.48746250499334026,0.7251535123747649,3,False,12.652913389902652,6.11010542747592e-06,True,0
17,ElasticNet,1e-06,0.3,12.90521223303031,13.16949065748539,0.7300900172250091,3,False,12.90521223303031,4.541030483224659e-05,True,0
3,Ridge,100.0,0.0,13.724704890523,0.6016053684103823,0.7019806255978421,3,False,13.724704890523,0.0,True,0
12,ElasticNet,1.0,0.9,14.269680303203321,0.7651708569227412,0.6880704891425694,3,False,14.269680303203321,1.1295623777995978e-05,True,0
20,ElasticNet,1e-05,0.1,14.304158938546621,17.622488836680578,0.6989247683098435,3,False,14.304158938546621,4.124581766470044e-05,True,0
11,ElasticNet,1.0,0.9,14.350078264299997,0.7004454547226758,0.6863321284858795,3,False,14.350078264299997,8.565755452494273e-06,True,0
10,ElasticNet,1.0,0.9,14.36026871471146,0.6343687004038142,0.6864925297524879,3,False,14.36026871471146,1.547198996942889e-05,True,0
9,ElasticNet,1.0,0.9,14.63202934312639,0.518517495714653,0.6804534342106822,3,False,14.63202934312639,9.638009451196083e-06,True,0
8,ElasticNet,1.0,0.9,14.717801917455276,0.4687734991560959,0.6789965652037367,3,False,14.717801917455274,1.7133973236882483e-06,True,0
11,ElasticNet,1.0,0.95,15.045787958564853,0.876741169561202,0.671000563701992,3,False,15.045787958564853,1.84733412900151e-05,True,0
9,ElasticNet,1.0,0.95,15.208408613545734,0.6534387802373331,0.6677383420063148,3,False,15.208408613545734,9.048815682199951e-06,True,0
8,LASSO,1.0,1.0,15.7599944205475,0.8239311193222021,0.6557409066566761,3,False,15.7599944205475,7.600885900460597e-06,True,0
12,LASSO,1.0,1.0,15.762524818299562,1.0284966462548155,0.6549569921818453,3,False,15.762524818299562,2.9484735255991268e-05,True,0
18,ElasticNet,1e-06,0.3,16.148976119543097,18.097308602823205,0.6629021632289617,3,False,16.148976119543097,4.602345220221289e-05,True,0
20,ElasticNet,10.0,0.1,20.317495166689113,0.9045030100958527,0.557313645084785,3,False,20.317495166689113,4.066383152867559e-06,True,0
19,ElasticNet,10.0,0.1,20.483212438748936,0.8469219408169566,0.5534530781450612,3,False,20.483212438748936,3.6666170748489435e-06,True,0
18,ElasticNet,10.0,0.1,20.562110953214315,0.8425319765402957,0.5523299671461203,3,False,20.562110953214315,5.440216804375453e-06,True,0
17,ElasticNet,10.0,0.1,20.812064054334343,0.7404484300880495,0.5465502357083896,3,False,20.812064054334343,3.305663791586255e-07,True,0
16,ElasticNet,10.0,0.1,20.95790229326123,0.8000799238488805,0.5441423606959813,3,False,20.957902293261235,6.124472091251221e-06,True,0
18,ElasticNet,1e-06,0.1,21.02739483514476,23.387040494072384,0.5631373105810581,3,False,21.02739483514476,3.963145372458503e-05,True,0
15,ElasticNet,10.0,0.1,21.347424381249102,0.6338690109165682,0.5352519718382474,3,False,21.34742438124911,6.482724632328463e-06,True,0
14,ElasticNet,10.0,0.1,21.601418326928172,0.8369742240825417,0.5306950536797057,3,False,21.601418326928172,2.2670627710663638e-06,True,0
2,LASSO,0.1,1.0,21.87460642142378,2.6529238580999226,0.52837950828193,3,False,21.87460642142378,6.604300439860822e-13,True,0
2,ElasticNet,0.1,0.95,21.880668711630616,2.667664759501504,0.528307746009146,3,False,21.880668711630616,3.946565296786275e-12,True,0
2,ElasticNet,0.1,0.9,21.887161586231525,2.6824109723584426,0.5282259543960531,3,False,21.887161586231525,5.718203688331869e-13,True,0
2,LASSO,0.01,1.0,21.916396806665258,2.508567089700213,0.5272978711261388,3,False,21.916396806665258,2.865936654661283e-14,True,0
2,ElasticNet,0.01,0.95,21.91673798543305,2.510128340580046,0.5272963285933092,3,False,21.91673798543305,1.69187580612018e-14,True,0
2,ElasticNet,0.01,0.9,21.91708426942417,2.511689132996638,0.5272946679784482,3,False,21.917084269424176,1.6878859421254333e-14,True,0
2,ElasticNet,0.1,0.7,21.91716271912369,2.7413447826896893,0.527804690627722,3,False,21.91716271912369,5.420802695610405e-13,True,0
2,ElasticNet,0.01,0.7,21.918520128968055,2.517927636275996,0.5272868520645039,3,False,21.918520128968055,2.0568616254657002e-14,True,0
2,ElasticNet,0.01,0.5,21.920036363746934,2.524158480487725,0.5272771761625447,3,False,21.920036363746934,1.0428290175834576e-14,True,0
2,ElasticNet,0.01,0.3,21.921631941210595,2.5303814142406966,0.5272656634199853,3,False,21.921631941210595,5.599687380453133e-15,True,0
2,ElasticNet,0.01,0.1,21.923305841907222,2.536596193077646,0.5272523366946192,3,False,21.923305841907222,1.5915220530349217e-14,True,0
2,Ridge,10.0,0.0,21.92363569548051,2.580523214842056,0.5273742437885992,3,False,21.92363569548051,0.0,True,0
2,LASSO,0.001,1.0,21.928162399642503,2.4939633142548026,0.5270230643951752,3,False,21.928162399642506,2.9000239709642273e-15,True,0
2,Ridge,1.0,0.0,21.92816834014556,2.5012440674521286,0.5270466806931658,3,False,21.92816834014556,0.0,True,0
2,ElasticNet,0.001,0.95,21.928193026708318,2.4941203450804683,0.5270229850873484,3,False,21.928193026708318,1.6294474450284646e-15,True,0
2,ElasticNet,0.001,0.9,21.928223705553847,2.494277371172892,0.5270229045833155,3,False,21.92822370555385,3.052462796415689e-15,True,0
2,ElasticNet,0.001,0.7,21.928346938399983,2.494905428128758,0.5270225706125847,3,False,21.928346938399983,2.597206304189026e-15,True,0
2,ElasticNet,0.001,0.5,21.928470998389248,2.4955334090271175,0.5270222175323943,3,False,21.928470998389255,2.5951463200613034e-15,True,0
2,ElasticNet,0.001,0.3,21.92859588445712,2.49616131360813,0.5270218453665847,3,False,21.92859588445712,2.1478045036937843e-15,True,0
2,ElasticNet,0.001,0.1,21.928721595540427,2.496789141612665,0.5270214541389658,3,False,21.928721595540424,3.619324349772579e-15,True,0
2,Ridge,0.1,0.0,21.929406179806637,2.493233056078524,0.5269964908587798,3,False,21.929406179806637,0.0,True,0
2,LASSO,0.0001,1.0,21.92941306344154,2.4925041470082108,0.5269939629254808,3,False,21.929413063441544,1.3810431747848795e-15,True,0
2,ElasticNet,0.0001,0.95,21.929416090450786,2.492519859096228,0.5269939557614131,3,False,21.929416090450786,1.5529976393410805e-15,True,0
2,ElasticNet,0.0001,0.9,21.92941911797857,2.492535571136761,0.5269939485853674,3,False,21.92941911797857,1.9668105035244854e-15,True,0
2,ElasticNet,0.0001,0.7,21.92943123327475,2.4925984188240404,0.5269939197614151,3,False,21.92943123327475,1.5712799984746173e-15,True,0
2,ElasticNet,0.0001,0.5,21.9294433568662,2.492661265751329,0.5269938907458488,3,False,21.9294433568662,1.7226278454900157e-15,True,0
2,ElasticNet,0.0001,0.3,21.92945548875186,2.492724111918365,0.5269938615386924,3,False,21.92945548875186,1.8413242664546553e-15,True,0
2,ElasticNet,0.0001,0.1,21.929467628930656,2.4927869573248955,0.52699383213997,3,False,21.929467628930656,2.1006162982022472e-15,True,0
2,Ridge,0.01,0.0,21.92953810741925,2.4924311416101737,0.5269912910336109,3,False,21.92953810741925,0.0,True,0
2,LASSO,1e-05,1.0,21.929538870866462,2.492358242384914,0.5269910365705455,3,False,21.929538870866462,1.0247777290379317e-15,True,0
2,ElasticNet,1e-05,0.95,21.92953917320962,2.4923598136837186,0.526991035861823,3,False,21.92953917320962,2.6789212666765427e-15,True,0
2,ElasticNet,1e-05,0.9,21.92953947555797,2.4923613849820496,0.526991035152981,3,False,21.92953947555797,1.4185582640187724e-15,True,0
2,ElasticNet,1e-05,0.7,21.92954247832237,2.49236841047796,0.5269909988498361,3,False,21.92954247832237,9.786638163555558e-06,True,0
2,ElasticNet,1e-05,0.5,21.929545213110885,2.492375325327971,0.526990967547238,3,False,21.929545213110885,9.392803230273787e-06,True,0
2,ElasticNet,1e-06,0.95,21.929547517035118,2.492340279884526,0.5269908098035626,3,False,21.929547517035118,9.768736933294996e-06,True,0
2,ElasticNet,1e-05,0.3,21.929547947918703,2.492382240162631,0.5269909362439115,3,False,21.929547947918696,8.998994165353313e-06,True,0
2,ElasticNet,1e-05,0.1,21.929550682745816,2.4923891549819466,0.5269909049398565,3,False,21.929550682745816,8.60521096732754e-06,True,0
2,ElasticNet,1e-06,0.1,21.929550886649917,2.4923450843244366,0.5269907657682472,3,False,21.929550886649917,3.315166939741186e-06,True,0
2,Ridge,0.001,0.0,21.929551381923535,2.4923509420492937,0.526990769235983,3,False,21.929551381923535,0.0,True,0
2,Ridge,0.0001,0.0,21.929552710191704,2.492342922012086,0.5269907170380622,3,False,21.929552710191704,0.0,True,0
2,ElasticNet,1e-06,0.9,21.92955279523166,2.4923424756742025,0.5269907117693124,3,False,21.92955279523166,2.098805177213837e-06,True,0
2,Ridge,1e-05,0.0,21.9295528430267,2.4923421200075566,0.5269907118180887,3,False,21.9295528430267,0.0,True,0
2,Ridge,1e-06,0.0,21.929552856310277,2.492342039807095,0.5269907112960894,3,False,21.92955285631028,0.0,True,0
2,ElasticNet,1e-06,0.7,21.92955299396009,2.4923426253504775,0.526990709926444,3,False,21.92955299396009,2.402897426886928e-06,True,0
2,ElasticNet,1e-06,0.5,21.929553104621206,2.492342738674104,0.5269907097270662,3,False,21.929553104621206,2.706988470492928e-06,True,0
2,ElasticNet,1e-06,0.3,21.929553215280567,2.4923428519995032,0.5269907095277161,3,False,21.929553215280567,3.0110783080192953e-06,True,0
2,LASSO,1e-06,1.0,21.92955365920106,2.492346403082387,0.5269906979186744,3,False,21.92955365920106,9.000000001024778e-06,True,0
2,ElasticNet,0.1,0.5,21.952998695203252,2.7999796562146453,0.5272466296804845,3,False,21.952998695203252,4.762162886251531e-14,True,0
2,ElasticNet,0.1,0.3,21.994589767681248,2.856964361871762,0.5265513184955565,3,False,21.994589767681248,3.571101747645855e-14,True,0
2,ElasticNet,0.1,0.1,22.041188892149304,2.912257404751757,0.5257359220913514,3,False,22.041188892149297,2.888661532196579e-14,True,0
13,ElasticNet,10.0,0.1,22.230247434910684,0.6259554106623971,0.5165628415294717,3,False,22.230247434910684,4.776460456046294e-07,True,0
2,Ridge,100.0,0.0,22.433439725027444,3.2834833901060727,0.5182399501140859,3,False,22.433439725027444,0.0,True,0
12,ElasticNet,10.0,0.1,22.65990614178541,1.0794368744511524,0.5085077248160648,3,False,22.65990614178541,2.7506724840087315e-06,True,0
11,ElasticNet,10.0,0.1,23.67556300995713,0.9073632093155196,0.48597603291761776,3,False,23.67556300995713,2.97006520910692e-06,True,0
19,ElasticNet,1e-06,0.1,23.887177652080027,31.271990376847377,0.4964964016513842,3,False,23.887177652080027,3.841847676593064e-05,True,0
19,ElasticNet,1e-06,0.7,24.360362151719197,32.7346900253818,0.4882784978351972,3,False,24.360362151719197,4.6695790155153695e-05,True,0
10,ElasticNet,10.0,0.1,24.362457434878667,1.700532368008133,0.47298806094212525,3,False,24.362457434878667,1.7473499897002753e-06,True,0
19,ElasticNet,1e-06,0.3,25.922207015032466,32.750420050647605,0.45259672912406074,3,False,25.922207015032466,3.200101695812864e-05,True,0
9,ElasticNet,10.0,0.1,25.934398469413406,1.6067311277214742,0.4384759500995421,3,False,25.934398469413406,1.5884233728336028e-07,True,0
8,ElasticNet,10.0,0.1,27.140901192861758,2.8447071117541354,0.41521063733892305,3,False,27.140901192861758,5.088888057724894e-06,True,0
19,ElasticNet,1e-06,0.5,27.148603489691194,32.1444104409479,0.4347587955083508,3,False,27.148603489691194,4.407616244734561e-05,True,0
2,ElasticNet,1.0,0.5,27.428009392370623,4.633072543794018,0.4127487669171093,3,False,27.428009392370623,1.3322676295501878e-15,True,0
2,ElasticNet,1.0,0.7,27.523856157132144,4.33905044389427,0.40975398362512266,3,False,27.523856157132144,2.220446049250313e-15,True,0
2,ElasticNet,1.0,0.3,27.547533615730984,4.888706509314375,0.410969676752675,3,False,27.547533615730984,1.3877787807814457e-15,True,0
2,ElasticNet,1.0,0.9,27.656551188197994,4.013524762053993,0.4057710333875495,3,False,27.656551188197994,1.1102230246251565e-15,True,0
2,ElasticNet,1.0,0.95,27.683504652579007,3.8926483927828053,0.4047845532352455,3,False,27.683504652579007,1.7763568394002505e-15,True,0
2,ElasticNet,1.0,0.1,27.714880974328356,5.0120368721029305,0.40779207449562316,3,False,27.714880974328356,1.6375789613221059e-15,True,0
2,LASSO,1.0,1.0,27.72812160752429,3.7539077829104865,0.40334491424579594,3,False,27.72812160752429,1.9984014443252818e-15,True,0
20,ElasticNet,1e-06,0.1,28.23797106530364,36.092347285498235,0.39753320382353907,3,False,28.23797106530364,3.652115949983954e-05,True,0
1,ElasticNet,0.1,0.9,35.22771616604955,0.7037033078876427,0.23357742464982198,3,False,35.22771616604954,4.163336342344337e-16,True,0
1,ElasticNet,0.1,0.95,35.227717492912284,0.6639841173027974,0.23347541578434824,3,False,35.227717492912284,9.020562075079397e-16,True,0
1,LASSO,0.1,1.0,35.228012459902686,0.624002416993169,0.23336570905749057,3,False,35.228012459902686,1.1934897514720433e-15,True,0
1,ElasticNet,0.1,0.7,35.23048039588627,0.8593353041200626,0.2339125630260556,3,False,35.23048039588627,6.938893903907228e-16,True,0
1,ElasticNet,0.1,0.5,35.2373035239782,1.0090605994469526,0.23414019181902126,3,False,35.2373035239782,1.8735013540549517e-15,True,0
1,ElasticNet,0.1,0.3,35.24773359912145,1.1525858377139302,0.23427141609334282,3,False,35.24773359912145,9.159339953157541e-16,True,0
1,ElasticNet,0.1,0.1,35.261367846395984,1.2899799285414122,0.23431616548166337,3,False,35.261367846395984,1.7832957333041577e-15,True,0
1,Ridge,10.0,0.0,35.33526324516739,0.6648559626566789,0.23111207732335878,3,False,35.33526324516739,0.0,True,0
1,Ridge,100.0,0.0,35.33983509751491,1.9855635683661876,0.23432431680980648,3,False,35.33983509751491,0.0,True,0
1,ElasticNet,0.01,0.1,35.35297690858183,0.5799966034213804,0.23049560135483196,3,False,35.35297690858183,8.595554823465079e-16,True,0
1,ElasticNet,0.01,0.3,35.35392931395188,0.5647275934218701,0.23043317036243635,3,False,35.35392931395188,7.502679033599691e-16,True,0
1,ElasticNet,0.01,0.5,35.35493505171258,0.5494842746683248,0.23036936589930582,3,False,35.35493505171258,6.305719835175694e-16,True,0
1,ElasticNet,0.01,0.7,35.35599473368617,0.5342765903118203,0.2303041731372263,3,False,35.35599473368617,6.947567521287112e-16,True,0
1,ElasticNet,0.01,0.9,35.35710897892701,0.5191157619516458,0.23023757707683515,3,False,35.35710897892701,8.118505867571457e-16,True,0
1,ElasticNet,0.01,0.95,35.357396138989536,0.5153343275955328,0.23022070702216102,3,False,35.357396138989536,1.1813466871402056e-15,True,0
1,LASSO,0.01,1.0,35.357686758228304,0.5115568201616137,0.2302037480751216,3,False,35.35768675822831,5.447031714567174e-16,True,0
1,Ridge,1.0,0.0,35.3708131985502,0.5165790098802817,0.22992752676058156,3,False,35.3708131985502,0.0,True,0
1,ElasticNet,0.001,0.1,35.372958400799206,0.5083563359092409,0.22985699191470563,3,False,35.372958400799206,5.455298756132376e-16,True,0
1,ElasticNet,0.001,0.3,35.37308419249334,0.5068594825312649,0.22984999691383187,3,False,35.37308419249334,1.5356097469998442e-15,True,0
1,ElasticNet,0.001,0.5,35.37321054485073,0.5053634020489707,0.22984298752996635,3,False,35.37321054485073,1.0846358533544986e-15,True,0
1,ElasticNet,0.001,0.7,35.37333745850985,0.5038681099565895,0.22983596374765966,3,False,35.37333745850986,6.924799275664917e-16,True,0
1,ElasticNet,0.001,0.9,35.37346493410993,0.5023736219420004,0.22982892555144416,3,False,35.37346493410993,2.175343238874916e-15,True,0
1,ElasticNet,0.001,0.95,35.37349689088821,0.5020001274325968,0.22982716374840276,3,False,35.37349689088821,1.29171846829923e-15,True,0
1,LASSO,0.001,1.0,35.3735288828378,0.5016266844199678,0.22982540104328222,3,False,35.373528882837796,1.2288347422950707e-15,True,0
1,Ridge,0.1,0.0,35.37486536390576,0.5021381128305975,0.22979727439325573,3,False,35.37486536390576,0.0,True,0
1,ElasticNet,0.0001,0.1,35.375083777443564,0.5013208107567934,0.22979012846949753,3,False,35.375083777443564,5.8243594815805474e-15,True,0
1,ElasticNet,0.0001,0.3,35.375096670871464,0.5011715845683248,0.22978942124711135,3,False,35.375096670871464,6.89583074886882e-16,True,0
1,ElasticNet,0.0001,0.5,35.37510956993406,0.5010223667754015,0.22978871388023062,3,False,35.37510956993406,1.7990098885416195e-15,True,0
1,ElasticNet,0.0001,0.7,35.37512247463198,0.5008731573942067,0.22978800636883948,3,False,35.37512247463198,7.01004467147659e-16,True,0
1,ElasticNet,0.0001,0.9,35.37513538496589,0.5007239564409693,0.2297872987129226,3,False,35.37513538496588,6.230367784187951e-16,True,0
1,ElasticNet,0.0001,0.95,35.375138613430046,0.5006866575214314,0.22978712177635954,3,False,35.375138613430046,1.5983308426781306e-15,True,0
1,LASSO,0.0001,1.0,35.375141842246514,0.5006493591299159,0.22978694483076226,3,False,35.375141842246514,7.630208314138298e-16,True,0
1,Ridge,0.01,0.0,35.37527572854216,0.5007005933730936,0.22978412712474885,3,False,35.37527572854216,0.0,True,0
1,ElasticNet,1e-05,0.9,35.37530434164333,0.5005493225572155,0.22978309249873555,3,False,35.375304341643336,9.754147670802209e-06,True,0
1,ElasticNet,1e-05,0.95,35.37530490820387,0.5005459729878812,0.2297830691323155,3,False,35.37530490820387,9.109667120795452e-06,True,0
1,LASSO,1e-05,1.0,35.3753054747716,0.5005426234430705,0.2297830457657193,3,False,35.3753054747716,8.465179521522823e-06,True,0
1,ElasticNet,1e-05,0.1,35.37530945592994,0.5006275718350712,0.22978319051896257,3,False,35.37530945592994,9.228386737417273e-06,True,0
1,ElasticNet,1e-05,0.3,35.37530947662216,0.5006117244399424,0.22978314345342044,3,False,35.37530947662216,8.077127779475342e-06,True,0
1,ElasticNet,1e-05,0.5,35.37530949731137,0.5005958771653044,0.2297830963875406,3,False,35.37530949731137,6.925816507814948e-06,True,0
1,ElasticNet,1e-05,0.7,35.375309517997586,0.5005800300111887,0.2297830493213232,3,False,35.375309517997586,5.774452918806621e-06,True,0
1,Ridge,0.001,0.0,35.37531681666814,0.5005569107294652,0.2297828111734095,3,False,35.37531681666814,0.0,True,0
1,ElasticNet,1e-06,0.1,35.37531887894525,0.5005472212940171,0.22978274308938942,3,False,35.375318878945244,2.3795596211568523e-06,True,0
1,ElasticNet,1e-06,0.3,35.37531909711263,0.5005458753770468,0.22978273390059115,3,False,35.37531909711263,2.0164427305304316e-06,True,0
1,ElasticNet,1e-06,0.5,35.37531931528071,0.5005445294637505,0.22978272471177322,3,False,35.37531931528071,1.6533242711130628e-06,True,0
1,ElasticNet,1e-06,0.7,35.375319533449506,0.5005431835541173,0.22978271552293536,3,False,35.375319533449506,1.2902042440922433e-06,True,0
1,ElasticNet,1e-06,0.9,35.375319737999995,0.5005417942211727,0.22978270656220648,3,False,35.375319737999995,1.002845592961167e-06,True,0
1,ElasticNet,1e-06,0.95,35.37531979474333,0.5005414605400318,0.22978270422024913,3,False,35.37531979474333,9.356961612847535e-07,True,0
1,LASSO,1e-06,1.0,35.37531985148674,0.5005411268591623,0.22978270187828997,3,False,35.37531985148674,8.685466243863435e-07,True,0
1,Ridge,0.0001,0.0,35.37532092599755,0.5005425431618373,0.22978267956602658,3,False,35.37532092599754,0.0,True,0
1,Ridge,1e-05,0.0,35.375321336935656,0.5005411064120463,0.22978266640516573,3,False,35.375321336935656,0.0,True,0
1,Ridge,1e-06,0.0,35.375321378029525,0.500540962737138,0.22978266508907833,3,False,35.37532137802952,0.0,True,0
1,ElasticNet,1.0,0.95,36.81254652297559,3.339802200977816,0.20553114405234965,3,False,36.81254652297559,8.881784197001252e-16,True,0
1,ElasticNet,1.0,0.9,36.817962660904264,3.4990220429636936,0.20580122640783252,3,False,36.817962660904264,1.2212453270876722e-15,True,0
1,LASSO,1.0,1.0,36.81882306259369,3.1561866315501654,0.20494635346906465,3,False,36.81882306259369,1.3322676295501878e-15,True,0
1,ElasticNet,1.0,0.7,36.907411416056036,3.963918255446887,0.20498330425197678,3,False,36.907411416056036,9.992007221626409e-16,True,0
1,ElasticNet,1.0,0.5,37.042333554456356,4.257626830501009,0.20275641095453614,3,False,37.042333554456356,1.3322676295501878e-15,True,0
1,ElasticNet,1.0,0.3,37.254373976896474,4.480596526669037,0.19870414846106996,3,False,37.25437397689648,7.216449660063518e-16,True,0
1,ElasticNet,1.0,0.1,37.51017468386238,4.720329949804046,0.19372214727280282,3,False,37.51017468386238,1.6375789613221059e-15,True,0
1,Ridge,1000.0,0.0,39.68081682396059,5.847214772991179,0.14918011186832095,3,False,39.68081682396059,0.0,True,0
20,ElasticNet,10.0,0.3,43.74409234807928,8.81908189622303,0.06789304481135572,3,False,43.74409234807928,2.3125252353040082e-06,True,0
19,ElasticNet,10.0,0.3,43.75109849280121,8.828810664295185,0.06776229596237378,3,False,43.75109849280121,1.7186366707555578e-06,True,0
18,ElasticNet,10.0,0.3,43.778967222301254,8.82059532940948,0.0671390965884869,3,False,43.778967222301254,6.097551144002011e-07,True,0
17,ElasticNet,10.0,0.3,43.7984693856289,8.847669623905443,0.06677515249578747,3,False,43.7984693856289,6.648983530421759e-06,True,0
16,ElasticNet,10.0,0.3,43.83388329193664,8.853475621200902,0.06602270335949652,3,False,43.83388329193664,4.0190338923551394e-07,True,0
15,ElasticNet,10.0,0.3,43.8688676017395,8.899376259176663,0.06536326734107789,3,False,43.8688676017395,8.413730161027644e-06,True,0
14,ElasticNet,10.0,0.3,43.921348509565576,8.912007123794202,0.06425558520207823,3,False,43.92134850956557,1.8515016928510875e-06,True,0
13,ElasticNet,10.0,0.3,43.974365625797155,8.944114362285864,0.06316478913976971,3,False,43.974365625797155,7.46046367394726e-06,True,0
12,ElasticNet,10.0,0.3,44.0493631243657,8.964563556421396,0.06158644867976715,3,False,44.0493631243657,1.8930657623705827e-06,True,0
11,ElasticNet,10.0,0.3,44.13463409107748,8.969833316925497,0.059718447364854065,3,False,44.13463409107749,3.450709311181299e-06,True,0
10,ElasticNet,10.0,0.3,44.24424196184873,8.984555458652345,0.057373921052590794,3,False,44.244241961848736,3.98018996250471e-06,True,0
9,ElasticNet,10.0,0.3,44.34982042919234,8.92723191606424,0.05490466217855979,3,False,44.34982042919234,8.825486840002839e-06,True,0
8,ElasticNet,10.0,0.3,44.50485056240283,8.929508171994957,0.05154648938955738,3,False,44.50485056240282,6.985904751566352e-06,True,0
1,ElasticNet,10.0,0.1,45.205047872075305,7.392228761971268,0.032554716106146055,3,False,45.205047872075305,1.1102230246251565e-15,True,0
1,Ridge,10000.0,0.0,45.51358114849432,7.374915012886433,0.025787132556722825,3,False,45.51358114849432,0.0,True,0
1,ElasticNet,10.0,0.3,46.460446391061346,7.821747975837069,0.006230464927774866,3,False,46.460446391061346,1.3322676295501878e-15,True,0
1,Ridge,100000.0,0.0,46.61674555124694,7.548203157931146,0.002164149025361365,3,False,46.61674555124694,0.0,True,0
1,Ridge,1000000.0,0.0,46.73619016217085,7.565470883906372,-0.00039731678716644253,3,False,46.73619016217085,0.0,True,0
1,LASSO,10.0,1.0,46.749571718981656,7.567388109120286,-0.0006843244191125919,3,False,46.749571718981656,0.0,True,0
1,LASSO,100.0,1.0,46.749571718981656,7.567388109120286,-0.0006843244191125919,3,False,46.749571718981656,0.0,True,0
1,LASSO,1000.0,1.0,46.749571718981656,7.567388109120286,-0.0006843244191125919,3,False,46.749571718981656,0.0,True,0
1,LASSO,10000.0,1.0,46.749571718981656,7.567388109120286,-0.0006843244191125919,3,False,46.749571718981656,0.0,True,0
1,LASSO,100000.0,1.0,46.749571718981656,7.567388109120286,-0.0006843244191125919,3,False,46.749571718981656,0.0,True,0
1,LASSO,1000000.0,1.0,46.749571718981656,7.567388109120286,-0.0006843244191125919,3,False,46.749571718981656,0.0,True,0
1,ElasticNet,100.0,0.1,46.749571718981656,7.567388109120286,-0.0006843244191125919,3,False,46.749571718981656,0.0,True,0
1,ElasticNet,1000.0,0.1,46.749571718981656,7.567388109120286,-0.0006843244191125919,3,False,46.749571718981656,0.0,True,0
1,ElasticNet,10000.0,0.1,46.749571718981656,7.567388109120286,-0.0006843244191125919,3,False,46.749571718981656,0.0,True,0
1,ElasticNet,100000.0,0.1,46.749571718981656,7.567388109120286,-0.0006843244191125919,3,False,46.749571718981656,0.0,True,0
1,ElasticNet,1000000.0,0.1,46.749571718981656,7.567388109120286,-0.0006843244191125919,3,False,46.749571718981656,0.0,True,0
1,ElasticNet,100.0,0.3,46.749571718981656,7.567388109120286,-0.0006843244191125919,3,False,46.749571718981656,0.0,True,0
1,ElasticNet,1000.0,0.3,46.749571718981656,7.567388109120286,-0.0006843244191125919,3,False,46.749571718981656,0.0,True,0
1,ElasticNet,10000.0,0.3,46.749571718981656,7.567388109120286,-0.0006843244191125919,3,False,46.749571718981656,0.0,True,0
1,ElasticNet,100000.0,0.3,46.749571718981656,7.567388109120286,-0.0006843244191125919,3,False,46.749571718981656,0.0,True,0
1,ElasticNet,1000000.0,0.3,46.749571718981656,7.567388109120286,-0.0006843244191125919,3,False,46.749571718981656,0.0,True,0
1,ElasticNet,10.0,0.5,46.749571718981656,7.567388109120286,-0.0006843244191125919,3,False,46.749571718981656,0.0,True,0
1,ElasticNet,100.0,0.5,46.749571718981656,7.567388109120286,-0.0006843244191125919,3,False,46.749571718981656,0.0,True,0
1,ElasticNet,1000.0,0.5,46.749571718981656,7.567388109120286,-0.0006843244191125919,3,False,46.749571718981656,0.0,True,0
1,ElasticNet,10000.0,0.5,46.749571718981656,7.567388109120286,-0.0006843244191125919,3,False,46.749571718981656,0.0,True,0
1,ElasticNet,100000.0,0.5,46.749571718981656,7.567388109120286,-0.0006843244191125919,3,False,46.749571718981656,0.0,True,0
1,ElasticNet,1000000.0,0.5,46.749571718981656,7.567388109120286,-0.0006843244191125919,3,False,46.749571718981656,0.0,True,0
1,ElasticNet,10.0,0.7,46.749571718981656,7.567388109120286,-0.0006843244191125919,3,False,46.749571718981656,0.0,True,0
1,ElasticNet,100.0,0.7,46.749571718981656,7.567388109120286,-0.0006843244191125919,3,False,46.749571718981656,0.0,True,0
1,ElasticNet,1000.0,0.7,46.749571718981656,7.567388109120286,-0.0006843244191125919,3,False,46.749571718981656,0.0,True,0
1,ElasticNet,10000.0,0.7,46.749571718981656,7.567388109120286,-0.0006843244191125919,3,False,46.749571718981656,0.0,True,0
1,ElasticNet,100000.0,0.7,46.749571718981656,7.567388109120286,-0.0006843244191125919,3,False,46.749571718981656,0.0,True,0
1,ElasticNet,1000000.0,0.7,46.749571718981656,7.567388109120286,-0.0006843244191125919,3,False,46.749571718981656,0.0,True,0
1,ElasticNet,10.0,0.9,46.749571718981656,7.567388109120286,-0.0006843244191125919,3,False,46.749571718981656,0.0,True,0
1,ElasticNet,100.0,0.9,46.749571718981656,7.567388109120286,-0.0006843244191125919,3,False,46.749571718981656,0.0,True,0
1,ElasticNet,1000.0,0.9,46.749571718981656,7.567388109120286,-0.0006843244191125919,3,False,46.749571718981656,0.0,True,0
1,ElasticNet,10000.0,0.9,46.749571718981656,7.567388109120286,-0.0006843244191125919,3,False,46.749571718981656,0.0,True,0
1,ElasticNet,100000.0,0.9,46.749571718981656,7.567388109120286,-0.0006843244191125919,3,False,46.749571718981656,0.0,True,0
1,ElasticNet,1000000.0,0.9,46.749571718981656,7.567388109120286,-0.0006843244191125919,3,False,46.749571718981656,0.0,True,0
1,ElasticNet,10.0,0.95,46.749571718981656,7.567388109120286,-0.0006843244191125919,3,False,46.749571718981656,0.0,True,0
1,ElasticNet,100.0,0.95,46.749571718981656,7.567388109120286,-0.0006843244191125919,3,False,46.749571718981656,0.0,True,0
1,ElasticNet,1000.0,0.95,46.749571718981656,7.567388109120286,-0.0006843244191125919,3,False,46.749571718981656,0.0,True,0
1,ElasticNet,10000.0,0.95,46.749571718981656,7.567388109120286,-0.0006843244191125919,3,False,46.749571718981656,0.0,True,0
1,ElasticNet,100000.0,0.95,46.749571718981656,7.567388109120286,-0.0006843244191125919,3,False,46.749571718981656,0.0,True,0
1,ElasticNet,1000000.0,0.95,46.749571718981656,7.567388109120286,-0.0006843244191125919,3,False,46.749571718981656,0.0,True,0
8,LASSO,10.0,1.0,46.749571718981656,7.567388109120286,-0.0006843244191125919,3,False,46.749571718981656,0.0,True,0
8,LASSO,100.0,1.0,46.749571718981656,7.567388109120286,-0.0006843244191125919,3,False,46.749571718981656,0.0,True,0
8,LASSO,1000.0,1.0,46.749571718981656,7.567388109120286,-0.0006843244191125919,3,False,46.749571718981656,0.0,True,0
8,LASSO,10000.0,1.0,46.749571718981656,7.567388109120286,-0.0006843244191125919,3,False,46.749571718981656,0.0,True,0
8,LASSO,100000.0,1.0,46.749571718981656,7.567388109120286,-0.0006843244191125919,3,False,46.749571718981656,0.0,True,0
8,LASSO,1000000.0,1.0,46.749571718981656,7.567388109120286,-0.0006843244191125919,3,False,46.749571718981656,0.0,True,0
8,ElasticNet,100.0,0.1,46.749571718981656,7.567388109120286,-0.0006843244191125919,3,False,46.749571718981656,0.0,True,0
8,ElasticNet,1000.0,0.1,46.749571718981656,7.567388109120286,-0.0006843244191125919,3,False,46.749571718981656,0.0,True,0
8,ElasticNet,10000.0,0.1,46.749571718981656,7.567388109120286,-0.0006843244191125919,3,False,46.749571718981656,0.0,True,0
8,ElasticNet,100000.0,0.1,46.749571718981656,7.567388109120286,-0.0006843244191125919,3,False,46.749571718981656,0.0,True,0
8,ElasticNet,1000000.0,0.1,46.749571718981656,7.567388109120286,-0.0006843244191125919,3,False,46.749571718981656,0.0,True,0
8,ElasticNet,100.0,0.3,46.749571718981656,7.567388109120286,-0.0006843244191125919,3,False,46.749571718981656,0.0,True,0
8,ElasticNet,1000.0,0.3,46.749571718981656,7.567388109120286,-0.0006843244191125919,3,False,46.749571718981656,0.0,True,0
8,ElasticNet,10000.0,0.3,46.749571718981656,7.567388109120286,-0.0006843244191125919,3,False,46.749571718981656,0.0,True,0
8,ElasticNet,100000.0,0.3,46.749571718981656,7.567388109120286,-0.0006843244191125919,3,False,46.749571718981656,0.0,True,0
8,ElasticNet,1000000.0,0.3,46.749571718981656,7.567388109120286,-0.0006843244191125919,3,False,46.749571718981656,0.0,True,0
8,ElasticNet,10.0,0.5,46.749571718981656,7.567388109120286,-0.0006843244191125919,3,False,46.749571718981656,0.0,True,0
8,ElasticNet,100.0,0.5,46.749571718981656,7.567388109120286,-0.0006843244191125919,3,False,46.749571718981656,0.0,True,0
8,ElasticNet,1000.0,0.5,46.749571718981656,7.567388109120286,-0.0006843244191125919,3,False,46.749571718981656,0.0,True,0
8,ElasticNet,10000.0,0.5,46.749571718981656,7.567388109120286,-0.0006843244191125919,3,False,46.749571718981656,0.0,True,0
8,ElasticNet,100000.0,0.5,46.749571718981656,7.567388109120286,-0.0006843244191125919,3,False,46.749571718981656,0.0,True,0
8,ElasticNet,1000000.0,0.5,46.749571718981656,7.567388109120286,-0.0006843244191125919,3,False,46.749571718981656,0.0,True,0
8,ElasticNet,10.0,0.7,46.749571718981656,7.567388109120286,-0.0006843244191125919,3,False,46.749571718981656,0.0,True,0
8,ElasticNet,100.0,0.7,46.749571718981656,7.567388109120286,-0.0006843244191125919,3,False,46.749571718981656,0.0,True,0
8,ElasticNet,1000.0,0.7,46.749571718981656,7.567388109120286,-0.0006843244191125919,3,False,46.749571718981656,0.0,True,0
8,ElasticNet,10000.0,0.7,46.749571718981656,7.567388109120286,-0.0006843244191125919,3,False,46.749571718981656,0.0,True,0
8,ElasticNet,100000.0,0.7,46.749571718981656,7.567388109120286,-0.0006843244191125919,3,False,46.749571718981656,0.0,True,0
8,ElasticNet,1000000.0,0.7,46.749571718981656,7.567388109120286,-0.0006843244191125919,3,False,46.749571718981656,0.0,True,0
8,ElasticNet,10.0,0.9,46.749571718981656,7.567388109120286,-0.0006843244191125919,3,False,46.749571718981656,0.0,True,0
8,ElasticNet,100.0,0.9,46.749571718981656,7.567388109120286,-0.0006843244191125919,3,False,46.749571718981656,0.0,True,0
8,ElasticNet,1000.0,0.9,46.749571718981656,7.567388109120286,-0.0006843244191125919,3,False,46.749571718981656,0.0,True,0
8,ElasticNet,10000.0,0.9,46.749571718981656,7.567388109120286,-0.0006843244191125919,3,False,46.749571718981656,0.0,True,0
8,ElasticNet,100000.0,0.9,46.749571718981656,7.567388109120286,-0.0006843244191125919,3,False,46.749571718981656,0.0,True,0
8,ElasticNet,1000000.0,0.9,46.749571718981656,7.567388109120286,-0.0006843244191125919,3,False,46.749571718981656,0.0,True,0
8,ElasticNet,10.0,0.95,46.749571718981656,7.567388109120286,-0.0006843244191125919,3,False,46.749571718981656,0.0,True,0
8,ElasticNet,100.0,0.95,46.749571718981656,7.567388109120286,-0.0006843244191125919,3,False,46.749571718981656,0.0,True,0
8,ElasticNet,1000.0,0.95,46.749571718981656,7.567388109120286,-0.0006843244191125919,3,False,46.749571718981656,0.0,True,0
8,ElasticNet,10000.0,0.95,46.749571718981656,7.567388109120286,-0.0006843244191125919,3,False,46.749571718981656,0.0,True,0
8,ElasticNet,100000.0,0.95,46.749571718981656,7.567388109120286,-0.0006843244191125919,3,False,46.749571718981656,0.0,True,0
8,ElasticNet,1000000.0,0.95,46.749571718981656,7.567388109120286,-0.0006843244191125919,3,False,46.749571718981656,0.0,True,0
9,LASSO,10.0,1.0,46.749571718981656,7.567388109120286,-0.0006843244191125919,3,False,46.749571718981656,0.0,True,0
9,LASSO,100.0,1.0,46.749571718981656,7.567388109120286,-0.0006843244191125919,3,False,46.749571718981656,0.0,True,0
9,LASSO,1000.0,1.0,46.749571718981656,7.567388109120286,-0.0006843244191125919,3,False,46.749571718981656,0.0,True,0
9,LASSO,10000.0,1.0,46.749571718981656,7.567388109120286,-0.0006843244191125919,3,False,46.749571718981656,0.0,True,0
9,LASSO,100000.0,1.0,46.749571718981656,7.567388109120286,-0.0006843244191125919,3,False,46.749571718981656,0.0,True,0
9,LASSO,1000000.0,1.0,46.749571718981656,7.567388109120286,-0.0006843244191125919,3,False,46.749571718981656,0.0,True,0
9,ElasticNet,100.0,0.1,46.749571718981656,7.567388109120286,-0.0006843244191125919,3,False,46.749571718981656,0.0,True,0
9,ElasticNet,1000.0,0.1,46.749571718981656,7.567388109120286,-0.0006843244191125919,3,False,46.749571718981656,0.0,True,0
9,ElasticNet,10000.0,0.1,46.749571718981656,7.567388109120286,-0.0006843244191125919,3,False,46.749571718981656,0.0,True,0
9,ElasticNet,100000.0,0.1,46.749571718981656,7.567388109120286,-0.0006843244191125919,3,False,46.749571718981656,0.0,True,0
9,ElasticNet,1000000.0,0.1,46.749571718981656,7.567388109120286,-0.0006843244191125919,3,False,46.749571718981656,0.0,True,0
9,ElasticNet,100.0,0.3,46.749571718981656,7.567388109120286,-0.0006843244191125919,3,False,46.749571718981656,0.0,True,0
9,ElasticNet,1000.0,0.3,46.749571718981656,7.567388109120286,-0.0006843244191125919,3,False,46.749571718981656,0.0,True,0
9,ElasticNet,10000.0,0.3,46.749571718981656,7.567388109120286,-0.0006843244191125919,3,False,46.749571718981656,0.0,True,0
9,ElasticNet,100000.0,0.3,46.749571718981656,7.567388109120286,-0.0006843244191125919,3,False,46.749571718981656,0.0,True,0
9,ElasticNet,1000000.0,0.3,46.749571718981656,7.567388109120286,-0.0006843244191125919,3,False,46.749571718981656,0.0,True,0
9,ElasticNet,10.0,0.5,46.749571718981656,7.567388109120286,-0.0006843244191125919,3,False,46.749571718981656,0.0,True,0
9,ElasticNet,100.0,0.5,46.749571718981656,7.567388109120286,-0.0006843244191125919,3,False,46.749571718981656,0.0,True,0
9,ElasticNet,1000.0,0.5,46.749571718981656,7.567388109120286,-0.0006843244191125919,3,False,46.749571718981656,0.0,True,0
9,ElasticNet,10000.0,0.5,46.749571718981656,7.567388109120286,-0.0006843244191125919,3,False,46.749571718981656,0.0,True,0
9,ElasticNet,100000.0,0.5,46.749571718981656,7.567388109120286,-0.0006843244191125919,3,False,46.749571718981656,0.0,True,0
9,ElasticNet,1000000.0,0.5,46.749571718981656,7.567388109120286,-0.0006843244191125919,3,False,46.749571718981656,0.0,True,0
9,ElasticNet,10.0,0.7,46.749571718981656,7.567388109120286,-0.0006843244191125919,3,False,46.749571718981656,0.0,True,0
9,ElasticNet,100.0,0.7,46.749571718981656,7.567388109120286,-0.0006843244191125919,3,False,46.749571718981656,0.0,True,0
9,ElasticNet,1000.0,0.7,46.749571718981656,7.567388109120286,-0.0006843244191125919,3,False,46.749571718981656,0.0,True,0
9,ElasticNet,10000.0,0.7,46.749571718981656,7.567388109120286,-0.0006843244191125919,3,False,46.749571718981656,0.0,True,0
9,ElasticNet,100000.0,0.7,46.749571718981656,7.567388109120286,-0.0006843244191125919,3,False,46.749571718981656,0.0,True,0
9,ElasticNet,1000000.0,0.7,46.749571718981656,7.567388109120286,-0.0006843244191125919,3,False,46.749571718981656,0.0,True,0
9,ElasticNet,10.0,0.9,46.749571718981656,7.567388109120286,-0.0006843244191125919,3,False,46.749571718981656,0.0,True,0
9,ElasticNet,100.0,0.9,46.749571718981656,7.567388109120286,-0.0006843244191125919,3,False,46.749571718981656,0.0,True,0
9,ElasticNet,1000.0,0.9,46.749571718981656,7.567388109120286,-0.0006843244191125919,3,False,46.749571718981656,0.0,True,0
9,ElasticNet,10000.0,0.9,46.749571718981656,7.567388109120286,-0.0006843244191125919,3,False,46.749571718981656,0.0,True,0
9,ElasticNet,100000.0,0.9,46.749571718981656,7.567388109120286,-0.0006843244191125919,3,False,46.749571718981656,0.0,True,0
9,ElasticNet,1000000.0,0.9,46.749571718981656,7.567388109120286,-0.0006843244191125919,3,False,46.749571718981656,0.0,True,0
9,ElasticNet,10.0,0.95,46.749571718981656,7.567388109120286,-0.0006843244191125919,3,False,46.749571718981656,0.0,True,0
9,ElasticNet,100.0,0.95,46.749571718981656,7.567388109120286,-0.0006843244191125919,3,False,46.749571718981656,0.0,True,0
9,ElasticNet,1000.0,0.95,46.749571718981656,7.567388109120286,-0.0006843244191125919,3,False,46.749571718981656,0.0,True,0
9,ElasticNet,10000.0,0.95,46.749571718981656,7.567388109120286,-0.0006843244191125919,3,False,46.749571718981656,0.0,True,0
9,ElasticNet,100000.0,0.95,46.749571718981656,7.567388109120286,-0.0006843244191125919,3,False,46.749571718981656,0.0,True,0
9,ElasticNet,1000000.0,0.95,46.749571718981656,7.567388109120286,-0.0006843244191125919,3,False,46.749571718981656,0.0,True,0
10,LASSO,10.0,1.0,46.749571718981656,7.567388109120286,-0.0006843244191125919,3,False,46.749571718981656,0.0,True,0
10,LASSO,100.0,1.0,46.749571718981656,7.567388109120286,-0.0006843244191125919,3,False,46.749571718981656,0.0,True,0
10,LASSO,1000.0,1.0,46.749571718981656,7.567388109120286,-0.0006843244191125919,3,False,46.749571718981656,0.0,True,0
10,LASSO,10000.0,1.0,46.749571718981656,7.567388109120286,-0.0006843244191125919,3,False,46.749571718981656,0.0,True,0
10,LASSO,100000.0,1.0,46.749571718981656,7.567388109120286,-0.0006843244191125919,3,False,46.749571718981656,0.0,True,0
10,LASSO,1000000.0,1.0,46.749571718981656,7.567388109120286,-0.0006843244191125919,3,False,46.749571718981656,0.0,True,0
10,ElasticNet,100.0,0.1,46.749571718981656,7.567388109120286,-0.0006843244191125919,3,False,46.749571718981656,0.0,True,0
10,ElasticNet,1000.0,0.1,46.749571718981656,7.567388109120286,-0.0006843244191125919,3,False,46.749571718981656,0.0,True,0
10,ElasticNet,10000.0,0.1,46.749571718981656,7.567388109120286,-0.0006843244191125919,3,False,46.749571718981656,0.0,True,0
10,ElasticNet,100000.0,0.1,46.749571718981656,7.567388109120286,-0.0006843244191125919,3,False,46.749571718981656,0.0,True,0
10,ElasticNet,1000000.0,0.1,46.749571718981656,7.567388109120286,-0.0006843244191125919,3,False,46.749571718981656,0.0,True,0
10,ElasticNet,100.0,0.3,46.749571718981656,7.567388109120286,-0.0006843244191125919,3,False,46.749571718981656,0.0,True,0
10,ElasticNet,1000.0,0.3,46.749571718981656,7.567388109120286,-0.0006843244191125919,3,False,46.749571718981656,0.0,True,0
10,ElasticNet,10000.0,0.3,46.749571718981656,7.567388109120286,-0.0006843244191125919,3,False,46.749571718981656,0.0,True,0
10,ElasticNet,100000.0,0.3,46.749571718981656,7.567388109120286,-0.0006843244191125919,3,False,46.749571718981656,0.0,True,0
10,ElasticNet,1000000.0,0.3,46.749571718981656,7.567388109120286,-0.0006843244191125919,3,False,46.749571718981656,0.0,True,0
10,ElasticNet,10.0,0.5,46.749571718981656,7.567388109120286,-0.0006843244191125919,3,False,46.749571718981656,0.0,True,0
10,ElasticNet,100.0,0.5,46.749571718981656,7.567388109120286,-0.0006843244191125919,3,False,46.749571718981656,0.0,True,0
10,ElasticNet,1000.0,0.5,46.749571718981656,7.567388109120286,-0.0006843244191125919,3,False,46.749571718981656,0.0,True,0
10,ElasticNet,10000.0,0.5,46.749571718981656,7.567388109120286,-0.0006843244191125919,3,False,46.749571718981656,0.0,True,0
10,ElasticNet,100000.0,0.5,46.749571718981656,7.567388109120286,-0.0006843244191125919,3,False,46.749571718981656,0.0,True,0
10,ElasticNet,1000000.0,0.5,46.749571718981656,7.567388109120286,-0.0006843244191125919,3,False,46.749571718981656,0.0,True,0
10,ElasticNet,10.0,0.7,46.749571718981656,7.567388109120286,-0.0006843244191125919,3,False,46.749571718981656,0.0,True,0
10,ElasticNet,100.0,0.7,46.749571718981656,7.567388109120286,-0.0006843244191125919,3,False,46.749571718981656,0.0,True,0
10,ElasticNet,1000.0,0.7,46.749571718981656,7.567388109120286,-0.0006843244191125919,3,False,46.749571718981656,0.0,True,0
10,ElasticNet,10000.0,0.7,46.749571718981656,7.567388109120286,-0.0006843244191125919,3,False,46.749571718981656,0.0,True,0
10,ElasticNet,100000.0,0.7,46.749571718981656,7.567388109120286,-0.0006843244191125919,3,False,46.749571718981656,0.0,True,0
10,ElasticNet,1000000.0,0.7,46.749571718981656,7.567388109120286,-0.0006843244191125919,3,False,46.749571718981656,0.0,True,0
10,ElasticNet,10.0,0.9,46.749571718981656,7.567388109120286,-0.0006843244191125919,3,False,46.749571718981656,0.0,True,0
10,ElasticNet,100.0,0.9,46.749571718981656,7.567388109120286,-0.0006843244191125919,3,False,46.749571718981656,0.0,True,0
10,ElasticNet,1000.0,0.9,46.749571718981656,7.567388109120286,-0.0006843244191125919,3,False,46.749571718981656,0.0,True,0
10,ElasticNet,10000.0,0.9,46.749571718981656,7.567388109120286,-0.0006843244191125919,3,False,46.749571718981656,0.0,True,0
10,ElasticNet,100000.0,0.9,46.749571718981656,7.567388109120286,-0.0006843244191125919,3,False,46.749571718981656,0.0,True,0
10,ElasticNet,1000000.0,0.9,46.749571718981656,7.567388109120286,-0.0006843244191125919,3,False,46.749571718981656,0.0,True,0
10,ElasticNet,10.0,0.95,46.749571718981656,7.567388109120286,-0.0006843244191125919,3,False,46.749571718981656,0.0,True,0
10,ElasticNet,100.0,0.95,46.749571718981656,7.567388109120286,-0.0006843244191125919,3,False,46.749571718981656,0.0,True,0
10,ElasticNet,1000.0,0.95,46.749571718981656,7.567388109120286,-0.0006843244191125919,3,False,46.749571718981656,0.0,True,0
10,ElasticNet,10000.0,0.95,46.749571718981656,7.567388109120286,-0.0006843244191125919,3,False,46.749571718981656,0.0,True,0
10,ElasticNet,100000.0,0.95,46.749571718981656,7.567388109120286,-0.0006843244191125919,3,False,46.749571718981656,0.0,True,0
10,ElasticNet,1000000.0,0.95,46.749571718981656,7.567388109120286,-0.0006843244191125919,3,False,46.749571718981656,0.0,True,0
11,LASSO,10.0,1.0,46.749571718981656,7.567388109120286,-0.0006843244191125919,3,False,46.749571718981656,0.0,True,0
11,LASSO,100.0,1.0,46.749571718981656,7.567388109120286,-0.0006843244191125919,3,False,46.749571718981656,0.0,True,0
11,LASSO,1000.0,1.0,46.749571718981656,7.567388109120286,-0.0006843244191125919,3,False,46.749571718981656,0.0,True,0
11,LASSO,10000.0,1.0,46.749571718981656,7.567388109120286,-0.0006843244191125919,3,False,46.749571718981656,0.0,True,0
11,LASSO,100000.0,1.0,46.749571718981656,7.567388109120286,-0.0006843244191125919,3,False,46.749571718981656,0.0,True,0
11,LASSO,1000000.0,1.0,46.749571718981656,7.567388109120286,-0.0006843244191125919,3,False,46.749571718981656,0.0,True,0
11,ElasticNet,100.0,0.1,46.749571718981656,7.567388109120286,-0.0006843244191125919,3,False,46.749571718981656,0.0,True,0
11,ElasticNet,1000.0,0.1,46.749571718981656,7.567388109120286,-0.0006843244191125919,3,False,46.749571718981656,0.0,True,0
11,ElasticNet,10000.0,0.1,46.749571718981656,7.567388109120286,-0.0006843244191125919,3,False,46.749571718981656,0.0,True,0
11,ElasticNet,100000.0,0.1,46.749571718981656,7.567388109120286,-0.0006843244191125919,3,False,46.749571718981656,0.0,True,0
11,ElasticNet,1000000.0,0.1,46.749571718981656,7.567388109120286,-0.0006843244191125919,3,False,46.749571718981656,0.0,True,0
11,ElasticNet,100.0,0.3,46.749571718981656,7.567388109120286,-0.0006843244191125919,3,False,46.749571718981656,0.0,True,0
11,ElasticNet,1000.0,0.3,46.749571718981656,7.567388109120286,-0.0006843244191125919,3,False,46.749571718981656,0.0,True,0
11,ElasticNet,10000.0,0.3,46.749571718981656,7.567388109120286,-0.0006843244191125919,3,False,46.749571718981656,0.0,True,0
11,ElasticNet,100000.0,0.3,46.749571718981656,7.567388109120286,-0.0006843244191125919,3,False,46.749571718981656,0.0,True,0
11,ElasticNet,1000000.0,0.3,46.749571718981656,7.567388109120286,-0.0006843244191125919,3,False,46.749571718981656,0.0,True,0
11,ElasticNet,10.0,0.5,46.749571718981656,7.567388109120286,-0.0006843244191125919,3,False,46.749571718981656,0.0,True,0
11,ElasticNet,100.0,0.5,46.749571718981656,7.567388109120286,-0.0006843244191125919,3,False,46.749571718981656,0.0,True,0
11,ElasticNet,1000.0,0.5,46.749571718981656,7.567388109120286,-0.0006843244191125919,3,False,46.749571718981656,0.0,True,0
11,ElasticNet,10000.0,0.5,46.749571718981656,7.567388109120286,-0.0006843244191125919,3,False,46.749571718981656,0.0,True,0
11,ElasticNet,100000.0,0.5,46.749571718981656,7.567388109120286,-0.0006843244191125919,3,False,46.749571718981656,0.0,True,0
11,ElasticNet,1000000.0,0.5,46.749571718981656,7.567388109120286,-0.0006843244191125919,3,False,46.749571718981656,0.0,True,0
11,ElasticNet,10.0,0.7,46.749571718981656,7.567388109120286,-0.0006843244191125919,3,False,46.749571718981656,0.0,True,0
11,ElasticNet,100.0,0.7,46.749571718981656,7.567388109120286,-0.0006843244191125919,3,False,46.749571718981656,0.0,True,0
11,ElasticNet,1000.0,0.7,46.749571718981656,7.567388109120286,-0.0006843244191125919,3,False,46.749571718981656,0.0,True,0
11,ElasticNet,10000.0,0.7,46.749571718981656,7.567388109120286,-0.0006843244191125919,3,False,46.749571718981656,0.0,True,0
11,ElasticNet,100000.0,0.7,46.749571718981656,7.567388109120286,-0.0006843244191125919,3,False,46.749571718981656,0.0,True,0
11,ElasticNet,1000000.0,0.7,46.749571718981656,7.567388109120286,-0.0006843244191125919,3,False,46.749571718981656,0.0,True,0
11,ElasticNet,10.0,0.9,46.749571718981656,7.567388109120286,-0.0006843244191125919,3,False,46.749571718981656,0.0,True,0
11,ElasticNet,100.0,0.9,46.749571718981656,7.567388109120286,-0.0006843244191125919,3,False,46.749571718981656,0.0,True,0
11,ElasticNet,1000.0,0.9,46.749571718981656,7.567388109120286,-0.0006843244191125919,3,False,46.749571718981656,0.0,True,0
11,ElasticNet,10000.0,0.9,46.749571718981656,7.567388109120286,-0.0006843244191125919,3,False,46.749571718981656,0.0,True,0
11,ElasticNet,100000.0,0.9,46.749571718981656,7.567388109120286,-0.0006843244191125919,3,False,46.749571718981656,0.0,True,0
11,ElasticNet,1000000.0,0.9,46.749571718981656,7.567388109120286,-0.0006843244191125919,3,False,46.749571718981656,0.0,True,0
11,ElasticNet,10.0,0.95,46.749571718981656,7.567388109120286,-0.0006843244191125919,3,False,46.749571718981656,0.0,True,0
11,ElasticNet,100.0,0.95,46.749571718981656,7.567388109120286,-0.0006843244191125919,3,False,46.749571718981656,0.0,True,0
11,ElasticNet,1000.0,0.95,46.749571718981656,7.567388109120286,-0.0006843244191125919,3,False,46.749571718981656,0.0,True,0
11,ElasticNet,10000.0,0.95,46.749571718981656,7.567388109120286,-0.0006843244191125919,3,False,46.749571718981656,0.0,True,0
11,ElasticNet,100000.0,0.95,46.749571718981656,7.567388109120286,-0.0006843244191125919,3,False,46.749571718981656,0.0,True,0
11,ElasticNet,1000000.0,0.95,46.749571718981656,7.567388109120286,-0.0006843244191125919,3,False,46.749571718981656,0.0,True,0
12,LASSO,10.0,1.0,46.749571718981656,7.567388109120286,-0.0006843244191125919,3,False,46.749571718981656,0.0,True,0
12,LASSO,100.0,1.0,46.749571718981656,7.567388109120286,-0.0006843244191125919,3,False,46.749571718981656,0.0,True,0
12,LASSO,1000.0,1.0,46.749571718981656,7.567388109120286,-0.0006843244191125919,3,False,46.749571718981656,0.0,True,0
12,LASSO,10000.0,1.0,46.749571718981656,7.567388109120286,-0.0006843244191125919,3,False,46.749571718981656,0.0,True,0
12,LASSO,100000.0,1.0,46.749571718981656,7.567388109120286,-0.0006843244191125919,3,False,46.749571718981656,0.0,True,0
12,LASSO,1000000.0,1.0,46.749571718981656,7.567388109120286,-0.0006843244191125919,3,False,46.749571718981656,0.0,True,0
12,ElasticNet,100.0,0.1,46.749571718981656,7.567388109120286,-0.0006843244191125919,3,False,46.749571718981656,0.0,True,0
12,ElasticNet,1000.0,0.1,46.749571718981656,7.567388109120286,-0.0006843244191125919,3,False,46.749571718981656,0.0,True,0
12,ElasticNet,10000.0,0.1,46.749571718981656,7.567388109120286,-0.0006843244191125919,3,False,46.749571718981656,0.0,True,0
12,ElasticNet,100000.0,0.1,46.749571718981656,7.567388109120286,-0.0006843244191125919,3,False,46.749571718981656,0.0,True,0
12,ElasticNet,1000000.0,0.1,46.749571718981656,7.567388109120286,-0.0006843244191125919,3,False,46.749571718981656,0.0,True,0
12,ElasticNet,100.0,0.3,46.749571718981656,7.567388109120286,-0.0006843244191125919,3,False,46.749571718981656,0.0,True,0
12,ElasticNet,1000.0,0.3,46.749571718981656,7.567388109120286,-0.0006843244191125919,3,False,46.749571718981656,0.0,True,0
12,ElasticNet,10000.0,0.3,46.749571718981656,7.567388109120286,-0.0006843244191125919,3,False,46.749571718981656,0.0,True,0
12,ElasticNet,100000.0,0.3,46.749571718981656,7.567388109120286,-0.0006843244191125919,3,False,46.749571718981656,0.0,True,0
12,ElasticNet,1000000.0,0.3,46.749571718981656,7.567388109120286,-0.0006843244191125919,3,False,46.749571718981656,0.0,True,0
12,ElasticNet,10.0,0.5,46.749571718981656,7.567388109120286,-0.0006843244191125919,3,False,46.749571718981656,0.0,True,0
12,ElasticNet,100.0,0.5,46.749571718981656,7.567388109120286,-0.0006843244191125919,3,False,46.749571718981656,0.0,True,0
12,ElasticNet,1000.0,0.5,46.749571718981656,7.567388109120286,-0.0006843244191125919,3,False,46.749571718981656,0.0,True,0
12,ElasticNet,10000.0,0.5,46.749571718981656,7.567388109120286,-0.0006843244191125919,3,False,46.749571718981656,0.0,True,0
12,ElasticNet,100000.0,0.5,46.749571718981656,7.567388109120286,-0.0006843244191125919,3,False,46.749571718981656,0.0,True,0
12,ElasticNet,1000000.0,0.5,46.749571718981656,7.567388109120286,-0.0006843244191125919,3,False,46.749571718981656,0.0,True,0
12,ElasticNet,10.0,0.7,46.749571718981656,7.567388109120286,-0.0006843244191125919,3,False,46.749571718981656,0.0,True,0
12,ElasticNet,100.0,0.7,46.749571718981656,7.567388109120286,-0.0006843244191125919,3,False,46.749571718981656,0.0,True,0
12,ElasticNet,1000.0,0.7,46.749571718981656,7.567388109120286,-0.0006843244191125919,3,False,46.749571718981656,0.0,True,0
12,ElasticNet,10000.0,0.7,46.749571718981656,7.567388109120286,-0.0006843244191125919,3,False,46.749571718981656,0.0,True,0
12,ElasticNet,100000.0,0.7,46.749571718981656,7.567388109120286,-0.0006843244191125919,3,False,46.749571718981656,0.0,True,0
12,ElasticNet,1000000.0,0.7,46.749571718981656,7.567388109120286,-0.0006843244191125919,3,False,46.749571718981656,0.0,True,0
12,ElasticNet,10.0,0.9,46.749571718981656,7.567388109120286,-0.0006843244191125919,3,False,46.749571718981656,0.0,True,0
12,ElasticNet,100.0,0.9,46.749571718981656,7.567388109120286,-0.0006843244191125919,3,False,46.749571718981656,0.0,True,0
12,ElasticNet,1000.0,0.9,46.749571718981656,7.567388109120286,-0.0006843244191125919,3,False,46.749571718981656,0.0,True,0
12,ElasticNet,10000.0,0.9,46.749571718981656,7.567388109120286,-0.0006843244191125919,3,False,46.749571718981656,0.0,True,0
12,ElasticNet,100000.0,0.9,46.749571718981656,7.567388109120286,-0.0006843244191125919,3,False,46.749571718981656,0.0,True,0
12,ElasticNet,1000000.0,0.9,46.749571718981656,7.567388109120286,-0.0006843244191125919,3,False,46.749571718981656,0.0,True,0
12,ElasticNet,10.0,0.95,46.749571718981656,7.567388109120286,-0.0006843244191125919,3,False,46.749571718981656,0.0,True,0
12,ElasticNet,100.0,0.95,46.749571718981656,7.567388109120286,-0.0006843244191125919,3,False,46.749571718981656,0.0,True,0
12,ElasticNet,1000.0,0.95,46.749571718981656,7.567388109120286,-0.0006843244191125919,3,False,46.749571718981656,0.0,True,0
12,ElasticNet,10000.0,0.95,46.749571718981656,7.567388109120286,-0.0006843244191125919,3,False,46.749571718981656,0.0,True,0
12,ElasticNet,100000.0,0.95,46.749571718981656,7.567388109120286,-0.0006843244191125919,3,False,46.749571718981656,0.0,True,0
12,ElasticNet,1000000.0,0.95,46.749571718981656,7.567388109120286,-0.0006843244191125919,3,False,46.749571718981656,0.0,True,0
13,LASSO,10.0,1.0,46.749571718981656,7.567388109120286,-0.0006843244191125919,3,False,46.749571718981656,0.0,True,0
13,LASSO,100.0,1.0,46.749571718981656,7.567388109120286,-0.0006843244191125919,3,False,46.749571718981656,0.0,True,0
13,LASSO,1000.0,1.0,46.749571718981656,7.567388109120286,-0.0006843244191125919,3,False,46.749571718981656,0.0,True,0
13,LASSO,10000.0,1.0,46.749571718981656,7.567388109120286,-0.0006843244191125919,3,False,46.749571718981656,0.0,True,0
13,LASSO,100000.0,1.0,46.749571718981656,7.567388109120286,-0.0006843244191125919,3,False,46.749571718981656,0.0,True,0
13,LASSO,1000000.0,1.0,46.749571718981656,7.567388109120286,-0.0006843244191125919,3,False,46.749571718981656,0.0,True,0
13,ElasticNet,100.0,0.1,46.749571718981656,7.567388109120286,-0.0006843244191125919,3,False,46.749571718981656,0.0,True,0
13,ElasticNet,1000.0,0.1,46.749571718981656,7.567388109120286,-0.0006843244191125919,3,False,46.749571718981656,0.0,True,0
13,ElasticNet,10000.0,0.1,46.749571718981656,7.567388109120286,-0.0006843244191125919,3,False,46.749571718981656,0.0,True,0
13,ElasticNet,100000.0,0.1,46.749571718981656,7.567388109120286,-0.0006843244191125919,3,False,46.749571718981656,0.0,True,0
13,ElasticNet,1000000.0,0.1,46.749571718981656,7.567388109120286,-0.0006843244191125919,3,False,46.749571718981656,0.0,True,0
13,ElasticNet,100.0,0.3,46.749571718981656,7.567388109120286,-0.0006843244191125919,3,False,46.749571718981656,0.0,True,0
13,ElasticNet,1000.0,0.3,46.749571718981656,7.567388109120286,-0.0006843244191125919,3,False,46.749571718981656,0.0,True,0
13,ElasticNet,10000.0,0.3,46.749571718981656,7.567388109120286,-0.0006843244191125919,3,False,46.749571718981656,0.0,True,0
13,ElasticNet,100000.0,0.3,46.749571718981656,7.567388109120286,-0.0006843244191125919,3,False,46.749571718981656,0.0,True,0
13,ElasticNet,1000000.0,0.3,46.749571718981656,7.567388109120286,-0.0006843244191125919,3,False,46.749571718981656,0.0,True,0
13,ElasticNet,10.0,0.5,46.749571718981656,7.567388109120286,-0.0006843244191125919,3,False,46.749571718981656,0.0,True,0
13,ElasticNet,100.0,0.5,46.749571718981656,7.567388109120286,-0.0006843244191125919,3,False,46.749571718981656,0.0,True,0
13,ElasticNet,1000.0,0.5,46.749571718981656,7.567388109120286,-0.0006843244191125919,3,False,46.749571718981656,0.0,True,0
13,ElasticNet,10000.0,0.5,46.749571718981656,7.567388109120286,-0.0006843244191125919,3,False,46.749571718981656,0.0,True,0
13,ElasticNet,100000.0,0.5,46.749571718981656,7.567388109120286,-0.0006843244191125919,3,False,46.749571718981656,0.0,True,0
13,ElasticNet,1000000.0,0.5,46.749571718981656,7.567388109120286,-0.0006843244191125919,3,False,46.749571718981656,0.0,True,0
13,ElasticNet,10.0,0.7,46.749571718981656,7.567388109120286,-0.0006843244191125919,3,False,46.749571718981656,0.0,True,0
13,ElasticNet,100.0,0.7,46.749571718981656,7.567388109120286,-0.0006843244191125919,3,False,46.749571718981656,0.0,True,0
13,ElasticNet,1000.0,0.7,46.749571718981656,7.567388109120286,-0.0006843244191125919,3,False,46.749571718981656,0.0,True,0
13,ElasticNet,10000.0,0.7,46.749571718981656,7.567388109120286,-0.0006843244191125919,3,False,46.749571718981656,0.0,True,0
13,ElasticNet,100000.0,0.7,46.749571718981656,7.567388109120286,-0.0006843244191125919,3,False,46.749571718981656,0.0,True,0
13,ElasticNet,1000000.0,0.7,46.749571718981656,7.567388109120286,-0.0006843244191125919,3,False,46.749571718981656,0.0,True,0
13,ElasticNet,10.0,0.9,46.749571718981656,7.567388109120286,-0.0006843244191125919,3,False,46.749571718981656,0.0,True,0
13,ElasticNet,100.0,0.9,46.749571718981656,7.567388109120286,-0.0006843244191125919,3,False,46.749571718981656,0.0,True,0
13,ElasticNet,1000.0,0.9,46.749571718981656,7.567388109120286,-0.0006843244191125919,3,False,46.749571718981656,0.0,True,0
13,ElasticNet,10000.0,0.9,46.749571718981656,7.567388109120286,-0.0006843244191125919,3,False,46.749571718981656,0.0,True,0
13,ElasticNet,100000.0,0.9,46.749571718981656,7.567388109120286,-0.0006843244191125919,3,False,46.749571718981656,0.0,True,0
13,ElasticNet,1000000.0,0.9,46.749571718981656,7.567388109120286,-0.0006843244191125919,3,False,46.749571718981656,0.0,True,0
13,ElasticNet,10.0,0.95,46.749571718981656,7.567388109120286,-0.0006843244191125919,3,False,46.749571718981656,0.0,True,0
13,ElasticNet,100.0,0.95,46.749571718981656,7.567388109120286,-0.0006843244191125919,3,False,46.749571718981656,0.0,True,0
13,ElasticNet,1000.0,0.95,46.749571718981656,7.567388109120286,-0.0006843244191125919,3,False,46.749571718981656,0.0,True,0
13,ElasticNet,10000.0,0.95,46.749571718981656,7.567388109120286,-0.0006843244191125919,3,False,46.749571718981656,0.0,True,0
13,ElasticNet,100000.0,0.95,46.749571718981656,7.567388109120286,-0.0006843244191125919,3,False,46.749571718981656,0.0,True,0
13,ElasticNet,1000000.0,0.95,46.749571718981656,7.567388109120286,-0.0006843244191125919,3,False,46.749571718981656,0.0,True,0
14,LASSO,10.0,1.0,46.749571718981656,7.567388109120286,-0.0006843244191125919,3,False,46.749571718981656,0.0,True,0
14,LASSO,100.0,1.0,46.749571718981656,7.567388109120286,-0.0006843244191125919,3,False,46.749571718981656,0.0,True,0
14,LASSO,1000.0,1.0,46.749571718981656,7.567388109120286,-0.0006843244191125919,3,False,46.749571718981656,0.0,True,0
14,LASSO,10000.0,1.0,46.749571718981656,7.567388109120286,-0.0006843244191125919,3,False,46.749571718981656,0.0,True,0
14,LASSO,100000.0,1.0,46.749571718981656,7.567388109120286,-0.0006843244191125919,3,False,46.749571718981656,0.0,True,0
14,LASSO,1000000.0,1.0,46.749571718981656,7.567388109120286,-0.0006843244191125919,3,False,46.749571718981656,0.0,True,0
14,ElasticNet,100.0,0.1,46.749571718981656,7.567388109120286,-0.0006843244191125919,3,False,46.749571718981656,0.0,True,0
14,ElasticNet,1000.0,0.1,46.749571718981656,7.567388109120286,-0.0006843244191125919,3,False,46.749571718981656,0.0,True,0
14,ElasticNet,10000.0,0.1,46.749571718981656,7.567388109120286,-0.0006843244191125919,3,False,46.749571718981656,0.0,True,0
14,ElasticNet,100000.0,0.1,46.749571718981656,7.567388109120286,-0.0006843244191125919,3,False,46.749571718981656,0.0,True,0
14,ElasticNet,1000000.0,0.1,46.749571718981656,7.567388109120286,-0.0006843244191125919,3,False,46.749571718981656,0.0,True,0
14,ElasticNet,100.0,0.3,46.749571718981656,7.567388109120286,-0.0006843244191125919,3,False,46.749571718981656,0.0,True,0
14,ElasticNet,1000.0,0.3,46.749571718981656,7.567388109120286,-0.0006843244191125919,3,False,46.749571718981656,0.0,True,0
14,ElasticNet,10000.0,0.3,46.749571718981656,7.567388109120286,-0.0006843244191125919,3,False,46.749571718981656,0.0,True,0
14,ElasticNet,100000.0,0.3,46.749571718981656,7.567388109120286,-0.0006843244191125919,3,False,46.749571718981656,0.0,True,0
14,ElasticNet,1000000.0,0.3,46.749571718981656,7.567388109120286,-0.0006843244191125919,3,False,46.749571718981656,0.0,True,0
14,ElasticNet,10.0,0.5,46.749571718981656,7.567388109120286,-0.0006843244191125919,3,False,46.749571718981656,0.0,True,0
14,ElasticNet,100.0,0.5,46.749571718981656,7.567388109120286,-0.0006843244191125919,3,False,46.749571718981656,0.0,True,0
14,ElasticNet,1000.0,0.5,46.749571718981656,7.567388109120286,-0.0006843244191125919,3,False,46.749571718981656,0.0,True,0
14,ElasticNet,10000.0,0.5,46.749571718981656,7.567388109120286,-0.0006843244191125919,3,False,46.749571718981656,0.0,True,0
14,ElasticNet,100000.0,0.5,46.749571718981656,7.567388109120286,-0.0006843244191125919,3,False,46.749571718981656,0.0,True,0
14,ElasticNet,1000000.0,0.5,46.749571718981656,7.567388109120286,-0.0006843244191125919,3,False,46.749571718981656,0.0,True,0
14,ElasticNet,10.0,0.7,46.749571718981656,7.567388109120286,-0.0006843244191125919,3,False,46.749571718981656,0.0,True,0
14,ElasticNet,100.0,0.7,46.749571718981656,7.567388109120286,-0.0006843244191125919,3,False,46.749571718981656,0.0,True,0
14,ElasticNet,1000.0,0.7,46.749571718981656,7.567388109120286,-0.0006843244191125919,3,False,46.749571718981656,0.0,True,0
14,ElasticNet,10000.0,0.7,46.749571718981656,7.567388109120286,-0.0006843244191125919,3,False,46.749571718981656,0.0,True,0
14,ElasticNet,100000.0,0.7,46.749571718981656,7.567388109120286,-0.0006843244191125919,3,False,46.749571718981656,0.0,True,0
14,ElasticNet,1000000.0,0.7,46.749571718981656,7.567388109120286,-0.0006843244191125919,3,False,46.749571718981656,0.0,True,0
14,ElasticNet,10.0,0.9,46.749571718981656,7.567388109120286,-0.0006843244191125919,3,False,46.749571718981656,0.0,True,0
14,ElasticNet,100.0,0.9,46.749571718981656,7.567388109120286,-0.0006843244191125919,3,False,46.749571718981656,0.0,True,0
14,ElasticNet,1000.0,0.9,46.749571718981656,7.567388109120286,-0.0006843244191125919,3,False,46.749571718981656,0.0,True,0
14,ElasticNet,10000.0,0.9,46.749571718981656,7.567388109120286,-0.0006843244191125919,3,False,46.749571718981656,0.0,True,0
14,ElasticNet,100000.0,0.9,46.749571718981656,7.567388109120286,-0.0006843244191125919,3,False,46.749571718981656,0.0,True,0
14,ElasticNet,1000000.0,0.9,46.749571718981656,7.567388109120286,-0.0006843244191125919,3,False,46.749571718981656,0.0,True,0
14,ElasticNet,10.0,0.95,46.749571718981656,7.567388109120286,-0.0006843244191125919,3,False,46.749571718981656,0.0,True,0
14,ElasticNet,100.0,0.95,46.749571718981656,7.567388109120286,-0.0006843244191125919,3,False,46.749571718981656,0.0,True,0
14,ElasticNet,1000.0,0.95,46.749571718981656,7.567388109120286,-0.0006843244191125919,3,False,46.749571718981656,0.0,True,0
14,ElasticNet,10000.0,0.95,46.749571718981656,7.567388109120286,-0.0006843244191125919,3,False,46.749571718981656,0.0,True,0
14,ElasticNet,100000.0,0.95,46.749571718981656,7.567388109120286,-0.0006843244191125919,3,False,46.749571718981656,0.0,True,0
14,ElasticNet,1000000.0,0.95,46.749571718981656,7.567388109120286,-0.0006843244191125919,3,False,46.749571718981656,0.0,True,0
15,LASSO,10.0,1.0,46.749571718981656,7.567388109120286,-0.0006843244191125919,3,False,46.749571718981656,0.0,True,0
15,LASSO,100.0,1.0,46.749571718981656,7.567388109120286,-0.0006843244191125919,3,False,46.749571718981656,0.0,True,0
15,LASSO,1000.0,1.0,46.749571718981656,7.567388109120286,-0.0006843244191125919,3,False,46.749571718981656,0.0,True,0
15,LASSO,10000.0,1.0,46.749571718981656,7.567388109120286,-0.0006843244191125919,3,False,46.749571718981656,0.0,True,0
15,LASSO,100000.0,1.0,46.749571718981656,7.567388109120286,-0.0006843244191125919,3,False,46.749571718981656,0.0,True,0
15,LASSO,1000000.0,1.0,46.749571718981656,7.567388109120286,-0.0006843244191125919,3,False,46.749571718981656,0.0,True,0
15,ElasticNet,100.0,0.1,46.749571718981656,7.567388109120286,-0.0006843244191125919,3,False,46.749571718981656,0.0,True,0
15,ElasticNet,1000.0,0.1,46.749571718981656,7.567388109120286,-0.0006843244191125919,3,False,46.749571718981656,0.0,True,0
15,ElasticNet,10000.0,0.1,46.749571718981656,7.567388109120286,-0.0006843244191125919,3,False,46.749571718981656,0.0,True,0
15,ElasticNet,100000.0,0.1,46.749571718981656,7.567388109120286,-0.0006843244191125919,3,False,46.749571718981656,0.0,True,0
15,ElasticNet,1000000.0,0.1,46.749571718981656,7.567388109120286,-0.0006843244191125919,3,False,46.749571718981656,0.0,True,0
15,ElasticNet,100.0,0.3,46.749571718981656,7.567388109120286,-0.0006843244191125919,3,False,46.749571718981656,0.0,True,0
15,ElasticNet,1000.0,0.3,46.749571718981656,7.567388109120286,-0.0006843244191125919,3,False,46.749571718981656,0.0,True,0
15,ElasticNet,10000.0,0.3,46.749571718981656,7.567388109120286,-0.0006843244191125919,3,False,46.749571718981656,0.0,True,0
15,ElasticNet,100000.0,0.3,46.749571718981656,7.567388109120286,-0.0006843244191125919,3,False,46.749571718981656,0.0,True,0
15,ElasticNet,1000000.0,0.3,46.749571718981656,7.567388109120286,-0.0006843244191125919,3,False,46.749571718981656,0.0,True,0
15,ElasticNet,10.0,0.5,46.749571718981656,7.567388109120286,-0.0006843244191125919,3,False,46.749571718981656,0.0,True,0
15,ElasticNet,100.0,0.5,46.749571718981656,7.567388109120286,-0.0006843244191125919,3,False,46.749571718981656,0.0,True,0
15,ElasticNet,1000.0,0.5,46.749571718981656,7.567388109120286,-0.0006843244191125919,3,False,46.749571718981656,0.0,True,0
15,ElasticNet,10000.0,0.5,46.749571718981656,7.567388109120286,-0.0006843244191125919,3,False,46.749571718981656,0.0,True,0
15,ElasticNet,100000.0,0.5,46.749571718981656,7.567388109120286,-0.0006843244191125919,3,False,46.749571718981656,0.0,True,0
15,ElasticNet,1000000.0,0.5,46.749571718981656,7.567388109120286,-0.0006843244191125919,3,False,46.749571718981656,0.0,True,0
15,ElasticNet,10.0,0.7,46.749571718981656,7.567388109120286,-0.0006843244191125919,3,False,46.749571718981656,0.0,True,0
15,ElasticNet,100.0,0.7,46.749571718981656,7.567388109120286,-0.0006843244191125919,3,False,46.749571718981656,0.0,True,0
15,ElasticNet,1000.0,0.7,46.749571718981656,7.567388109120286,-0.0006843244191125919,3,False,46.749571718981656,0.0,True,0
15,ElasticNet,10000.0,0.7,46.749571718981656,7.567388109120286,-0.0006843244191125919,3,False,46.749571718981656,0.0,True,0
15,ElasticNet,100000.0,0.7,46.749571718981656,7.567388109120286,-0.0006843244191125919,3,False,46.749571718981656,0.0,True,0
15,ElasticNet,1000000.0,0.7,46.749571718981656,7.567388109120286,-0.0006843244191125919,3,False,46.749571718981656,0.0,True,0
15,ElasticNet,10.0,0.9,46.749571718981656,7.567388109120286,-0.0006843244191125919,3,False,46.749571718981656,0.0,True,0
15,ElasticNet,100.0,0.9,46.749571718981656,7.567388109120286,-0.0006843244191125919,3,False,46.749571718981656,0.0,True,0
15,ElasticNet,1000.0,0.9,46.749571718981656,7.567388109120286,-0.0006843244191125919,3,False,46.749571718981656,0.0,True,0
15,ElasticNet,10000.0,0.9,46.749571718981656,7.567388109120286,-0.0006843244191125919,3,False,46.749571718981656,0.0,True,0
15,ElasticNet,100000.0,0.9,46.749571718981656,7.567388109120286,-0.0006843244191125919,3,False,46.749571718981656,0.0,True,0
15,ElasticNet,1000000.0,0.9,46.749571718981656,7.567388109120286,-0.0006843244191125919,3,False,46.749571718981656,0.0,True,0
15,ElasticNet,10.0,0.95,46.749571718981656,7.567388109120286,-0.0006843244191125919,3,False,46.749571718981656,0.0,True,0
15,ElasticNet,100.0,0.95,46.749571718981656,7.567388109120286,-0.0006843244191125919,3,False,46.749571718981656,0.0,True,0
15,ElasticNet,1000.0,0.95,46.749571718981656,7.567388109120286,-0.0006843244191125919,3,False,46.749571718981656,0.0,True,0
15,ElasticNet,10000.0,0.95,46.749571718981656,7.567388109120286,-0.0006843244191125919,3,False,46.749571718981656,0.0,True,0
15,ElasticNet,100000.0,0.95,46.749571718981656,7.567388109120286,-0.0006843244191125919,3,False,46.749571718981656,0.0,True,0
15,ElasticNet,1000000.0,0.95,46.749571718981656,7.567388109120286,-0.0006843244191125919,3,False,46.749571718981656,0.0,True,0
16,LASSO,10.0,1.0,46.749571718981656,7.567388109120286,-0.0006843244191125919,3,False,46.749571718981656,0.0,True,0
16,LASSO,100.0,1.0,46.749571718981656,7.567388109120286,-0.0006843244191125919,3,False,46.749571718981656,0.0,True,0
16,LASSO,1000.0,1.0,46.749571718981656,7.567388109120286,-0.0006843244191125919,3,False,46.749571718981656,0.0,True,0
16,LASSO,10000.0,1.0,46.749571718981656,7.567388109120286,-0.0006843244191125919,3,False,46.749571718981656,0.0,True,0
16,LASSO,100000.0,1.0,46.749571718981656,7.567388109120286,-0.0006843244191125919,3,False,46.749571718981656,0.0,True,0
16,LASSO,1000000.0,1.0,46.749571718981656,7.567388109120286,-0.0006843244191125919,3,False,46.749571718981656,0.0,True,0
16,ElasticNet,100.0,0.1,46.749571718981656,7.567388109120286,-0.0006843244191125919,3,False,46.749571718981656,0.0,True,0
16,ElasticNet,1000.0,0.1,46.749571718981656,7.567388109120286,-0.0006843244191125919,3,False,46.749571718981656,0.0,True,0
16,ElasticNet,10000.0,0.1,46.749571718981656,7.567388109120286,-0.0006843244191125919,3,False,46.749571718981656,0.0,True,0
16,ElasticNet,100000.0,0.1,46.749571718981656,7.567388109120286,-0.0006843244191125919,3,False,46.749571718981656,0.0,True,0
16,ElasticNet,1000000.0,0.1,46.749571718981656,7.567388109120286,-0.0006843244191125919,3,False,46.749571718981656,0.0,True,0
16,ElasticNet,100.0,0.3,46.749571718981656,7.567388109120286,-0.0006843244191125919,3,False,46.749571718981656,0.0,True,0
16,ElasticNet,1000.0,0.3,46.749571718981656,7.567388109120286,-0.0006843244191125919,3,False,46.749571718981656,0.0,True,0
16,ElasticNet,10000.0,0.3,46.749571718981656,7.567388109120286,-0.0006843244191125919,3,False,46.749571718981656,0.0,True,0
16,ElasticNet,100000.0,0.3,46.749571718981656,7.567388109120286,-0.0006843244191125919,3,False,46.749571718981656,0.0,True,0
16,ElasticNet,1000000.0,0.3,46.749571718981656,7.567388109120286,-0.0006843244191125919,3,False,46.749571718981656,0.0,True,0
16,ElasticNet,10.0,0.5,46.749571718981656,7.567388109120286,-0.0006843244191125919,3,False,46.749571718981656,0.0,True,0
16,ElasticNet,100.0,0.5,46.749571718981656,7.567388109120286,-0.0006843244191125919,3,False,46.749571718981656,0.0,True,0
16,ElasticNet,1000.0,0.5,46.749571718981656,7.567388109120286,-0.0006843244191125919,3,False,46.749571718981656,0.0,True,0
16,ElasticNet,10000.0,0.5,46.749571718981656,7.567388109120286,-0.0006843244191125919,3,False,46.749571718981656,0.0,True,0
16,ElasticNet,100000.0,0.5,46.749571718981656,7.567388109120286,-0.0006843244191125919,3,False,46.749571718981656,0.0,True,0
16,ElasticNet,1000000.0,0.5,46.749571718981656,7.567388109120286,-0.0006843244191125919,3,False,46.749571718981656,0.0,True,0
16,ElasticNet,10.0,0.7,46.749571718981656,7.567388109120286,-0.0006843244191125919,3,False,46.749571718981656,0.0,True,0
16,ElasticNet,100.0,0.7,46.749571718981656,7.567388109120286,-0.0006843244191125919,3,False,46.749571718981656,0.0,True,0
16,ElasticNet,1000.0,0.7,46.749571718981656,7.567388109120286,-0.0006843244191125919,3,False,46.749571718981656,0.0,True,0
16,ElasticNet,10000.0,0.7,46.749571718981656,7.567388109120286,-0.0006843244191125919,3,False,46.749571718981656,0.0,True,0
16,ElasticNet,100000.0,0.7,46.749571718981656,7.567388109120286,-0.0006843244191125919,3,False,46.749571718981656,0.0,True,0
16,ElasticNet,1000000.0,0.7,46.749571718981656,7.567388109120286,-0.0006843244191125919,3,False,46.749571718981656,0.0,True,0
16,ElasticNet,10.0,0.9,46.749571718981656,7.567388109120286,-0.0006843244191125919,3,False,46.749571718981656,0.0,True,0
16,ElasticNet,100.0,0.9,46.749571718981656,7.567388109120286,-0.0006843244191125919,3,False,46.749571718981656,0.0,True,0
16,ElasticNet,1000.0,0.9,46.749571718981656,7.567388109120286,-0.0006843244191125919,3,False,46.749571718981656,0.0,True,0
16,ElasticNet,10000.0,0.9,46.749571718981656,7.567388109120286,-0.0006843244191125919,3,False,46.749571718981656,0.0,True,0
16,ElasticNet,100000.0,0.9,46.749571718981656,7.567388109120286,-0.0006843244191125919,3,False,46.749571718981656,0.0,True,0
16,ElasticNet,1000000.0,0.9,46.749571718981656,7.567388109120286,-0.0006843244191125919,3,False,46.749571718981656,0.0,True,0
16,ElasticNet,10.0,0.95,46.749571718981656,7.567388109120286,-0.0006843244191125919,3,False,46.749571718981656,0.0,True,0
16,ElasticNet,100.0,0.95,46.749571718981656,7.567388109120286,-0.0006843244191125919,3,False,46.749571718981656,0.0,True,0
16,ElasticNet,1000.0,0.95,46.749571718981656,7.567388109120286,-0.0006843244191125919,3,False,46.749571718981656,0.0,True,0
16,ElasticNet,10000.0,0.95,46.749571718981656,7.567388109120286,-0.0006843244191125919,3,False,46.749571718981656,0.0,True,0
16,ElasticNet,100000.0,0.95,46.749571718981656,7.567388109120286,-0.0006843244191125919,3,False,46.749571718981656,0.0,True,0
16,ElasticNet,1000000.0,0.95,46.749571718981656,7.567388109120286,-0.0006843244191125919,3,False,46.749571718981656,0.0,True,0
17,LASSO,10.0,1.0,46.749571718981656,7.567388109120286,-0.0006843244191125919,3,False,46.749571718981656,0.0,True,0
17,LASSO,100.0,1.0,46.749571718981656,7.567388109120286,-0.0006843244191125919,3,False,46.749571718981656,0.0,True,0
17,LASSO,1000.0,1.0,46.749571718981656,7.567388109120286,-0.0006843244191125919,3,False,46.749571718981656,0.0,True,0
17,LASSO,10000.0,1.0,46.749571718981656,7.567388109120286,-0.0006843244191125919,3,False,46.749571718981656,0.0,True,0
17,LASSO,100000.0,1.0,46.749571718981656,7.567388109120286,-0.0006843244191125919,3,False,46.749571718981656,0.0,True,0
17,LASSO,1000000.0,1.0,46.749571718981656,7.567388109120286,-0.0006843244191125919,3,False,46.749571718981656,0.0,True,0
17,ElasticNet,100.0,0.1,46.749571718981656,7.567388109120286,-0.0006843244191125919,3,False,46.749571718981656,0.0,True,0
17,ElasticNet,1000.0,0.1,46.749571718981656,7.567388109120286,-0.0006843244191125919,3,False,46.749571718981656,0.0,True,0
17,ElasticNet,10000.0,0.1,46.749571718981656,7.567388109120286,-0.0006843244191125919,3,False,46.749571718981656,0.0,True,0
17,ElasticNet,100000.0,0.1,46.749571718981656,7.567388109120286,-0.0006843244191125919,3,False,46.749571718981656,0.0,True,0
17,ElasticNet,1000000.0,0.1,46.749571718981656,7.567388109120286,-0.0006843244191125919,3,False,46.749571718981656,0.0,True,0
17,ElasticNet,100.0,0.3,46.749571718981656,7.567388109120286,-0.0006843244191125919,3,False,46.749571718981656,0.0,True,0
17,ElasticNet,1000.0,0.3,46.749571718981656,7.567388109120286,-0.0006843244191125919,3,False,46.749571718981656,0.0,True,0
17,ElasticNet,10000.0,0.3,46.749571718981656,7.567388109120286,-0.0006843244191125919,3,False,46.749571718981656,0.0,True,0
17,ElasticNet,100000.0,0.3,46.749571718981656,7.567388109120286,-0.0006843244191125919,3,False,46.749571718981656,0.0,True,0
17,ElasticNet,1000000.0,0.3,46.749571718981656,7.567388109120286,-0.0006843244191125919,3,False,46.749571718981656,0.0,True,0
17,ElasticNet,10.0,0.5,46.749571718981656,7.567388109120286,-0.0006843244191125919,3,False,46.749571718981656,0.0,True,0
17,ElasticNet,100.0,0.5,46.749571718981656,7.567388109120286,-0.0006843244191125919,3,False,46.749571718981656,0.0,True,0
17,ElasticNet,1000.0,0.5,46.749571718981656,7.567388109120286,-0.0006843244191125919,3,False,46.749571718981656,0.0,True,0
17,ElasticNet,10000.0,0.5,46.749571718981656,7.567388109120286,-0.0006843244191125919,3,False,46.749571718981656,0.0,True,0
17,ElasticNet,100000.0,0.5,46.749571718981656,7.567388109120286,-0.0006843244191125919,3,False,46.749571718981656,0.0,True,0
17,ElasticNet,1000000.0,0.5,46.749571718981656,7.567388109120286,-0.0006843244191125919,3,False,46.749571718981656,0.0,True,0
17,ElasticNet,10.0,0.7,46.749571718981656,7.567388109120286,-0.0006843244191125919,3,False,46.749571718981656,0.0,True,0
17,ElasticNet,100.0,0.7,46.749571718981656,7.567388109120286,-0.0006843244191125919,3,False,46.749571718981656,0.0,True,0
17,ElasticNet,1000.0,0.7,46.749571718981656,7.567388109120286,-0.0006843244191125919,3,False,46.749571718981656,0.0,True,0
17,ElasticNet,10000.0,0.7,46.749571718981656,7.567388109120286,-0.0006843244191125919,3,False,46.749571718981656,0.0,True,0
17,ElasticNet,100000.0,0.7,46.749571718981656,7.567388109120286,-0.0006843244191125919,3,False,46.749571718981656,0.0,True,0
17,ElasticNet,1000000.0,0.7,46.749571718981656,7.567388109120286,-0.0006843244191125919,3,False,46.749571718981656,0.0,True,0
17,ElasticNet,10.0,0.9,46.749571718981656,7.567388109120286,-0.0006843244191125919,3,False,46.749571718981656,0.0,True,0
17,ElasticNet,100.0,0.9,46.749571718981656,7.567388109120286,-0.0006843244191125919,3,False,46.749571718981656,0.0,True,0
17,ElasticNet,1000.0,0.9,46.749571718981656,7.567388109120286,-0.0006843244191125919,3,False,46.749571718981656,0.0,True,0
17,ElasticNet,10000.0,0.9,46.749571718981656,7.567388109120286,-0.0006843244191125919,3,False,46.749571718981656,0.0,True,0
17,ElasticNet,100000.0,0.9,46.749571718981656,7.567388109120286,-0.0006843244191125919,3,False,46.749571718981656,0.0,True,0
17,ElasticNet,1000000.0,0.9,46.749571718981656,7.567388109120286,-0.0006843244191125919,3,False,46.749571718981656,0.0,True,0
17,ElasticNet,10.0,0.95,46.749571718981656,7.567388109120286,-0.0006843244191125919,3,False,46.749571718981656,0.0,True,0
17,ElasticNet,100.0,0.95,46.749571718981656,7.567388109120286,-0.0006843244191125919,3,False,46.749571718981656,0.0,True,0
17,ElasticNet,1000.0,0.95,46.749571718981656,7.567388109120286,-0.0006843244191125919,3,False,46.749571718981656,0.0,True,0
17,ElasticNet,10000.0,0.95,46.749571718981656,7.567388109120286,-0.0006843244191125919,3,False,46.749571718981656,0.0,True,0
17,ElasticNet,100000.0,0.95,46.749571718981656,7.567388109120286,-0.0006843244191125919,3,False,46.749571718981656,0.0,True,0
17,ElasticNet,1000000.0,0.95,46.749571718981656,7.567388109120286,-0.0006843244191125919,3,False,46.749571718981656,0.0,True,0
18,LASSO,10.0,1.0,46.749571718981656,7.567388109120286,-0.0006843244191125919,3,False,46.749571718981656,0.0,True,0
18,LASSO,100.0,1.0,46.749571718981656,7.567388109120286,-0.0006843244191125919,3,False,46.749571718981656,0.0,True,0
18,LASSO,1000.0,1.0,46.749571718981656,7.567388109120286,-0.0006843244191125919,3,False,46.749571718981656,0.0,True,0
18,LASSO,10000.0,1.0,46.749571718981656,7.567388109120286,-0.0006843244191125919,3,False,46.749571718981656,0.0,True,0
18,LASSO,100000.0,1.0,46.749571718981656,7.567388109120286,-0.0006843244191125919,3,False,46.749571718981656,0.0,True,0
18,LASSO,1000000.0,1.0,46.749571718981656,7.567388109120286,-0.0006843244191125919,3,False,46.749571718981656,0.0,True,0
18,ElasticNet,100.0,0.1,46.749571718981656,7.567388109120286,-0.0006843244191125919,3,False,46.749571718981656,0.0,True,0
18,ElasticNet,1000.0,0.1,46.749571718981656,7.567388109120286,-0.0006843244191125919,3,False,46.749571718981656,0.0,True,0
18,ElasticNet,10000.0,0.1,46.749571718981656,7.567388109120286,-0.0006843244191125919,3,False,46.749571718981656,0.0,True,0
18,ElasticNet,100000.0,0.1,46.749571718981656,7.567388109120286,-0.0006843244191125919,3,False,46.749571718981656,0.0,True,0
18,ElasticNet,1000000.0,0.1,46.749571718981656,7.567388109120286,-0.0006843244191125919,3,False,46.749571718981656,0.0,True,0
18,ElasticNet,100.0,0.3,46.749571718981656,7.567388109120286,-0.0006843244191125919,3,False,46.749571718981656,0.0,True,0
18,ElasticNet,1000.0,0.3,46.749571718981656,7.567388109120286,-0.0006843244191125919,3,False,46.749571718981656,0.0,True,0
18,ElasticNet,10000.0,0.3,46.749571718981656,7.567388109120286,-0.0006843244191125919,3,False,46.749571718981656,0.0,True,0
18,ElasticNet,100000.0,0.3,46.749571718981656,7.567388109120286,-0.0006843244191125919,3,False,46.749571718981656,0.0,True,0
18,ElasticNet,1000000.0,0.3,46.749571718981656,7.567388109120286,-0.0006843244191125919,3,False,46.749571718981656,0.0,True,0
18,ElasticNet,10.0,0.5,46.749571718981656,7.567388109120286,-0.0006843244191125919,3,False,46.749571718981656,0.0,True,0
18,ElasticNet,100.0,0.5,46.749571718981656,7.567388109120286,-0.0006843244191125919,3,False,46.749571718981656,0.0,True,0
18,ElasticNet,1000.0,0.5,46.749571718981656,7.567388109120286,-0.0006843244191125919,3,False,46.749571718981656,0.0,True,0
18,ElasticNet,10000.0,0.5,46.749571718981656,7.567388109120286,-0.0006843244191125919,3,False,46.749571718981656,0.0,True,0
18,ElasticNet,100000.0,0.5,46.749571718981656,7.567388109120286,-0.0006843244191125919,3,False,46.749571718981656,0.0,True,0
18,ElasticNet,1000000.0,0.5,46.749571718981656,7.567388109120286,-0.0006843244191125919,3,False,46.749571718981656,0.0,True,0
18,ElasticNet,10.0,0.7,46.749571718981656,7.567388109120286,-0.0006843244191125919,3,False,46.749571718981656,0.0,True,0
18,ElasticNet,100.0,0.7,46.749571718981656,7.567388109120286,-0.0006843244191125919,3,False,46.749571718981656,0.0,True,0
18,ElasticNet,1000.0,0.7,46.749571718981656,7.567388109120286,-0.0006843244191125919,3,False,46.749571718981656,0.0,True,0
18,ElasticNet,10000.0,0.7,46.749571718981656,7.567388109120286,-0.0006843244191125919,3,False,46.749571718981656,0.0,True,0
18,ElasticNet,100000.0,0.7,46.749571718981656,7.567388109120286,-0.0006843244191125919,3,False,46.749571718981656,0.0,True,0
18,ElasticNet,1000000.0,0.7,46.749571718981656,7.567388109120286,-0.0006843244191125919,3,False,46.749571718981656,0.0,True,0
18,ElasticNet,10.0,0.9,46.749571718981656,7.567388109120286,-0.0006843244191125919,3,False,46.749571718981656,0.0,True,0
18,ElasticNet,100.0,0.9,46.749571718981656,7.567388109120286,-0.0006843244191125919,3,False,46.749571718981656,0.0,True,0
18,ElasticNet,1000.0,0.9,46.749571718981656,7.567388109120286,-0.0006843244191125919,3,False,46.749571718981656,0.0,True,0
18,ElasticNet,10000.0,0.9,46.749571718981656,7.567388109120286,-0.0006843244191125919,3,False,46.749571718981656,0.0,True,0
18,ElasticNet,100000.0,0.9,46.749571718981656,7.567388109120286,-0.0006843244191125919,3,False,46.749571718981656,0.0,True,0
18,ElasticNet,1000000.0,0.9,46.749571718981656,7.567388109120286,-0.0006843244191125919,3,False,46.749571718981656,0.0,True,0
18,ElasticNet,10.0,0.95,46.749571718981656,7.567388109120286,-0.0006843244191125919,3,False,46.749571718981656,0.0,True,0
18,ElasticNet,100.0,0.95,46.749571718981656,7.567388109120286,-0.0006843244191125919,3,False,46.749571718981656,0.0,True,0
18,ElasticNet,1000.0,0.95,46.749571718981656,7.567388109120286,-0.0006843244191125919,3,False,46.749571718981656,0.0,True,0
18,ElasticNet,10000.0,0.95,46.749571718981656,7.567388109120286,-0.0006843244191125919,3,False,46.749571718981656,0.0,True,0
18,ElasticNet,100000.0,0.95,46.749571718981656,7.567388109120286,-0.0006843244191125919,3,False,46.749571718981656,0.0,True,0
18,ElasticNet,1000000.0,0.95,46.749571718981656,7.567388109120286,-0.0006843244191125919,3,False,46.749571718981656,0.0,True,0
19,LASSO,10.0,1.0,46.749571718981656,7.567388109120286,-0.0006843244191125919,3,False,46.749571718981656,0.0,True,0
19,LASSO,100.0,1.0,46.749571718981656,7.567388109120286,-0.0006843244191125919,3,False,46.749571718981656,0.0,True,0
19,LASSO,1000.0,1.0,46.749571718981656,7.567388109120286,-0.0006843244191125919,3,False,46.749571718981656,0.0,True,0
19,LASSO,10000.0,1.0,46.749571718981656,7.567388109120286,-0.0006843244191125919,3,False,46.749571718981656,0.0,True,0
19,LASSO,100000.0,1.0,46.749571718981656,7.567388109120286,-0.0006843244191125919,3,False,46.749571718981656,0.0,True,0
19,LASSO,1000000.0,1.0,46.749571718981656,7.567388109120286,-0.0006843244191125919,3,False,46.749571718981656,0.0,True,0
19,ElasticNet,100.0,0.1,46.749571718981656,7.567388109120286,-0.0006843244191125919,3,False,46.749571718981656,0.0,True,0
19,ElasticNet,1000.0,0.1,46.749571718981656,7.567388109120286,-0.0006843244191125919,3,False,46.749571718981656,0.0,True,0
19,ElasticNet,10000.0,0.1,46.749571718981656,7.567388109120286,-0.0006843244191125919,3,False,46.749571718981656,0.0,True,0
19,ElasticNet,100000.0,0.1,46.749571718981656,7.567388109120286,-0.0006843244191125919,3,False,46.749571718981656,0.0,True,0
19,ElasticNet,1000000.0,0.1,46.749571718981656,7.567388109120286,-0.0006843244191125919,3,False,46.749571718981656,0.0,True,0
19,ElasticNet,100.0,0.3,46.749571718981656,7.567388109120286,-0.0006843244191125919,3,False,46.749571718981656,0.0,True,0
19,ElasticNet,1000.0,0.3,46.749571718981656,7.567388109120286,-0.0006843244191125919,3,False,46.749571718981656,0.0,True,0
19,ElasticNet,10000.0,0.3,46.749571718981656,7.567388109120286,-0.0006843244191125919,3,False,46.749571718981656,0.0,True,0
19,ElasticNet,100000.0,0.3,46.749571718981656,7.567388109120286,-0.0006843244191125919,3,False,46.749571718981656,0.0,True,0
19,ElasticNet,1000000.0,0.3,46.749571718981656,7.567388109120286,-0.0006843244191125919,3,False,46.749571718981656,0.0,True,0
19,ElasticNet,10.0,0.5,46.749571718981656,7.567388109120286,-0.0006843244191125919,3,False,46.749571718981656,0.0,True,0
19,ElasticNet,100.0,0.5,46.749571718981656,7.567388109120286,-0.0006843244191125919,3,False,46.749571718981656,0.0,True,0
19,ElasticNet,1000.0,0.5,46.749571718981656,7.567388109120286,-0.0006843244191125919,3,False,46.749571718981656,0.0,True,0
19,ElasticNet,10000.0,0.5,46.749571718981656,7.567388109120286,-0.0006843244191125919,3,False,46.749571718981656,0.0,True,0
19,ElasticNet,100000.0,0.5,46.749571718981656,7.567388109120286,-0.0006843244191125919,3,False,46.749571718981656,0.0,True,0
19,ElasticNet,1000000.0,0.5,46.749571718981656,7.567388109120286,-0.0006843244191125919,3,False,46.749571718981656,0.0,True,0
19,ElasticNet,10.0,0.7,46.749571718981656,7.567388109120286,-0.0006843244191125919,3,False,46.749571718981656,0.0,True,0
19,ElasticNet,100.0,0.7,46.749571718981656,7.567388109120286,-0.0006843244191125919,3,False,46.749571718981656,0.0,True,0
19,ElasticNet,1000.0,0.7,46.749571718981656,7.567388109120286,-0.0006843244191125919,3,False,46.749571718981656,0.0,True,0
19,ElasticNet,10000.0,0.7,46.749571718981656,7.567388109120286,-0.0006843244191125919,3,False,46.749571718981656,0.0,True,0
19,ElasticNet,100000.0,0.7,46.749571718981656,7.567388109120286,-0.0006843244191125919,3,False,46.749571718981656,0.0,True,0
19,ElasticNet,1000000.0,0.7,46.749571718981656,7.567388109120286,-0.0006843244191125919,3,False,46.749571718981656,0.0,True,0
19,ElasticNet,10.0,0.9,46.749571718981656,7.567388109120286,-0.0006843244191125919,3,False,46.749571718981656,0.0,True,0
19,ElasticNet,100.0,0.9,46.749571718981656,7.567388109120286,-0.0006843244191125919,3,False,46.749571718981656,0.0,True,0
19,ElasticNet,1000.0,0.9,46.749571718981656,7.567388109120286,-0.0006843244191125919,3,False,46.749571718981656,0.0,True,0
19,ElasticNet,10000.0,0.9,46.749571718981656,7.567388109120286,-0.0006843244191125919,3,False,46.749571718981656,0.0,True,0
19,ElasticNet,100000.0,0.9,46.749571718981656,7.567388109120286,-0.0006843244191125919,3,False,46.749571718981656,0.0,True,0
19,ElasticNet,1000000.0,0.9,46.749571718981656,7.567388109120286,-0.0006843244191125919,3,False,46.749571718981656,0.0,True,0
19,ElasticNet,10.0,0.95,46.749571718981656,7.567388109120286,-0.0006843244191125919,3,False,46.749571718981656,0.0,True,0
19,ElasticNet,100.0,0.95,46.749571718981656,7.567388109120286,-0.0006843244191125919,3,False,46.749571718981656,0.0,True,0
19,ElasticNet,1000.0,0.95,46.749571718981656,7.567388109120286,-0.0006843244191125919,3,False,46.749571718981656,0.0,True,0
19,ElasticNet,10000.0,0.95,46.749571718981656,7.567388109120286,-0.0006843244191125919,3,False,46.749571718981656,0.0,True,0
19,ElasticNet,100000.0,0.95,46.749571718981656,7.567388109120286,-0.0006843244191125919,3,False,46.749571718981656,0.0,True,0
19,ElasticNet,1000000.0,0.95,46.749571718981656,7.567388109120286,-0.0006843244191125919,3,False,46.749571718981656,0.0,True,0
20,LASSO,10.0,1.0,46.749571718981656,7.567388109120286,-0.0006843244191125919,3,False,46.749571718981656,0.0,True,0
20,LASSO,100.0,1.0,46.749571718981656,7.567388109120286,-0.0006843244191125919,3,False,46.749571718981656,0.0,True,0
20,LASSO,1000.0,1.0,46.749571718981656,7.567388109120286,-0.0006843244191125919,3,False,46.749571718981656,0.0,True,0
20,LASSO,10000.0,1.0,46.749571718981656,7.567388109120286,-0.0006843244191125919,3,False,46.749571718981656,0.0,True,0
20,LASSO,100000.0,1.0,46.749571718981656,7.567388109120286,-0.0006843244191125919,3,False,46.749571718981656,0.0,True,0
20,LASSO,1000000.0,1.0,46.749571718981656,7.567388109120286,-0.0006843244191125919,3,False,46.749571718981656,0.0,True,0
20,ElasticNet,100.0,0.1,46.749571718981656,7.567388109120286,-0.0006843244191125919,3,False,46.749571718981656,0.0,True,0
20,ElasticNet,1000.0,0.1,46.749571718981656,7.567388109120286,-0.0006843244191125919,3,False,46.749571718981656,0.0,True,0
20,ElasticNet,10000.0,0.1,46.749571718981656,7.567388109120286,-0.0006843244191125919,3,False,46.749571718981656,0.0,True,0
20,ElasticNet,100000.0,0.1,46.749571718981656,7.567388109120286,-0.0006843244191125919,3,False,46.749571718981656,0.0,True,0
20,ElasticNet,1000000.0,0.1,46.749571718981656,7.567388109120286,-0.0006843244191125919,3,False,46.749571718981656,0.0,True,0
20,ElasticNet,100.0,0.3,46.749571718981656,7.567388109120286,-0.0006843244191125919,3,False,46.749571718981656,0.0,True,0
20,ElasticNet,1000.0,0.3,46.749571718981656,7.567388109120286,-0.0006843244191125919,3,False,46.749571718981656,0.0,True,0
20,ElasticNet,10000.0,0.3,46.749571718981656,7.567388109120286,-0.0006843244191125919,3,False,46.749571718981656,0.0,True,0
20,ElasticNet,100000.0,0.3,46.749571718981656,7.567388109120286,-0.0006843244191125919,3,False,46.749571718981656,0.0,True,0
20,ElasticNet,1000000.0,0.3,46.749571718981656,7.567388109120286,-0.0006843244191125919,3,False,46.749571718981656,0.0,True,0
20,ElasticNet,10.0,0.5,46.749571718981656,7.567388109120286,-0.0006843244191125919,3,False,46.749571718981656,0.0,True,0
20,ElasticNet,100.0,0.5,46.749571718981656,7.567388109120286,-0.0006843244191125919,3,False,46.749571718981656,0.0,True,0
20,ElasticNet,1000.0,0.5,46.749571718981656,7.567388109120286,-0.0006843244191125919,3,False,46.749571718981656,0.0,True,0
20,ElasticNet,10000.0,0.5,46.749571718981656,7.567388109120286,-0.0006843244191125919,3,False,46.749571718981656,0.0,True,0
20,ElasticNet,100000.0,0.5,46.749571718981656,7.567388109120286,-0.0006843244191125919,3,False,46.749571718981656,0.0,True,0
20,ElasticNet,1000000.0,0.5,46.749571718981656,7.567388109120286,-0.0006843244191125919,3,False,46.749571718981656,0.0,True,0
20,ElasticNet,10.0,0.7,46.749571718981656,7.567388109120286,-0.0006843244191125919,3,False,46.749571718981656,0.0,True,0
20,ElasticNet,100.0,0.7,46.749571718981656,7.567388109120286,-0.0006843244191125919,3,False,46.749571718981656,0.0,True,0
20,ElasticNet,1000.0,0.7,46.749571718981656,7.567388109120286,-0.0006843244191125919,3,False,46.749571718981656,0.0,True,0
20,ElasticNet,10000.0,0.7,46.749571718981656,7.567388109120286,-0.0006843244191125919,3,False,46.749571718981656,0.0,True,0
20,ElasticNet,100000.0,0.7,46.749571718981656,7.567388109120286,-0.0006843244191125919,3,False,46.749571718981656,0.0,True,0
20,ElasticNet,1000000.0,0.7,46.749571718981656,7.567388109120286,-0.0006843244191125919,3,False,46.749571718981656,0.0,True,0
20,ElasticNet,10.0,0.9,46.749571718981656,7.567388109120286,-0.0006843244191125919,3,False,46.749571718981656,0.0,True,0
20,ElasticNet,100.0,0.9,46.749571718981656,7.567388109120286,-0.0006843244191125919,3,False,46.749571718981656,0.0,True,0
20,ElasticNet,1000.0,0.9,46.749571718981656,7.567388109120286,-0.0006843244191125919,3,False,46.749571718981656,0.0,True,0
20,ElasticNet,10000.0,0.9,46.749571718981656,7.567388109120286,-0.0006843244191125919,3,False,46.749571718981656,0.0,True,0
20,ElasticNet,100000.0,0.9,46.749571718981656,7.567388109120286,-0.0006843244191125919,3,False,46.749571718981656,0.0,True,0
20,ElasticNet,1000000.0,0.9,46.749571718981656,7.567388109120286,-0.0006843244191125919,3,False,46.749571718981656,0.0,True,0
20,ElasticNet,10.0,0.95,46.749571718981656,7.567388109120286,-0.0006843244191125919,3,False,46.749571718981656,0.0,True,0
20,ElasticNet,100.0,0.95,46.749571718981656,7.567388109120286,-0.0006843244191125919,3,False,46.749571718981656,0.0,True,0
20,ElasticNet,1000.0,0.95,46.749571718981656,7.567388109120286,-0.0006843244191125919,3,False,46.749571718981656,0.0,True,0
20,ElasticNet,10000.0,0.95,46.749571718981656,7.567388109120286,-0.0006843244191125919,3,False,46.749571718981656,0.0,True,0
20,ElasticNet,100000.0,0.95,46.749571718981656,7.567388109120286,-0.0006843244191125919,3,False,46.749571718981656,0.0,True,0
20,ElasticNet,1000000.0,0.95,46.749571718981656,7.567388109120286,-0.0006843244191125919,3,False,46.749571718981656,0.0,True,0
11,ElasticNet,0.001,0.1,0.30091955794415975,0.008299416304280464,0.9934187898095769,3,False,0.30091955794415975,0.0003773812609793665,False,0
17,ElasticNet,0.01,0.1,0.31948047481650105,0.02296683553471565,0.9929813740208834,3,False,0.31948047481650105,0.00014215314134725498,False,0
17,LASSO,0.001,1.0,0.3268980803783276,0.030535696506916746,0.9928314929911365,3,False,0.3268980803783276,0.0006608713301901101,False,0
15,ElasticNet,0.01,0.1,0.32823965253822435,0.03169952227857,0.9928687555777641,3,False,0.32823965253822435,0.0001440768080334116,False,0
19,ElasticNet,0.01,0.1,0.32855682332444897,0.03462650602498144,0.9927511373005912,3,False,0.32855682332444897,0.00014915471904871453,False,0
13,ElasticNet,0.001,0.3,0.33411862939517506,0.04365959917510897,0.9927705275749311,3,False,0.33411862939517506,0.0003068635839749297,False,0
11,LASSO,0.001,1.0,0.33867516677321835,0.04575624203536378,0.9927243778370413,3,False,0.33867516677321835,0.0002462389355906015,False,0
15,ElasticNet,0.001,0.5,0.3447192579525562,0.0434192109117534,0.9925494880513032,3,False,0.3447192579525562,0.0005347140180193649,False,0
19,LASSO,0.001,1.0,0.352122023904899,0.013707682482393688,0.9923214074720499,3,False,0.352122023904899,8.02285289561353e-05,False,0
9,ElasticNet,0.0001,0.3,0.35428623112253144,0.03334918980159826,0.992341295137184,3,False,0.35428623112253144,0.00011514935399344592,False,0
18,ElasticNet,0.01,0.1,0.3546656378624724,0.04046479166420186,0.9922817114334396,3,False,0.35466563786247246,0.0011124903711903708,False,0
16,ElasticNet,0.01,0.1,0.35599137626884003,0.06006319005602298,0.9923069829457257,3,False,0.35599137626884003,0.00011510018124185825,False,0
17,ElasticNet,0.001,0.7,0.35626896638026384,0.02456202198373543,0.9922683869729424,3,False,0.35626896638026384,5.319643522538268e-05,False,0
12,ElasticNet,0.001,0.3,0.3579253061998442,0.09021643493216537,0.9923386630978901,3,False,0.3579253061998442,0.00022347898981977388,False,0
19,ElasticNet,0.001,0.95,0.3615416306651817,0.006175111390605052,0.9921284077752514,3,False,0.3615416306651817,5.98976031745865e-05,False,0
9,LASSO,0.0001,1.0,0.3629949961992849,0.034995186269725344,0.9921595225569878,3,False,0.3629949961992849,0.00018580671519493285,False,0
19,ElasticNet,0.001,0.7,0.3633819503464855,0.00517546071718498,0.9920692397058032,3,False,0.36338195034648546,5.241326269284216e-05,False,0
14,ElasticNet,0.01,0.1,0.3651184665158073,0.09100078945048379,0.992180647636863,3,False,0.3651184665158073,0.0007699095907443207,False,0
19,ElasticNet,0.001,0.9,0.3665702852882749,0.005153684019517152,0.9920196257789987,3,False,0.3665702852882749,5.2582630687762776e-05,False,0
19,ElasticNet,0.01,0.3,0.371518910196134,0.0577625850048302,0.9919926180534792,3,False,0.371518910196134,0.00011205974445035365,False,0
13,LASSO,0.001,1.0,0.3722613884634243,0.10532083617972374,0.9920909251550577,3,False,0.3722613884634243,0.0007350030016914635,False,0
19,ElasticNet,0.001,0.5,0.3739621627406566,0.01444863433875823,0.9918103072678064,3,False,0.3739621627406566,7.216428386490217e-05,False,0
18,ElasticNet,0.001,0.7,0.3792570912743698,0.05125716900293124,0.9918067832911847,3,False,0.3792570912743698,5.114095534540942e-05,False,0
17,ElasticNet,0.001,0.9,0.3808670794885162,0.06368210745827323,0.9918206745285604,3,False,0.3808670794885162,6.067134765608132e-05,False,0
18,LASSO,0.001,1.0,0.38140952983153564,0.055376491683283804,0.9917852611360499,3,False,0.38140952983153564,6.775908754869304e-05,False,0
20,ElasticNet,0.01,0.1,0.3827212311600849,0.05983939697145401,0.9916909919526398,3,False,0.3827212311600849,0.0021034403006293433,False,0
10,ElasticNet,0.001,0.1,0.3835701874900938,0.1201018150693699,0.9918657622330267,3,False,0.3835701874900938,0.0001306911262874781,False,0
17,ElasticNet,0.001,0.95,0.3837209537242814,0.07072846408601914,0.9917703645265218,3,False,0.38372095372428133,5.2510518491535375e-05,False,0
20,ElasticNet,0.001,0.95,0.3846217618280348,0.02778986067566871,0.9916708616648208,3,False,0.3846217618280348,5.4299203196794734e-05,False,0
17,ElasticNet,0.001,0.3,0.3847294529532776,0.006386189679628694,0.9916234453479951,3,False,0.3847294529532776,7.694091705195272e-05,False,0
20,LASSO,0.001,1.0,0.38547303419333584,0.028860077496726755,0.991657340776689,3,False,0.38547303419333584,0.00011183938000173068,False,0
18,ElasticNet,0.001,0.95,0.38975303026074654,0.07002394734058985,0.9916331814326828,3,False,0.38975303026074654,9.016336171131626e-05,False,0
15,ElasticNet,0.001,0.95,0.3900773240494662,0.1072372143098438,0.9917016272521174,3,False,0.3900773240494662,7.722792571200848e-05,False,0
17,ElasticNet,0.01,0.3,0.39067782957972935,0.11006594022499322,0.9916749128111472,3,False,0.39067782957972935,0.001039057681366971,False,0
15,LASSO,0.001,1.0,0.3934474218764011,0.11310410862099288,0.9916392292972737,3,False,0.3934474218764011,0.00019596798469702977,False,0
16,ElasticNet,0.01,0.3,0.395534068944371,0.11634094288401622,0.9915805201738112,3,False,0.395534068944371,5.2205747141307636e-05,False,0
20,ElasticNet,0.001,0.7,0.3979838092481926,0.046553283455101194,0.991388566231024,3,False,0.3979838092481925,8.167843095025656e-05,False,0
18,ElasticNet,0.01,0.3,0.40416535284239047,0.11872770471580169,0.991394830826573,3,False,0.40416535284239047,8.45377143568974e-05,False,0
14,LASSO,0.001,1.0,0.4055181562119861,0.14627815219874768,0.991436707841506,3,False,0.4055181562119861,0.0003950880474499674,False,0
16,ElasticNet,0.001,0.7,0.4061989985100181,0.14363973138396466,0.991402723654851,3,False,0.4061989985100181,0.0003818441339674076,False,0
17,ElasticNet,0.01,0.5,0.4073513718677905,0.1107952991586995,0.991321481819664,3,False,0.4073513718677905,6.149530711524812e-05,False,0
20,ElasticNet,0.001,0.5,0.40977002174432076,0.02760425418767022,0.9910828616471052,3,False,0.4097700217443207,6.588943846042288e-05,False,0
16,ElasticNet,0.001,0.9,0.4107306939829661,0.1334479214485753,0.9912964410255971,3,False,0.4107306939829661,5.811243717702725e-05,False,0
19,ElasticNet,0.01,0.5,0.4182614740665232,0.1154692814108348,0.9910944269603507,3,False,0.4182614740665232,0.00016449511642590946,False,0
20,ElasticNet,0.01,0.3,0.41861764484735026,0.12966241332794717,0.9910959200516163,3,False,0.41861764484735026,0.00010930807914555189,False,0
16,ElasticNet,0.001,0.95,0.41867614618956295,0.14766142079463151,0.9911522317699353,3,False,0.41867614618956295,5.540904402821366e-05,False,0
12,LASSO,0.001,1.0,0.4291943127683953,0.21276476410193496,0.9910537244048595,3,False,0.4291943127683953,0.00014272648244736995,False,0
18,ElasticNet,0.01,0.5,0.43382759898653744,0.14797465456136047,0.9908134847472527,3,False,0.43382759898653744,9.171358111428104e-05,False,0
14,ElasticNet,0.001,0.95,0.4351853479774496,0.2017289596590428,0.9908938634300338,3,False,0.4351853479774496,5.7856781632939806e-05,False,0
16,ElasticNet,0.01,0.7,0.44226110063475205,0.13712800912321862,0.9906228268234415,3,False,0.44226110063475205,0.00011449138778827847,False,0
16,LASSO,0.001,1.0,0.446529794332307,0.19644059259343533,0.9906365443055801,3,False,0.44652979433230705,0.0003255206776827419,False,0
17,ElasticNet,0.01,0.7,0.4466637074378926,0.1440510425343465,0.9905379040449352,3,False,0.4466637074378926,6.56546109963083e-05,False,0
10,LASSO,0.0001,1.0,0.44983670817763693,0.13974395865540248,0.9904147842102237,3,False,0.44983670817763693,0.00021132781789247307,False,0
18,ElasticNet,0.01,0.7,0.44989448418239036,0.1427088079917773,0.9904655723633707,3,False,0.44989448418239036,0.00011046227337079082,False,0
15,ElasticNet,0.01,0.7,0.453816490235518,0.1622205834295848,0.9904203309792751,3,False,0.453816490235518,6.55271338539298e-05,False,0
10,ElasticNet,0.0001,0.5,0.4612240446735328,0.1645820782384478,0.990220089500207,3,False,0.4612240446735328,9.955104006432466e-05,False,0
19,ElasticNet,0.01,0.7,0.46425523760234105,0.09339159466386948,0.9899741690791647,3,False,0.46425523760234105,0.009873150700445244,False,0
20,ElasticNet,0.01,0.5,0.47119546145810665,0.20004708542056931,0.9900954358873468,3,False,0.4711954614581066,9.201976995230725e-05,False,0
10,ElasticNet,0.0001,0.95,0.4718038249290963,0.17949435251731555,0.9900093851678035,3,False,0.4718038249290963,5.0251191272553864e-05,False,0
20,ElasticNet,0.01,0.7,0.47367089230490517,0.1752201343689936,0.9900088691215224,3,False,0.47367089230490517,0.0001434845463308288,False,0
11,ElasticNet,0.0001,0.7,0.47774376427988846,0.16687100261076362,0.9898650214193342,3,False,0.47774376427988846,5.612183314918407e-05,False,0
19,ElasticNet,0.01,0.9,0.48215023962139214,0.15135901079106243,0.9897928586348708,3,False,0.48215023962139214,0.00010860788242791908,False,0
17,ElasticNet,0.01,0.9,0.4828700915071198,0.1608751930479369,0.9897917785022704,3,False,0.4828700915071198,6.854136384882789e-05,False,0
20,ElasticNet,0.01,0.9,0.4832822611997601,0.14708108070957768,0.9897639197436985,3,False,0.4832822611997602,0.00021591968678375852,False,0
11,ElasticNet,0.0001,0.1,0.48399270962068286,0.15216651786183688,0.989698409451146,3,False,0.48399270962068286,7.52114200147065e-05,False,0
18,ElasticNet,0.01,0.9,0.48399838388807415,0.15273820083316714,0.9897565132614586,3,False,0.48399838388807415,8.199257080062673e-05,False,0
20,ElasticNet,0.01,0.95,0.49334945700945804,0.15092535375426402,0.989559029210532,3,False,0.49334945700945804,0.00016534672106635617,False,0
19,ElasticNet,0.01,0.95,0.4933585572159564,0.15884395318483002,0.9895720666790356,3,False,0.4933585572159564,0.00012790617631250334,False,0
17,ElasticNet,0.01,0.95,0.4959816505858597,0.16722014187748802,0.9895292227202012,3,False,0.4959816505858597,0.0001927731778056524,False,0
15,ElasticNet,0.01,0.9,0.49658384114878373,0.18276750253919016,0.9895450860734086,3,False,0.49658384114878373,8.395996447216857e-05,False,0
18,ElasticNet,0.01,0.95,0.49724181502708986,0.16144311664861513,0.9894906543702029,3,False,0.49724181502708986,0.00019227926765859847,False,0
19,LASSO,0.01,1.0,0.4972492647550785,0.14907564139665064,0.9894673775555778,3,False,0.4972492647550785,0.0002860251563139588,False,0
17,LASSO,0.01,1.0,0.4974826343040977,0.15799885250022108,0.9894833048261562,3,False,0.4974826343040977,0.00020547808176704825,False,0
18,LASSO,0.01,1.0,0.501057082137447,0.15174209746677597,0.9893960323335866,3,False,0.501057082137447,0.00014497774650046487,False,0
20,LASSO,0.01,1.0,0.5035022676277175,0.1536046953696036,0.9893434084042919,3,False,0.5035022676277177,0.0003406485081194569,False,0
16,ElasticNet,0.01,0.95,0.5074057687456571,0.18253657240661406,0.9893069946214773,3,False,0.507405768745657,6.691297727435229e-05,False,0
18,ElasticNet,0.001,0.1,0.5114742095071577,0.07832176046454892,0.9889915652973884,3,False,0.5114742095071577,7.197897355059445e-05,False,0
15,ElasticNet,0.01,0.95,0.5123036326392034,0.19170280361219713,0.9892252550930678,3,False,0.5123036326392034,0.00011963701007947775,False,0
16,LASSO,0.01,1.0,0.5133261368697336,0.17925175108769673,0.9891735152088069,3,False,0.5133261368697336,0.00023116333232745326,False,0
15,LASSO,0.01,1.0,0.5160790369677745,0.18715584337239619,0.9891413604013924,3,False,0.5160790369677745,9.972024294570281e-05,False,0
8,LASSO,1e-05,1.0,0.5194131406436578,0.2620939100743734,0.989182621231433,3,False,0.5194131406436578,5.836772829040004e-05,False,0
11,ElasticNet,0.0001,0.95,0.5257840653317344,0.2514227488449162,0.9889696846130956,3,False,0.5257840653317344,0.00017636669099871697,False,0
20,ElasticNet,0.001,0.1,0.5323801508215137,0.02580612859232925,0.9884099968073089,3,False,0.5323801508215137,5.937885868759954e-05,False,0
9,LASSO,1e-05,1.0,0.53524052485303,0.18545731852637554,0.9886642919336338,3,False,0.53524052485303,7.728506357830182e-05,False,0
10,ElasticNet,1e-05,0.3,0.53819065041513,0.0771779140596289,0.9883691029959975,3,False,0.53819065041513,5.1916491793738344e-05,False,0
11,LASSO,0.01,1.0,0.5388179077908258,0.17384477835802228,0.9886752961333768,3,False,0.5388179077908258,0.00011934153086576825,False,0
13,LASSO,0.01,1.0,0.5392021750757178,0.20702931472066066,0.9886998283946825,3,False,0.5392021750757178,0.00010780570898623852,False,0
11,ElasticNet,0.0001,0.9,0.542461286572325,0.280341341952687,0.9886592828016632,3,False,0.542461286572325,0.00013400767773185074,False,0
11,LASSO,0.0001,1.0,0.5428840721914056,0.2804879324109198,0.9886509040845738,3,False,0.5428840721914056,0.00010239521222934094,False,0
10,ElasticNet,1e-05,0.7,0.547015046476302,0.08019592322181926,0.9881656146395176,3,False,0.547015046476302,6.569044774784968e-05,False,0
10,ElasticNet,1e-05,0.95,0.5492781558427919,0.09186340265478939,0.9881364346872991,3,False,0.5492781558427918,9.502328485333057e-05,False,0
10,ElasticNet,1e-05,0.5,0.5494556737632891,0.09734614934188339,0.9881638734928302,3,False,0.5494556737632891,6.0741516855099945e-05,False,0
14,LASSO,0.01,1.0,0.5506362047166005,0.2253778357175043,0.9884714442660737,3,False,0.5506362047166005,0.00013161893000927793,False,0
10,ElasticNet,1e-05,0.9,0.5540792134160899,0.09929507956268493,0.9880441032151909,3,False,0.5540792134160899,8.94693922650686e-05,False,0
9,ElasticNet,1e-05,0.7,0.5580901789690501,0.215629679292876,0.9882144612674207,3,False,0.5580901789690502,7.155655285124463e-05,False,0
12,LASSO,0.01,1.0,0.5586825135076884,0.218215747043042,0.9883245437825767,3,False,0.5586825135076884,5.395556971547408e-05,False,0
9,ElasticNet,1e-05,0.5,0.5601968261376148,0.2326840831008667,0.9881996721058529,3,False,0.5601968261376149,6.118093703757086e-05,False,0
9,ElasticNet,1e-05,0.9,0.5614428689305198,0.22993917160419947,0.9881773595029495,3,False,0.5614428689305198,6.392742906583324e-05,False,0
9,ElasticNet,1e-05,0.95,0.5625154139630966,0.21807828809850602,0.988134826528536,3,False,0.5625154139630966,6.506138757251208e-05,False,0
8,ElasticNet,1e-05,0.1,0.5635874402975102,0.3403875958892424,0.9883522115831037,3,False,0.5635874402975102,8.796323874743711e-05,False,0
12,ElasticNet,0.0001,0.95,0.5692157023079516,0.2651904554360021,0.9880739174540678,3,False,0.5692157023079516,0.00010005182321390951,False,0
12,ElasticNet,0.0001,0.7,0.572344737392575,0.256961091092997,0.9879819759503436,3,False,0.572344737392575,0.0001631052563686188,False,0
12,ElasticNet,0.0001,0.9,0.5746523512376932,0.27143900064706356,0.9879618685144517,3,False,0.5746523512376932,6.497964833233625e-05,False,0
9,ElasticNet,1e-05,0.3,0.5761135877356315,0.2691065210271739,0.9879137694812794,3,False,0.5761135877356315,6.663447502370518e-05,False,0
8,LASSO,1e-06,1.0,0.5817204691429525,0.3619595068820756,0.9879917858411228,3,False,0.5817204691429525,0.00010096076182863981,False,0
12,ElasticNet,0.0001,0.5,0.5850928650317128,0.2569038393628133,0.9876971703054881,3,False,0.5850928650317128,7.4718101928452e-05,False,0
12,ElasticNet,0.0001,0.3,0.5914059857989412,0.25957107085640907,0.9875584966528703,3,False,0.5914059857989412,6.68850223988518e-05,False,0
13,ElasticNet,0.0001,0.7,0.6010781318753188,0.2218657689235852,0.9872944615916729,3,False,0.6010781318753188,0.00010195377561346907,False,0
14,ElasticNet,0.0001,0.5,0.6014196754126805,0.08146462513881025,0.9870358830475462,3,False,0.6014196754126805,7.458491435853614e-05,False,0
13,LASSO,0.0001,1.0,0.607830950366356,0.2725484605338573,0.987252023620735,3,False,0.607830950366356,0.00011839138169206212,False,0
13,ElasticNet,0.0001,0.9,0.6093681430854919,0.2520851038519132,0.9871781346461613,3,False,0.6093681430854919,6.796861093257582e-05,False,0
16,ElasticNet,0.0001,0.9,0.6144510650913302,0.023683316454969502,0.986609741168039,3,False,0.6144510650913301,0.00010019868517794755,False,0
13,ElasticNet,0.0001,0.95,0.6171775186432505,0.27580377834490777,0.9870473389873345,3,False,0.6171775186432505,0.00018997037639131352,False,0
13,ElasticNet,0.0001,0.3,0.6253400107455209,0.21740747532524402,0.9867485491982005,3,False,0.6253400107455209,6.932961666609117e-05,False,0
10,ElasticNet,1e-06,0.5,0.6272973861977867,0.05727876025688129,0.9863630055961071,3,False,0.6272973861977867,6.229342153465352e-05,False,0
10,ElasticNet,1e-06,0.3,0.6303533696941978,0.05845063194219999,0.9862663856455381,3,False,0.6303533696941978,5.750794204314016e-05,False,0
14,ElasticNet,0.0001,0.3,0.6310009481575869,0.09908214919368387,0.9863685180497478,3,False,0.6310009481575869,6.0982593997796215e-05,False,0
10,LASSO,1e-05,1.0,0.6342228821407817,0.21639846424733072,0.9865107166605845,3,False,0.6342228821407817,0.00010052218875419326,False,0
10,ElasticNet,1e-06,0.95,0.6402161906648266,0.0974464349631844,0.9861190882363206,3,False,0.6402161906648266,6.77979571452921e-05,False,0
10,ElasticNet,1e-06,0.7,0.6410451059920725,0.07644070383824363,0.9860481718695194,3,False,0.6410451059920725,5.9761854458190007e-05,False,0
16,ElasticNet,0.0001,0.95,0.642482088161048,0.05415754898661509,0.9860498089062628,3,False,0.642482088161048,8.314781521003364e-05,False,0
13,ElasticNet,0.0001,0.5,0.6426373122042041,0.2667343115721975,0.9864684176647421,3,False,0.6426373122042041,9.09552254630544e-05,False,0
14,ElasticNet,0.0001,0.7,0.6526581098610608,0.19932524502907958,0.986149432739606,3,False,0.6526581098610608,7.929083780583608e-05,False,0
14,ElasticNet,0.0001,0.9,0.6569284403147942,0.2363216277527163,0.986141845609812,3,False,0.6569284403147942,0.0001490449225729233,False,0
14,ElasticNet,0.0001,0.95,0.6580645539127116,0.23518165674450986,0.9861140831270675,3,False,0.6580645539127116,0.00015910144363441605,False,0
17,LASSO,0.0001,1.0,0.6587561614768366,0.06200302514821002,0.9857410454570227,3,False,0.6587561614768366,0.00017076173100808817,False,0
10,ElasticNet,1e-06,0.9,0.6588264178671481,0.10036148594834891,0.9856567294027271,3,False,0.6588264178671482,6.550221181813698e-05,False,0
15,ElasticNet,0.0001,0.7,0.6729922280771977,0.14181634897647868,0.9855813654905102,3,False,0.6729922280771977,0.0001326479376470952,False,0
12,LASSO,0.0001,1.0,0.6885914325649876,0.47775192124025284,0.9858511525662706,3,False,0.6885914325649876,7.69175416877145e-05,False,0
13,ElasticNet,0.0001,0.1,0.6889124136290743,0.302848457816662,0.9854942391898417,3,False,0.6889124136290743,5.996998895267177e-05,False,0
14,ElasticNet,0.0001,0.1,0.6925352437209532,0.17096585434001163,0.9851129020853726,3,False,0.6925352437209532,5.662144667983186e-05,False,0
16,ElasticNet,0.0001,0.7,0.6961722376951608,0.08483246796576192,0.9849183056342534,3,False,0.6961722376951608,0.00010405515870027726,False,0
9,ElasticNet,1e-06,0.9,0.6987044623034951,0.3503785495930622,0.9853766074047363,3,False,0.6987044623034951,5.255603227353697e-05,False,0
16,LASSO,0.0001,1.0,0.7002525305604889,0.21544561678294724,0.9851374665892992,3,False,0.7002525305604891,0.00020105397066377194,False,0
17,ElasticNet,0.0001,0.95,0.707925706962862,0.07315261217408742,0.9846120863770489,3,False,0.707925706962862,0.00012113665836891966,False,0
15,ElasticNet,0.0001,0.95,0.7133190572522782,0.2822778855420028,0.9849675562568526,3,False,0.7133190572522782,0.0001036181415340185,False,0
10,LASSO,1e-06,1.0,0.7146152580724329,0.17913484196608814,0.9846121759304595,3,False,0.7146152580724329,7.985903546187607e-05,False,0
15,LASSO,0.0001,1.0,0.7187585750681059,0.29845091397917994,0.9848977269893222,3,False,0.7187585750681059,9.404567133790534e-05,False,0
17,ElasticNet,0.0001,0.9,0.7213846304086062,0.06891265299047832,0.984307341243244,3,False,0.7213846304086062,0.00014803952848041978,False,0
14,LASSO,0.0001,1.0,0.7337192498837287,0.39289807235285856,0.9847606470181046,3,False,0.7337192498837286,0.00013832975083534108,False,0
15,ElasticNet,0.0001,0.9,0.7387803295799981,0.3122662703062106,0.9844612912512337,3,False,0.7387803295799981,0.00010898311773347641,False,0
20,ElasticNet,0.1,0.1,0.7526391053268027,0.22919419138495373,0.983992045068455,3,False,0.7526391053268028,0.00010400471171925253,False,0
15,ElasticNet,0.0001,0.5,0.7663446760385332,0.2708271084296692,0.9837724771645521,3,False,0.7663446760385332,0.0001148772587491639,False,0
16,ElasticNet,0.0001,0.5,0.7829029462541205,0.14257736299887072,0.9830036450293989,3,False,0.7829029462541205,0.00010280725020889587,False,0
17,ElasticNet,0.0001,0.7,0.7943857607967484,0.07681186499747653,0.9827432940058033,3,False,0.7943857607967484,0.00014398103365272826,False,0
16,ElasticNet,0.0001,0.3,0.822043205527932,0.1778213735027889,0.9821538961982222,3,False,0.822043205527932,5.851686003788063e-05,False,0
15,ElasticNet,0.0001,0.3,0.8500852166369787,0.36391716761772896,0.9820487743359015,3,False,0.8500852166369789,5.75635996614508e-05,False,0
17,ElasticNet,0.0001,0.5,0.8724788747747901,0.09429028060500565,0.9810566813541098,3,False,0.8724788747747901,0.00011293665570354406,False,0
18,LASSO,0.0001,1.0,0.9021676867682838,0.3177359527959164,0.980801355080529,3,False,0.9021676867682838,0.00020052375163009308,False,0
12,ElasticNet,1e-05,0.1,0.907200662419324,0.33991206341362196,0.9807187247074198,3,False,0.907200662419324,5.2630093104994894e-05,False,0
12,ElasticNet,1e-05,0.95,0.9287639287920567,0.3994055247366314,0.980360995706636,3,False,0.9287639287920569,0.00010092281051674138,False,0
16,ElasticNet,0.0001,0.1,0.9464620218674172,0.2507752416907833,0.9795115368892818,3,False,0.9464620218674172,5.47819195109954e-05,False,0
18,ElasticNet,0.0001,0.9,1.0023204088166275,0.3725720439261136,0.9786495902522065,3,False,1.0023204088166275,0.00013511699830265773,False,0
17,ElasticNet,0.0001,0.3,1.008457714658985,0.16358420983339308,0.9782669949547285,3,False,1.008457714658985,8.990333410844886e-05,False,0
12,ElasticNet,1e-05,0.7,1.0087929069310442,0.5396259165474946,0.9788799467377157,3,False,1.0087929069310442,8.294656788547912e-05,False,0
12,ElasticNet,1e-05,0.9,1.0131242166640744,0.5659282400500583,0.9788380068278738,3,False,1.0131242166640744,9.068931246034049e-05,False,0
12,LASSO,1e-05,1.0,1.0519930410526717,0.6122766744328173,0.9780770799214871,3,False,1.0519930410526717,9.753170027066119e-05,False,0
12,ElasticNet,1e-05,0.5,1.052292862877963,0.5908105063862656,0.9780278717704308,3,False,1.052292862877963,6.492615884096585e-05,False,0
12,ElasticNet,1e-05,0.3,1.0982583285511562,0.6602680125164869,0.9771420750183518,3,False,1.0982583285511562,5.890063938338188e-05,False,0
11,ElasticNet,1e-05,0.95,1.1000289088767785,0.8661100364106764,0.9775578429144994,3,False,1.1000289088767785,7.269598526902775e-05,False,0
11,ElasticNet,1e-05,0.9,1.119668768544926,0.909274207717278,0.9772129183820765,3,False,1.119668768544926,7.501232015161108e-05,False,0
13,ElasticNet,1e-05,0.95,1.127662764860673,0.6018697147248208,0.9764015666331346,3,False,1.127662764860673,9.946666121088391e-05,False,0
11,ElasticNet,1e-05,0.7,1.139816621348089,0.9506447010202911,0.9768527240186683,3,False,1.1398166213480887,5.57731832692323e-05,False,0
18,ElasticNet,0.0001,0.95,1.1470185283918615,0.6985351425913982,0.9761647194923064,3,False,1.1470185283918615,0.00010509686089850312,False,0
13,LASSO,1e-05,1.0,1.1799509303785223,0.6437373196419448,0.9753339205505126,3,False,1.1799509303785223,8.83746969602986e-05,False,0
11,LASSO,1e-05,1.0,1.200348532907484,1.0094766727780657,0.9756304727399995,3,False,1.200348532907484,9.704703286704984e-05,False,0
13,ElasticNet,1e-05,0.7,1.2510790387985804,0.7415639261404032,0.9739610955931619,3,False,1.2510790387985804,6.80101842501884e-05,False,0
13,ElasticNet,1e-05,0.9,1.3060040120837337,0.8594225107483913,0.9730063672525091,3,False,1.3060040120837337,9.573701119819621e-05,False,0
13,ElasticNet,1e-05,0.5,1.3906963792443265,0.9369393190078154,0.9712641966404995,3,False,1.3906963792443265,6.444681982003747e-05,False,0
18,ElasticNet,0.0001,0.7,1.4321337459359356,1.0247482369988141,0.9704853145885824,3,False,1.4321337459359356,0.0001202961570459941,False,0
18,ElasticNet,0.0001,0.3,1.5219736246662736,0.619350500926849,0.9678436208262639,3,False,1.5219736246662736,7.404282999031758e-05,False,0
14,LASSO,1e-05,1.0,1.5299691081923228,0.9301918241130448,0.9681288054217322,3,False,1.5299691081923228,8.44039090401342e-05,False,0
18,ElasticNet,0.0001,0.5,1.5591510911824937,0.9198375899575322,0.9675082589901353,3,False,1.5591510911824937,7.53761720597547e-05,False,0
20,ElasticNet,0.0001,0.9,1.579107392894322,1.0001121930443935,0.9671980526577353,3,False,1.579107392894322,0.00017310789326851534,False,0
14,ElasticNet,1e-05,0.9,1.5811245642834175,0.9797909698798406,0.9671334249103922,3,False,1.581124564283418,0.00010237923395116126,False,0
19,ElasticNet,0.0001,0.9,1.5979594498652654,1.2677823670991486,0.9673135509405094,3,False,1.5979594498652654,0.0001338238560594344,False,0
14,ElasticNet,1e-05,0.7,1.6341893382854307,1.0656928422479737,0.9660901582563272,3,False,1.6341893382854307,8.221479403693361e-05,False,0
14,ElasticNet,1e-05,0.95,1.6455326356405484,1.0891602248920882,0.9658764334697721,3,False,1.6455326356405484,8.389448245594221e-05,False,0
20,LASSO,0.0001,1.0,1.7154328322168342,1.4868142512056899,0.9651395445754495,3,False,1.715432832216834,9.301778436532195e-05,False,0
11,ElasticNet,1e-06,0.5,1.7216524067510004,1.6097128352688277,0.9653670329066361,3,False,1.7216524067510004,5.0200550216457194e-05,False,0
19,LASSO,0.0001,1.0,1.7253723642311478,1.495851025780129,0.9650201438215976,3,False,1.7253723642311478,0.00018391939248341033,False,0
18,ElasticNet,0.0001,0.1,1.7288244097755685,0.6280325718798158,0.9636186637792784,3,False,1.7288244097755685,5.655189762332873e-05,False,0
19,ElasticNet,0.0001,0.95,1.739164132527291,1.5391019455351709,0.9647656982791628,3,False,1.739164132527291,0.0001573634643390095,False,0
15,ElasticNet,1e-05,0.9,1.7506232608746004,0.9054787093108316,0.9634327751548201,3,False,1.7506232608746004,8.257285301111363e-05,False,0
16,ElasticNet,0.1,0.9,1.7617903009221643,0.5027077588117757,0.9628305210307325,3,False,1.7617903009221643,6.377291141267116e-05,False,0
11,LASSO,0.1,1.0,1.786803212647514,0.44867926701249605,0.9620589111895449,3,False,1.786803212647514,0.00012127505721325205,False,0
20,ElasticNet,0.1,0.9,1.7870559846931349,0.4922282488252013,0.9622535029478628,3,False,1.7870559846931346,0.00016503729470747353,False,0
12,LASSO,0.1,1.0,1.7925159536784496,0.45233731201271765,0.9619791617368295,3,False,1.7925159536784496,0.00024044099428333077,False,0
13,LASSO,0.1,1.0,1.8062793935850863,0.4485737557648049,0.9616824447732616,3,False,1.8062793935850863,0.00012176908357484917,False,0
11,ElasticNet,1e-06,0.9,1.8301632393977483,1.738758963930397,0.9632468793664425,3,False,1.8301632393977483,5.189569022655047e-05,False,0
17,ElasticNet,0.1,0.95,1.8346229935655234,0.49354421457549663,0.9612180654603569,3,False,1.8346229935655234,0.0001134805847995829,False,0
14,LASSO,0.1,1.0,1.8367148767884889,0.4776118684269476,0.9611185949233297,3,False,1.8367148767884887,0.0004356157656891235,False,0
19,ElasticNet,0.1,0.95,1.8381827040509044,0.48271292789895415,0.9611145460268627,3,False,1.8381827040509044,8.334063816767268e-05,False,0
20,ElasticNet,0.1,0.95,1.8387318643238835,0.4804126327220738,0.9610970535297744,3,False,1.8387318643238835,0.00018027467785609874,False,0
14,ElasticNet,1e-05,0.3,1.8466950720310493,1.2688431311281383,0.9619052730105011,3,False,1.8466950720310493,5.7956593189648306e-05,False,0
15,LASSO,0.1,1.0,1.856246717440313,0.47195053399640835,0.9606752153881833,3,False,1.8562467174403128,0.0005552263376619876,False,0
16,LASSO,0.1,1.0,1.8580290706379825,0.47426403899576175,0.9606544556874494,3,False,1.8580290706379825,0.00024075737056411528,False,0
17,LASSO,0.1,1.0,1.875296157943427,0.4653831177515675,0.9602509856402914,3,False,1.875296157943427,0.0008279405334005452,False,0
18,LASSO,0.1,1.0,1.883606557061091,0.4680390240518883,0.9600766682604703,3,False,1.8836065570610907,0.0012890644490255593,False,0
19,LASSO,0.1,1.0,1.8906526599745532,0.46229832159715706,0.9599072766336397,3,False,1.8906526599745532,0.002831479994875513,False,0
14,ElasticNet,1e-05,0.5,1.8912401758852704,1.4571098823417539,0.9611633403382619,3,False,1.8912401758852704,7.406018725814987e-05,False,0
20,LASSO,0.1,1.0,1.8931276469544123,0.4610495928259344,0.9598489470725728,3,False,1.8931276469544123,0.004273747570948186,False,0
11,ElasticNet,1e-06,0.7,1.8932884421397256,1.9171904044414854,0.9621641851066881,3,False,1.8932884421397256,5.8238962679450235e-05,False,0
20,ElasticNet,0.0001,0.95,1.895458702419232,1.6391772521938646,0.961419931590477,3,False,1.895458702419232,0.00010322228937097177,False,0
19,ElasticNet,0.0001,0.3,1.8958650432878652,0.5415469207727711,0.9599849379770277,3,False,1.8958650432878652,9.627337637745407e-05,False,0
15,LASSO,1e-05,1.0,1.9703207707516455,1.2530957544805443,0.9592755263276352,3,False,1.9703207707516455,7.144865148198222e-05,False,0
13,LASSO,1e-06,1.0,1.9788728662407895,1.3118985705983117,0.9591742683019268,3,False,1.9788728662407895,6.015078516718322e-05,False,0
13,ElasticNet,1e-06,0.95,1.9949511323428393,1.284004227475319,0.9588269764740818,3,False,1.994951132342839,5.981615330916722e-05,False,0
13,ElasticNet,1e-06,0.7,2.0002973934675365,1.2342741949598814,0.9586882498605727,3,False,2.0002973934675365,5.827785546090845e-05,False,0
13,ElasticNet,1e-06,0.1,2.0026788904341544,1.041742362803146,0.9584891493663923,3,False,2.0026788904341544,5.350978397323805e-05,False,0
11,ElasticNet,1e-06,0.95,2.0094408687205934,2.0769941855388487,0.9599490377745766,3,False,2.0094408687205934,5.487929563321504e-05,False,0
13,ElasticNet,1e-06,0.5,2.041904521700769,1.2927792456529894,0.9577311992028923,3,False,2.041904521700769,5.4702263316724774e-05,False,0
15,ElasticNet,1e-05,0.95,2.0421470387674394,1.389223929736678,0.9580013901545611,3,False,2.0421470387674394,0.00010826433636441141,False,0
15,ElasticNet,1e-05,0.7,2.053932550286375,1.288519731968054,0.9576201776302975,3,False,2.053932550286375,9.307974431614547e-05,False,0
19,ElasticNet,0.0001,0.5,2.0672288307706217,1.436749311401048,0.9575943341424916,3,False,2.0672288307706217,0.00011812541227243455,False,0
20,ElasticNet,0.0001,0.7,2.0716603088456877,1.6316728819169355,0.9577668005425538,3,False,2.0716603088456877,0.00013318923179939454,False,0
16,ElasticNet,1e-05,0.9,2.1193113976702525,0.8525144948493105,0.9556493400014417,3,False,2.1193113976702525,9.344014666536285e-05,False,0
13,ElasticNet,1e-06,0.9,2.129606349378945,1.309961286922094,0.9561800959309238,3,False,2.129606349378945,5.684368001624641e-05,False,0
19,ElasticNet,0.0001,0.7,2.1765415338477303,1.9942882522812548,0.9560294497381085,3,False,2.1765415338477303,0.0001190589564146913,False,0
19,ElasticNet,0.0001,0.1,2.1947737191696928,0.7121912127814135,0.9536237382390835,3,False,2.1947737191696928,5.196609324328145e-05,False,0
15,ElasticNet,1e-05,0.5,2.2467872307142773,1.4475721366597412,0.9536820783007783,3,False,2.246787230714277,7.759199794132944e-05,False,0
16,LASSO,1e-05,1.0,2.256268427433776,1.110893598066864,0.9531108191053965,3,False,2.2562684274337754,9.11002422885279e-05,False,0
16,ElasticNet,1e-05,0.95,2.301644835586974,0.9232841891646044,0.9518637793242252,3,False,2.301644835586974,8.265424847212284e-05,False,0
15,ElasticNet,1e-05,0.3,2.5060879425610163,1.5649899105456284,0.9485042842522896,3,False,2.5060879425610163,6.100596978180422e-05,False,0
16,ElasticNet,1e-05,0.7,2.542324872899193,1.1777533609953255,0.9472372199178775,3,False,2.5423248728991936,8.752075520270062e-05,False,0
12,ElasticNet,1e-06,0.7,2.5476693493677516,2.6956359927072864,0.9492569117223627,3,False,2.5476693493677516,5.316091871439698e-05,False,0
12,ElasticNet,1e-06,0.95,2.621128424653014,2.797861797946388,0.9478937047398627,3,False,2.621128424653014,5.1284861786384305e-05,False,0
16,ElasticNet,1e-05,0.5,2.6225502777093994,1.2876345965755502,0.9456491352077511,3,False,2.6225502777093994,8.086773935333253e-05,False,0
12,LASSO,1e-06,1.0,2.6691111896857613,2.9422639016035377,0.94703881517379,3,False,2.669111189685761,5.581688729895679e-05,False,0
20,ElasticNet,0.0001,0.5,2.7423999042013882,2.2047852099006646,0.9444748901740038,3,False,2.7423999042013882,0.00011069585410378356,False,0
16,ElasticNet,1e-05,0.1,2.9241163750758545,1.0980993622369657,0.9389036661202356,3,False,2.924116375075855,5.228211950290933e-05,False,0
12,ElasticNet,1e-06,0.9,2.9301378450269797,3.3361394184810735,0.9420916151513331,3,False,2.9301378450269797,5.36862099908157e-05,False,0
17,LASSO,1e-05,1.0,3.0686755085834103,1.4193000193448082,0.9353677356690356,3,False,3.0686755085834103,0.00010567209761704353,False,0
17,ElasticNet,1e-05,0.9,3.10124281304839,1.2362406850368226,0.934977176291972,3,False,3.10124281304839,7.31546006046588e-05,False,0
17,ElasticNet,1e-05,0.95,3.1033073111373555,1.451594615708427,0.9344846799610146,3,False,3.1033073111373555,9.689495867994207e-05,False,0
16,ElasticNet,1e-05,0.3,3.143567712608668,1.855953374153539,0.9356892257005228,3,False,3.143567712608668,6.822278419586701e-05,False,0
20,ElasticNet,0.0001,0.1,3.2899430250298125,1.430711736961755,0.9316560089044198,3,False,3.2899430250298125,5.8262708004749614e-05,False,0
17,ElasticNet,1e-05,0.7,3.3526604628916505,1.7116897057055587,0.9291625265438741,3,False,3.3526604628916505,7.422997137319894e-05,False,0
17,ElasticNet,1e-05,0.5,3.5850025270628407,2.032331026935659,0.9241127000591257,3,False,3.5850025270628407,7.802465335288332e-05,False,0
20,ElasticNet,0.0001,0.3,3.7123605927399876,2.9232250801559863,0.925078895710476,3,False,3.7123605927399885,9.821762666057766e-05,False,0
14,ElasticNet,1e-06,0.5,3.7128922657718033,3.338655461625138,0.9251561280704638,3,False,3.7128922657718033,5.166044834544068e-05,False,0
18,LASSO,1e-05,1.0,4.2215793718172,2.384067004520573,0.9121885329552816,3,False,4.2215793718172,8.76293539750143e-05,False,0
15,ElasticNet,1e-06,0.95,4.302830491350041,1.8664707273492405,0.9102448977468693,3,False,4.30283049135004,5.017901552522796e-05,False,0
18,ElasticNet,1e-05,0.95,4.369753971098863,2.5042039273380827,0.9090145808213191,3,False,4.369753971098863,8.22530712528629e-05,False,0
17,ElasticNet,1e-05,0.3,4.407234001467585,3.05296379819153,0.9072588959018586,3,False,4.407234001467585,5.957816357885997e-05,False,0
18,ElasticNet,1e-05,0.9,4.553549511936797,2.612801712972617,0.9054872217145897,3,False,4.553549511936797,8.565253868290484e-05,False,0
14,LASSO,1e-06,1.0,4.56670874416643,4.96658848138188,0.9093235631408499,3,False,4.56670874416643,6.062290302504591e-05,False,0
14,ElasticNet,1e-06,0.95,4.621832164670877,4.8727507010603635,0.9083399714278068,3,False,4.621832164670878,5.985279493378774e-05,False,0
15,LASSO,1e-06,1.0,4.710869744233498,3.1934164012729678,0.9051674731355798,3,False,4.710869744233498,0.00016260102438183372,False,0
14,ElasticNet,1e-06,0.9,4.782138202876516,5.10737873855986,0.9052732473660513,3,False,4.782138202876516,5.99075900517872e-05,False,0
18,ElasticNet,1e-05,0.7,4.907398761745566,3.6858900346596704,0.8974239697897693,3,False,4.907398761745566,7.863011373442108e-05,False,0
16,LASSO,1e-06,1.0,5.29906357570776,2.793840297689408,0.8900771634463777,3,False,5.29906357570776,6.17197300858242e-05,False,0
18,ElasticNet,1e-05,0.5,5.469753804090407,4.598426346457006,0.885441967065085,3,False,5.469753804090407,7.132994270651121e-05,False,0
16,ElasticNet,1e-06,0.9,5.8327083175158245,2.973348032965576,0.8789895253264364,3,False,5.832708317515826,5.378436621099756e-05,False,0
19,LASSO,1e-05,1.0,6.219306661408343,5.513567207812688,0.8693267401761755,3,False,6.219306661408343,7.586260691743206e-05,False,0
18,ElasticNet,1e-05,0.3,6.345453138092142,5.912069767680301,0.8671794372501215,3,False,6.345453138092142,5.852631115676135e-05,False,0
16,ElasticNet,1.0,0.3,6.379553211456394,0.7967906803992342,0.8626918334412793,3,False,6.379553211456394,9.694077708694016e-05,False,0
18,ElasticNet,1.0,0.3,6.408361461687307,0.9483055122440364,0.8622975896386583,3,False,6.408361461687307,6.728906962139014e-05,False,0
20,ElasticNet,1.0,0.3,6.464493291326243,1.0936357490932813,0.8613054209614995,3,False,6.464493291326243,6.230147797936514e-05,False,0
19,ElasticNet,1e-05,0.9,6.470728568941844,5.4447791874163824,0.8647687036748483,3,False,6.470728568941844,8.078702059005176e-05,False,0
19,ElasticNet,1e-05,0.7,7.32033620850786,7.277635911769541,0.8463184865033891,3,False,7.32033620850786,8.549832599436773e-05,False,0
19,ElasticNet,1e-05,0.95,7.352088498709819,5.668997086572164,0.8476855134484528,3,False,7.352088498709819,7.905794040414433e-05,False,0
19,ElasticNet,1e-05,0.5,8.197632002348705,8.215196602058759,0.8284012960462771,3,False,8.197632002348703,7.198147250447627e-05,False,0
20,ElasticNet,1e-05,0.9,8.640967993250218,8.975997642938596,0.8189683890279896,3,False,8.640967993250218,7.344890538413319e-05,False,0
20,ElasticNet,1e-05,0.95,8.891111971512485,8.20095813723688,0.8140637070788248,3,False,8.891111971512485,7.943576474518241e-05,False,0
16,ElasticNet,1.0,0.5,8.916779370573254,0.3629708228317218,0.8062528180259694,3,False,8.916779370573254,0.0001512059427769552,False,0
17,ElasticNet,1.0,0.5,8.923533501000973,0.3468345230930371,0.8060157194227445,3,False,8.923533501000973,0.0006996262007632481,False,0
15,ElasticNet,1.0,0.5,8.924722217374274,0.23859864706144757,0.8059208588521267,3,False,8.924722217374274,0.00016592184479696792,False,0
18,ElasticNet,1.0,0.5,8.935075435513104,0.4554663827398778,0.8058920012627158,3,False,8.935075435513104,0.000629982144410568,False,0
19,ElasticNet,1.0,0.5,8.954401368622758,0.46189093211703514,0.8054201120731636,3,False,8.954401368622756,0.0006430255403633844,False,0
20,LASSO,1e-05,1.0,8.964962655847444,8.882446759733423,0.8128353137745502,3,False,8.964962655847444,7.349984917495976e-05,False,0
20,ElasticNet,1.0,0.5,8.971912286498352,0.5344225115728299,0.8051334490262017,3,False,8.971912286498352,0.0007287693082060898,False,0
19,ElasticNet,1e-05,0.3,9.452053339283799,10.470808932970717,0.8012922220913664,3,False,9.452053339283799,5.668270258666141e-05,False,0
20,ElasticNet,1e-05,0.7,9.512516436099157,10.448216044956634,0.8006463043290654,3,False,9.512516436099157,8.098711821951694e-05,False,0
20,ElasticNet,1e-05,0.5,9.99770100831542,11.458609410791492,0.7899707154634897,3,False,9.99770100831542,6.652772344185182e-05,False,0
17,ElasticNet,1e-06,0.95,10.561101664418116,12.585146460638626,0.7768435532303846,3,False,10.561101664418116,5.002221489121387e-05,False,0
17,LASSO,1e-06,1.0,11.3339501940757,13.249944120810778,0.7615519609306204,3,False,11.3339501940757,5.4599871193098493e-05,False,0
16,ElasticNet,1.0,0.7,11.417675845428652,0.35660630985919917,0.7507115391020586,3,False,11.417675845428652,6.138645647690844e-05,False,0
17,ElasticNet,1.0,0.7,11.432283068233476,0.4016101184174131,0.7502236426085146,3,False,11.43228306823348,0.000251657382284054,False,0
18,ElasticNet,1.0,0.7,11.43579579700409,0.4237081172859621,0.7502409346231159,3,False,11.43579579700409,0.0009033336095685129,False,0
14,ElasticNet,1.0,0.7,11.43695475273467,0.26753501715970035,0.7504334967648637,3,False,11.43695475273467,7.789398340651843e-05,False,0
19,ElasticNet,1.0,0.7,11.463806689449271,0.45985562393161244,0.7495261222474744,3,False,11.463806689449271,0.000712021733661472,False,0
20,ElasticNet,1.0,0.7,11.46740784503856,0.4674246594093163,0.7495250710976448,3,False,11.46740784503856,0.0004972727853972403,False,0
20,ElasticNet,1e-05,0.3,11.910558599664645,14.733348791764845,0.7497872280098646,3,False,11.910558599664647,5.662627821932632e-05,False,0
18,ElasticNet,1e-06,0.95,14.19591684558958,17.73660701294504,0.7018828297677148,3,False,14.19591684558958,5.939714492850058e-05,False,0
18,ElasticNet,1e-06,0.7,14.252041917050311,16.736685630255156,0.7007201746556815,3,False,14.252041917050313,5.7427420102320326e-05,False,0
14,ElasticNet,1.0,0.9,14.276444946064935,0.8440566629635802,0.6876035298842927,3,False,14.276444946064935,0.00027446690287313835,False,0
16,ElasticNet,1.0,0.9,14.287578416180631,0.9051957172058072,0.6871194107284809,3,False,14.287578416180631,0.0006213193932647076,False,0
13,ElasticNet,1.0,0.9,14.290521093485738,0.8300848784696087,0.6872823422501297,3,False,14.290521093485738,0.00022858746476284164,False,0
20,ElasticNet,1.0,0.9,14.302324744497549,0.9798981234422144,0.6864721769944806,3,False,14.302324744497549,0.0006093216968250381,False,0
18,ElasticNet,1.0,0.9,14.302583399358655,0.9509587955352117,0.6866195392179701,3,False,14.302583399358655,0.00021648168283405766,False,0
15,ElasticNet,1.0,0.9,14.303355253858435,0.9026887008914682,0.6867720909608229,3,False,14.303355253858435,9.770833624778152e-05,False,0
17,ElasticNet,1.0,0.9,14.304881734870937,0.9548223587973395,0.6865375689316767,3,False,14.304881734870937,0.0003392065662234378,False,0
19,ElasticNet,1.0,0.9,14.312485312817246,0.9903036185699455,0.686233366376049,3,False,14.312485312817246,0.0013974425632338194,False,0
18,ElasticNet,1e-06,0.9,14.396841704668125,18.39716597091004,0.6979805551830256,3,False,14.396841704668121,6.0028429656500484e-05,False,0
12,ElasticNet,1.0,0.95,14.998189423923476,0.9066711832722064,0.6719939925409676,3,False,14.998189423923476,0.00012828617353333183,False,0
14,ElasticNet,1.0,0.95,15.021502051214378,0.9730296932858898,0.6711767277012027,3,False,15.021502051214378,0.0001577701310928603,False,0
10,ElasticNet,1.0,0.95,15.024405260957948,0.8101249816465793,0.671858158465609,3,False,15.024405260957948,5.6401826254659504e-05,False,0
13,ElasticNet,1.0,0.95,15.029655793530807,0.9745364246209611,0.6709688176159121,3,False,15.029655793530807,0.0001793804174198277,False,0
16,ElasticNet,1.0,0.95,15.045201087859432,1.0362979243567372,0.6704272053262414,3,False,15.045201087859432,0.00035007470772097093,False,0
18,ElasticNet,1.0,0.95,15.055952314906577,1.0808615607562013,0.6699937183070137,3,False,15.055952314906577,0.0006265340085729321,False,0
15,ElasticNet,1.0,0.95,15.05695612946264,1.0413866957565767,0.6701355391695195,3,False,15.05695612946264,0.00037486610318826497,False,0
20,ElasticNet,1.0,0.95,15.065493158559818,1.1129692608533315,0.6696411243999759,3,False,15.065493158559818,0.0006881510232125132,False,0
17,ElasticNet,1.0,0.95,15.072261966708007,1.0908365608745771,0.6696261045859174,3,False,15.072261966708007,0.00020559602733360993,False,0
19,ElasticNet,1.0,0.95,15.074289652412524,1.1248537783508326,0.6694202287747566,3,False,15.074289652412524,0.0006723437451838787,False,0
8,ElasticNet,1.0,0.95,15.260805150253821,0.5870258952866783,0.6669801150321958,3,False,15.260805150253821,7.156568572475042e-05,False,0
18,LASSO,1e-06,1.0,15.314578287083139,20.23182455414855,0.6834923955269719,3,False,15.314578287083139,0.00017503805772773915,False,0
10,LASSO,1.0,1.0,15.72475957255511,1.002388244189029,0.6560814800852995,3,False,15.72475957255511,0.0001913719149371218,False,0
11,LASSO,1.0,1.0,15.756766720682444,1.0702865069268537,0.6549864978528639,3,False,15.756766720682444,5.234398027542664e-05,False,0
9,LASSO,1.0,1.0,15.762367717383887,0.8963324709425545,0.6552360335828062,3,False,15.762367717383887,0.0002219478299374522,False,0
14,LASSO,1.0,1.0,15.798475882372927,1.1073368232441279,0.6538907892850575,3,False,15.798475882372927,0.000612560684024599,False,0
18,LASSO,1.0,1.0,15.822295391892816,1.2528051835210314,0.6530485397424933,3,False,15.822295391892816,0.00011965537535163495,False,0
13,LASSO,1.0,1.0,15.824315022857453,1.120722907351768,0.6533127300775404,3,False,15.824315022857453,0.00011622046896841987,False,0
16,LASSO,1.0,1.0,15.82991773606411,1.2104984000131425,0.6531139995213356,3,False,15.82991773606411,0.000332165322201039,False,0
20,LASSO,1.0,1.0,15.842401387157835,1.2904666510238632,0.6524615356922299,3,False,15.842401387157835,0.00035694205601288775,False,0
15,LASSO,1.0,1.0,15.85013467773898,1.1850024075196042,0.6525510961452121,3,False,15.85013467773898,7.75589805208643e-05,False,0
19,LASSO,1.0,1.0,15.868801467218981,1.3034836687045774,0.6518527030323241,3,False,15.868801467218985,0.0010034070684451502,False,0
17,LASSO,1.0,1.0,15.86903993612242,1.2735375525845882,0.6521036555459069,3,False,15.86903993612242,0.0011443646220985482,False,0
18,ElasticNet,1e-06,0.5,16.700717415502545,22.11314326013683,0.6501554339790431,3,False,16.700717415502545,6.0980117806875483e-05,False,0
19,ElasticNet,1e-06,0.9,18.889994869913178,22.666316343289584,0.6051810487807469,3,False,18.889994869913178,5.545857677024877e-05,False,0
19,LASSO,1e-06,1.0,19.06876626241603,25.743678956087955,0.5996611871541284,3,False,19.06876626241603,7.339465922806407e-05,False,0
19,ElasticNet,1e-06,0.95,19.699734689416715,23.616954646632845,0.5888685898484919,3,False,19.69973468941671,5.46436333279365e-05,False,0
20,LASSO,1e-06,1.0,21.71920547405301,29.754334056495296,0.5416649182152359,3,False,21.719205474053012,8.074827104078288e-05,False,0
20,ElasticNet,1e-06,0.95,22.040509591114258,29.144178253018982,0.5335097214190495,3,False,22.040509591114258,7.952056519491584e-05,False,0
20,ElasticNet,1e-06,0.9,22.762959864107028,29.958918234681533,0.5199935640942428,3,False,22.762959864107028,7.121304746992114e-05,False,0
20,ElasticNet,1e-06,0.5,23.08812574979845,30.35748108922189,0.5107179118799616,3,False,23.08812574979845,6.880302184580348e-05,False,0
20,ElasticNet,1e-06,0.7,23.726487696333106,31.894313171057018,0.4983630819320195,3,False,23.72648769633311,7.305448862046667e-05,False,0
20,ElasticNet,1e-06,0.3,27.074041693888294,35.22420631240236,0.426401762954655,3,False,27.074041693888294,5.389790318118959e-05,False,0
2,Ridge,1000.0,0.0,,,,2,True,23.64676921463327,0.0,False,0
2,Ridge,10000.0,0.0,,,,2,True,32.10723403899373,0.0,False,0
2,Ridge,100000.0,0.0,,,,2,True,33.67994167668037,0.0,False,0
2,Ridge,1000000.0,0.0,,,,2,True,33.850060771870595,0.0,False,0
2,LASSO,10.0,1.0,,,,2,True,33.86911791857295,0.0,False,0
2,LASSO,100.0,1.0,,,,2,True,33.86911791857295,0.0,False,0
2,LASSO,1000.0,1.0,,,,2,True,33.86911791857295,0.0,False,0
2,LASSO,10000.0,1.0,,,,2,True,33.86911791857295,0.0,False,0
2,LASSO,100000.0,1.0,,,,2,True,33.86911791857295,0.0,False,0
2,LASSO,1000000.0,1.0,,,,2,True,33.86911791857295,0.0,False,0
2,ElasticNet,10.0,0.1,,,,2,True,31.97332332605055,1.3322676295501878e-15,False,0
2,ElasticNet,100.0,0.1,,,,2,True,33.86911791857295,0.0,False,0
2,ElasticNet,1000.0,0.1,,,,2,True,33.86911791857295,0.0,False,0
2,ElasticNet,10000.0,0.1,,,,2,True,33.86911791857295,0.0,False,0
2,ElasticNet,100000.0,0.1,,,,2,True,33.86911791857295,0.0,False,0
2,ElasticNet,1000000.0,0.1,,,,2,True,33.86911791857295,0.0,False,0
2,ElasticNet,10.0,0.3,,,,2,True,33.75529775167235,1.3322676295501878e-15,False,0
2,ElasticNet,100.0,0.3,,,,2,True,33.86911791857295,0.0,False,0
2,ElasticNet,1000.0,0.3,,,,2,True,33.86911791857295,0.0,False,0
2,ElasticNet,10000.0,0.3,,,,2,True,33.86911791857295,0.0,False,0
2,ElasticNet,100000.0,0.3,,,,2,True,33.86911791857295,0.0,False,0
2,ElasticNet,1000000.0,0.3,,,,2,True,33.86911791857295,0.0,False,0
2,ElasticNet,10.0,0.5,,,,2,True,33.86911791857295,0.0,False,0
2,ElasticNet,100.0,0.5,,,,2,True,33.86911791857295,0.0,False,0
2,ElasticNet,1000.0,0.5,,,,2,True,33.86911791857295,0.0,False,0
2,ElasticNet,10000.0,0.5,,,,2,True,33.86911791857295,0.0,False,0
2,ElasticNet,100000.0,0.5,,,,2,True,33.86911791857295,0.0,False,0
2,ElasticNet,1000000.0,0.5,,,,2,True,33.86911791857295,0.0,False,0
2,ElasticNet,10.0,0.7,,,,2,True,33.86911791857295,0.0,False,0
2,ElasticNet,100.0,0.7,,,,2,True,33.86911791857295,0.0,False,0
2,ElasticNet,1000.0,0.7,,,,2,True,33.86911791857295,0.0,False,0
2,ElasticNet,10000.0,0.7,,,,2,True,33.86911791857295,0.0,False,0
2,ElasticNet,100000.0,0.7,,,,2,True,33.86911791857295,0.0,False,0
2,ElasticNet,1000000.0,0.7,,,,2,True,33.86911791857295,0.0,False,0
2,ElasticNet,10.0,0.9,,,,2,True,33.86911791857295,0.0,False,0
2,ElasticNet,100.0,0.9,,,,2,True,33.86911791857295,0.0,False,0
2,ElasticNet,1000.0,0.9,,,,2,True,33.86911791857295,0.0,False,0
2,ElasticNet,10000.0,0.9,,,,2,True,33.86911791857295,0.0,False,0
2,ElasticNet,100000.0,0.9,,,,2,True,33.86911791857295,0.0,False,0
2,ElasticNet,1000000.0,0.9,,,,2,True,33.86911791857295,0.0,False,0
2,ElasticNet,10.0,0.95,,,,2,True,33.86911791857295,0.0,False,0
2,ElasticNet,100.0,0.95,,,,2,True,33.86911791857295,0.0,False,0
2,ElasticNet,1000.0,0.95,,,,2,True,33.86911791857295,0.0,False,0
2,ElasticNet,10000.0,0.95,,,,2,True,33.86911791857295,0.0,False,0
2,ElasticNet,100000.0,0.95,,,,2,True,33.86911791857295,0.0,False,0
2,ElasticNet,1000000.0,0.95,,,,2,True,33.86911791857295,0.0,False,0
3,Ridge,1000.0,0.0,,,,2,True,17.42403311665761,0.0,False,0
3,Ridge,10000.0,0.0,,,,1,True,14.081466622006781,0.0,False,0
3,Ridge,100000.0,0.0,,,,1,True,15.765756242926685,0.0,False,0
3,Ridge,1000000.0,0.0,,,,1,True,15.970923571420757,0.0,False,0
3,LASSO,1.0,1.0,,,,2,True,15.483351685459505,3.7854286372152046e-10,False,0
3,LASSO,10.0,1.0,,,,1,True,15.994224687968428,0.0,False,0
3,LASSO,100.0,1.0,,,,1,True,15.994224687968428,0.0,False,0
3,LASSO,1000.0,1.0,,,,1,True,15.994224687968428,0.0,False,0
3,LASSO,10000.0,1.0,,,,1,True,15.994224687968428,0.0,False,0
3,LASSO,100000.0,1.0,,,,1,True,15.994224687968428,0.0,False,0
3,LASSO,1000000.0,1.0,,,,1,True,15.994224687968428,0.0,False,0
3,ElasticNet,1.0,0.1,,,,2,True,14.375217149797379,2.8699974669865735e-06,False,0
3,ElasticNet,10.0,0.1,,,,1,True,13.99158842442626,8.881784197001252e-16,False,0
3,ElasticNet,100.0,0.1,,,,1,True,15.994224687968428,0.0,False,0
3,ElasticNet,1000.0,0.1,,,,1,True,15.994224687968428,0.0,False,0
3,ElasticNet,10000.0,0.1,,,,1,True,15.994224687968428,0.0,False,0
3,ElasticNet,100000.0,0.1,,,,1,True,15.994224687968428,0.0,False,0
3,ElasticNet,1000000.0,0.1,,,,1,True,15.994224687968428,0.0,False,0
3,ElasticNet,1.0,0.3,,,,2,True,14.686849541812785,3.1813898082044823e-06,False,0
3,ElasticNet,10.0,0.3,,,,1,True,15.59243574657737,4.5204502585605155e-07,False,0
3,ElasticNet,100.0,0.3,,,,1,True,15.994224687968428,0.0,False,0
3,ElasticNet,1000.0,0.3,,,,1,True,15.994224687968428,0.0,False,0
3,ElasticNet,10000.0,0.3,,,,1,True,15.994224687968428,0.0,False,0
3,ElasticNet,100000.0,0.3,,,,1,True,15.994224687968428,0.0,False,0
3,ElasticNet,1000000.0,0.3,,,,1,True,15.994224687968428,0.0,False,0
3,ElasticNet,1.0,0.5,,,,2,True,14.986248450943402,1.5919070687209214e-06,False,0
3,ElasticNet,10.0,0.5,,,,1,True,15.994224687968428,0.0,False,0
3,ElasticNet,100.0,0.5,,,,1,True,15.994224687968428,0.0,False,0
3,ElasticNet,1000.0,0.5,,,,1,True,15.994224687968428,0.0,False,0
3,ElasticNet,10000.0,0.5,,,,1,True,15.994224687968428,0.0,False,0
3,ElasticNet,100000.0,0.5,,,,1,True,15.994224687968428,0.0,False,0
3,ElasticNet,1000000.0,0.5,,,,1,True,15.994224687968428,0.0,False,0
3,ElasticNet,1.0,0.7,,,,2,True,15.263582428376452,4.8873946001393165e-09,False,0
3,ElasticNet,10.0,0.7,,,,1,True,15.994224687968428,0.0,False,0
3,ElasticNet,100.0,0.7,,,,1,True,15.994224687968428,0.0,False,0
3,ElasticNet,1000.0,0.7,,,,1,True,15.994224687968428,0.0,False,0
3,ElasticNet,10000.0,0.7,,,,1,True,15.994224687968428,0.0,False,0
3,ElasticNet,100000.0,0.7,,,,1,True,15.994224687968428,0.0,False,0
3,ElasticNet,1000000.0,0.7,,,,1,True,15.994224687968428,0.0,False,0
3,ElasticNet,1.0,0.9,,,,2,True,15.468361598996063,3.669364811997866e-11,False,0
3,ElasticNet,10.0,0.9,,,,1,True,15.994224687968428,0.0,False,0
3,ElasticNet,100.0,0.9,,,,1,True,15.994224687968428,0.0,False,0
3,ElasticNet,1000.0,0.9,,,,1,True,15.994224687968428,0.0,False,0
3,ElasticNet,10000.0,0.9,,,,1,True,15.994224687968428,0.0,False,0
3,ElasticNet,100000.0,0.9,,,,1,True,15.994224687968428,0.0,False,0
3,ElasticNet,1000000.0,0.9,,,,1,True,15.994224687968428,0.0,False,0
3,ElasticNet,1.0,0.95,,,,2,True,15.474885121005585,1.3028126555347797e-07,False,0
3,ElasticNet,10.0,0.95,,,,1,True,15.994224687968428,0.0,False,0
3,ElasticNet,100.0,0.95,,,,1,True,15.994224687968428,0.0,False,0
3,ElasticNet,1000.0,0.95,,,,1,True,15.994224687968428,0.0,False,0
3,ElasticNet,10000.0,0.95,,,,1,True,15.994224687968428,0.0,False,0
3,ElasticNet,100000.0,0.95,,,,1,True,15.994224687968428,0.0,False,0
3,ElasticNet,1000000.0,0.95,,,,1,True,15.994224687968428,0.0,False,0
4,Ridge,100.0,0.0,,,,2,True,5.578464575444091,0.0,False,0
4,Ridge,1000.0,0.0,,,,1,True,6.709133594017001,0.0,False,0
4,Ridge,10000.0,0.0,,,,1,True,13.277094527819948,0.0,False,0
4,Ridge,100000.0,0.0,,,,1,True,15.659866737944816,0.0,False,0
4,Ridge,1000000.0,0.0,,,,1,True,15.960007287072182,0.0,False,0
4,LASSO,0.1,1.0,,,,2,True,4.350994550704225,3.1705810130122636e-07,False,0
4,LASSO,1.0,1.0,,,,1,True,6.310871631955454,1.91293525464431e-08,False,0
4,LASSO,10.0,1.0,,,,1,True,15.994224687968428,0.0,False,0
4,LASSO,100.0,1.0,,,,1,True,15.994224687968428,0.0,False,0
4,LASSO,1000.0,1.0,,,,1,True,15.994224687968428,0.0,False,0
4,LASSO,10000.0,1.0,,,,1,True,15.994224687968428,0.0,False,0
4,LASSO,100000.0,1.0,,,,1,True,15.994224687968428,0.0,False,0
4,LASSO,1000000.0,1.0,,,,1,True,15.994224687968428,0.0,False,0
4,ElasticNet,0.1,0.1,,,,2,True,4.46800961054132,1.7578391771147506e-06,False,0
4,ElasticNet,1.0,0.1,,,,1,True,5.452081285900832,2.4177540525194274e-10,False,0
4,ElasticNet,10.0,0.1,,,,1,True,13.29368616380112,2.220446049250313e-15,False,0
4,ElasticNet,100.0,0.1,,,,1,True,15.994224687968428,0.0,False,0
4,ElasticNet,1000.0,0.1,,,,1,True,15.994224687968428,0.0,False,0
4,ElasticNet,10000.0,0.1,,,,1,True,15.994224687968428,0.0,False,0
4,ElasticNet,100000.0,0.1,,,,1,True,15.994224687968428,0.0,False,0
4,ElasticNet,1000000.0,0.1,,,,1,True,15.994224687968428,0.0,False,0
4,ElasticNet,0.1,0.3,,,,2,True,4.453389047570212,1.6784284770886282e-06,False,0
4,ElasticNet,1.0,0.3,,,,1,True,5.675630413335241,2.0027923763876743e-11,False,0
4,ElasticNet,10.0,0.3,,,,1,True,15.59243692114331,2.9919925959021043e-06,False,0
4,ElasticNet,100.0,0.3,,,,1,True,15.994224687968428,0.0,False,0
4,ElasticNet,1000.0,0.3,,,,1,True,15.994224687968428,0.0,False,0
4,ElasticNet,10000.0,0.3,,,,1,True,15.994224687968428,0.0,False,0
4,ElasticNet,100000.0,0.3,,,,1,True,15.994224687968428,0.0,False,0
4,ElasticNet,1000000.0,0.3,,,,1,True,15.994224687968428,0.0,False,0
4,ElasticNet,0.1,0.5,,,,2,True,4.4389849196186,4.588672851399411e-06,False,0
4,ElasticNet,1.0,0.5,,,,1,True,5.913031478749823,5.251216328217012e-06,False,0
4,ElasticNet,10.0,0.5,,,,1,True,15.994224687968428,0.0,False,0
4,ElasticNet,100.0,0.5,,,,1,True,15.994224687968428,0.0,False,0
4,ElasticNet,1000.0,0.5,,,,1,True,15.994224687968428,0.0,False,0
4,ElasticNet,10000.0,0.5,,,,1,True,15.994224687968428,0.0,False,0
4,ElasticNet,100000.0,0.5,,,,1,True,15.994224687968428,0.0,False,0
4,ElasticNet,1000000.0,0.5,,,,1,True,15.994224687968428,0.0,False,0
4,ElasticNet,0.1,0.7,,,,2,True,4.4119450383744026,3.91818131981192e-07,False,0
4,ElasticNet,1.0,0.7,,,,1,True,6.0414638726219,1.7413377129127383e-07,False,0
4,ElasticNet,10.0,0.7,,,,1,True,15.994224687968428,0.0,False,0
4,ElasticNet,100.0,0.7,,,,1,True,15.994224687968428,0.0,False,0
4,ElasticNet,1000.0,0.7,,,,1,True,15.994224687968428,0.0,False,0
4,ElasticNet,10000.0,0.7,,,,1,True,15.994224687968428,0.0,False,0
4,ElasticNet,100000.0,0.7,,,,1,True,15.994224687968428,0.0,False,0
4,ElasticNet,1000000.0,0.7,,,,1,True,15.994224687968428,0.0,False,0
4,ElasticNet,0.1,0.9,,,,2,True,4.367827707246591,6.84890830091045e-07,False,0
4,ElasticNet,1.0,0.9,,,,1,True,6.139414816269118,4.195591264410936e-07,False,0
4,ElasticNet,10.0,0.9,,,,1,True,15.994224687968428,0.0,False,0
4,ElasticNet,100.0,0.9,,,,1,True,15.994224687968428,0.0,False,0
4,ElasticNet,1000.0,0.9,,,,1,True,15.994224687968428,0.0,False,0
4,ElasticNet,10000.0,0.9,,,,1,True,15.994224687968428,0.0,False,0
4,ElasticNet,100000.0,0.9,,,,1,True,15.994224687968428,0.0,False,0
4,ElasticNet,1000000.0,0.9,,,,1,True,15.994224687968428,0.0,False,0
4,ElasticNet,0.1,0.95,,,,2,True,4.356883067704633,5.082698431149724e-06,False,0
4,ElasticNet,1.0,0.95,,,,1,True,6.2086299831832905,5.748470983668597e-07,False,0
4,ElasticNet,10.0,0.95,,,,1,True,15.994224687968428,0.0,False,0
4,ElasticNet,100.0,0.95,,,,1,True,15.994224687968428,0.0,False,0
4,ElasticNet,1000.0,0.95,,,,1,True,15.994224687968428,0.0,False,0
4,ElasticNet,10000.0,0.95,,,,1,True,15.994224687968428,0.0,False,0
4,ElasticNet,100000.0,0.95,,,,1,True,15.994224687968428,0.0,False,0
4,ElasticNet,1000000.0,0.95,,,,1,True,15.994224687968428,0.0,False,0
5,Ridge,100.0,0.0,,,,1,True,1.8450973397494657,0.0,False,0
5,Ridge,1000.0,0.0,,,,1,True,4.824684063904618,0.0,False,0
5,Ridge,10000.0,0.0,,,,1,True,11.69568716462468,0.0,False,0
5,Ridge,100000.0,0.0,,,,1,True,15.38502350828513,0.0,False,0
5,Ridge,1000000.0,0.0,,,,1,True,15.930640501838326,0.0,False,0
5,LASSO,0.1,1.0,,,,2,True,2.758006756325276,2.5923718197096157e-07,False,0
5,LASSO,1.0,1.0,,,,1,True,5.773783911877223,4.414605244029701e-06,False,0
5,LASSO,10.0,1.0,,,,1,True,15.994224687968428,0.0,False,0
5,LASSO,100.0,1.0,,,,1,True,15.994224687968428,0.0,False,0
5,LASSO,1000.0,1.0,,,,1,True,15.994224687968428,0.0,False,0
5,LASSO,10000.0,1.0,,,,1,True,15.994224687968428,0.0,False,0
5,LASSO,100000.0,1.0,,,,1,True,15.994224687968428,0.0,False,0
5,LASSO,1000000.0,1.0,,,,1,True,15.994224687968428,0.0,False,0
5,ElasticNet,0.1,0.1,,,,2,True,2.6717044101095055,9.244081994748063e-06,False,0
5,ElasticNet,1.0,0.1,,,,1,True,3.9010612872374595,5.0785066917635735e-06,False,0
5,ElasticNet,10.0,0.1,,,,1,True,12.010124328133045,1.0849432463544417e-11,False,0
5,ElasticNet,100.0,0.1,,,,1,True,15.994224687968428,0.0,False,0
5,ElasticNet,1000.0,0.1,,,,1,True,15.994224687968428,0.0,False,0
5,ElasticNet,10000.0,0.1,,,,1,True,15.994224687968428,0.0,False,0
5,ElasticNet,100000.0,0.1,,,,1,True,15.994224687968428,0.0,False,0
5,ElasticNet,1000000.0,0.1,,,,1,True,15.994224687968428,0.0,False,0
5,ElasticNet,0.1,0.3,,,,2,True,2.701304840250337,3.837399403683328e-06,False,0
5,ElasticNet,1.0,0.3,,,,1,True,4.358540593731022,5.816096493860279e-07,False,0
5,ElasticNet,10.0,0.3,,,,1,True,15.339088757764964,4.228617456192296e-12,False,0
5,ElasticNet,100.0,0.3,,,,1,True,15.994224687968428,0.0,False,0
5,ElasticNet,1000.0,0.3,,,,1,True,15.994224687968428,0.0,False,0
5,ElasticNet,10000.0,0.3,,,,1,True,15.994224687968428,0.0,False,0
5,ElasticNet,100000.0,0.3,,,,1,True,15.994224687968428,0.0,False,0
5,ElasticNet,1000000.0,0.3,,,,1,True,15.994224687968428,0.0,False,0
5,ElasticNet,0.1,0.5,,,,2,True,2.698883766412043,9.378331163635567e-06,False,0
5,ElasticNet,1.0,0.5,,,,1,True,4.823256527938219,4.040690679718573e-06,False,0
5,ElasticNet,10.0,0.5,,,,1,True,15.994224687968428,0.0,False,0
5,ElasticNet,100.0,0.5,,,,1,True,15.994224687968428,0.0,False,0
5,ElasticNet,1000.0,0.5,,,,1,True,15.994224687968428,0.0,False,0
5,ElasticNet,10000.0,0.5,,,,1,True,15.994224687968428,0.0,False,0
5,ElasticNet,100000.0,0.5,,,,1,True,15.994224687968428,0.0,False,0
5,ElasticNet,1000000.0,0.5,,,,1,True,15.994224687968428,0.0,False,0
5,ElasticNet,0.1,0.7,,,,2,True,2.701845749475975,2.521130569185792e-06,False,0
5,ElasticNet,1.0,0.7,,,,1,True,5.284897933920864,1.793298139318722e-06,False,0
5,ElasticNet,10.0,0.7,,,,1,True,15.994224687968428,0.0,False,0
5,ElasticNet,100.0,0.7,,,,1,True,15.994224687968428,0.0,False,0
5,ElasticNet,1000.0,0.7,,,,1,True,15.994224687968428,0.0,False,0
5,ElasticNet,10000.0,0.7,,,,1,True,15.994224687968428,0.0,False,0
5,ElasticNet,100000.0,0.7,,,,1,True,15.994224687968428,0.0,False,0
5,ElasticNet,1000000.0,0.7,,,,1,True,15.994224687968428,0.0,False,0
5,ElasticNet,0.1,0.9,,,,2,True,2.732530295654381,5.394547769280167e-06,False,0
5,ElasticNet,1.0,0.9,,,,1,True,5.5502807574444155,4.185674443268894e-06,False,0
5,ElasticNet,10.0,0.9,,,,1,True,15.994224687968428,0.0,False,0
5,ElasticNet,100.0,0.9,,,,1,True,15.994224687968428,0.0,False,0
5,ElasticNet,1000.0,0.9,,,,1,True,15.994224687968428,0.0,False,0
5,ElasticNet,10000.0,0.9,,,,1,True,15.994224687968428,0.0,False,0
5,ElasticNet,100000.0,0.9,,,,1,True,15.994224687968428,0.0,False,0
5,ElasticNet,1000000.0,0.9,,,,1,True,15.994224687968428,0.0,False,0
5,ElasticNet,0.1,0.95,,,,2,True,2.7432701169320093,7.647189885495731e-06,False,0
5,ElasticNet,1.0,0.95,,,,1,True,5.653447403285406,4.3432966700951425e-06,False,0
5,ElasticNet,10.0,0.95,,,,1,True,15.994224687968428,0.0,False,0
5,ElasticNet,100.0,0.95,,,,1,True,15.994224687968428,0.0,False,0
5,ElasticNet,1000.0,0.95,,,,1,True,15.994224687968428,0.0,False,0
5,ElasticNet,10000.0,0.95,,,,1,True,15.994224687968428,0.0,False,0
5,ElasticNet,100000.0,0.95,,,,1,True,15.994224687968428,0.0,False,0
5,ElasticNet,1000000.0,0.95,,,,1,True,15.994224687968428,0.0,False,0
6,Ridge,10.0,0.0,,,,2,True,1.059647044736929,0.0,False,0
6,Ridge,100.0,0.0,,,,1,True,1.3502159471019228,0.0,False,0
6,Ridge,1000.0,0.0,,,,1,True,3.8108866481489745,0.0,False,0
6,Ridge,10000.0,0.0,,,,1,True,10.695982131309634,0.0,False,0
6,Ridge,100000.0,0.0,,,,1,True,15.194297467714152,0.0,False,0
6,Ridge,1000000.0,0.0,,,,1,True,15.909956725724973,0.0,False,0
6,LASSO,0.01,1.0,,,,2,True,0.934110159669033,9.485815652302693e-06,False,0
6,LASSO,0.1,1.0,,,,1,True,1.190735933544477,5.641256595051436e-07,False,0
6,LASSO,1.0,1.0,,,,1,True,5.320138126693275,1.7981668154476438e-08,False,0
6,LASSO,10.0,1.0,,,,1,True,15.994224687968428,0.0,False,0
6,LASSO,100.0,1.0,,,,1,True,15.994224687968428,0.0,False,0
6,LASSO,1000.0,1.0,,,,1,True,15.994224687968428,0.0,False,0
6,LASSO,10000.0,1.0,,,,1,True,15.994224687968428,0.0,False,0
6,LASSO,100000.0,1.0,,,,1,True,15.994224687968428,0.0,False,0
6,LASSO,1000000.0,1.0,,,,1,True,15.994224687968428,0.0,False,0
6,ElasticNet,0.01,0.1,,,,2,True,0.903159790590896,7.138119700021445e-06,False,0
6,ElasticNet,0.1,0.1,,,,1,True,1.0993713940683223,2.3187509291741626e-06,False,0
6,ElasticNet,1.0,0.1,,,,1,True,3.075003998747876,5.024870350367472e-08,False,0
6,ElasticNet,10.0,0.1,,,,1,True,11.108046267666355,2.8459234968636338e-11,False,0
6,ElasticNet,100.0,0.1,,,,1,True,15.994224687968428,0.0,False,0
6,ElasticNet,1000.0,0.1,,,,1,True,15.994224687968428,0.0,False,0
6,ElasticNet,10000.0,0.1,,,,1,True,15.994224687968428,0.0,False,0
6,ElasticNet,100000.0,0.1,,,,1,True,15.994224687968428,0.0,False,0
6,ElasticNet,1000000.0,0.1,,,,1,True,15.994224687968428,0.0,False,0
6,ElasticNet,0.01,0.3,,,,2,True,0.9033072547827997,9.843115624826385e-06,False,0
6,ElasticNet,0.1,0.3,,,,1,True,1.126267163733542,1.6585988348583047e-06,False,0
6,ElasticNet,1.0,0.3,,,,1,True,3.6689199667018677,7.418279773796499e-08,False,0
6,ElasticNet,10.0,0.3,,,,1,True,15.339088757764964,4.228617456192296e-12,False,0
6,ElasticNet,100.0,0.3,,,,1,True,15.994224687968428,0.0,False,0
6,ElasticNet,1000.0,0.3,,,,1,True,15.994224687968428,0.0,False,0
6,ElasticNet,10000.0,0.3,,,,1,True,15.994224687968428,0.0,False,0
6,ElasticNet,100000.0,0.3,,,,1,True,15.994224687968428,0.0,False,0
6,ElasticNet,1000000.0,0.3,,,,1,True,15.994224687968428,0.0,False,0
6,ElasticNet,0.01,0.5,,,,2,True,0.909863829344084,9.825109148345508e-06,False,0
6,ElasticNet,0.1,0.5,,,,1,True,1.1495088409054257,9.260761441830245e-06,False,0
6,ElasticNet,1.0,0.5,,,,1,True,4.260643881355727,6.431312035148906e-07,False,0
6,ElasticNet,10.0,0.5,,,,1,True,15.994224687968428,0.0,False,0
6,ElasticNet,100.0,0.5,,,,1,True,15.994224687968428,0.0,False,0
6,ElasticNet,1000.0,0.5,,,,1,True,15.994224687968428,0.0,False,0
6,ElasticNet,10000.0,0.5,,,,1,True,15.994224687968428,0.0,False,0
6,ElasticNet,100000.0,0.5,,,,1,True,15.994224687968428,0.0,False,0
6,ElasticNet,1000000.0,0.5,,,,1,True,15.994224687968428,0.0,False,0
6,ElasticNet,0.01,0.7,,,,2,True,0.9150156312384029,7.968514242939588e-06,False,0
6,ElasticNet,0.1,0.7,,,,1,True,1.1523521898316902,7.227406758486543e-06,False,0
6,ElasticNet,1.0,0.7,,,,1,True,4.7446064115549484,1.2354926036683977e-06,False,0
6,ElasticNet,10.0,0.7,,,,1,True,15.994224687968428,0.0,False,0
6,ElasticNet,100.0,0.7,,,,1,True,15.994224687968428,0.0,False,0
6,ElasticNet,1000.0,0.7,,,,1,True,15.994224687968428,0.0,False,0
6,ElasticNet,10000.0,0.7,,,,1,True,15.994224687968428,0.0,False,0
6,ElasticNet,100000.0,0.7,,,,1,True,15.994224687968428,0.0,False,0
6,ElasticNet,1000000.0,0.7,,,,1,True,15.994224687968428,0.0,False,0
6,ElasticNet,0.01,0.9,,,,2,True,0.9245371083098957,7.397079517400609e-06,False,0
6,ElasticNet,0.1,0.9,,,,1,True,1.1730404113491073,2.1388296876923008e-06,False,0
6,ElasticNet,1.0,0.9,,,,1,True,5.112535500241888,3.120410132950724e-06,False,0
6,ElasticNet,10.0,0.9,,,,1,True,15.994224687968428,0.0,False,0
6,ElasticNet,100.0,0.9,,,,1,True,15.994224687968428,0.0,False,0
6,ElasticNet,1000.0,0.9,,,,1,True,15.994224687968428,0.0,False,0
6,ElasticNet,10000.0,0.9,,,,1,True,15.994224687968428,0.0,False,0
6,ElasticNet,100000.0,0.9,,,,1,True,15.994224687968428,0.0,False,0
6,ElasticNet,1000000.0,0.9,,,,1,True,15.994224687968428,0.0,False,0
6,ElasticNet,0.01,0.95,,,,2,True,0.9294744650045988,9.959345517588855e-06,False,0
6,ElasticNet,0.1,0.95,,,,1,True,1.186229589902051,9.090656939519937e-06,False,0
6,ElasticNet,1.0,0.95,,,,1,True,5.235235674796379,2.2412507605373833e-07,False,0
6,ElasticNet,10.0,0.95,,,,1,True,15.994224687968428,0.0,False,0
6,ElasticNet,100.0,0.95,,,,1,True,15.994224687968428,0.0,False,0
6,ElasticNet,1000.0,0.95,,,,1,True,15.994224687968428,0.0,False,0
6,ElasticNet,10000.0,0.95,,,,1,True,15.994224687968428,0.0,False,0
6,ElasticNet,100000.0,0.95,,,,1,True,15.994224687968428,0.0,False,0
6,ElasticNet,1000000.0,0.95,,,,1,True,15.994224687968428,0.0,False,0
7,Ridge,10.0,0.0,,,,2,True,0.6737932180742386,0.0,False,0
7,Ridge,100.0,0.0,,,,1,True,0.9427012123278863,0.0,False,0
7,Ridge,1000.0,0.0,,,,1,True,2.905034432080543,0.0,False,0
7,Ridge,10000.0,0.0,,,,1,True,9.181022231551792,0.0,False,0
7,Ridge,100000.0,0.0,,,,1,True,14.784443254399157,0.0,False,0
7,Ridge,1000000.0,0.0,,,,1,True,15.863019194120264,0.0,False,0
7,LASSO,0.01,1.0,,,,2,True,0.6969736681493043,8.211982327047118e-06,False,0
7,LASSO,0.1,1.0,,,,1,True,0.9435666662393288,2.520907845651732e-06,False,0
7,LASSO,1.0,1.0,,,,1,True,5.222615249002204,4.786846992788085e-06,False,0
7,LASSO,10.0,1.0,,,,1,True,15.994224687968428,0.0,False,0
7,LASSO,100.0,1.0,,,,1,True,15.994224687968428,0.0,False,0
7,LASSO,1000.0,1.0,,,,1,True,15.994224687968428,0.0,False,0
7,LASSO,10000.0,1.0,,,,1,True,15.994224687968428,0.0,False,0
7,LASSO,100000.0,1.0,,,,1,True,15.994224687968428,0.0,False,0
7,LASSO,1000000.0,1.0,,,,1,True,15.994224687968428,0.0,False,0
7,ElasticNet,0.01,0.1,,,,2,True,0.5806484466682201,9.928335740652487e-06,False,0
7,ElasticNet,0.1,0.1,,,,1,True,0.786947335935288,7.432261639135629e-06,False,0
7,ElasticNet,1.0,0.1,,,,1,True,2.4491058164202335,6.04832901346386e-07,False,0
7,ElasticNet,10.0,0.1,,,,1,True,10.161310243249568,3.463173969819877e-09,False,0
7,ElasticNet,100.0,0.1,,,,1,True,15.994224687968428,0.0,False,0
7,ElasticNet,1000.0,0.1,,,,1,True,15.994224687968428,0.0,False,0
7,ElasticNet,10000.0,0.1,,,,1,True,15.994224687968428,0.0,False,0
7,ElasticNet,100000.0,0.1,,,,1,True,15.994224687968428,0.0,False,0
7,ElasticNet,1000000.0,0.1,,,,1,True,15.994224687968428,0.0,False,0
7,ElasticNet,0.01,0.3,,,,2,True,0.6027639350119324,9.150569756410758e-06,False,0
7,ElasticNet,0.1,0.3,,,,1,True,0.836144667647876,5.778603923159431e-06,False,0
7,ElasticNet,1.0,0.3,,,,1,True,3.1855644387962148,9.626576865096048e-07,False,0
7,ElasticNet,10.0,0.3,,,,1,True,15.196683263912766,1.3177818836140887e-09,False,0
7,ElasticNet,100.0,0.3,,,,1,True,15.994224687968428,0.0,False,0
7,ElasticNet,1000.0,0.3,,,,1,True,15.994224687968428,0.0,False,0
7,ElasticNet,10000.0,0.3,,,,1,True,15.994224687968428,0.0,False,0
7,ElasticNet,100000.0,0.3,,,,1,True,15.994224687968428,0.0,False,0
7,ElasticNet,1000000.0,0.3,,,,1,True,15.994224687968428,0.0,False,0
7,ElasticNet,0.01,0.5,,,,2,True,0.6257843598179128,9.165297559048796e-06,False,0
7,ElasticNet,0.1,0.5,,,,1,True,0.8644576444130866,6.016607532868812e-06,False,0
7,ElasticNet,1.0,0.5,,,,1,True,3.902766274165088,6.852488787512101e-07,False,0
7,ElasticNet,10.0,0.5,,,,1,True,15.994224687968428,0.0,False,0
7,ElasticNet,100.0,0.5,,,,1,True,15.994224687968428,0.0,False,0
7,ElasticNet,1000.0,0.5,,,,1,True,15.994224687968428,0.0,False,0
7,ElasticNet,10000.0,0.5,,,,1,True,15.994224687968428,0.0,False,0
7,ElasticNet,100000.0,0.5,,,,1,True,15.994224687968428,0.0,False,0
7,ElasticNet,1000000.0,0.5,,,,1,True,15.994224687968428,0.0,False,0
7,ElasticNet,0.01,0.7,,,,2,True,0.6452284077982832,9.372446613566988e-06,False,0
7,ElasticNet,0.1,0.7,,,,1,True,0.8881795053822308,2.7988978490989247e-06,False,0
7,ElasticNet,1.0,0.7,,,,1,True,4.528324370185552,8.753413457407433e-07,False,0
7,ElasticNet,10.0,0.7,,,,1,True,15.994224687968428,0.0,False,0
7,ElasticNet,100.0,0.7,,,,1,True,15.994224687968428,0.0,False,0
7,ElasticNet,1000.0,0.7,,,,1,True,15.994224687968428,0.0,False,0
7,ElasticNet,10000.0,0.7,,,,1,True,15.994224687968428,0.0,False,0
7,ElasticNet,100000.0,0.7,,,,1,True,15.994224687968428,0.0,False,0
7,ElasticNet,1000000.0,0.7,,,,1,True,15.994224687968428,0.0,False,0
7,ElasticNet,0.01,0.9,,,,2,True,0.673703486514261,9.710364043419989e-06,False,0
7,ElasticNet,0.1,0.9,,,,1,True,0.9030467997044003,6.646901810042349e-06,False,0
7,ElasticNet,1.0,0.9,,,,1,True,5.008397603527165,3.648230647690376e-06,False,0
7,ElasticNet,10.0,0.9,,,,1,True,15.994224687968428,0.0,False,0
7,ElasticNet,100.0,0.9,,,,1,True,15.994224687968428,0.0,False,0
7,ElasticNet,1000.0,0.9,,,,1,True,15.994224687968428,0.0,False,0
7,ElasticNet,10000.0,0.9,,,,1,True,15.994224687968428,0.0,False,0
7,ElasticNet,100000.0,0.9,,,,1,True,15.994224687968428,0.0,False,0
7,ElasticNet,1000000.0,0.9,,,,1,True,15.994224687968428,0.0,False,0
7,ElasticNet,0.01,0.95,,,,2,True,0.6872403758619648,9.830909823623293e-06,False,0
7,ElasticNet,0.1,0.95,,,,1,True,0.9222386467695324,4.825776335426468e-06,False,0
7,ElasticNet,1.0,0.95,,,,1,True,5.139183786096861,2.8960119767829084e-06,False,0
7,ElasticNet,10.0,0.95,,,,1,True,15.994224687968428,0.0,False,0
7,ElasticNet,100.0,0.95,,,,1,True,15.994224687968428,0.0,False,0
7,ElasticNet,1000.0,0.95,,,,1,True,15.994224687968428,0.0,False,0
7,ElasticNet,10000.0,0.95,,,,1,True,15.994224687968428,0.0,False,0
7,ElasticNet,100000.0,0.95,,,,1,True,15.994224687968428,0.0,False,0
7,ElasticNet,1000000.0,0.95,,,,1,True,15.994224687968428,0.0,False,0
8,Ridge,10.0,0.0,,,,2,True,0.5057266354335409,0.0,False,0
8,Ridge,100.0,0.0,,,,1,True,0.7731234426508946,0.0,False,0
8,Ridge,1000.0,0.0,,,,1,True,2.40044844611129,0.0,False,0
8,Ridge,10000.0,0.0,,,,1,True,8.31856077689748,0.0,False,0
8,Ridge,100000.0,0.0,,,,1,True,14.512841790408073,0.0,False,0
8,Ridge,1000000.0,0.0,,,,1,True,15.830685198808261,0.0,False,0
9,Ridge,1e-06,0.0,,,,2,True,0.6180764587827006,0.0,False,0
9,Ridge,1e-05,0.0,,,,2,True,0.6163994931023068,0.0,False,0
9,Ridge,0.0001,0.0,,,,2,True,0.6021899783317021,0.0,False,0
9,Ridge,0.001,0.0,,,,2,True,0.5300890635663043,0.0,False,0
9,Ridge,10.0,0.0,,,,2,True,0.36314525787109647,0.0,False,0
9,Ridge,100.0,0.0,,,,1,True,0.5540885576747846,0.0,False,0
9,Ridge,1000.0,0.0,,,,1,True,1.964927156699404,0.0,False,0
9,Ridge,10000.0,0.0,,,,1,True,7.170435652362176,0.0,False,0
9,Ridge,100000.0,0.0,,,,1,True,13.990233699125538,0.0,False,0
9,Ridge,1000000.0,0.0,,,,1,True,15.763960918576819,0.0,False,0
10,Ridge,1e-06,0.0,,,,2,True,0.6188789334522695,0.0,False,0
10,Ridge,1e-05,0.0,,,,2,True,0.6062917329623252,0.0,False,0
10,Ridge,0.0001,0.0,,,,2,True,0.5467066853304835,0.0,False,0
10,Ridge,0.001,0.0,,,,2,True,0.43541880918566406,0.0,False,0
10,Ridge,100.0,0.0,,,,1,True,0.46377075447506044,0.0,False,0
10,Ridge,1000.0,0.0,,,,1,True,1.7134341334870846,0.0,False,0
10,Ridge,10000.0,0.0,,,,1,True,6.552436912642542,0.0,False,0
10,Ridge,100000.0,0.0,,,,1,True,13.662930282224304,0.0,False,0
10,Ridge,1000000.0,0.0,,,,1,True,15.718759317735298,0.0,False,0
11,Ridge,1e-06,0.0,,,,1,True,1.1486025641481443,0.0,False,0
11,Ridge,1e-05,0.0,,,,1,True,1.0209377103670159,0.0,False,0
11,Ridge,0.0001,0.0,,,,1,True,0.5502411337277614,0.0,False,0
11,Ridge,0.001,0.0,,,,2,True,0.9311418491513185,0.0,False,0
11,Ridge,0.01,0.0,,,,2,True,0.5874266460147884,0.0,False,0
11,Ridge,100.0,0.0,,,,1,True,0.3415207064169192,0.0,False,0
11,Ridge,1000.0,0.0,,,,1,True,1.4703771872951341,0.0,False,0
11,Ridge,10000.0,0.0,,,,1,True,5.7739770806067945,0.0,False,0
11,Ridge,100000.0,0.0,,,,1,True,13.073805933687355,0.0,False,0
11,Ridge,1000000.0,0.0,,,,1,True,15.631050691113089,0.0,False,0
12,Ridge,1e-06,0.0,,,,1,True,15.342187546448828,0.0,False,0
12,Ridge,1e-05,0.0,,,,1,True,2.9654982698502703,0.0,False,0
12,Ridge,0.0001,0.0,,,,1,True,0.6733044073857871,0.0,False,0
12,Ridge,0.001,0.0,,,,2,True,1.019184129738296,0.0,False,0
12,Ridge,0.01,0.0,,,,2,True,0.548722490943679,0.0,False,0
12,Ridge,100.0,0.0,,,,2,True,0.7122124866620917,0.0,False,0
12,Ridge,1000.0,0.0,,,,1,True,1.3253397952992576,0.0,False,0
12,Ridge,10000.0,0.0,,,,1,True,5.35261807944487,0.0,False,0
12,Ridge,100000.0,0.0,,,,1,True,12.729154226387317,0.0,False,0
12,Ridge,1000000.0,0.0,,,,1,True,15.572505339941479,0.0,False,0
13,Ridge,1e-06,0.0,,,,1,True,26.351809217084426,0.0,False,0
13,Ridge,1e-05,0.0,,,,1,True,10.634898300494152,0.0,False,0
13,Ridge,0.0001,0.0,,,,1,True,2.990186492069507,0.0,False,0
13,Ridge,0.001,0.0,,,,1,True,0.621141135012968,0.0,False,0
13,Ridge,0.01,0.0,,,,2,True,0.8673378535060995,0.0,False,0
13,Ridge,0.1,0.0,,,,2,True,0.429185927688888,0.0,False,0
13,Ridge,100.0,0.0,,,,2,True,0.6265719807756495,0.0,False,0
13,Ridge,1000.0,0.0,,,,1,True,1.1681819615407727,0.0,False,0
13,Ridge,10000.0,0.0,,,,1,True,4.837521758091093,0.0,False,0
13,Ridge,100000.0,0.0,,,,1,True,12.129047341921572,0.0,False,0
13,Ridge,1000000.0,0.0,,,,1,True,15.46377209043568,0.0,False,0
14,Ridge,1e-06,0.0,,,,1,True,29.94206670532334,0.0,False,0
14,Ridge,1e-05,0.0,,,,1,True,16.180769167431688,0.0,False,0
14,Ridge,0.0001,0.0,,,,1,True,5.543102309307614,0.0,False,0
14,Ridge,0.001,0.0,,,,1,True,1.0074044760841183,0.0,False,0
14,Ridge,0.01,0.0,,,,2,True,0.8014079500517574,0.0,False,0
14,Ridge,0.1,0.0,,,,2,True,0.4209269135763662,0.0,False,0
14,Ridge,100.0,0.0,,,,2,True,0.6386139517168682,0.0,False,0
14,Ridge,1000.0,0.0,,,,1,True,1.071686623386896,0.0,False,0
14,Ridge,10000.0,0.0,,,,1,True,4.5439230166188995,0.0,False,0
14,Ridge,100000.0,0.0,,,,1,True,11.803190272437925,0.0,False,0
14,Ridge,1000000.0,0.0,,,,1,True,15.392263349174678,0.0,False,0
15,Ridge,1e-06,0.0,,,,1,True,50.05335452457976,0.0,False,0
15,Ridge,1e-05,0.0,,,,1,True,22.13662213598991,0.0,False,0
15,Ridge,0.0001,0.0,,,,1,True,12.707044791154003,0.0,False,0
15,Ridge,0.001,0.0,,,,1,True,3.148715790305261,0.0,False,0
15,Ridge,0.01,0.0,,,,1,True,0.4963190803063681,0.0,False,0
15,Ridge,0.1,0.0,,,,2,True,0.5437146061100613,0.0,False,0
15,Ridge,100.0,0.0,,,,2,True,0.5874064330541803,0.0,False,0
15,Ridge,1000.0,0.0,,,,1,True,0.9651496140925876,0.0,False,0
15,Ridge,10000.0,0.0,,,,1,True,4.196187105669592,0.0,False,0
15,Ridge,100000.0,0.0,,,,1,True,11.238536190721256,0.0,False,0
15,Ridge,1000000.0,0.0,,,,1,True,15.263696459220236,0.0,False,0
16,Ridge,1e-06,0.0,,,,1,True,101.00980319288732,0.0,False,0
16,Ridge,1e-05,0.0,,,,1,True,23.183709866884367,0.0,False,0
16,Ridge,0.0001,0.0,,,,1,True,16.599211896314824,0.0,False,0
16,Ridge,0.001,0.0,,,,1,True,5.139285557791735,0.0,False,0
16,Ridge,0.01,0.0,,,,1,True,0.8604072918764771,0.0,False,0
16,Ridge,0.1,0.0,,,,2,True,0.48186668888364537,0.0,False,0
16,Ridge,100.0,0.0,,,,2,True,0.6137026344410148,0.0,False,0
16,Ridge,1000.0,0.0,,,,1,True,0.8975570799057492,0.0,False,0
16,Ridge,10000.0,0.0,,,,1,True,3.9815151071501558,0.0,False,0
16,Ridge,100000.0,0.0,,,,1,True,10.953309975876968,0.0,False,0
16,Ridge,1000000.0,0.0,,,,1,True,15.180530027994358,0.0,False,0
17,Ridge,1e-06,0.0,,,,1,True,153.1077764776124,0.0,False,0
17,Ridge,1e-05,0.0,,,,1,True,29.50225164031772,0.0,False,0
17,Ridge,0.0001,0.0,,,,1,True,23.282281208891458,0.0,False,0
17,Ridge,0.001,0.0,,,,1,True,10.303441912093799,0.0,False,0
17,Ridge,0.01,0.0,,,,1,True,1.9919287708473365,0.0,False,0
17,Ridge,0.1,0.0,,,,2,True,0.6213231240521889,0.0,False,0
17,Ridge,100.0,0.0,,,,2,True,0.5629905152090913,0.0,False,0
17,Ridge,1000.0,0.0,,,,1,True,0.8282655572311004,0.0,False,0
17,Ridge,10000.0,0.0,,,,1,True,3.7376061669202016,0.0,False,0
17,Ridge,100000.0,0.0,,,,1,True,10.451059412800657,0.0,False,0
17,Ridge,1000000.0,0.0,,,,1,True,15.034519423087596,0.0,False,0
18,Ridge,1e-06,0.0,,,,1,True,290.7096301309129,0.0,False,0
18,Ridge,1e-05,0.0,,,,1,True,34.487373366934634,0.0,False,0
18,Ridge,0.0001,0.0,,,,1,True,24.987816100531187,0.0,False,0
18,Ridge,0.001,0.0,,,,1,True,13.494110193098267,0.0,False,0
18,Ridge,0.01,0.0,,,,1,True,3.2449987470885606,0.0,False,0
18,Ridge,0.1,0.0,,,,2,True,0.873737130159035,0.0,False,0
18,Ridge,100.0,0.0,,,,2,True,0.5893451870897496,0.0,False,0
18,Ridge,1000.0,0.0,,,,1,True,0.7823739961747304,0.0,False,0
18,Ridge,10000.0,0.0,,,,1,True,3.5721725540977403,0.0,False,0
18,Ridge,100000.0,0.0,,,,1,True,10.212206456004129,0.0,False,0
18,Ridge,1000000.0,0.0,,,,1,True,14.941885175424853,0.0,False,0
19,Ridge,1e-06,0.0,,,,1,True,360.8348029467795,0.0,False,0
19,Ridge,1e-05,0.0,,,,1,True,53.16238289973834,0.0,False,0
19,Ridge,0.0001,0.0,,,,1,True,31.30785039908561,0.0,False,0
19,Ridge,0.001,0.0,,,,1,True,19.848916202865727,0.0,False,0
19,Ridge,0.01,0.0,,,,1,True,6.01403173620798,0.0,False,0
19,Ridge,0.1,0.0,,,,1,True,0.5658101625780227,0.0,False,0
19,Ridge,100.0,0.0,,,,2,True,0.5376765895125634,0.0,False,0
19,Ridge,1000.0,0.0,,,,1,True,0.7405640300868866,0.0,False,0
19,Ridge,10000.0,0.0,,,,1,True,3.393698284583264,0.0,False,0
19,Ridge,100000.0,0.0,,,,1,True,9.780778558783433,0.0,False,0
19,Ridge,1000000.0,0.0,,,,1,True,14.781849542550788,0.0,False,0
20,Ridge,1e-06,0.0,,,,1,True,560.9338675518685,0.0,False,0
20,Ridge,1e-05,0.0,,,,1,True,80.12186002204695,0.0,False,0
20,Ridge,0.0001,0.0,,,,1,True,31.343924287425935,0.0,False,0
20,Ridge,0.001,0.0,,,,1,True,22.425632286104534,0.0,False,0
20,Ridge,0.01,0.0,,,,1,True,8.30728852500663,0.0,False,0
20,Ridge,0.1,0.0,,,,1,True,0.862732609209438,0.0,False,0
20,Ridge,100.0,0.0,,,,2,True,0.5630229634338605,0.0,False,0
20,Ridge,1000.0,0.0,,,,1,True,0.7135396885252189,0.0,False,0
20,Ridge,10000.0,0.0,,,,1,True,3.2602150083094585,0.0,False,0
20,Ridge,100000.0,0.0,,,,1,True,9.583492125167142,0.0,False,0
20,Ridge,1000000.0,0.0,,,,1,True,14.682638332114436,0.0,False,0
9,LASSO,0.005623413251903491,1.0,,,,2,True,0.3793092114162602,5.651647939744139e-06,False,0
9,LASSO,0.01,1.0,,,,2,True,0.478077531543387,9.146748721334738e-06,False,0
11,ElasticNet,0.0001,0.1,,,,2,True,0.339929440880771,9.98128357747629e-06,False,0
11,ElasticNet,0.0001,0.3,,,,2,True,0.33096924339003614,1.0000313502272017e-05,False,0
11,ElasticNet,0.0001,0.5,,,,2,True,0.3208961933305879,9.910657591388946e-06,False,0
11,ElasticNet,0.01,0.5,,,,2,True,0.3233782550647948,9.888830059562315e-06,False,0
11,ElasticNet,0.0001,0.7,,,,2,True,0.31902821754540317,9.801626901673175e-06,False,0
11,ElasticNet,0.01,0.7,,,,2,True,0.36424322258795905,9.303535890378516e-06,False,0
11,ElasticNet,0.0001,0.9,,,,2,True,0.3187067720532093,9.70453047313421e-06,False,0
11,ElasticNet,0.005623413251903491,0.9,,,,2,True,0.331429954310363,7.2873846783047536e-06,False,0
11,ElasticNet,0.01,0.9,,,,2,True,0.4093431741797247,9.813546050336033e-06,False,0
11,ElasticNet,0.0001,0.95,,,,2,True,0.3274375408198947,9.887157159006561e-06,False,0
11,ElasticNet,0.0031622776601683794,0.95,,,,2,True,0.3126106661128378,5.133906088159411e-06,False,0
11,ElasticNet,0.005623413251903491,0.95,,,,2,True,0.34818794621100047,7.1876337349096805e-06,False,0
11,ElasticNet,0.01,0.95,,,,2,True,0.4182290225151286,9.742840798141264e-06,False,0
